date,symbol,side,shares,price,reason
2021-04-22,ADANIENT,BUY,17.67952659936924,1131.2520099216654,INIT
2021-04-22,ADANIPORTS,BUY,29.881536955978188,669.3096151467785,INIT
2021-04-22,APOLLOHOSP,BUY,6.198072700492825,3226.8095207095175,INIT
2021-04-22,ASIANPAINT,BUY,8.175963587639707,2446.194847324869,INIT
2021-04-22,AXISBANK,BUY,31.331525338556602,638.3347055046817,INIT
2021-04-22,BAJAJ-AUTO,BUY,6.362164393879529,3143.584283870473,INIT
2021-04-22,BAJFINANCE,BUY,44.87309889369498,445.70133316132876,INIT
2021-04-22,BAJAJFINSV,BUY,20.664943726586024,967.8226209863541,INIT
2021-04-22,BEL,BUY,520.6254264561388,38.41533467955765,INIT
2021-04-22,BHARTIARTL,BUY,39.33488894286605,508.4544672046745,INIT
2021-04-22,CIPLA,BUY,21.656373511588274,923.5156564555024,INIT
2021-04-22,COALINDIA,BUY,243.1784557707619,82.24412782213523,INIT
2021-04-22,DRREDDY,BUY,19.92163671840474,1003.9335764778233,INIT
2021-04-22,EICHERMOT,BUY,9.015612134939227,2218.3740494438225,INIT
2021-04-22,GRASIM,BUY,16.189608057974638,1235.3603576059675,INIT
2021-04-22,HCLTECH,BUY,25.32539187966878,789.72124478974,INIT
2021-04-22,HDFCBANK,BUY,30.60204154009332,653.551168270815,INIT
2021-04-22,HDFCLIFE,BUY,30.217433270209565,661.8695843937672,INIT
2021-04-22,HINDALCO,BUY,57.43877471806211,348.1968426062339,INIT
2021-04-22,HINDUNILVR,BUY,9.099772816077223,2197.8570678890533,INIT
2021-04-22,ICICIBANK,BUY,37.46107181935771,533.8875538970873,INIT
2021-04-22,ITC,BUY,125.94882741105596,158.79465026479772,INIT
2021-04-22,INFY,BUY,16.75998842306179,1193.3182467166828,INIT
2021-04-22,INDIGO,BUY,13.1801300141897,1517.4357140990296,INIT
2021-04-22,JSWSTEEL,BUY,34.31507117121325,582.8342858509909,INIT
2021-04-22,KOTAKBANK,BUY,59.42759023742768,336.5440180242062,INIT
2021-04-22,LT,BUY,16.088620222711647,1243.1146812556876,INIT
2021-04-22,M&M,BUY,26.37035959372909,758.4272762346415,INIT
2021-04-22,MARUTI,BUY,3.1493283814118533,6350.560366472149,INIT
2021-04-22,MAXHEALTH,BUY,84.82603726884695,235.77666296743493,INIT
2021-04-22,NTPC,BUY,244.73141068888228,81.72224375981405,INIT
2021-04-22,NESTLEIND,BUY,24.611751002233966,812.6199553288442,INIT
2021-04-22,ONGC,BUY,266.8509383862595,74.94820936717315,INIT
2021-04-22,POWERGRID,BUY,225.49489810327023,88.69380269011927,INIT
2021-04-22,RELIANCE,BUY,23.30987811996287,858.0053442180699,INIT
2021-04-22,SBILIFE,BUY,22.429618109548915,891.678133007777,INIT
2021-04-22,SHRIRAMFIN,BUY,82.75900887042151,241.66553313023184,INIT
2021-04-22,SBIN,BUY,66.48812130942525,300.805611680967,INIT
2021-04-22,SUNPHARMA,BUY,32.29261481832392,619.3366536751098,INIT
2021-04-22,TCS,BUY,7.227171682538475,2767.3342876746483,INIT
2021-04-22,TATACONSUM,BUY,30.540747711267,654.8628143973588,INIT
2021-04-22,TATASTEEL,BUY,258.1488838451495,77.47467160073793,INIT
2021-04-22,TECHM,BUY,24.47422129524141,817.1863675960409,INIT
2021-04-22,TITAN,BUY,13.275211695034105,1506.5673120287381,INIT
2021-04-22,TRENT,BUY,27.475483924168568,727.9216648266994,INIT
2021-04-22,ULTRACEMCO,BUY,3.316404276743753,6030.627852053433,INIT
2021-04-22,WIPRO,BUY,91.80399881751084,217.8554339420035,INIT
2021-04-23,AXISBANK,SELL,31.331525338556602,653.2723816339767,EXIT
2021-04-23,BAJAJ-AUTO,SELL,6.362164393879529,3218.0901016848197,EXIT
2021-04-23,BAJFINANCE,SELL,44.87309889369498,452.6660263753332,EXIT
2021-04-23,BEL,SELL,520.6254264561388,39.27351310630229,EXIT
2021-04-23,BHARTIARTL,SELL,39.33488894286605,507.4951334210851,EXIT
2021-04-23,COALINDIA,SELL,243.1784557707619,82.44206214315463,EXIT
2021-04-23,DRREDDY,SELL,9.96081835920237,1013.246171209001,REDUCE
2021-04-23,EICHERMOT,SELL,9.015612134939227,2202.35701843966,EXIT
2021-04-23,HDFCBANK,SELL,30.60204154009332,667.2852542707776,EXIT
2021-04-23,HDFCLIFE,SELL,15.108716635104782,668.7641206997714,REDUCE
2021-04-23,ICICIBANK,SELL,37.46107181935771,551.2002486168636,EXIT
2021-04-23,ITC,SELL,62.97441370552798,160.56340992860788,REDUCE
2021-04-23,INDIGO,SELL,13.1801300141897,1546.6862838046345,EXIT
2021-04-23,KOTAKBANK,SELL,59.42759023742768,345.3372857413837,EXIT
2021-04-23,LT,SELL,16.088620222711647,1262.0935478057656,EXIT
2021-04-23,M&M,SELL,26.37035959372909,759.3813296609195,EXIT
2021-04-23,MARUTI,SELL,3.1493283814118533,6287.351266795113,EXIT
2021-04-23,MAXHEALTH,SELL,42.41301863442347,226.96676140100772,REDUCE
2021-04-23,NESTLEIND,SELL,24.611751002233966,793.4742498461611,EXIT
2021-04-23,ONGC,SELL,133.42546919312974,74.65545930481763,REDUCE
2021-04-23,RELIANCE,SELL,23.30987811996287,864.2400438171045,EXIT
2021-04-23,SHRIRAMFIN,SELL,41.379504435210755,241.097241636705,REDUCE
2021-04-23,SBIN,SELL,66.48812130942525,306.0189416609871,EXIT
2021-04-23,TCS,SELL,3.6135858412692374,2729.5336560747555,REDUCE
2021-04-23,TITAN,SELL,6.637605847517053,1455.363715501531,REDUCE
2021-04-23,ULTRACEMCO,SELL,1.6582021383718766,5929.388733569222,REDUCE
2021-04-23,ATGL,BUY,42.972608882094455,1168.4745419164817,REFILL
2021-04-26,TRENT,SELL,27.475483924168568,776.7614297651847,EXIT
2021-04-26,POONAWALLA,BUY,420.4821960957171,119.65305696982105,REFILL
2021-04-27,HCLTECH,SELL,12.66269593983439,761.108206132126,REDUCE
2021-04-27,SHRIRAMFIN,SELL,20.689752217605378,248.33925664521718,REDUCE
2021-04-27,TECHM,SELL,12.237110647620705,808.0375172672373,REDUCE
2021-04-28,HDFCLIFE,SELL,7.554358317552391,672.2113534287766,REDUCE
2021-04-29,INDIGO,BUY,6.07121558310635,1647.1166050874244,REENTRY
2021-05-04,TITAN,SELL,3.3188029237585264,1412.0378545871038,REDUCE
2021-05-05,BAJFINANCE,BUY,17.96345310537763,556.6858410427975,REENTRY
2021-05-05,BEL,BUY,239.85402600473867,41.69202479762602,REENTRY
2021-05-06,TRENT,BUY,12.613901347520528,792.7761383646516,REENTRY
2021-05-07,POWERGRID,SELL,112.74744905163512,94.0632582647647,REDUCE
2021-05-07,TRENT,SELL,12.613901347520528,781.6852381312245,EXIT
2021-05-10,COALINDIA,BUY,110.54775208932988,90.45864625016834,REENTRY
2021-05-10,NTPC,SELL,122.36570534444114,88.34836128109794,REDUCE
2021-05-11,NESTLEIND,BUY,12.561552554420583,796.0799396951027,REENTRY
2021-05-11,TATACONSUM,SELL,15.2703738556335,604.1632427934087,REDUCE
2021-05-14,NESTLEIND,SELL,12.561552554420583,794.5588793105169,EXIT
2021-05-14,TECHM,SELL,6.1185553238103525,808.2893432374977,REDUCE
2021-05-17,NESTLEIND,BUY,12.217973277695279,818.4663505735165,REENTRY
2021-05-18,ICICIBANK,BUY,16.463785923315122,607.393709234189,REENTRY
2021-05-19,BAJAJ-AUTO,BUY,2.8062217731326204,3563.510231351699,REENTRY
2021-05-20,ITC,SELL,31.48720685276399,163.8650499062948,REDUCE
2021-05-20,ULTRACEMCO,SELL,0.8291010691859383,6421.720885269488,REDUCE
2021-05-21,INFY,SELL,8.379994211530896,1186.2315569737161,REDUCE
2021-05-24,GRASIM,SELL,8.094804028987319,1333.2161252779076,REDUCE
2021-05-24,TCS,SELL,1.8067929206346187,2708.8759765625,REDUCE
2021-05-25,SBIN,BUY,26.108321192657552,383.0196482649486,REENTRY
2021-05-25,TATACONSUM,SELL,7.63518692781675,616.6697905610041,REDUCE
2021-05-26,ULTRACEMCO,SELL,0.41455053459296914,6416.758061609904,REDUCE
2021-06-02,HINDUNILVR,SELL,4.549886408038612,2166.590587006664,REDUCE
2021-06-04,RELIANCE,BUY,9.957585662987839,1004.2595000884415,REENTRY
2021-06-07,LT,BUY,6.818756570460652,1466.543041486585,REENTRY
2021-06-11,TRENT,BUY,11.359637476426112,880.3097828387855,REENTRY
2021-06-15,ADANIPORTS,SELL,14.940768477989094,779.3890116539543,REDUCE
2021-06-17,ADANIPORTS,SELL,14.940768477989094,662.999965750872,EXIT
2021-06-17,ATGL,SELL,42.972608882094455,1322.9228515625,EXIT
2021-06-17,RPOWER,BUY,3536.9681656941816,15.100000381469727,REFILL
2021-06-18,ADANIENT,SELL,17.67952659936924,1346.7288069524684,EXIT
2021-06-18,HINDALCO,SELL,28.719387359031057,355.8691414941508,REDUCE
2021-06-18,TTML,BUY,1767.762681606723,30.350000381469727,REFILL
2021-06-21,ADANIENT,BUY,6.727711284277954,1486.3895874023438,REENTRY
2021-06-21,AXISBANK,BUY,13.85069509532658,721.9854260869652,REENTRY
2021-06-21,EICHERMOT,BUY,3.9401815238414066,2537.9541372628655,REENTRY
2021-06-21,SHRIRAMFIN,SELL,10.344876108802689,249.46274682711731,REDUCE
2021-06-24,MARUTI,BUY,1.4007151463145404,7139.210300046566,REENTRY
2021-06-24,SUNPHARMA,SELL,16.14630740916196,632.1858399675599,REDUCE
2021-06-25,APOLLOHOSP,SELL,3.0990363502464127,3211.262579595949,REDUCE
2021-06-28,JSWSTEEL,SELL,17.157535585606624,655.913430753736,REDUCE
2021-06-29,RPOWER,SELL,3536.9681656941816,14.100000381469727,EXIT
2021-07-05,ADANIENT,SELL,6.727711284277954,1424.4582005801701,EXIT
2021-07-07,POWERGRID,SELL,56.37372452581756,99.47619723072883,REDUCE
2021-07-12,RELIANCE,SELL,4.978792831493919,946.3112426024383,REDUCE
2021-07-12,WIPRO,SELL,45.90199940875542,245.17976316826156,REDUCE
2021-07-12,HFCL,BUY,600.303707737159,92.09318016757484,REFILL
2021-07-13,BAJAJ-AUTO,SELL,1.4031108865663102,3605.321345219058,REDUCE
2021-07-13,TCS,SELL,0.9033964603173094,2839.1738738783592,REDUCE
2021-07-13,TTML,SELL,1767.762681606723,45.0,EXIT
2021-07-13,JWL,BUY,1296.6141788477105,42.69031323994493,REFILL
2021-07-16,COALINDIA,SELL,55.27387604466494,96.82573235371665,REDUCE
2021-07-16,ONGC,SELL,66.71273459656487,85.78057787468286,REDUCE
2021-07-16,NEWGEN,BUY,158.20235411163563,344.8840586330265,REFILL
2021-07-19,EICHERMOT,SELL,1.9700907619207033,2487.4238516896926,REDUCE
2021-07-20,MARUTI,SELL,1.4007151463145404,6881.5829177516125,EXIT
2021-07-20,SHRIRAMFIN,SELL,5.172438054401344,257.3792788501448,REDUCE
2021-07-22,HDFCLIFE,SELL,7.554358317552391,655.9203004909915,EXIT
2021-07-22,INDIGO,SELL,3.035607791553175,1694.1370375870495,REDUCE
2021-07-22,MARUTI,BUY,1.4288750804124803,6998.512422172868,REENTRY
2021-07-22,POWERGRID,SELL,28.18686226290878,101.95439361000993,REDUCE
2021-07-23,CIPLA,SELL,10.828186755794137,916.9659573196861,REDUCE
2021-07-23,JWL,SELL,1296.6141788477105,34.59901569771782,EXIT
2021-07-23,FLUOROCHEM,BUY,33.32845544330091,1618.2926860031503,REFILL
2021-07-26,EICHERMOT,SELL,1.9700907619207033,2426.215566608436,EXIT
2021-07-26,HFCL,SELL,600.303707737159,72.33770006700878,EXIT
2021-07-26,JSWENERGY,BUY,230.89426183544512,233.69566837397568,REFILL
2021-07-27,NEWGEN,SELL,79.10117705581781,303.93517713669354,REDUCE
2021-07-27,RELIANCE,SELL,2.4893964157469597,944.9689777697635,REDUCE
2021-07-28,AXISBANK,SELL,6.92534754766329,731.7446476941112,REDUCE
2021-07-28,DRREDDY,SELL,9.96081835920237,948.1882037014863,EXIT
2021-07-28,ACE,BUY,211.1533628685013,259.5366468315451,REFILL
2021-07-29,BHARTIARTL,BUY,18.156671184277712,550.761750240828,REENTRY
2021-07-29,MARUTI,SELL,1.4288750804124803,6833.660231235925,EXIT
2021-07-29,NEWGEN,SELL,79.10117705581781,298.7375785001279,EXIT
2021-08-02,ASIANPAINT,SELL,4.0879817938198535,2871.877191903602,REDUCE
2021-08-06,ASIANPAINT,SELL,2.0439908969099267,2880.91935413119,REDUCE
2021-08-06,NTPC,SELL,61.18285267222057,97.09985194500273,REDUCE
2021-08-09,ADANIENT,BUY,6.476914742858795,1543.944979517544,REENTRY
2021-08-09,INDIGO,SELL,3.035607791553175,1643.7223227157808,EXIT
2021-08-09,RELIANCE,SELL,1.2446982078734798,946.8799898333923,REDUCE
2021-08-10,GRASIM,SELL,4.0474020144936595,1476.3328580201517,REDUCE
2021-08-11,ACE,SELL,211.1533628685013,218.92214916140534,EXIT
2021-08-11,SHRIRAMFIN,SELL,5.172438054401344,235.10252570271902,EXIT
2021-08-11,SBIN,SELL,13.054160596328776,400.2450186195273,REDUCE
2021-08-11,TEJASNET,BUY,145.47155355832584,373.6568941928373,REFILL
2021-08-12,ADANIENT,SELL,6.476914742858795,1441.0285383562134,EXIT
2021-08-12,OLECTRA,BUY,188.34518155231075,289.67675820497107,REFILL
2021-08-16,TRENT,SELL,5.679818738213056,880.833669811202,REDUCE
2021-08-18,NTPC,SELL,30.591426336110285,97.84998551549546,REDUCE
2021-08-23,COALINDIA,SELL,55.27387604466494,89.93082258670569,EXIT
2021-08-23,JSWSTEEL,SELL,8.578767792803312,665.2897632840446,REDUCE
2021-08-24,HDFCBANK,BUY,13.741447368479104,727.725379419533,REENTRY
2021-08-24,POWERGRID,SELL,14.09343113145439,102.7804523228627,REDUCE
2021-08-24,TRENT,SELL,2.839909369106528,884.5661829126243,REDUCE
2021-08-31,ADANIENT,BUY,6.602414659601854,1514.5973883141462,REENTRY
2021-09-01,INDIGO,BUY,5.255456027240289,1902.7844488028445,REENTRY
2021-09-14,BAJAJ-AUTO,SELL,1.4031108865663102,3363.217556316773,EXIT
2021-09-16,COALINDIA,BUY,91.20093620550502,109.64799722523448,REENTRY
2021-09-17,HDFCLIFE,BUY,13.337525029990866,749.7642911645091,REENTRY
2021-09-20,KOTAKBANK,BUY,25.218074075772677,396.5409876247103,REENTRY
2021-09-21,ADANIENT,SELL,6.602414659601854,1417.4707016843495,EXIT
2021-09-21,JSWSTEEL,SELL,8.578767792803312,605.3085022805953,EXIT
2021-09-21,POONAWALLA,SELL,210.24109804785854,160.19667136293427,REDUCE
2021-09-21,TATASTEEL,SELL,258.1488838451495,110.72193171005934,EXIT
2021-09-27,ULTRACEMCO,SELL,0.20727526729648457,7375.649320591994,REDUCE
2021-09-28,POONAWALLA,SELL,210.24109804785854,164.74546727129905,EXIT
2021-10-01,ICICIBANK,SELL,8.231892961657561,672.223553973205,REDUCE
2021-10-01,INFY,SELL,4.189997105765448,1481.639181374442,REDUCE
2021-10-01,TATACONSUM,SELL,3.817593463908375,786.5214939197028,REDUCE
2021-10-07,APOLLOHOSP,SELL,1.5495181751232063,4355.739321114485,REDUCE
2021-10-07,NESTLEIND,SELL,6.1089866388476395,912.6138481989175,REDUCE
2021-10-07,ZENTEC,BUY,293.0158917638158,207.38602896146028,REFILL
2021-10-08,M&M,BUY,11.598463426574966,862.183173082006,REENTRY
2021-10-12,EICHERMOT,BUY,3.6447065698143946,2743.7050990113717,REENTRY
2021-10-13,MAXHEALTH,SELL,42.41301863442347,334.1786789319771,EXIT
2021-10-18,ADANIENT,BUY,5.988131773641115,1669.9699301906724,REENTRY
2021-10-18,ADANIPORTS,BUY,12.461921122664874,802.4444948389777,REENTRY
2021-10-18,HINDUNILVR,SELL,2.274943204019306,2475.705956779055,REDUCE
2021-10-18,MAXHEALTH,BUY,28.34515819984527,352.7939385448407,REENTRY
2021-10-18,TCS,SELL,0.4516982301586547,3196.27290026894,REDUCE
2021-10-20,APOLLOHOSP,SELL,1.5495181751232063,4248.129313814422,EXIT
2021-10-20,ASIANPAINT,SELL,1.0219954484549634,3068.4915135408846,REDUCE
2021-10-20,EICHERMOT,SELL,1.8223532849071973,2595.0079116408356,REDUCE
2021-10-20,MAXHEALTH,SELL,28.34515819984527,334.2782265429732,EXIT
2021-10-21,EICHERMOT,SELL,1.8223532849071973,2568.1463762945405,EXIT
2021-10-21,SBILIFE,SELL,11.214809054774458,1159.1814881849052,REDUCE
2021-10-22,SHRIRAMFIN,BUY,36.23531593096057,275.97385984030274,REENTRY
2021-10-22,TEJASNET,SELL,145.47155355832584,443.40616778997276,EXIT
2021-10-22,TRIDENT,BUY,1596.596944406537,38.39445495605469,REFILL
2021-10-25,HDFCLIFE,SELL,13.337525029990866,682.3447731930913,EXIT
2021-10-26,ASIANPAINT,SELL,1.0219954484549634,2806.90037703242,EXIT
2021-10-26,FLUOROCHEM,SELL,33.32845544330091,1743.2515976708623,EXIT
2021-10-26,HCLTECH,SELL,6.331347969917195,987.2338991796348,REDUCE
2021-10-26,CGPOWER,BUY,422.1170122617052,142.24942918672377,REFILL
2021-10-28,HINDUNILVR,SELL,2.274943204019306,2236.6838761643585,EXIT
2021-10-29,ADANIENT,SELL,5.988131773641115,1397.5062705092234,EXIT
2021-10-29,ADANIPORTS,SELL,12.461921122664874,681.3300549615857,EXIT
2021-10-29,AXISBANK,SELL,3.462673773831645,758.8316357553487,REDUCE
2021-10-29,CIPLA,SELL,10.828186755794137,864.882464920717,EXIT
2021-10-29,COALINDIA,SELL,91.20093620550502,111.57523524933437,EXIT
2021-10-29,HINDALCO,SELL,14.359693679515528,456.1858062775799,REDUCE
2021-10-29,ITC,SELL,15.743603426381995,181.98928390996403,REDUCE
2021-10-29,WIPRO,SELL,22.95099970437771,304.07831998455697,REDUCE
2021-10-29,ZEEL,BUY,190.145472313975,285.45797933991986,REFILL
2021-11-01,HCLTECH,SELL,6.331347969917195,964.8735434348403,EXIT
2021-11-01,HDFCBANK,SELL,6.870723684239552,753.8854894500015,REDUCE
2021-11-01,HINDALCO,SELL,14.359693679515528,450.6954042973792,EXIT
2021-11-01,MARUTI,BUY,1.4008302500695187,7138.623683707381,REENTRY
2021-11-01,SUNPHARMA,SELL,8.07315370458098,762.4444400559238,REDUCE
2021-11-02,COALINDIA,BUY,86.25388877479331,115.93680171464203,REENTRY
2021-11-02,HINDALCO,BUY,21.43909101801217,466.437685795468,REENTRY
2021-11-03,JSWENERGY,SELL,230.89426183544512,332.52246535204205,EXIT
2021-11-03,IEX,BUY,263.0861762205026,231.97617137684622,REFILL
2021-11-04,ITC,SELL,15.743603426381995,181.867960175093,EXIT
2021-11-08,BAJFINANCE,SELL,8.981726552688816,740.1669292718165,REDUCE
2021-11-09,HINDALCO,SELL,10.719545509006085,457.400491183838,REDUCE
2021-11-09,ITC,BUY,53.78884051031418,185.91216886488692,REENTRY
2021-11-10,ADANIENT,BUY,6.162741597354269,1622.6544374817058,REENTRY
2021-11-10,BAJFINANCE,SELL,4.490863276344408,740.2748380462568,REDUCE
2021-11-11,COALINDIA,SELL,86.25388877479331,112.18381150104635,EXIT
2021-11-11,HINDALCO,SELL,10.719545509006085,436.3622037267604,EXIT
2021-11-11,POWERGRID,SELL,7.046715565727195,109.13665238678227,REDUCE
2021-11-12,AXISBANK,SELL,3.462673773831645,739.711435544917,EXIT
2021-11-18,APOLLOHOSP,BUY,1.765724051446714,5663.399097841297,REENTRY
2021-11-18,RELIANCE,SELL,0.6223491039367399,1119.3295736996563,REDUCE
2021-11-23,HDFCBANK,SELL,6.870723684239552,714.4075058157676,EXIT
2021-11-25,ADANIPORTS,BUY,13.376035418472338,747.6056759082721,REENTRY
2021-11-25,INFY,SELL,2.094998552882724,1526.0997437189671,REDUCE
2021-11-25,ULTRACEMCO,SELL,0.10363763364824229,7391.977265096208,REDUCE
2021-11-29,ADANIPORTS,SELL,13.376035418472338,691.1051799268864,EXIT
2021-11-29,BEL,SELL,119.92701300236934,61.61927209684392,REDUCE
2021-11-29,CIPLA,BUY,10.600721270619674,943.3320379543799,REENTRY
2021-11-29,INDIGO,SELL,5.255456027240289,1866.8451663893425,EXIT
2021-11-30,ITC,SELL,53.78884051031418,179.56276215969913,EXIT
2021-11-30,NTPC,SELL,30.591426336110285,109.49533554764506,EXIT
2021-11-30,SHRIRAMFIN,SELL,36.23531593096057,259.54709727175117,EXIT
2021-11-30,ZENTEC,SELL,146.5079458819079,207.83477269781346,REDUCE
2021-11-30,TTML,BUY,19.358855432166127,110.0,REFILL
2021-12-01,ICICIBANK,SELL,8.231892961657561,694.9219705634979,EXIT
2021-12-01,MARUTI,SELL,1.4008302500695187,6936.068712767568,EXIT
2021-12-02,KOTAKBANK,SELL,12.609037037886338,388.08215939778427,REDUCE
2021-12-02,MAXHEALTH,BUY,26.57546105985235,376.28698059003904,REENTRY
2021-12-02,JBMA,BUY,6.115044867703249,189.29670436998546,REFILL
2021-12-03,CIPLA,SELL,5.300360635309837,900.7174690911017,REDUCE
2021-12-07,BAJAJFINSV,SELL,10.332471863293012,1710.567277836351,REDUCE
2021-12-08,ADANIPORTS,BUY,13.618199356847816,734.3114708459287,REENTRY
2021-12-08,CIPLA,SELL,5.300360635309837,866.8195093356701,EXIT
2021-12-08,TATACONSUM,SELL,3.817593463908375,733.983520291942,EXIT
2021-12-08,TRENT,SELL,2.839909369106528,1031.1809726975264,EXIT
2021-12-09,ICICIBANK,BUY,13.581543956231322,736.2933133542538,REENTRY
2021-12-09,JSWSTEEL,BUY,15.475752216078096,646.1721446800358,REENTRY
2021-12-09,SHRIRAMFIN,BUY,36.03713640199038,277.49152675315474,REENTRY
2021-12-10,ZENTEC,SELL,73.25397294095394,211.3751619363958,REDUCE
2021-12-13,BEL,SELL,59.96350650118467,64.93180736108758,REDUCE
2021-12-14,KOTAKBANK,SELL,12.609037037886338,373.2466855555206,EXIT
2021-12-14,MARUTI,BUY,1.3792498813643697,7250.317825010712,REENTRY
2021-12-14,NESTLEIND,SELL,3.0544933194238197,906.1721281462434,REDUCE
2021-12-15,ASIANPAINT,BUY,3.167556912408561,3157.007206666464,REENTRY
2021-12-15,SHRIRAMFIN,SELL,36.03713640199038,256.4022221720364,EXIT
2021-12-16,JSWSTEEL,SELL,7.737876108039048,635.6575730140461,REDUCE
2021-12-20,ADANIPORTS,SELL,13.618199356847816,700.8803905797627,EXIT
2021-12-21,JSWSTEEL,BUY,7.737876108039049,618.4517864442612,REARM
2021-12-21,PGEL,BUY,19.587394419639846,64.05086798299173,REFILL
2021-12-22,APOLLOHOSP,SELL,1.765724051446714,4839.907696769658,EXIT
2021-12-22,JBMA,SELL,3.0575224338516245,220.18645137344967,REDUCE
2021-12-22,RELIANCE,SELL,0.6223491039367399,1057.8573860824001,EXIT
2021-12-23,BAJFINANCE,SELL,4.490863276344408,671.1039260309782,EXIT
2021-12-23,HINDALCO,BUY,22.12829363762727,451.9101275389737,REENTRY
2021-12-23,ICICIBANK,SELL,13.581543956231322,716.8929569013119,EXIT
2021-12-27,HCLTECH,BUY,9.346447814572233,1069.9251949397076,REENTRY
2021-12-27,SBIN,SELL,13.054160596328776,422.5016075492638,EXIT
2021-12-28,BHARTIARTL,SELL,9.078335592138856,664.4581415666115,REDUCE
2021-12-28,CIPLA,BUY,11.078436399969402,902.6544576297446,REENTRY
2021-12-28,HINDALCO,SELL,22.12829363762727,443.6988544428412,EXIT
2021-12-30,APOLLOHOSP,BUY,2.024934940143762,4938.430268426324,REENTRY
2021-12-30,GRASIM,SELL,2.0237010072468298,1568.2856867265482,REDUCE
2021-12-30,TITAN,SELL,1.6594014618792632,2362.7924718529894,REDUCE
2021-12-31,DRREDDY,BUY,10.473202592276486,954.8177753550331,REENTRY
2021-12-31,M&M,SELL,11.598463426574966,805.3602801948132,EXIT
2021-12-31,KPITTECH,BUY,1.4622150055544634,594.6309239525156,REFILL
2022-01-03,JSWSTEEL,SELL,15.475752216078096,627.0069253308142,EXIT
2022-01-04,EICHERMOT,BUY,3.8393593805324926,2604.601187037893,REENTRY
2022-01-04,ICICIBANK,BUY,13.424144184961694,744.926444637151,REENTRY
2022-01-04,JSWSTEEL,BUY,15.614339256795802,640.4369621755027,REENTRY
2022-01-04,ONGC,SELL,66.71273459656487,110.30986653341482,EXIT
2022-01-05,BAJAJFINSV,SELL,10.332471863293012,1706.5752648072282,EXIT
2022-01-05,DRREDDY,SELL,10.473202592276486,950.1449130076397,EXIT
2022-01-05,HINDALCO,BUY,21.74717444981495,459.82985160102453,REENTRY
2022-01-06,TRENT,BUY,9.415870392703633,1062.0367085499615,REENTRY
2022-01-10,BAJFINANCE,BUY,13.260684109166252,754.1089070274774,REENTRY
2022-01-10,CIPLA,SELL,11.078436399969402,885.9476334920855,EXIT
2022-01-10,ONGC,BUY,81.97502273600551,121.98837726711292,REENTRY
2022-01-11,COALINDIA,BUY,86.86643644006905,115.11926136050495,REENTRY
2022-01-11,INDIGO,BUY,4.910244630178013,2036.5584106626202,REENTRY
2022-01-12,ADANIPORTS,BUY,13.294334949897136,752.200094076716,REENTRY
2022-01-12,BHARTIARTL,SELL,4.539167796069428,691.9218958799457,REDUCE
2022-01-12,COALINDIA,SELL,86.86643644006905,114.94012607722752,EXIT
2022-01-12,JSWSTEEL,SELL,15.614339256795802,623.2312477711555,EXIT
2022-01-13,ZENTEC,SELL,36.62698647047697,214.41692016230215,REDUCE
2022-01-14,BAJAJFINSV,BUY,5.553130329276957,1800.7861164861308,REENTRY
2022-01-14,COALINDIA,BUY,84.70464399518056,118.05728149414062,REENTRY
2022-01-14,M&M,BUY,11.649301148138955,858.4205930325322,REENTRY
2022-01-14,WIPRO,SELL,11.475499852188856,299.9207884000384,REDUCE
2022-01-18,JSWSTEEL,BUY,14.873971689193878,672.3153848185096,REENTRY
2022-01-18,TTML,SELL,19.358855432166127,224.64999389648438,EXIT
2022-01-19,APOLLOHOSP,SELL,2.024934940143762,4558.216334658426,EXIT
2022-01-19,BEL,SELL,29.981753250592334,65.66965302660392,REDUCE
2022-01-19,IEX,SELL,131.5430881102513,238.389493972646,REDUCE
2022-01-19,RELIANCE,BUY,8.686736065877382,1151.1803655784236,REENTRY
2022-01-19,JPPOWER,BUY,3514.159884878575,9.5,REFILL
2022-01-20,BHARTIARTL,SELL,2.269583898034714,690.0161010293049,REDUCE
2022-01-20,JSWSTEEL,SELL,14.873971689193878,649.0398706680689,EXIT
2022-01-20,ULTRACEMCO,SELL,0.05181881682412114,7303.688386499774,REDUCE
2022-01-20,ZEEL,SELL,95.0727361569875,305.1132542536333,REDUCE
2022-01-20,ELGIEQUIP,BUY,79.68852500727817,374.8914780462259,REFILL
2022-01-21,ADANIPORTS,SELL,13.294334949897136,715.5431154049222,EXIT
2022-01-21,JSWSTEEL,BUY,15.409643672477987,648.9442723364365,REENTRY
2022-01-21,NESTLEIND,SELL,1.5272466597119099,892.1587491425789,REDUCE
2022-01-21,ZEEL,SELL,95.0727361569875,296.51107244367694,EXIT
2022-01-21,SUZLON,BUY,1520.403578073974,11.294031143188477,REFILL
2022-01-24,BAJAJFINSV,SELL,2.7765651646384786,1635.5676387656383,REDUCE
2022-01-24,COALINDIA,SELL,84.70464399518056,113.36364984560812,EXIT
2022-01-24,JSWSTEEL,SELL,15.409643672477987,627.5326186683754,EXIT
2022-01-24,SBIN,BUY,21.37424565481763,467.85276830324335,REENTRY
2022-01-24,WIPRO,SELL,11.475499852188856,280.165902586079,EXIT
2022-01-24,ADANIGREEN,BUY,7.188615685184537,1946.25,REFILL
2022-01-25,BAJFINANCE,SELL,6.630342054583126,676.9908596484586,REDUCE
2022-01-25,BAJAJFINSV,SELL,2.7765651646384786,1551.9356253562103,EXIT
2022-01-25,KPITTECH,SELL,1.4622150055544634,611.694408862893,EXIT
2022-01-25,NTPC,BUY,88.96137181474695,112.40833854073189,REENTRY
2022-01-25,RELIANCE,SELL,4.343368032938691,1069.0734401117095,REDUCE
2022-01-25,ULTRACEMCO,SELL,0.05181881682412114,6961.480878898671,EXIT
2022-01-25,POONAWALLA,BUY,49.76368134983544,254.13917424501764,REFILL
2022-01-27,AXISBANK,BUY,13.496980365854585,740.9064641820595,REENTRY
2022-01-27,COALINDIA,BUY,87.82308775274369,113.86527456372188,REENTRY
2022-01-27,GRASIM,SELL,1.0118505036234149,1658.278904896835,REDUCE
2022-01-27,HCLTECH,SELL,9.346447814572233,948.7367874672893,EXIT
2022-01-27,IEX,SELL,131.5430881102513,223.27898958097725,EXIT
2022-01-27,M&M,SELL,5.824650574069477,815.7793891223238,REDUCE
2022-01-27,KPITTECH,BUY,34.16236247965422,634.6251121420385,REFILL
2022-01-28,CIPLA,BUY,11.143599297072026,897.3761289700622,REENTRY
2022-01-28,INFY,SELL,1.047499276441362,1509.0433996097977,REDUCE
2022-01-28,INDIGO,SELL,4.910244630178013,1865.8469632195345,EXIT
2022-01-28,KPITTECH,SELL,34.16236247965422,630.7136101520342,EXIT
2022-01-28,NESTLEIND,SELL,1.5272466597119099,879.7278178015339,EXIT
2022-01-28,TITAN,SELL,0.8297007309396316,2283.0392947672135,REDUCE
2022-01-28,GMDCLTD,BUY,167.00255715440423,103.42599932349944,REFILL
2022-01-31,EICHERMOT,SELL,3.8393593805324926,2537.351549933435,EXIT
2022-01-31,MAXHEALTH,SELL,26.57546105985235,368.3232831713896,EXIT
2022-01-31,TRENT,SELL,4.707935196351817,1013.2646893221645,REDUCE
2022-02-01,EICHERMOT,BUY,3.920660686624705,2550.59052524359,REENTRY
2022-02-01,ELGIEQUIP,SELL,39.84426250363909,330.5834182908546,REDUCE
2022-02-01,GRAVITA,BUY,10.588232508668655,334.45053703782065,REFILL
2022-02-02,ASIANPAINT,SELL,1.5837784562042805,3086.367989924556,REDUCE
2022-02-03,ADANIPORTS,BUY,13.749063923281446,727.322242139473,REENTRY
2022-02-03,TECHM,SELL,6.1185553238103525,1287.2839783097327,EXIT
2022-02-04,BAJFINANCE,SELL,3.315171027291563,695.6326229248632,REDUCE
2022-02-04,ITC,BUY,52.11112797086503,191.89759249868726,REENTRY
2022-02-04,ZENTEC,SELL,18.313493235238486,214.21744821397328,REDUCE
2022-02-04,DEEPAKFERT,BUY,1.684636739200189,622.9178467388178,REFILL
2022-02-07,ADANIPORTS,SELL,13.749063923281446,712.4151063850543,EXIT
2022-02-07,HDFCBANK,BUY,13.904117096521123,719.2114343241577,REENTRY
2022-02-08,BEL,SELL,14.990876625296167,63.4874663765059,REDUCE
2022-02-08,INDIGO,BUY,4.626743134984552,2161.347563124096,REENTRY
2022-02-08,RELIANCE,SELL,4.343368032938691,1060.4737500675897,EXIT
2022-02-08,ZENTEC,SELL,18.313493235238486,208.93181544886554,EXIT
2022-02-08,TARIL,BUY,366.1945312110461,22.615620202729197,REFILL
2022-02-09,SBILIFE,SELL,5.607404527387229,1121.532810206844,REDUCE
2022-02-09,JWL,BUY,116.18392010785585,49.639904437287484,REFILL
2022-02-10,POONAWALLA,SELL,24.88184067491772,256.5619053641807,REDUCE
2022-02-10,CREDITACC,BUY,13.433825687427449,748.0681246336685,REFILL
2022-02-11,CREDITACC,SELL,6.716912843713724,741.1231829889529,REDUCE
2022-02-11,SWANCORP,BUY,62.60495257193696,172.60351224084005,REFILL
2022-02-14,CREDITACC,BUY,6.716912843713724,730.2593119392543,REARM
2022-02-14,RHIM,BUY,13.942636728702352,454.3491718740116,REFILL
2022-02-15,BAJFINANCE,SELL,3.315171027291563,667.1794392786929,EXIT
2022-02-15,BHARTIARTL,SELL,1.134791949017357,680.2424950688517,REDUCE
2022-02-15,DEEPAKFERT,SELL,1.684636739200189,513.6339922826612,EXIT
2022-02-15,NATIONALUM,BUY,62.513336276498634,98.66474974619089,REFILL
2022-02-16,CIPLA,SELL,11.143599297072026,908.4655880365596,EXIT
2022-02-16,CREDITACC,SELL,6.716912843713724,704.4142672315338,REDUCE
2022-02-16,GRASIM,SELL,0.5059252518117074,1675.57399597887,REDUCE
2022-02-16,JBMA,SELL,3.0575224338516245,266.49124771267986,EXIT
2022-02-16,JWL,SELL,116.18392010785585,45.66871124100957,EXIT
2022-02-16,PGEL,SELL,19.587394419639846,69.42674533933469,EXIT
2022-02-16,RELIANCE,BUY,9.044214811417337,1105.6791781831728,REENTRY
2022-02-16,SBILIFE,SELL,5.607404527387229,1117.5698088462602,EXIT
2022-02-16,TARIL,SELL,183.09726560552306,19.691832498815515,REDUCE
2022-02-17,CIPLA,BUY,11.045253350067293,905.3662856849793,REENTRY
2022-02-17,HDFCBANK,SELL,13.904117096521123,719.687047265433,EXIT
2022-02-18,CREDITACC,BUY,6.716912843713724,738.1467797188932,REARM
2022-02-21,AXISBANK,BUY,13.496980365854585,780.2919957855303,REARM
2022-02-21,VTL,BUY,7.051884600128902,501.32851881940917,REFILL
2022-02-22,HDFCBANK,BUY,14.112239478221255,708.6047551441089,REENTRY
2022-02-22,POWERINDIA,BUY,6.667384360235659,2967.213510838753,REFILL
2022-02-23,AXISBANK,SELL,13.496980365854585,780.242175983389,REDUCE
2022-02-23,CIPLA,SELL,11.045253350067293,886.4319125965111,EXIT
2022-02-23,CREDITACC,SELL,6.716912843713724,712.3513096221188,REDUCE
2022-02-23,TARIL,SELL,183.09726560552306,17.89257859485897,EXIT
2022-02-23,BALRAMCHIN,BUY,6.759147418013441,389.3645996991876,REFILL
2022-02-24,KOTAKBANK,BUY,27.357903416328746,365.5250860353368,REENTRY
2022-02-24,CHOLAFIN,BUY,12.784126335920993,658.3534169796542,REFILL
2022-02-25,ASIANPAINT,SELL,1.5837784562042805,2990.256197772694,EXIT
2022-02-25,BEL,SELL,14.990876625296167,61.0104516037765,EXIT
2022-02-25,AAVAS,BUY,1.3873369851792345,2920.5,REFILL
2022-02-28,BALRAMCHIN,SELL,6.759147418013441,374.9094342103378,EXIT
2022-02-28,GRASIM,SELL,0.5059252518117074,1516.9867623965629,EXIT
2022-02-28,BANKBARODA,BUY,32.550968475412624,92.6408920355138,REFILL
2022-03-02,ADANIENT,SELL,6.162741597354269,1635.0822085313005,EXIT
2022-03-02,BEL,BUY,152.29744391677409,65.66098381444074,REENTRY
2022-03-02,EICHERMOT,SELL,3.920660686624705,2470.1020163792405,EXIT
2022-03-03,HDFCBANK,SELL,14.112239478221255,656.8553739251402,EXIT
2022-03-04,APOLLOHOSP,BUY,2.0747077419339077,4819.955986031387,REENTRY
2022-03-04,CIPLA,BUY,11.114211255094693,899.7489583811946,REENTRY
2022-03-04,ELGIEQUIP,SELL,39.84426250363909,335.51749498155874,EXIT
2022-03-04,TCS,SELL,0.4516982301586547,3111.3005151866846,EXIT
2022-03-04,TATASTEEL,BUY,87.23737595987423,114.6297660832853,REENTRY
2022-03-04,DEEPAKFERT,BUY,1.6191495739627815,551.1165057299116,REFILL
2022-03-07,TATASTEEL,BUY,87.23737595987423,112.29737880497109,REARM
2022-03-07,OIL,BUY,76.82672448806274,138.5054554913244,REFILL
2022-03-08,AAVAS,SELL,1.3873369851792345,2591.0,EXIT
2022-03-08,APOLLOHOSP,SELL,2.0747077419339077,4602.663384608767,EXIT
2022-03-08,BANKBARODA,SELL,32.550968475412624,83.06652649381637,EXIT
2022-03-08,BALRAMCHIN,BUY,19.016631685798068,436.08836346180914,REFILL
2022-03-09,AXISBANK,SELL,13.496980365854585,668.7079427993228,EXIT
2022-03-09,DEEPAKFERT,SELL,1.6191495739627815,529.1637850764479,EXIT
2022-03-09,ICICIBANK,SELL,13.424144184961694,644.7719605885366,EXIT
2022-03-10,INDIGO,SELL,4.626743134984552,1796.9632804685994,EXIT
2022-03-10,M&M,SELL,5.824650574069477,735.0794068944576,EXIT
2022-03-11,ADANIENT,BUY,5.724482453958395,1746.882810879287,REENTRY
2022-03-11,KOTAKBANK,SELL,27.357903416328746,347.7206249923728,EXIT
2022-03-14,RELIANCE,SELL,4.5221074057086685,1086.06812572994,REDUCE
2022-03-15,APOLLOHOSP,BUY,2.0453889014027933,4889.0457913121945,REENTRY
2022-03-15,LT,SELL,6.818756570460652,1677.526885436576,EXIT
2022-03-16,APOLLOHOSP,BUY,2.0453889014027933,4833.388283537707,REARM
2022-03-17,POONAWALLA,SELL,24.88184067491772,240.39390412789476,EXIT
2022-03-21,JSWSTEEL,BUY,15.16834455722939,659.2677244553953,REENTRY
2022-03-21,MARUTI,SELL,1.3792498813643697,7565.918889375974,EXIT
2022-03-21,TATACONSUM,BUY,13.387799861576985,746.9487222243307,REENTRY
2022-03-21,TATASTEEL,SELL,87.23737595987423,115.12263786641763,REDUCE
2022-03-22,TATASTEEL,BUY,87.23737595987423,116.17881801104376,REARM
2022-03-23,SBIN,SELL,21.37424565481763,464.2209411418445,EXIT
2022-03-24,JSWSTEEL,BUY,15.16834455722939,673.4146733010145,REARM
2022-03-25,JSWSTEEL,SELL,15.16834455722939,686.3190177041304,REDUCE
2022-03-25,TCS,BUY,2.9932010806354064,3340.904847554434,REENTRY
2022-03-25,TATACONSUM,SELL,13.387799861576985,715.9870883611983,EXIT
2022-03-28,ADANIPORTS,BUY,13.694766216741826,730.205966405985,REENTRY
2022-03-28,TATASTEEL,SELL,87.23737595987423,117.93909852177957,REDUCE
2022-03-29,BAJAJ-AUTO,BUY,2.989103388951654,3345.4848156012513,REENTRY
2022-03-30,VTL,SELL,3.525942300064451,474.6104139419623,REDUCE
2022-03-31,AXISBANK,BUY,13.160883804299244,759.8273906751853,REENTRY
2022-03-31,JPPOWER,SELL,3514.159884878575,7.050000190734863,EXIT
2022-03-31,VTL,SELL,3.525942300064451,450.5155631977928,EXIT
2022-03-31,ADANIPOWER,BUY,135.29034097439367,33.97999954223633,REFILL
2022-04-01,GRAVITA,SELL,10.588232508668655,312.3884358548939,EXIT
2022-04-01,TATACONSUM,BUY,13.251338707243994,754.640736375819,REENTRY
2022-04-01,LINDEINDIA,BUY,1.1430509277129095,3745.2374436382515,REFILL
2022-04-04,APOLLOHOSP,SELL,4.090777802805587,4500.930339314782,EXIT
2022-04-04,SBIN,BUY,21.084667108691733,474.27829656735247,REENTRY
2022-04-05,HCLTECH,BUY,9.876024206508639,1012.5532087507094,REENTRY
2022-04-05,HDFCBANK,BUY,12.614397496326257,792.7449569360995,REENTRY
2022-04-05,SUZLON,SELL,1520.403578073974,9.503514289855957,EXIT
2022-04-05,GPIL,BUY,20.100719639260124,400.136942353351,REFILL
2022-04-07,BAJAJFINSV,BUY,6.018059027580747,1661.6653233492775,REENTRY
2022-04-08,BAJFINANCE,BUY,13.90794601757862,719.0134321315841,REENTRY
2022-04-08,HDFCBANK,SELL,12.614397496326257,719.211478547381,EXIT
2022-04-08,TITAN,SELL,0.4148503654698158,2436.3769873005626,REDUCE
2022-04-12,GRASIM,BUY,5.679303117504754,1760.7794113291804,REENTRY
2022-04-12,HCLTECH,SELL,9.876024206508639,961.3300246225014,EXIT
2022-04-13,OIL,SELL,38.41336224403137,129.62125277289772,REDUCE
2022-04-18,BAJAJFINSV,SELL,6.018059027580747,1600.7874679644722,EXIT
2022-04-18,INFY,SELL,0.523749638220681,1441.2667383097576,REDUCE
2022-04-19,INFY,SELL,0.523749638220681,1469.2301891678217,EXIT
2022-04-19,M&M,BUY,11.80451817425343,847.133263076402,REENTRY
2022-04-19,TCS,SELL,2.9932010806354064,3154.3958182118126,EXIT
2022-04-21,BAJFINANCE,SELL,13.90794601757862,696.5157343265954,EXIT
2022-04-21,MAXHEALTH,BUY,24.37050963273518,410.3320016979747,REENTRY
2022-04-22,APOLLOHOSP,BUY,2.087562537563441,4790.275654051442,REENTRY
2022-04-22,EICHERMOT,BUY,3.9620139541688757,2523.9688995738866,REENTRY
2022-04-25,APOLLOHOSP,SELL,2.087562537563441,4706.963592327407,EXIT
2022-04-25,BAJFINANCE,BUY,14.560229492683337,686.8023615304347,REENTRY
2022-04-25,HINDALCO,SELL,21.74717444981495,488.4477591998669,EXIT
2022-04-25,POWERINDIA,SELL,6.667384360235659,3196.1902826659957,EXIT
2022-04-25,NATIONALUM,SELL,31.256668138249317,93.18315639058505,REDUCE
2022-04-25,TATASTEEL,SELL,87.23737595987423,110.01782265520302,EXIT
2022-04-25,CHENNPETRO,BUY,106.25753403814213,208.97076154716837,REFILL
2022-04-26,BAJFINANCE,SELL,14.560229492683337,699.655395257208,EXIT
2022-04-26,EICHERMOT,SELL,3.9620139541688757,2506.7489984134036,EXIT
2022-04-26,GRASIM,SELL,2.839651558752377,1665.9983285045,REDUCE
2022-04-26,USHAMART,BUY,4.0305986220659875,149.3902867917986,REFILL
2022-04-27,BAJFINANCE,BUY,14.35515498004322,696.6138654652053,REENTRY
2022-04-27,EICHERMOT,BUY,3.9709948441058005,2518.260635579301,REENTRY
2022-04-27,NATIONALUM,SELL,31.256668138249317,90.26859344788319,EXIT
2022-04-27,SBIN,SELL,10.542333554345866,465.6177825697587,REDUCE
2022-04-27,BDL,BUY,4.7072782725202265,378.0061660239702,REFILL
2022-04-28,BAJFINANCE,SELL,14.35515498004322,662.0774166328578,EXIT
2022-04-29,ASIANPAINT,BUY,3.195975847564623,3128.9347845416714,REENTRY
2022-04-29,ONGC,SELL,40.98751136800276,129.6998260193694,REDUCE
2022-04-29,BLS,BUY,17.05487186953168,91.86875156261999,REFILL
2022-05-02,TITAN,SELL,0.2074251827349079,2403.458841556824,REDUCE
2022-05-02,MRPL,BUY,59.84691363442623,71.06297600498802,REFILL
2022-05-04,AXISBANK,SELL,13.160883804299244,729.9521713782924,EXIT
2022-05-04,BDL,SELL,4.7072782725202265,351.61895467817385,EXIT
2022-05-04,TATASTEEL,BUY,85.60081381700536,116.82131926196024,REENTRY
2022-05-05,ASIANPAINT,SELL,3.195975847564623,2990.0152555848495,EXIT
2022-05-05,BAJAJ-AUTO,SELL,2.989103388951654,3201.634070835681,EXIT
2022-05-05,BALRAMCHIN,SELL,19.016631685798068,433.0708103745369,EXIT
2022-05-05,EICHERMOT,SELL,3.9709948441058005,2392.6356189701983,EXIT
2022-05-05,GPIL,SELL,20.100719639260124,404.506024980419,EXIT
2022-05-05,GRASIM,SELL,2.839651558752377,1594.6193335427356,EXIT
2022-05-05,GMDCLTD,SELL,83.50127857720211,171.14325949318555,REDUCE
2022-05-05,MAXHEALTH,SELL,24.37050963273518,378.2779287060718,EXIT
2022-05-05,ONGC,SELL,40.98751136800276,127.90814706538852,EXIT
2022-05-05,OLECTRA,SELL,188.34518155231075,634.0735682746304,EXIT
2022-05-05,TATASTEEL,SELL,85.60081381700536,112.65824721340715,EXIT
2022-05-05,TITAN,SELL,0.2074251827349079,2279.0909034196093,EXIT
2022-05-05,TRIDENT,SELL,1596.596944406537,48.64040138724368,EXIT
2022-05-06,CGPOWER,SELL,422.1170122617052,169.41513004331864,EXIT
2022-05-06,LINDEINDIA,SELL,1.1430509277129095,3276.092993207737,EXIT
2022-05-06,TATACONSUM,SELL,13.251338707243994,745.0136189103579,EXIT
2022-05-06,USHAMART,SELL,4.0305986220659875,124.25155602378962,EXIT
2022-05-09,CHOLAFIN,SELL,12.784126335920993,617.6407277188548,EXIT
2022-05-09,CIPLA,SELL,11.114211255094693,905.3178927981182,EXIT
2022-05-09,RHIM,SELL,13.942636728702352,549.6936405098678,EXIT
2022-05-10,GMDCLTD,SELL,83.50127857720211,155.5847919988391,EXIT
2022-05-10,JSWSTEEL,SELL,15.16834455722939,644.2604993381474,EXIT
2022-05-10,SBIN,SELL,10.542333554345866,444.19937553278925,EXIT
2022-05-10,TRENT,SELL,4.707935196351817,1095.5183045589458,EXIT
2022-05-11,ADANIGREEN,SELL,7.188615685184537,2535.0,EXIT
2022-05-11,ADANIPORTS,SELL,13.694766216741826,753.6664053322187,EXIT
2022-05-11,COALINDIA,SELL,87.82308775274369,126.82797880189153,EXIT
2022-05-11,SWANCORP,SELL,62.60495257193696,274.78721921529166,EXIT
2022-05-12,BAJAJ-AUTO,BUY,3.083153771240528,3243.43212890625,REENTRY
2022-05-13,ADANIPOWER,SELL,135.29034097439367,50.0,EXIT
2022-05-13,BAJAJ-AUTO,SELL,3.083153771240528,3273.3331640853644,EXIT
2022-05-13,CHENNPETRO,SELL,106.25753403814213,227.90466824240778,EXIT
2022-05-13,CREDITACC,SELL,6.716912843713724,919.7070928914403,EXIT
2022-05-13,MRPL,SELL,59.84691363442623,66.96504461643461,EXIT
2022-05-13,RELIANCE,SELL,4.5221074057086685,1103.8591166926499,EXIT
2022-05-16,BAJAJ-AUTO,BUY,3.02824811158708,3302.239325019865,REENTRY
2022-05-16,BHARTIARTL,SELL,1.134791949017357,670.3222890796143,EXIT
2022-05-17,EICHERMOT,BUY,3.993816692553048,2503.8705503550536,REENTRY
2022-05-23,RELIANCE,BUY,8.351678609859094,1197.364082975496,REENTRY
2022-05-24,ASIANPAINT,BUY,3.270722219375139,3057.4287051226465,REENTRY
2022-05-24,HINDUNILVR,BUY,4.5084761940777645,2218.044316866036,REENTRY
2022-05-24,MARUTI,BUY,1.3091986942086085,7638.25998623139,REENTRY
2022-05-24,OIL,SELL,19.206681122015684,128.15892709341585,REDUCE
2022-05-25,ASIANPAINT,SELL,3.270722219375139,2926.695598483671,EXIT
2022-05-25,HINDUNILVR,SELL,4.5084761940777645,2171.400587139213,EXIT
2022-05-25,KOTAKBANK,BUY,26.442535538661204,378.1785595174548,REENTRY
2022-05-31,COALINDIA,BUY,72.78507061474808,137.39081264247272,REENTRY
2022-05-31,ICICIBANK,BUY,13.912376320443228,718.7844671298695,REENTRY
2022-06-01,KOTAKBANK,SELL,26.442535538661204,366.65097083649437,EXIT
2022-06-01,MAXHEALTH,BUY,26.24565366012861,381.01546753212006,REENTRY
2022-06-01,SBILIFE,BUY,8.670039072245707,1153.397339581978,REENTRY
2022-06-01,SUNPHARMA,SELL,4.03657685229049,841.608624178489,REDUCE
2022-06-02,MAXHEALTH,SELL,26.24565366012861,369.8164588009515,EXIT
2022-06-03,MAXHEALTH,BUY,25.86386273805044,386.6398496342228,REENTRY
2022-06-03,SBILIFE,SELL,8.670039072245707,1145.4565025238276,EXIT
2022-06-06,MAXHEALTH,SELL,25.86386273805044,370.5133191798875,EXIT
2022-06-08,ICICIBANK,SELL,13.912376320443228,714.5163876883088,EXIT
2022-06-10,SBILIFE,BUY,8.724472810997067,1146.2010618446939,REENTRY
2022-06-13,ONGC,BUY,79.24281113024621,126.19441255767234,REENTRY
2022-06-14,SBILIFE,SELL,8.724472810997067,1116.6712160439708,EXIT
2022-06-14,SUNPHARMA,SELL,4.03657685229049,794.4785165198102,EXIT
2022-06-15,ONGC,SELL,79.24281113024621,122.26054627651834,EXIT
2022-06-20,EICHERMOT,SELL,3.993816692553048,2494.277434956638,EXIT
2022-06-20,OIL,SELL,19.206681122015684,135.74638278461683,EXIT
2022-06-21,EICHERMOT,BUY,3.9451446950981848,2534.761275657375,REENTRY
2022-06-21,NTPC,SELL,88.96137181474695,121.8590825035021,EXIT
2022-06-21,POWERGRID,SELL,7.046715565727195,131.1961437135236,EXIT
2022-06-23,RELIANCE,SELL,8.351678609859094,1144.3779613702993,EXIT
2022-07-04,COALINDIA,SELL,36.39253530737404,135.35951950614665,REDUCE
2022-07-05,HINDUNILVR,BUY,4.46058482716929,2241.858497811833,REENTRY
2022-07-07,NESTLEIND,BUY,11.317416373597458,883.5938936848806,REENTRY
2022-07-07,SBIN,BUY,21.845891271636667,457.7519807115113,REENTRY
2022-07-07,TRENT,BUY,8.534935324602337,1171.6550412719062,REENTRY
2022-07-08,ICICIBANK,BUY,13.721643915717351,728.7756526421427,REENTRY
2022-07-08,HINDUNILVR,BUY,4.46058482716929,2328.308231372418,REARM
2022-07-08,ICICIBANK,BUY,13.721643915717351,728.7756526421427,REARM
2022-07-08,NESTLEIND,BUY,11.317416373597458,879.2696259943026,REARM
2022-07-08,SBIN,BUY,21.845891271636667,462.48087477604514,REARM
2022-07-08,TRENT,BUY,8.534935324602337,1168.3151405074673,REARM
2022-07-08,ELECON,BUY,414.01723833717193,148.42354684678207,REFILL
2022-07-08,APARINDS,BUY,63.66280464526753,965.2403363646114,REFILL
2022-07-08,ASAHIINDIA,BUY,108.18494178793637,568.0079496661042,REFILL
2022-07-08,TIMKEN,BUY,24.616098558698816,2496.3300672192613,REFILL
2022-07-08,ABB,BUY,24.291927357957153,2529.6431223512536,REFILL
2022-07-08,JWL,BUY,937.8132017415503,65.52467682860302,REFILL
2022-07-08,BLUEDART,BUY,7.480388112168263,7986.325223857676,REFILL
2022-07-11,SBILIFE,BUY,8.79147112332112,1137.4660576968759,REENTRY
2022-07-11,SBIN,SELL,21.845891271636667,458.6977720918318,REDUCE
2022-07-11,TATACONSUM,BUY,13.464396258782276,742.6994725795751,REENTRY
2022-07-11,TRENT,SELL,8.534935324602337,1199.1718346875589,REDUCE
2022-07-11,TVSMOTOR,BUY,2.3112074227599955,824.0443332290321,REFILL
2022-07-14,CIPLA,BUY,10.829769425986665,923.3806932218165,REENTRY
2022-07-14,HINDUNILVR,SELL,4.46058482716929,2353.034947525601,REDUCE
2022-07-14,SUNPHARMA,BUY,11.986114300810637,834.298735105812,REENTRY
2022-07-14,HSCL,BUY,30.554542310319125,89.40875716900769,REFILL
2022-07-15,ICICIBANK,SELL,13.721643915717351,730.6671780080716,REDUCE
2022-07-15,KEC,BUY,3.3363335482263965,448.89284174000454,REFILL
2022-07-18,KEC,SELL,1.6681667741131982,467.59670988677954,REDUCE
2022-07-18,NESTLEIND,SELL,11.317416373597458,905.1528117660424,REDUCE
2022-07-19,SHRIRAMFIN,BUY,38.6737058278158,258.5736170338134,REENTRY
2022-07-20,SHRIRAMFIN,SELL,38.6737058278158,263.7742927997108,EXIT
2022-07-21,SHRIRAMFIN,BUY,38.100355230772124,262.4647444736526,REENTRY
2022-07-22,LT,BUY,5.8274425719753,1716.0186267799374,REENTRY
2022-07-25,AXISBANK,BUY,13.66938259499075,731.5619363572848,REENTRY
2022-07-27,ASIANPAINT,BUY,3.3101618434238347,3021.000323554148,REENTRY
2022-07-27,AXISBANK,SELL,13.66938259499075,706.0794790469809,EXIT
2022-07-27,SBILIFE,SELL,8.79147112332112,1131.5601878821833,EXIT
2022-07-28,AXISBANK,BUY,13.829644051972242,723.0844092891822,REENTRY
2022-07-28,SBILIFE,BUY,8.72258559618865,1146.449053405623,REENTRY
2022-07-29,BAJFINANCE,BUY,14.153567891456841,706.5356295097893,REENTRY
2022-08-01,SHRIRAMFIN,SELL,38.100355230772124,258.1620380508039,EXIT
2022-08-02,HDFCBANK,BUY,14.41246225056326,693.8439682372236,REENTRY
2022-08-02,JSWSTEEL,BUY,15.912252398370024,628.4465423024809,REENTRY
2022-08-02,TITAN,BUY,4.259711639374242,2347.576748521178,REENTRY
2022-08-03,HDFCBANK,SELL,14.41246225056326,685.6399502739025,EXIT
2022-08-03,NTPC,BUY,70.85890453285444,141.12552354465768,REENTRY
2022-08-04,ADANIPORTS,BUY,12.526490061156531,798.3082213116554,REENTRY
2022-08-08,INDIGO,BUY,4.804268294319721,2081.482420917958,REENTRY
2022-08-08,KEC,SELL,1.6681667741131982,417.68688478682327,EXIT
2022-08-11,SHRIRAMFIN,BUY,38.02852637960149,262.9604918207928,REENTRY
2022-08-16,GRASIM,BUY,6.233879099948379,1604.137622765704,REENTRY
2022-08-16,HDFCBANK,BUY,13.903380040718634,719.2495616686834,REENTRY
2022-08-16,SHRIRAMFIN,SELL,38.02852637960149,255.35593984725335,EXIT
2022-08-17,GRASIM,SELL,6.233879099948379,1573.16575642283,EXIT
2022-08-18,BAJAJFINSV,BUY,5.933921848456678,1685.2261043176438,REENTRY
2022-08-22,BHARTIARTL,BUY,13.918657727340205,718.4600840034419,REENTRY
2022-08-22,INDIGO,SELL,4.804268294319721,1977.208730234464,EXIT
2022-08-23,BAJAJFINSV,SELL,5.933921848456678,1577.3936127360857,EXIT
2022-08-23,JWL,SELL,468.90660087077515,57.433370295433406,REDUCE
2022-08-24,BAJAJFINSV,BUY,6.146952858535852,1626.8223020636453,REENTRY
2022-08-26,GRASIM,BUY,6.239807523420273,1602.6135361493689,REENTRY
2022-08-30,BAJAJFINSV,SELL,6.146952858535852,1636.3065486524922,EXIT
2022-09-01,BAJAJFINSV,BUY,5.958631651226767,1678.2376534285675,REENTRY
2022-09-01,INDIGO,BUY,4.9637756334321,2014.595489096615,REENTRY
2022-09-02,SUNPHARMA,SELL,5.993057150405319,842.345321879998,REDUCE
2022-09-07,BAJAJ-AUTO,SELL,1.51412405579354,3675.0214947108843,REDUCE
2022-09-08,INDIGO,SELL,4.9637756334321,1922.7507891812738,EXIT
2022-09-12,KOTAKBANK,BUY,26.053908123514773,383.81957718560346,REENTRY
2022-09-13,NESTLEIND,SELL,5.658708186798729,911.4855221694138,REDUCE
2022-09-15,HINDUNILVR,SELL,2.230292413584645,2425.6636984693437,REDUCE
2022-09-15,MAXHEALTH,BUY,23.686686983114306,422.1780786451381,REENTRY
2022-09-19,BLUEDART,SELL,3.7401940560841314,8419.342928832333,REDUCE
2022-09-19,TATACONSUM,SELL,6.732198129391138,779.41757728407,REDUCE
2022-09-20,TIMKEN,SELL,24.616098558698816,2875.8223479372305,EXIT
2022-09-20,TATAINVEST,BUY,252.28589621357432,265.68773347837276,REFILL
2022-09-26,ELECON,SELL,207.00861916858597,169.47845008841352,REDUCE
2022-09-26,KOTAKBANK,SELL,26.053908123514773,366.0741681850128,EXIT
2022-09-26,KARURVYSYA,BUY,1031.7878019740251,63.547102481803165,REFILL
2022-09-27,ASAHIINDIA,SELL,108.18494178793637,569.9280173887374,EXIT
2022-09-27,BAJAJ-AUTO,SELL,1.51412405579354,3369.942954813683,EXIT
2022-09-27,BLUEDART,SELL,1.8700970280420657,8367.680623992957,REDUCE
2022-09-27,HDFCBANK,SELL,13.903380040718634,689.2247583187195,EXIT
2022-09-27,MARUTI,SELL,0.6545993471043042,8631.292733688331,REDUCE
2022-09-27,TARIL,BUY,2336.485042228726,27.68851697558672,REFILL
2022-09-28,ELECON,SELL,207.00861916858597,163.09519567598545,EXIT
2022-09-28,JWL,SELL,468.90660087077515,68.99946261827304,EXIT
2022-09-28,INOXWIND,BUY,1854.8673985339835,34.70000076293945,REFILL
2022-09-29,AXISBANK,SELL,13.829644051972242,720.3416937137015,EXIT
2022-09-29,JSWSTEEL,SELL,15.912252398370024,611.4481952449738,EXIT
2022-09-29,M&M,SELL,5.902259087126715,1223.1302360802154,REDUCE
2022-09-29,MAZDOCK,BUY,107.34984175730104,211.13905291915844,REFILL
2022-09-30,ADANIPORTS,SELL,12.526490061156531,809.5784195565367,EXIT
2022-09-30,SCHNEIDER,BUY,26.138440615415252,173.6999969482422,REFILL
2022-10-03,TATAINVEST,SELL,252.28589621357432,224.66212764165059,EXIT
2022-10-03,KIRLOSENG,BUY,195.21937768597542,235.00262081580644,REFILL
2022-10-04,ADANIENT,SELL,5.724482453958395,3225.5754889354007,EXIT
2022-10-04,SBIN,SELL,10.922945635818333,504.0946931725986,REDUCE
2022-10-07,ADANIENT,BUY,3.052962519210965,3275.5069664545013,REENTRY
2022-10-07,HINDUNILVR,SELL,1.1151462067923226,2455.655204737511,REDUCE
2022-10-07,JSWSTEEL,BUY,15.114743506191523,661.6056697160394,REENTRY
2022-10-11,ADANIENT,SELL,3.052962519210965,3253.0876511681995,EXIT
2022-10-11,ASIANPAINT,SELL,1.6550809217119173,3187.162790553955,REDUCE
2022-10-11,AXISBANK,BUY,12.85447561196316,777.9391631264514,REENTRY
2022-10-12,ADANIENT,BUY,3.0372209881639054,3292.483503495513,REENTRY
2022-10-12,TATACONSUM,SELL,6.732198129391138,727.0467988999729,EXIT
2022-10-13,ADANIENT,SELL,3.0372209881639054,3213.5917508680614,EXIT
2022-10-13,BAJFINANCE,SELL,7.076783945728421,711.0161259974053,REDUCE
2022-10-13,SBILIFE,SELL,4.361292798094325,1198.0641626993045,REDUCE
2022-10-17,DRREDDY,BUY,11.849219476971562,843.937444102083,REENTRY
2022-10-17,M&M,SELL,2.9511295435633573,1195.841319312119,REDUCE
2022-10-18,BLUEDART,SELL,0.9350485140210328,8554.601555477793,REDUCE
2022-10-18,JSWSTEEL,SELL,15.114743506191523,625.342460647594,EXIT
2022-10-21,ADANIENT,BUY,2.9671153988225365,3370.2767354341454,REENTRY
2022-10-24,ASIANPAINT,SELL,1.6550809217119173,3051.0752503582357,EXIT
2022-10-24,BAJFINANCE,SELL,3.5383919728642104,719.8292641818969,REDUCE
2022-10-24,KOTAKBANK,BUY,26.36203716992021,379.33335483686625,REENTRY
2022-10-27,KOTAKBANK,SELL,26.36203716992021,375.58487690092335,EXIT
2022-10-31,BLUEDART,SELL,0.9350485140210328,7865.403155034296,EXIT
2022-10-31,KOTAKBANK,BUY,26.410624008813517,378.63550655459295,REENTRY
2022-10-31,POWERGRID,BUY,69.22215699938457,144.46241540969183,REENTRY
2022-11-01,BAJAJFINSV,SELL,2.9793158256133836,1689.2195465631391,REDUCE
2022-11-02,JSWSTEEL,BUY,14.814655678803911,675.0072507123816,REENTRY
2022-11-07,ADANIPORTS,BUY,11.715416079960987,853.5761710678654,REENTRY
2022-11-09,ULTRACEMCO,BUY,1.452761675019589,6883.4414976325415,REENTRY
2022-11-10,ABB,SELL,12.145963678978577,3055.219034852204,REDUCE
2022-11-10,POWERGRID,SELL,34.61107849969228,136.88914995268757,REDUCE
2022-11-10,SCHNEIDER,SELL,26.138440615415252,158.5,EXIT
2022-11-10,ULTRACEMCO,SELL,1.452761675019589,6780.189281589815,EXIT
2022-11-10,GRSE,BUY,63.99293908139794,486.774818117965,REFILL
2022-11-11,GRASIM,SELL,3.1199037617101366,1684.368895848725,REDUCE
2022-11-11,HDFCBANK,BUY,13.451632370098267,743.4041999414936,REENTRY
2022-11-11,POWERGRID,SELL,34.61107849969228,136.88916590137083,EXIT
2022-11-14,HSCL,SELL,15.277271155159562,95.70419644478454,REDUCE
2022-11-14,INOXWIND,SELL,1854.8673985339835,32.099998474121094,EXIT
2022-11-14,COCHINSHIP,BUY,197.44050277517042,306.5130218697282,REFILL
2022-11-15,HCLTECH,BUY,10.349995908773144,966.1839567997829,REENTRY
2022-11-15,M&M,SELL,1.4755647717816787,1251.929736063621,REDUCE
2022-11-15,TITAN,SELL,2.129855819687121,2617.9440731760346,REDUCE
2022-11-15,TRENT,SELL,4.2674676623011685,1419.8042665368005,REDUCE
2022-11-16,BAJAJFINSV,SELL,1.4896579128066918,1710.883961449922,REDUCE
2022-11-16,EICHERMOT,SELL,1.9725723475490924,3394.5610758108523,REDUCE
2022-11-16,ULTRACEMCO,BUY,1.4554751745068102,6870.608427511321,REENTRY
2022-11-18,GRASIM,SELL,1.5599518808550683,1685.2539698859268,REDUCE
2022-11-18,HCLTECH,SELL,10.349995908773144,970.2043237011824,EXIT
2022-11-21,HCLTECH,BUY,10.299135602963984,970.9552709571184,REENTRY
2022-11-21,MARUTI,SELL,0.3272996735521521,8568.184510515297,REDUCE
2022-11-21,NTPC,SELL,35.42945226642722,148.28095394908428,REDUCE
2022-11-21,TARIL,SELL,1168.242521114363,27.93841229067245,REDUCE
2022-11-21,RVNL,BUY,362.08618669161694,61.02190549764963,REFILL
2022-11-22,BAJFINANCE,SELL,3.5383919728642104,657.816660949618,EXIT
2022-11-22,BEL,SELL,76.14872195838704,101.12053783978747,REDUCE
2022-11-22,HCLTECH,SELL,10.299135602963984,964.0631379264821,EXIT
2022-11-22,TVSMOTOR,SELL,1.1556037113799977,1030.8547495563791,REDUCE
2022-11-22,UNIONBANK,BUY,114.20776102443702,69.92221191733111,REFILL
2022-11-23,HCLTECH,BUY,10.205801625246243,979.8348397506425,REENTRY
2022-11-25,INFY,BUY,6.683591418208285,1496.2015740155414,REENTRY
2022-11-25,POWERGRID,BUY,69.81021296452616,143.2455163126557,REENTRY
2022-11-25,TCS,BUY,3.287208413000508,3042.094915689319,REENTRY
2022-11-29,MARUTI,SELL,0.16364983677607606,8723.528335842271,REDUCE
2022-11-29,RELIANCE,BUY,8.10146921132012,1234.3440108402901,REENTRY
2022-11-30,HSCL,SELL,7.638635577579781,100.43217336849396,REDUCE
2022-12-01,ITC,SELL,26.055563985432514,289.9199461229615,REDUCE
2022-12-01,INDIGO,BUY,5.12373358504947,1951.7017881606837,REENTRY
2022-12-01,SHRIRAMFIN,BUY,39.70054626664528,251.88570285244603,REENTRY
2022-12-02,TATASTEEL,BUY,97.29336724403147,102.78192936747655,REENTRY
2022-12-05,APOLLOHOSP,BUY,2.0669283366493025,4838.097104136179,REENTRY
2022-12-05,CIPLA,SELL,5.414884712993333,1084.5061514917538,REDUCE
2022-12-05,INDIGO,SELL,5.12373358504947,1911.7692838393425,EXIT
2022-12-07,INFY,SELL,6.683591418208285,1474.7408164804579,EXIT
2022-12-08,EICHERMOT,SELL,1.9725723475490924,3172.3000690199137,EXIT
2022-12-08,INDIGO,BUY,5.064155313808974,1974.6629754288797,REENTRY
2022-12-09,DRREDDY,SELL,5.924609738485781,857.6599409951468,REDUCE
2022-12-09,INFY,BUY,6.697549037999311,1493.0835061100495,REENTRY
2022-12-09,TCS,SELL,3.287208413000508,3034.092148416434,EXIT
2022-12-09,TARIL,SELL,584.1212605571815,28.788057831126885,REDUCE
2022-12-12,HCLTECH,SELL,10.205801625246243,905.6593532695056,EXIT
2022-12-12,INFY,SELL,6.697549037999311,1421.5473714407533,EXIT
2022-12-12,RVNL,SELL,362.08618669161694,64.00563015887919,EXIT
2022-12-12,TATASTEEL,SELL,97.29336724403147,102.22533875354704,EXIT
2022-12-12,BANKINDIA,BUY,333.15469470791606,86.88012726448727,REFILL
2022-12-13,KOTAKBANK,SELL,13.205312004406759,371.60713031307586,REDUCE
2022-12-13,NTPC,SELL,17.71472613321361,152.5496467301686,REDUCE
2022-12-13,SUNPHARMA,SELL,2.9965285752026594,945.6964585803468,REDUCE
2022-12-13,TATASTEEL,BUY,95.78058072752543,104.40529723293064,REENTRY
2022-12-14,HDFCLIFE,BUY,17.315468743260652,577.5182958239058,REENTRY
2022-12-14,MAXHEALTH,SELL,11.843343491557153,428.25042789673205,REDUCE
2022-12-14,TRENT,SELL,2.1337338311505842,1439.8435892004154,REDUCE
2022-12-15,HDFCLIFE,SELL,17.315468743260652,577.4192540033256,EXIT
2022-12-16,HDFCLIFE,BUY,17.429071918974344,573.754015502879,REENTRY
2022-12-16,ICICIBANK,SELL,6.8608219578586755,883.6236941724553,REDUCE
2022-12-16,NESTLEIND,SELL,2.8293540933993646,953.3779337533842,REDUCE
2022-12-19,ABB,SELL,12.145963678978577,2791.520692440029,EXIT
2022-12-19,UCOBANK,BUY,903.0126589142913,36.32706330286041,REFILL
2022-12-20,COALINDIA,SELL,18.19626765368702,180.89748476288304,REDUCE
2022-12-20,POWERGRID,SELL,34.90510648226308,142.04507963419795,REDUCE
2022-12-21,NTPC,SELL,8.857363066606805,152.77433408944367,REDUCE
2022-12-22,BHARTIARTL,SELL,6.959328863670103,804.0155984965888,REDUCE
2022-12-22,GRASIM,SELL,0.7799759404275342,1716.7174445250112,REDUCE
2022-12-22,KOTAKBANK,SELL,13.205312004406759,364.08029182731167,EXIT
2022-12-22,TATACONSUM,BUY,12.77335532722393,782.8796540785911,REENTRY
2022-12-22,TATASTEEL,SELL,95.78058072752543,102.03982650197192,EXIT
2022-12-22,FACT,BUY,19.688897000609288,302.00342255245084,REFILL
2022-12-23,BAJAJFINSV,SELL,1.4896579128066918,1521.7951862473012,EXIT
2022-12-23,IOB,BUY,587.893812660999,29.850000381469727,REFILL
2022-12-27,ADANIPORTS,SELL,11.715416079960987,797.3730872632818,EXIT
2022-12-27,BLS,SELL,17.05487186953168,174.25238143185788,EXIT
2022-12-27,FACT,SELL,19.688897000609288,276.0889338279257,EXIT
2022-12-27,HDFCLIFE,SELL,17.429071918974344,566.6217091707949,EXIT
2022-12-28,GRASIM,SELL,0.3899879702137671,1701.9687032225409,REDUCE
2022-12-28,HSCL,SELL,7.638635577579781,93.56416483652494,EXIT
2022-12-28,MARUTI,SELL,0.16364983677607606,8073.026085290128,EXIT
2022-12-28,TATASTEEL,BUY,97.0743303560883,103.01384478592821,REENTRY
2022-12-28,TRENT,SELL,2.1337338311505842,1340.9428217915813,EXIT
2022-12-28,UNIONBANK,SELL,57.10388051221851,75.43760457386998,REDUCE
2022-12-29,UNIONBANK,BUY,57.10388051221851,72.01897048950195,REARM
2022-12-30,DRREDDY,SELL,5.924609738485781,839.0364639521623,EXIT
2022-12-30,HINDUNILVR,SELL,0.5575731033961613,2441.8914589151973,REDUCE
2022-12-30,SUNPHARMA,SELL,1.4982642876013297,968.8563179796254,REDUCE
2023-01-02,NESTLEIND,SELL,1.4146770466996823,948.1410850384441,REDUCE
2023-01-03,ONGC,BUY,79.76957388864473,125.36108082963584,REENTRY
2023-01-03,POWERGRID,SELL,34.90510648226308,139.6765423172845,EXIT
2023-01-03,SBILIFE,SELL,2.1806463990471623,1235.4850297179364,REDUCE
2023-01-04,APOLLOHOSP,SELL,1.0334641683246513,4451.841673313583,REDUCE
2023-01-04,HDFCLIFE,BUY,16.852951274134217,593.3678818230445,REENTRY
2023-01-04,RELIANCE,SELL,8.10146921132012,1167.2618507099899,EXIT
2023-01-05,SUNPHARMA,BUY,1.4982642876013297,973.777823856353,REARM
2023-01-10,RELIANCE,BUY,8.405973157988884,1189.6302560157692,REENTRY
2023-01-16,TCS,BUY,3.2781025839921494,3050.5451686694223,REENTRY
2023-01-16,TATACONSUM,SELL,12.77335532722393,733.4833427400005,EXIT
2023-01-17,TVSMOTOR,SELL,1.1556037113799977,972.8691839957864,EXIT
2023-01-18,HCLTECH,BUY,10.114589009664169,988.670917863822,REENTRY
2023-01-18,ONGC,SELL,39.884786944322364,124.14683749967284,REDUCE
2023-01-18,RELIANCE,SELL,8.405973157988884,1129.1444306357287,EXIT
2023-01-19,APOLLOHOSP,BUY,1.0334641683246513,4298.131485270398,REARM
2023-01-19,FACT,BUY,0.4314681190193772,335.8915815799168,REFILL
2023-01-20,POWERGRID,BUY,69.73123154051021,143.40776405462626,REENTRY
2023-01-20,SBIN,SELL,5.461472817909167,561.5974353261989,REDUCE
2023-01-20,TITAN,SELL,2.129855819687121,2367.3377061846604,EXIT
2023-01-20,SWANCORP,BUY,1.4368060739641477,362.8393646812373,REFILL
2023-01-23,APOLLOHOSP,SELL,1.0334641683246513,4253.167578477317,REDUCE
2023-01-23,MAXHEALTH,SELL,5.921671745778577,436.01509264158966,REDUCE
2023-01-24,SBIN,BUY,5.461472817909167,570.7712976607725,REARM
2023-01-25,COALINDIA,BUY,18.19626765368702,181.61501038865524,REARM
2023-01-25,JSL,BUY,13.298753853930057,248.97356852860824,REFILL
2023-01-27,BAJAJ-AUTO,BUY,2.7670127417129944,3614.0057648629504,REENTRY
2023-01-27,CIPLA,SELL,5.414884712993333,995.8459394704928,EXIT
2023-01-27,FACT,SELL,0.4314681190193772,312.96723345356503,EXIT
2023-01-27,GRASIM,SELL,0.3899879702137671,1567.2173252943385,EXIT
2023-01-27,MAXHEALTH,SELL,2.9608358728892883,436.9607844907832,REDUCE
2023-01-27,GRAVITA,BUY,7.862591214610548,500.4620336669128,REFILL
2023-01-30,MARUTI,BUY,1.1732238185786252,8523.522827992974,REENTRY
2023-01-30,JWL,BUY,128.02424948219667,111.78907024190438,REFILL
2023-01-31,ADANIENT,SELL,2.9671153988225365,2975.9179134484966,EXIT
2023-01-31,APOLLOHOSP,SELL,1.0334641683246513,4198.794669807527,EXIT
2023-01-31,BEL,SELL,76.14872195838704,86.79835171383054,EXIT
2023-02-01,ICICIBANK,SELL,6.8608219578586755,823.0727675844201,EXIT
2023-02-01,ONGC,SELL,39.884786944322364,122.09516898375666,EXIT
2023-02-01,POWERGRID,SELL,69.73123154051021,146.00337414995641,EXIT
2023-02-02,EICHERMOT,BUY,3.171499912590601,3153.0822246914777,REENTRY
2023-02-02,SBILIFE,SELL,2.1806463990471623,1082.1288108730962,EXIT
2023-02-03,COALINDIA,SELL,18.19626765368702,173.80191372684607,REDUCE
2023-02-03,DRREDDY,BUY,11.659632557998037,857.6599605740065,REENTRY
2023-02-03,EICHERMOT,SELL,3.171499912590601,3122.565322534819,EXIT
2023-02-03,SWANCORP,SELL,1.4368060739641477,291.0409242363054,EXIT
2023-02-06,EICHERMOT,BUY,3.142624473799102,3182.0537526429475,REENTRY
2023-02-06,HDFCLIFE,SELL,16.852951274134217,482.4209251894205,EXIT
2023-02-06,INFY,BUY,6.82328563409449,1465.569600374364,REENTRY
2023-02-06,SHRIRAMFIN,SELL,39.70054626664528,238.29247027476197,EXIT
2023-02-07,POWERGRID,BUY,70.69084178079183,141.46104004546183,REENTRY
2023-02-07,SBIN,SELL,10.922945635818333,518.2811463944632,EXIT
2023-02-08,INFY,SELL,6.82328563409449,1435.7629765999538,EXIT
2023-02-09,INFY,BUY,6.830979871415609,1463.9188210530715,REENTRY
2023-02-09,JWL,SELL,128.02424948219667,100.07405244990518,EXIT
2023-02-10,SHRIRAMFIN,BUY,40.05772921621314,249.63971237672047,REENTRY
2023-02-10,UNIONBANK,SELL,114.20776102443702,65.95661955389188,EXIT
2023-02-14,ONGC,BUY,80.33303097609665,124.48179632330232,REENTRY
2023-02-14,SHRIRAMFIN,SELL,40.05772921621314,238.6706745822536,EXIT
2023-02-14,TITAN,BUY,3.99197959656271,2505.0228234158535,REENTRY
2023-02-15,EICHERMOT,SELL,3.142624473799102,3093.2076478694516,EXIT
2023-02-16,EICHERMOT,BUY,3.1096405119250643,3215.8058018768756,REENTRY
2023-02-16,ONGC,SELL,80.33303097609665,125.61229441496978,EXIT
2023-02-17,APOLLOHOSP,BUY,2.1759954085728297,4595.597932147614,REENTRY
2023-02-17,IOB,SELL,587.893812660999,26.049999237060547,EXIT
2023-02-17,ONGC,BUY,76.79424589593204,130.2180896932243,REENTRY
2023-02-17,TATASTEEL,SELL,97.0743303560883,103.4776574184222,EXIT
2023-02-20,BAJAJ-AUTO,BUY,2.7670127417129944,3656.2004451447133,REARM
2023-02-21,AXISBANK,SELL,6.42723780598158,846.7568188104417,REDUCE
2023-02-21,HINDUNILVR,SELL,0.27878655169808064,2392.721344828088,REDUCE
2023-02-21,NESTLEIND,SELL,1.4146770466996823,912.5892544131921,EXIT
2023-02-21,JINDALSAW,BUY,30.99269019573982,72.82068387883771,REFILL
2023-02-22,BHARTIARTL,BUY,6.959328863670103,762.7840065367651,REARM
2023-02-22,NAVA,BUY,34.720462658502896,124.69696157716425,REFILL
2023-02-23,HINDUNILVR,SELL,0.27878655169808064,2358.648212621776,EXIT
2023-02-23,PNBHOUSING,BUY,3.385285937025305,481.56962863496653,REFILL
2023-02-24,BHARTIARTL,SELL,6.959328863670103,761.5078390836892,REDUCE
2023-02-27,BHARTIARTL,BUY,6.959328863670103,739.2230853939284,REARM
2023-02-27,JBMA,BUY,7.556052784433474,282.80063401371547,REFILL
2023-02-28,AXISBANK,BUY,6.42723780598158,853.6884782219203,REARM
2023-02-28,ZENTEC,BUY,24.448739216751157,264.2057114869424,REFILL
2023-03-01,AXISBANK,SELL,6.42723780598158,843.814565001129,REDUCE
2023-03-01,BHARTIARTL,SELL,13.918657727340205,728.817085888614,EXIT
2023-03-02,JSWSTEEL,SELL,7.4073278394019555,670.2280268954901,REDUCE
2023-03-06,GRAVITA,SELL,3.931295607305274,467.99136946938665,REDUCE
2023-03-06,ICICIBANK,BUY,11.755177180472643,850.6890067647562,REENTRY
2023-03-06,INFY,SELL,6.830979871415609,1370.6928275102962,EXIT
2023-03-08,MARUTI,SELL,0.5866119092893126,8374.005060794914,REDUCE
2023-03-08,TRENT,BUY,7.604151408369275,1315.071131933776,REENTRY
2023-03-09,APOLLOHOSP,SELL,1.0879977042864148,4362.648481257013,REDUCE
2023-03-09,BAJAJ-AUTO,SELL,2.7670127417129944,3577.584101765531,REDUCE
2023-03-09,MAXHEALTH,SELL,1.4804179364446441,435.9653488436852,REDUCE
2023-03-09,SUNPHARMA,SELL,1.4982642876013297,930.9215094435358,REDUCE
2023-03-10,BAJAJ-AUTO,BUY,2.7670127417129944,3595.231758250757,REARM
2023-03-13,M&M,SELL,1.4755647717816787,1191.6504067554124,EXIT
2023-03-14,MARUTI,BUY,0.5866119092893126,8296.284755131497,REARM
2023-03-15,GRAVITA,SELL,3.931295607305274,443.3550583208513,EXIT
2023-03-16,TRENT,BUY,7.604151408369275,1316.018312693842,REARM
2023-03-17,JSWSTEEL,SELL,7.4073278394019555,660.2260538535073,EXIT
2023-03-17,PNBHOUSING,SELL,3.385285937025305,413.2566389356685,EXIT
2023-03-20,TITAN,SELL,1.995989798281355,2438.7061897358612,REDUCE
2023-03-23,APOLLOHOSP,SELL,1.0879977042864148,4240.6640968113425,EXIT
2023-03-23,BANKINDIA,SELL,333.15469470791606,68.32856619690119,EXIT
2023-03-23,COCHINSHIP,SELL,197.44050277517042,220.43041349174985,EXIT
2023-03-23,EICHERMOT,SELL,3.1096405119250643,2841.347207212089,EXIT
2023-03-23,GRSE,SELL,63.99293908139794,411.8427856288191,EXIT
2023-03-23,ICICIBANK,SELL,5.877588590236321,836.2953779024698,REDUCE
2023-03-23,INDIGO,SELL,5.064155313808974,1885.763232820484,EXIT
2023-03-23,JINDALSAW,SELL,15.49634509786991,73.96191651342873,REDUCE
2023-03-23,KARURVYSYA,SELL,1031.7878019740251,78.89160295122109,EXIT
2023-03-23,MARUTI,SELL,1.1732238185786252,8023.510354669694,EXIT
2023-03-23,MAZDOCK,SELL,107.34984175730104,326.76462550148227,EXIT
2023-03-23,NAVA,SELL,17.360231329251448,111.6832334848985,REDUCE
2023-03-23,TCS,SELL,3.2781025839921494,2864.679702784,EXIT
2023-03-23,TARIL,SELL,584.1212605571815,29.387809173395887,EXIT
2023-03-23,TRENT,SELL,7.604151408369275,1328.480541349134,REDUCE
2023-03-23,UCOBANK,SELL,903.0126589142913,24.20167907514083,EXIT
2023-03-24,JINDALSAW,SELL,15.49634509786991,71.63087935996266,EXIT
2023-03-27,NAVA,SELL,17.360231329251448,108.61552905266359,EXIT
2023-03-27,TRENT,SELL,7.604151408369275,1312.67829516239,EXIT
2023-03-28,GRASIM,BUY,6.266527308295179,1595.780167871082,REENTRY
2023-03-28,ICICIBANK,SELL,5.877588590236321,834.8803919931624,EXIT
2023-03-28,TRENT,BUY,7.507676259850519,1331.9700602272778,REENTRY
2023-03-29,GRASIM,SELL,6.266527308295179,1592.0439238221165,EXIT
2023-03-29,ICICIBANK,BUY,11.956799712000327,836.344192498566,REENTRY
2023-03-29,TRENT,SELL,7.507676259850519,1284.1147966291285,EXIT
2023-03-31,APOLLOHOSP,BUY,2.299582755885823,4348.614971305044,REENTRY
2023-03-31,GRASIM,BUY,6.2178726069539,1608.2671087240144,REENTRY
2023-03-31,ICICIBANK,SELL,11.956799712000327,841.1257433494965,EXIT
2023-03-31,TRENT,BUY,7.507676433333642,1331.9700294488703,REENTRY
2023-04-03,APOLLOHOSP,SELL,2.299582755885823,4307.606310991911,EXIT
2023-04-03,BEL,BUY,103.79905410031772,96.33999159891565,REENTRY
2023-04-03,HINDUNILVR,BUY,4.111041220881839,2432.473785279864,REENTRY
2023-04-03,ICICIBANK,BUY,11.642326217332101,858.9348737808818,REENTRY
2023-04-03,NESTLEIND,BUY,10.457739109718082,956.2296300456837,REENTRY
2023-04-05,HINDUNILVR,SELL,4.111041220881839,2378.0509696903587,EXIT
2023-04-05,SHRIRAMFIN,BUY,41.27728214982841,242.26401253120224,REENTRY
2023-04-06,HINDUNILVR,BUY,4.103058103662361,2437.2065292163593,REENTRY
2023-04-06,TRENT,BUY,7.507676433333642,1362.8764865391868,REARM
2023-04-06,TITAN,BUY,1.9959897982813553,2558.56129295429,REARM
2023-04-06,ICICIBANK,BUY,11.642326217332101,860.6914189453125,REARM
2023-04-06,NESTLEIND,BUY,10.457739109718082,956.7612513950141,REARM
2023-04-06,SHRIRAMFIN,BUY,41.27728214982841,243.20961555177828,REARM
2023-04-06,GRASIM,BUY,6.2178726069539,1636.2400195600612,REARM
2023-04-06,HINDUNILVR,BUY,4.103058103662361,2437.2065292163593,REARM
2023-04-06,BEL,BUY,103.79905410031772,95.0255958244959,REARM
2023-04-06,AXISBANK,BUY,6.42723780598158,859.5229861540353,REARM
2023-04-06,FINCABLES,BUY,83.82321001043786,824.091643841358,REFILL
2023-04-06,SONATSOFTW,BUY,170.47668311245687,405.20501495206247,REFILL
2023-04-06,JINDALSAW,BUY,883.4980163026694,78.1869406098319,REFILL
2023-04-06,ANURAS,BUY,21.592576103520038,885.2844450491789,REFILL
2023-04-10,ANURAS,SELL,10.796288051760019,940.7424177203262,REDUCE
2023-04-10,AXISBANK,SELL,6.42723780598158,852.5414731343576,REDUCE
2023-04-10,BEL,SELL,103.79905410031772,96.29131536281189,REDUCE
2023-04-10,GRASIM,SELL,6.2178726069539,1646.8588394220671,REDUCE
2023-04-10,HINDUNILVR,SELL,4.103058103662361,2427.9780108798127,REDUCE
2023-04-10,ICICIBANK,SELL,11.642326217332101,858.7884767219354,REDUCE
2023-04-10,MAXHEALTH,SELL,0.7402089682223221,434.1236905203673,REDUCE
2023-04-10,NESTLEIND,SELL,10.457739109718082,952.1696013035701,REDUCE
2023-04-10,OLECTRA,BUY,9.429645624031625,663.1165325017494,REFILL
2023-04-11,BHARTIARTL,BUY,13.126764708293626,761.8023345601598,REENTRY
2023-04-11,HINDUNILVR,SELL,4.103058103662361,2404.079512943406,EXIT
2023-04-11,OLECTRA,SELL,4.714822812015813,662.4170587143549,REDUCE
2023-04-11,TITAN,SELL,1.995989798281355,2559.254529309523,REDUCE
2023-04-11,NEULANDLAB,BUY,2.7819299544300504,2100.3550584450227,REFILL
2023-04-12,HCLTECH,SELL,5.057294504832084,973.5892022256168,REDUCE
2023-04-12,JSWSTEEL,BUY,14.096455858100137,709.3981707645881,REENTRY
2023-04-12,KOTAKBANK,BUY,27.22789140164917,367.27045265775917,REENTRY
2023-04-12,SHRIRAMFIN,SELL,41.27728214982841,245.66817713254645,REDUCE
2023-04-12,TRENT,SELL,7.507676433333642,1350.0651702105224,REDUCE
2023-04-13,DATAPATTNS,BUY,0.2203588736551873,1615.7535689456715,REFILL
2023-04-17,APOLLOHOSP,BUY,2.2864681881620266,4373.557459392638,REENTRY
2023-04-17,JSL,SELL,13.298753853930057,262.5432056887193,EXIT
2023-04-17,MINDACORP,BUY,8.232255158245518,264.39735780857336,REFILL
2023-04-18,BHARTIARTL,SELL,13.126764708293626,751.0035553430405,EXIT
2023-04-18,MINDACORP,SELL,4.116127579122759,260.4348654842977,REDUCE
2023-04-18,PGEL,BUY,10.21203369926992,144.88386675200763,REFILL
2023-04-19,OLECTRA,BUY,4.714822812015813,681.5516298352861,REARM
2023-04-19,GLENMARK,BUY,4.707006064947561,501.57551378011703,REFILL
2023-04-20,OLECTRA,SELL,4.714822812015813,683.4501491451642,REDUCE
2023-04-25,APOLLOHOSP,SELL,1.1432340940810133,4373.508226386663,REDUCE
2023-04-25,HDFCLIFE,BUY,18.483782570087307,541.0148037655025,REENTRY
2023-04-25,SBIN,BUY,19.05119163482865,524.9015490305807,REENTRY
2023-04-25,SUNPHARMA,SELL,0.7491321438006648,952.7968787656652,REDUCE
2023-04-26,HDFCLIFE,SELL,18.483782570087307,524.0260941378922,EXIT
2023-04-26,MAXHEALTH,SELL,0.37010448411116104,439.0512581676379,REDUCE
2023-04-26,ZENTEC,SELL,24.448739216751157,286.6552145599467,EXIT
2023-04-27,BHARTIARTL,BUY,13.194780033212131,757.8754609648164,REENTRY
2023-04-27,TITAGARH,BUY,7.844189447121885,332.0613459515839,REFILL
2023-05-02,EICHERMOT,BUY,3.112444327687214,3212.90887391736,REENTRY
2023-05-03,HDFCLIFE,BUY,18.556835609442235,538.8849807405591,REENTRY
2023-05-03,HINDALCO,BUY,23.1229765680818,432.4702734769741,REENTRY
2023-05-03,TATACONSUM,BUY,13.181400284551286,758.6447406289668,REENTRY
2023-05-04,HDFCLIFE,SELL,18.556835609442235,534.7244358774265,EXIT
2023-05-04,INDIGO,BUY,4.601345663685087,2173.2772825398397,REENTRY
2023-05-05,APOLLOHOSP,SELL,0.5716170470405066,4512.400635693916,REDUCE
2023-05-05,HDFCLIFE,BUY,18.591008027128517,537.894447972252,REENTRY
2023-05-08,HDFCBANK,SELL,6.725816185049133,786.7093355416769,REDUCE
2023-05-08,HDFCLIFE,SELL,18.591008027128517,536.9038139004671,EXIT
2023-05-08,MARUTI,BUY,1.1385952344399743,8782.752375490634,REENTRY
2023-05-09,BAJFINANCE,BUY,15.270952709436337,654.837991464719,REENTRY
2023-05-09,HDFCLIFE,BUY,18.27134461738457,547.3050949126829,REENTRY
2023-05-09,SUNPHARMA,SELL,0.7491321438006648,935.1993513711344,EXIT
2023-05-10,BAJFINANCE,SELL,15.270952709436337,649.0230874379074,EXIT
2023-05-11,BAJFINANCE,BUY,15.250313927089604,655.7242065841472,REENTRY
2023-05-12,ASIANPAINT,BUY,3.284279214333657,3044.808113864608,REENTRY
2023-05-12,DRREDDY,SELL,5.829816278999019,890.9762997913284,REDUCE
2023-05-12,HINDALCO,SELL,23.1229765680818,410.8957969660815,EXIT
2023-05-15,APARINDS,SELL,31.831402322633764,2595.5703254913933,REDUCE
2023-05-15,GVT&D,BUY,324.9525948083054,217.29239673626623,REFILL
2023-05-16,HINDUNILVR,BUY,3.9570695919213814,2527.122601132833,REENTRY
2023-05-16,LT,SELL,2.91372128598765,2191.410771292498,REDUCE
2023-05-18,JSWSTEEL,SELL,14.096455858100137,690.5767622967139,EXIT
2023-05-22,DRREDDY,SELL,5.829816278999019,864.3251467757084,EXIT
2023-05-22,NTPC,SELL,4.428681533303402,159.80939265722063,REDUCE
2023-05-24,CHENNPETRO,BUY,11.64637310501592,315.58133795067545,REFILL
2023-05-25,GVT&D,SELL,324.9525948083054,187.83154296875,EXIT
2023-05-25,CHOLAHLDNG,BUY,71.61001123115967,848.6095795248293,REFILL
2023-05-26,KIRLOSENG,SELL,97.60968884298771,380.68702236345314,REDUCE
2023-05-26,CEATLTD,BUY,20.06388739450359,2103.7281723050346,REFILL
2023-05-29,FINCABLES,SELL,41.91160500521893,822.1342084594863,REDUCE
2023-05-29,RELIANCE,BUY,8.68939706984979,1150.8278330032474,REENTRY
2023-05-29,IRCON,BUY,412.076831188632,77.79815199204224,REFILL
2023-05-30,M&M,BUY,7.714996461603603,1296.176874450756,REENTRY
2023-05-30,ONGC,SELL,38.39712294796602,137.28611461669135,REDUCE
2023-05-30,SBILIFE,BUY,8.274796838551149,1208.4888843930723,REENTRY
2023-06-01,RELIANCE,SELL,8.68939706984979,1132.1802156805027,EXIT
2023-06-02,POWERGRID,SELL,35.345420890395914,155.42726166781387,REDUCE
2023-06-02,SBILIFE,SELL,8.274796838551149,1205.6533885257159,EXIT
2023-06-06,COALINDIA,SELL,9.09813382684351,187.69475173436368,REDUCE
2023-06-06,RELIANCE,BUY,8.82078056635867,1133.6865172838243,REENTRY
2023-06-06,SBILIFE,BUY,8.239523186753392,1213.6624624197807,REENTRY
2023-06-09,JSWSTEEL,BUY,13.503711118151628,740.537168820062,REENTRY
2023-06-12,KOTAKBANK,SELL,13.613945700824585,373.82029524405937,REDUCE
2023-06-16,KOTAKBANK,SELL,13.613945700824585,366.2635777393297,EXIT
2023-06-20,BAJAJFINSV,BUY,6.490707730034848,1540.664040952944,REENTRY
2023-06-20,ICICIBANK,SELL,5.821163108666051,898.7004270111945,REDUCE
2023-06-21,BAJAJFINSV,SELL,6.490707730034848,1523.3925144042312,EXIT
2023-06-23,KIRLOSENG,SELL,48.804844421493854,395.4172652776944,REDUCE
2023-06-23,SBIN,SELL,9.525595817414326,541.8507779506582,REDUCE
2023-06-26,GRASIM,SELL,3.10893630347695,1687.2202671197317,REDUCE
2023-06-26,SBIN,SELL,9.525595817414326,536.065904164558,EXIT
2023-06-26,FORCEMOT,BUY,1.1919959450591304,2340.752502845208,REFILL
2023-06-27,ANURAS,SELL,10.796288051760019,1030.710207140284,EXIT
2023-06-27,CIPLA,BUY,10.03435966580139,996.57579886054,REENTRY
2023-06-28,CIPLA,SELL,10.03435966580139,980.0310969852779,EXIT
2023-06-28,TECHM,BUY,9.793048268341934,1021.132514206744,REENTRY
2023-07-04,BAJAJFINSV,BUY,6.396513728995823,1563.351604276144,REENTRY
2023-07-05,EICHERMOT,SELL,1.556222163843607,3293.884593582088,REDUCE
2023-07-06,EICHERMOT,SELL,1.556222163843607,3138.5966315988226,EXIT
2023-07-07,CIPLA,BUY,10.178991951413403,982.4155523191519,REENTRY
2023-07-11,CIPLA,SELL,10.178991951413403,991.6610887716946,EXIT
2023-07-11,HCLTECH,SELL,2.528647252416042,1026.273245120226,REDUCE
2023-07-11,TATASTEEL,BUY,90.30607302835142,110.73452387704334,REENTRY
2023-07-12,CIPLA,BUY,10.02456986220795,997.5490357645591,REENTRY
2023-07-13,IRCON,SELL,206.038415594316,78.22769864012953,REDUCE
2023-07-13,SUNPHARMA,BUY,9.506892858146049,1051.8683811011322,REENTRY
2023-07-14,POWERGRID,SELL,17.672710445197957,161.40521083338177,REDUCE
2023-07-17,INFY,BUY,7.54514681616513,1325.3552573126158,REENTRY
2023-07-17,TCS,BUY,3.0749849552920305,3252.0484312581953,REENTRY
2023-07-19,PGEL,SELL,5.10601684963496,155.75552303178313,REDUCE
2023-07-19,WIPRO,BUY,50.907374303161994,196.43519503575877,REENTRY
2023-07-21,DRREDDY,BUY,9.508213246241978,1051.7223100725466,REENTRY
2023-07-24,HINDUNILVR,SELL,1.9785347959606907,2484.784018551376,REDUCE
2023-07-24,INFY,SELL,7.54514681616513,1246.398337830829,EXIT
2023-07-24,SBIN,BUY,16.863442349745295,592.9987361181354,REENTRY
2023-07-26,HINDALCO,BUY,22.685722749514408,440.80588088003725,REENTRY
2023-07-26,OLECTRA,SELL,4.714822812015813,1074.1358583832541,EXIT
2023-07-28,NESTLEIND,SELL,5.228869554859041,1084.4623774122165,REDUCE
2023-07-28,TECHM,SELL,4.896524134170967,1029.1832114140689,REDUCE
2023-07-31,AXISBANK,SELL,3.21361890299079,953.1492132082983,REDUCE
2023-08-01,HINDUNILVR,SELL,1.9785347959606907,2452.3407832060807,EXIT
2023-08-02,APOLLOHOSP,SELL,0.2858085235202533,4991.408937977654,REDUCE
2023-08-02,MAXHEALTH,SELL,0.18505224205558052,570.4033420380377,REDUCE
2023-08-03,BAJFINANCE,SELL,7.625156963544802,709.5378547010682,REDUCE
2023-08-03,BAJAJFINSV,SELL,6.396513728995823,1521.198645232962,EXIT
2023-08-03,SBILIFE,SELL,4.119761593376696,1253.5590055900461,REDUCE
2023-08-04,ITC,SELL,13.027781992716257,402.33718661681957,REDUCE
2023-08-04,INDIGO,SELL,2.3006728318425433,2460.9412385353935,REDUCE
2023-08-04,TITAN,SELL,0.9979948991406775,2901.694038808623,REDUCE
2023-08-04,ULTRACEMCO,SELL,0.7277375872534051,8078.580460693693,REDUCE
2023-08-07,MARUTI,SELL,0.5692976172199872,9300.539046350883,REDUCE
2023-08-07,TATACONSUM,SELL,6.590700142275643,825.1040713166018,REDUCE
2023-08-08,BAJAJ-AUTO,SELL,2.7670127417129944,4517.948166870628,REDUCE
2023-08-08,CHENNPETRO,SELL,5.82318655250796,348.58647739698984,REDUCE
2023-08-09,JINDALSAW,SELL,441.7490081513347,164.86674983572502,REDUCE
2023-08-09,MINDACORP,SELL,2.0580637895613796,289.2345299310463,REDUCE
2023-08-09,POWERGRID,SELL,8.836355222598979,164.55768442406995,REDUCE
2023-08-09,MAZDOCK,BUY,45.30505781500749,889.7692351198192,REFILL
2023-08-10,ASIANPAINT,SELL,1.6421396071668286,3232.0578395917855,REDUCE
2023-08-14,JBMA,SELL,7.556052784433474,601.1944018410263,EXIT
2023-08-14,TATACONSUM,SELL,3.2953500711378214,826.9771477862379,REDUCE
2023-08-16,HDFCBANK,SELL,6.725816185049133,770.4721710730195,EXIT
2023-08-16,MAXHEALTH,SELL,0.18505224205558052,519.3357406063005,EXIT
2023-08-16,SBIN,SELL,16.863442349745295,538.7654746862926,EXIT
2023-08-16,ZENTEC,BUY,2.1791372802249986,858.0699558521745,REFILL
2023-08-17,BHARTIARTL,SELL,6.597390016606066,845.3822058603738,REDUCE
2023-08-17,CHENNPETRO,SELL,5.82318655250796,329.91809093306824,EXIT
2023-08-17,INDIGO,SELL,1.1503364159212717,2454.5021000321844,REDUCE
2023-08-18,POWERGRID,SELL,4.418177611299489,164.99783920483563,REDUCE
2023-08-18,SBILIFE,SELL,2.059880796688348,1272.0648255233502,REDUCE
2023-08-21,ADANIPORTS,BUY,12.012576446111463,832.4608833800224,REENTRY
2023-08-21,SONATSOFTW,SELL,85.23834155622843,485.44154178315245,REDUCE
2023-08-21,JWL,BUY,100.49211892851505,280.86257265700624,REFILL
2023-08-22,HDFCLIFE,SELL,9.135672308692286,621.1647847532763,REDUCE
2023-08-25,GRASIM,SELL,1.554468151738475,1739.9890547605219,REDUCE
2023-08-25,INFY,BUY,7.614296369634094,1313.3189876716804,REENTRY
2023-08-25,JSWSTEEL,SELL,6.751855559075814,772.84848756127,REDUCE
2023-08-28,ADANIPORTS,SELL,12.012576446111463,808.5800299805106,EXIT
2023-08-29,HCLTECH,SELL,1.264323626208021,1055.3866912883022,REDUCE
2023-08-29,RELIANCE,SELL,4.410390283179335,1217.0173382536789,REDUCE
2023-08-30,ADANIPORTS,BUY,12.188122472100893,820.470915261182,REENTRY
2023-08-30,BHARTIARTL,SELL,3.298695008303033,847.9955846502774,REDUCE
2023-08-31,ADANIPORTS,SELL,12.188122472100893,796.5900828118534,EXIT
2023-09-01,TCS,SELL,1.5374924776460153,3126.741001486648,REDUCE
2023-09-05,NEULANDLAB,SELL,2.7819299544300504,3650.6538985069756,EXIT
2023-09-07,ICICIBANK,SELL,2.9105815543330253,941.9600737763301,REDUCE
2023-09-11,ADANIPORTS,BUY,12.014005968447893,832.3618305386871,REENTRY
2023-09-11,CEATLTD,SELL,10.031943697251794,2174.2628539728057,REDUCE
2023-09-13,IRFC,BUY,148.89103450741248,75.69997454456026,REFILL
2023-09-14,DATAPATTNS,SELL,0.2203588736551873,2068.5610670922874,EXIT
2023-09-15,CEATLTD,SELL,10.031943697251794,2094.882748307877,EXIT
2023-09-15,COCHINSHIP,BUY,15.940410282164422,528.6436874350012,REFILL
2023-09-18,EICHERMOT,BUY,2.984193615459734,3350.989006944657,REENTRY
2023-09-20,HSCL,BUY,6.296294685545402,239.24181467778612,REFILL
2023-09-21,ADANIPORTS,SELL,12.014005968447893,813.6831887441992,EXIT
2023-09-21,HSCL,SELL,6.296294685545402,235.85114702564363,EXIT
2023-09-21,JSWSTEEL,SELL,3.375927779537907,781.7545033964358,REDUCE
2023-09-21,ZENTEC,SELL,2.1791372802249986,685.5236227353865,EXIT
2023-09-22,ADANIPORTS,BUY,12.10188885805875,826.317289580867,REENTRY
2023-09-22,ICICIBANK,SELL,1.4552907771665127,941.0745118327471,REDUCE
2023-09-22,HSCL,BUY,7.202381519517427,236.99798259710522,REFILL
2023-09-25,COCHINSHIP,SELL,15.940410282164422,491.6341905475057,EXIT
2023-09-25,HSCL,SELL,7.202381519517427,233.3579932410632,EXIT
2023-09-25,IFCI,BUY,494.6870748668342,23.200000762939453,REFILL
2023-09-26,SBILIFE,SELL,1.029940398344174,1288.928832352032,REDUCE
2023-09-27,WIPRO,SELL,25.453687151580997,192.81050889136057,REDUCE
2023-10-04,M&M,SELL,3.8574982308018013,1508.545858843956,REDUCE
2023-10-04,TECHM,SELL,2.4482620670854836,1132.1014449883298,REDUCE
2023-10-09,TECHM,BUY,2.4482620670854836,1125.7858293196043,REARM
2023-10-09,WIPRO,BUY,25.453687151580997,189.0455057020781,REARM
2023-10-09,TARIL,BUY,57.65174014108762,85.51453512656055,REFILL
2023-10-10,DRREDDY,SELL,4.754106623120989,1083.471738607464,REDUCE
2023-10-10,GLENMARK,SELL,2.3535030324737805,791.9204890952226,REDUCE
2023-10-10,ITI,BUY,11.240584639498028,215.9499969482422,REFILL
2023-10-11,ULTRACEMCO,SELL,0.36386879362670255,8096.312097308705,REDUCE
2023-10-11,GMDCLTD,BUY,3.697028687049642,381.01989512688306,REFILL
2023-10-12,BAJAJFINSV,BUY,6.115567869271844,1635.171126175509,REENTRY
2023-10-12,CIPLA,SELL,5.012284931103975,1156.7798339312153,REDUCE
2023-10-12,RELIANCE,SELL,4.410390283179335,1163.3148210249558,EXIT
2023-10-12,SUNPHARMA,SELL,4.7534464290730245,1101.5432032679078,REDUCE
2023-10-16,MAXHEALTH,BUY,17.205117943901453,581.2224032759167,REENTRY
2023-10-16,WIPRO,SELL,25.453687151580997,192.22587165922923,REDUCE
2023-10-17,SHRIRAMFIN,SELL,20.638641074914204,360.3505201798289,REDUCE
2023-10-18,ADANIPORTS,SELL,6.050944429029375,801.5941799367554,REDUCE
2023-10-19,ADANIPORTS,BUY,6.050944429029375,789.5050639897263,REARM
2023-10-19,SHRIRAMFIN,BUY,20.638641074914204,352.3989692481654,REARM
2023-10-20,ADANIPORTS,SELL,6.050944429029375,784.6000745136715,REDUCE
2023-10-20,TCS,SELL,0.7687462388230076,3213.43519615391,REDUCE
2023-10-23,INDIGO,SELL,0.5751682079606358,2440.8751225706555,REDUCE
2023-10-25,APOLLOHOSP,BUY,0.2858085235202533,4928.076937026999,REARM
2023-10-25,TCS,BUY,0.7687462388230077,3157.6488052225827,REARM
2023-10-25,ADANIPORTS,BUY,6.050944429029375,765.4756141489194,REARM
2023-10-25,SUNPHARMA,BUY,4.7534464290730245,1097.6405824332514,REARM
2023-10-25,BSE,BUY,5.213224897462454,578.3114936155881,REFILL
2023-10-26,HDFCLIFE,BUY,9.135672308692286,608.0954450350208,REARM
2023-10-26,ITC,BUY,13.027781992716257,378.75070392513396,REARM
2023-10-26,KALYANKJIL,BUY,40.632389989014065,292.1881503167748,REFILL
2023-10-27,ADANIPORTS,SELL,6.050944429029375,767.8537817389616,REDUCE
2023-10-27,APOLLOHOSP,SELL,0.2858085235202533,4749.186204401943,REDUCE
2023-10-27,ASIANPAINT,SELL,1.6421396071668286,2863.740148769746,EXIT
2023-10-27,BEL,SELL,51.89952705015886,126.41844803222213,REDUCE
2023-10-27,FORCEMOT,SELL,1.1919959450591304,3336.982177734375,EXIT
2023-10-27,HINDALCO,SELL,11.342861374757204,452.07417775313684,REDUCE
2023-10-30,ICICIBANK,SELL,1.4552907771665127,894.4389499383923,EXIT
2023-10-30,SBILIFE,SELL,0.514970199172087,1298.5795414687273,REDUCE
2023-10-31,HDFCLIFE,SELL,9.135672308692286,603.3745763248714,REDUCE
2023-11-01,INDIGO,SELL,0.2875841039803179,2458.8448673492203,REDUCE
2023-11-01,JSWSTEEL,SELL,3.375927779537907,729.2087389128006,EXIT
2023-11-02,HINDALCO,BUY,11.342861374757204,457.2562397247729,REARM
2023-11-03,GMDCLTD,SELL,3.697028687049642,313.79513310728703,EXIT
2023-11-03,ITI,SELL,5.620292319749014,273.70001220703125,REDUCE
2023-11-03,M&M,SELL,1.9287491154009007,1457.5322285568413,REDUCE
2023-11-06,TCS,SELL,0.7687462388230077,3143.213827752316,REDUCE
2023-11-07,ITC,SELL,13.027781992716257,383.4679844658809,REDUCE
2023-11-08,TECHM,SELL,2.4482620670854836,1089.2187493469992,REDUCE
2023-11-10,ITI,SELL,5.620292319749014,261.95001220703125,EXIT
2023-11-13,TATASTEEL,SELL,45.15303651417571,115.76356131615442,REDUCE
2023-11-15,BAJFINANCE,SELL,3.812578481772401,735.6843961142667,REDUCE
2023-11-15,GLENMARK,SELL,2.3535030324737805,727.2220326005075,EXIT
2023-11-15,SBIN,BUY,17.661743971747473,566.1955023239185,REENTRY
2023-11-15,TCS,SELL,0.7687462388230077,3150.757229249606,EXIT
2023-11-15,WIPRO,SELL,25.453687151580997,180.32282163043544,EXIT
2023-11-16,INFY,SELL,7.614296369634094,1333.2366316222942,EXIT
2023-11-17,TCS,BUY,3.06971966956064,3257.6264533729463,REENTRY
2023-11-20,AXISBANK,SELL,1.606809451495395,979.4064896291164,REDUCE
2023-11-20,SBIN,SELL,17.661743971747473,543.7790617204822,EXIT
2023-11-23,AXISBANK,BUY,1.606809451495395,997.3772174309884,REARM
2023-11-23,DRREDDY,BUY,4.754106623120989,1121.2074880557775,REARM
2023-11-24,AXISBANK,SELL,1.606809451495395,1000.3723748528136,REDUCE
2023-11-28,M&M,BUY,1.9287491154009004,1529.6209793568705,REARM
2023-11-29,MINDACORP,SELL,1.0290318947806898,337.4071984889455,REDUCE
2023-12-01,CIPLA,SELL,2.5061424655519877,1190.5298848253842,REDUCE
2023-12-01,HINDUNILVR,BUY,4.083800658144041,2448.6993458061406,REENTRY
2023-12-01,TCS,SELL,1.53485983478032,3259.6286996171643,REDUCE
2023-12-06,JWL,SELL,50.24605946425753,345.8071780169477,REDUCE
2023-12-07,JWL,BUY,50.24605946425753,333.03262263867765,REARM
2023-12-08,HINDUNILVR,SELL,4.083800658144041,2421.304744756755,EXIT
2023-12-13,JSWSTEEL,BUY,11.821341568045952,845.9276760119016,REENTRY
2023-12-13,MARUTI,SELL,0.2846488086099936,10153.169811643824,REDUCE
2023-12-14,DRREDDY,SELL,4.754106623120989,1108.7308926567175,REDUCE
2023-12-18,INFY,BUY,6.774144280950766,1476.2012123244115,REENTRY
2023-12-21,HDFCLIFE,SELL,4.567836154346143,637.0666332972447,REDUCE
2023-12-21,RELIANCE,BUY,7.97310181911663,1254.2170195322976,REENTRY
2023-12-22,HDFCBANK,BUY,12.20428891989149,819.3840760112807,REENTRY
2023-12-22,JWL,SELL,100.49211892851505,322.09723727779067,EXIT
2023-12-26,WIPRO,BUY,47.09492433720028,212.33710725172563,REENTRY
2023-12-29,SBIN,BUY,16.06794603052876,622.3570816705638,REENTRY
2024-01-04,FINCABLES,SELL,20.955802502609465,1030.2904637794738,REDUCE
2024-01-04,INOXWIND,BUY,18.257444830824916,129.1875,REFILL
2024-01-08,PGEL,SELL,2.55300842481748,223.71841228424407,REDUCE
2024-01-08,GALLANTT,BUY,7.923710974434989,187.48695180102038,REFILL
2024-01-09,MAZDOCK,SELL,22.652528907503743,1101.7455163880759,REDUCE
2024-01-09,WOCKPHARMA,BUY,46.74802311810486,462.0,REFILL
2024-01-10,RPOWER,BUY,19.58145155560332,31.549999237060547,REFILL
2024-01-12,HINDCOPPER,BUY,6.0867215988398735,263.5517681474665,REFILL
2024-01-15,BAJAJFINSV,SELL,3.057783934635922,1653.1511444166406,REDUCE
2024-01-15,INOXWIND,SELL,18.257444830824916,110.73750305175781,EXIT
2024-01-15,SOBHA,BUY,3.414580739712102,1347.560874961638,REFILL
2024-01-16,EICHERMOT,SELL,1.492096807729867,3700.4845003248192,REDUCE
2024-01-16,HDFCLIFE,SELL,4.567836154346143,611.9715318551092,EXIT
2024-01-16,PGEL,SELL,2.55300842481748,207.34096362463276,EXIT
2024-01-17,SBILIFE,SELL,0.2574850995860435,1389.9138800251949,REDUCE
2024-01-18,HDFCBANK,SELL,12.20428891989149,727.1084347245617,EXIT
2024-01-18,JSWSTEEL,SELL,5.910670784022976,804.0196906630681,REDUCE
2024-01-18,M&M,SELL,1.9287491154009007,1575.710479788221,REDUCE
2024-01-19,NESTLEIND,SELL,2.6144347774295205,1226.3292630441879,REDUCE
2024-01-24,TATASTEEL,BUY,45.15303651417571,124.72002794426483,REARM
2024-01-25,AXISBANK,SELL,0.8034047257476975,1056.2814231061855,REDUCE
2024-01-25,BSE,SELL,5.213224897462454,697.9889375891175,EXIT
2024-01-25,BAJFINANCE,SELL,3.812578481772401,697.7007488661789,EXIT
2024-01-25,SBIN,SELL,8.03397301526438,596.3250352913193,REDUCE
2024-01-31,ADANIENT,BUY,3.2362360453420775,3090.009461575902,REENTRY
2024-01-31,ITC,SELL,13.027781992716257,387.96487486493197,EXIT
2024-02-02,KALYANKJIL,SELL,20.316194994507033,334.41958611252625,REDUCE
2024-02-02,LT,SELL,1.456860642993825,3344.9640731096847,REDUCE
2024-02-05,TITAN,SELL,0.49899744957033876,3590.3614353652333,REDUCE
2024-02-06,MAZDOCK,SELL,11.326264453751872,1032.8094986699327,REDUCE
2024-02-06,TITAGARH,SELL,3.9220947235609427,1025.121190869013,REDUCE
2024-02-07,GRASIM,SELL,0.7772340758692375,2063.534729827729,REDUCE
2024-02-07,KALYANKJIL,SELL,20.316194994507033,329.99252827484867,EXIT
2024-02-07,RPOWER,SELL,19.58145155560332,25.350000381469727,EXIT
2024-02-13,GRASIM,BUY,0.7772340758692375,2157.7287610103012,REARM
2024-02-13,MAZDOCK,BUY,11.326264453751872,1109.5692120836422,REARM
2024-02-14,LT,BUY,1.4568606429938247,3234.2255891152977,REARM
2024-02-15,BAJAJFINSV,SELL,3.057783934635922,1588.1736973903376,EXIT
2024-02-15,GRASIM,SELL,0.7772340758692375,2070.184711998467,REDUCE
2024-02-15,HINDCOPPER,SELL,3.0433607994199368,261.9670637185384,REDUCE
2024-02-15,LT,SELL,1.4568606429938247,3252.8538465925767,REDUCE
2024-02-16,TITAGARH,SELL,3.9220947235609427,950.350902791373,EXIT
2024-02-16,ULTRACEMCO,SELL,0.18193439681335127,9754.999286808637,REDUCE
2024-02-21,HINDCOPPER,SELL,3.0433607994199368,248.59632892143435,EXIT
2024-02-23,ULTRACEMCO,SELL,0.09096719840667564,9840.102749016549,REDUCE
2024-02-27,TECHM,SELL,1.2241310335427418,1224.6914090307068,REDUCE
2024-02-29,TECHM,BUY,1.2241310335427418,1210.5058225484672,REARM
2024-02-29,GRASIM,BUY,0.7772340758692375,2169.7388989763117,REARM
2024-02-29,SBILIFE,BUY,0.2574850995860435,1532.3874734760202,REARM
2024-02-29,NESTLEIND,BUY,2.6144347774295205,1259.8983593875744,REARM
2024-03-01,GRASIM,SELL,0.7772340758692375,2192.567518002787,REDUCE
2024-03-01,SBILIFE,SELL,0.2574850995860435,1556.9622398265858,REDUCE
2024-03-01,TECHM,SELL,1.2241310335427418,1217.1258094908464,REDUCE
2024-03-05,ICICIBANK,BUY,9.357313589672653,1068.682790650156,REENTRY
2024-03-06,INFY,SELL,3.387072140475383,1509.0119027331223,REDUCE
2024-03-07,SBILIFE,BUY,0.2574850995860435,1512.290050825183,REARM
2024-03-07,TITAN,BUY,0.49899744957033876,3788.216782548621,REARM
2024-03-07,LT,BUY,1.4568606429938247,3598.635714770417,REARM
2024-03-07,TATAINVEST,BUY,6.017630649763339,942.3497226226341,REFILL
2024-03-11,LT,SELL,1.4568606429938247,3637.21966177612,REDUCE
2024-03-11,NESTLEIND,SELL,2.6144347774295205,1254.7537986159828,REDUCE
2024-03-11,SBILIFE,SELL,0.2574850995860435,1519.2047116439235,REDUCE
2024-03-11,TITAN,SELL,0.49899744957033876,3779.123815331767,REDUCE
2024-03-12,LT,BUY,1.4568606429938247,3577.3038813071857,REARM
2024-03-12,GVT&D,BUY,3.3979641397780167,1003.9616759119986,REFILL
2024-03-13,INFY,BUY,3.387072140475383,1518.5208697901078,REARM
2024-03-13,OFSS,BUY,0.7326520564620485,7742.361328554875,REFILL
2024-03-14,NESTLEIND,BUY,2.6144347774295205,1268.9872791778298,REARM
2024-03-14,TECHM,BUY,1.2241310335427418,1202.9401459520575,REARM
2024-03-14,TITAN,BUY,0.49899744957033876,3607.2551772630554,REARM
2024-03-14,AXISBANK,BUY,0.8034047257476975,1073.253797589254,REARM
2024-03-14,ULTRACEMCO,BUY,0.09096719840667564,9340.055644307462,REARM
2024-03-14,EICHERMOT,BUY,1.492096807729867,3629.2086747013836,REARM
2024-03-14,JSWSTEEL,BUY,5.910670784022976,783.7336375934595,REARM
2024-03-14,FORCEMOT,BUY,4.911706909409419,5872.903422759681,REFILL
2024-03-15,AXISBANK,SELL,0.8034047257476975,1054.5341700624665,REDUCE
2024-03-15,CHOLAHLDNG,SELL,35.80500561557984,1028.075686911929,REDUCE
2024-03-15,GALLANTT,SELL,7.923710974434989,192.26623635064735,EXIT
2024-03-15,MINDACORP,SELL,0.5145159473903449,377.9511949544791,REDUCE
2024-03-15,TECHM,SELL,1.2241310335427418,1222.799992516981,REDUCE
2024-03-15,EIHOTEL,BUY,56.278329595095784,423.1566321237381,REFILL
2024-03-18,EICHERMOT,SELL,1.492096807729867,3656.547250552347,REDUCE
2024-03-18,FINCABLES,SELL,20.955802502609465,864.8057550944412,EXIT
2024-03-18,JSWSTEEL,SELL,11.821341568045952,772.5021579691858,EXIT
2024-03-18,SCHNEIDER,BUY,7.715256002367378,621.0,REFILL
2024-03-19,NESTLEIND,SELL,2.6144347774295205,1264.08763025096,REDUCE
2024-03-19,ULTRACEMCO,SELL,0.09096719840667564,9474.747885370849,REDUCE
2024-03-19,ACE,BUY,1.6734157460632453,1272.1160985246777,REFILL
2024-03-20,TECHM,BUY,1.2241310335427418,1184.0260739782948,REARM
2024-03-20,OIL,BUY,3.3300938391048667,350.3903010468469,REFILL
2024-03-20,ETERNAL,BUY,571.6871759518015,159.4499969482422,REFILL
2024-03-21,CHOLAHLDNG,SELL,35.80500561557984,1008.9456670965692,EXIT
2024-03-21,HINDALCO,SELL,22.685722749514408,531.4339341536013,EXIT
2024-03-21,IFCI,SELL,494.6870748668342,38.54999923706055,EXIT
2024-03-21,IRFC,SELL,148.89103450741248,132.34571406845686,EXIT
2024-03-21,NTPC,SELL,2.214340766651701,302.43613255427437,REDUCE
2024-03-21,SCHNEIDER,SELL,7.715256002367378,590.0,EXIT
2024-03-21,SOBHA,SELL,3.414580739712102,1260.473659873403,EXIT
2024-03-21,TATACONSUM,SELL,1.6476750355689107,1117.9497310782126,REDUCE
2024-03-21,POLICYBZR,BUY,75.24709096860978,1120.949951171875,REFILL
2024-03-22,INFY,SELL,3.387072140475383,1431.9983895472183,REDUCE
2024-03-22,MAXHEALTH,SELL,17.205117943901453,747.7916273592926,EXIT
2024-03-22,MAZDOCK,SELL,22.652528907503743,930.4634750659428,EXIT
2024-03-22,TATAINVEST,SELL,6.017630649763339,600.1279910199271,EXIT
2024-03-22,TECHM,SELL,1.2241310335427418,1190.1730685139617,REDUCE
2024-03-22,TITAN,SELL,0.49899744957033876,3604.870339288428,REDUCE
2024-03-22,TARIL,SELL,28.82587007054381,164.93158567495453,REDUCE
2024-03-22,SCHNEIDER,BUY,35.521741872642714,634.0,REFILL
2024-03-26,SONATSOFTW,SELL,85.23834155622843,717.7531797309065,EXIT
2024-03-26,HUDCO,BUY,320.8319740031216,172.8990332376012,REFILL
2024-03-28,ADANIENT,SELL,1.6181180226710388,3131.2229063172326,REDUCE
2024-03-28,GVT&D,SELL,3.3979641397780167,822.5107639896248,EXIT
2024-03-28,MAXHEALTH,BUY,12.156935287244963,822.5757367066011,REENTRY
2024-04-02,HCLTECH,SELL,0.6321618131040105,1450.636856367265,REDUCE
2024-04-02,JSWSTEEL,BUY,11.600819899459147,862.0080379375788,REENTRY
2024-04-02,JINDALSAW,SELL,441.7490081513347,232.1512724388796,EXIT
2024-04-02,TCS,SELL,0.76742991739016,3648.083423198765,REDUCE
2024-04-02,CUMMINSIND,BUY,26.539955724858586,2951.3089989752616,REFILL
2024-04-03,SBILIFE,SELL,0.12874254979302174,1465.17070372764,REDUCE
2024-04-03,WIPRO,SELL,23.54746216860014,224.976151195396,REDUCE
2024-04-03,GODFRYPHLP,BUY,1.1486218152140326,1086.5669157009595,REFILL
2024-04-09,APOLLOHOSP,SELL,0.14290426176012666,6312.6347923206395,REDUCE
2024-04-10,HINDALCO,BUY,16.992755110363746,588.486089221699,REENTRY
2024-04-12,CIPLA,SELL,1.2530712327759939,1396.121948744803,REDUCE
2024-04-12,DRREDDY,SELL,2.3770533115604944,1218.7871916350614,REDUCE
2024-04-15,GODFRYPHLP,SELL,1.1486218152140326,988.6140324307385,EXIT
2024-04-15,TORNTPOWER,BUY,2.1421931209569696,1296.4118103300075,REFILL
2024-04-16,ADANIENT,SELL,0.8090590113355194,3098.252099488408,REDUCE
2024-04-16,IRCON,SELL,103.019207797158,210.6448658737618,REDUCE
2024-04-16,INFY,SELL,3.387072140475383,1366.094545486242,EXIT
2024-04-16,SBILIFE,SELL,0.06437127489651087,1455.402908659291,REDUCE
2024-04-16,TECHM,SELL,1.2241310335427418,1139.577784041109,EXIT
2024-04-16,WIPRO,SELL,23.54746216860014,212.34466751994407,EXIT
2024-04-16,DATAPATTNS,BUY,7.351198505520537,2827.680035953675,REFILL
2024-04-18,LT,SELL,1.4568606429938247,3501.5120864898577,REDUCE
2024-04-18,MINDACORP,SELL,0.25725797369517245,406.6916158738634,REDUCE
2024-04-18,SHRIRAMFIN,SELL,20.638641074914204,470.87398076320625,REDUCE
2024-04-19,AXISBANK,SELL,0.8034047257476975,1013.3512726046858,EXIT
2024-04-19,MAXHEALTH,SELL,6.078467643622481,776.7579956965416,REDUCE
2024-04-22,OFSS,SELL,0.7326520564620485,7085.602008647278,EXIT
2024-04-23,BAJFINANCE,BUY,13.835292461839137,722.7892021496662,REENTRY
2024-04-23,MAXHEALTH,SELL,6.078467643622481,764.5931181228367,EXIT
2024-04-24,COALINDIA,SELL,4.549066913421755,388.2173828531135,REDUCE
2024-04-24,RELIANCE,SELL,3.986550909558315,1452.7475596039474,REDUCE
2024-04-24,SUNPHARMA,SELL,4.7534464290730245,1456.8012727582052,REDUCE
2024-04-26,AXISBANK,BUY,8.863956133808626,1128.1644278290491,REENTRY
2024-04-29,BAJFINANCE,SELL,13.835292461839137,671.4601650123005,EXIT
2024-04-29,ITC,BUY,25.27320266917436,395.67601031415643,REENTRY
2024-04-30,HCLTECH,SELL,0.6321618131040105,1280.728849810369,EXIT
2024-05-02,ITC,SELL,25.27320266917436,390.3048759623476,EXIT
2024-05-03,ITC,BUY,25.385195069382267,393.93039811859694,REENTRY
2024-05-06,ITC,SELL,25.385195069382267,392.0952475427761,EXIT
2024-05-07,ADANIPORTS,SELL,3.0254722145146875,1279.3598645743118,REDUCE
2024-05-07,TITAN,SELL,0.49899744957033876,3309.1803013165186,EXIT
2024-05-07,TARIL,SELL,28.82587007054381,292.3787194471994,EXIT
2024-05-08,BAJAJFINSV,BUY,6.253082000623812,1599.211396716434,REENTRY
2024-05-08,ITC,BUY,25.316155956102207,395.00467675028676,REENTRY
2024-05-08,LT,SELL,0.7284303214969123,3370.818004699296,REDUCE
2024-05-09,TORNTPOWER,SELL,2.1421931209569696,1299.9634697256386,EXIT
2024-05-09,WOCKPHARMA,SELL,23.37401155905243,544.7000122070312,REDUCE
2024-05-10,ADANIENT,SELL,0.8090590113355194,2792.4732295753424,EXIT
2024-05-10,BAJAJFINSV,SELL,6.253082000623812,1558.2572298739215,EXIT
2024-05-10,IRCON,SELL,51.509603898579,221.32763684894957,REDUCE
2024-05-10,ITC,SELL,25.316155956102207,381.8005259086496,EXIT
2024-05-10,JSWSTEEL,SELL,5.800409949729573,827.2249886551649,REDUCE
2024-05-10,ONGC,SELL,19.19856147398301,240.53332626808583,REDUCE
2024-05-10,SHRIRAMFIN,SELL,10.319320537457102,461.94250544266674,REDUCE
2024-05-10,POWERINDIA,BUY,0.7567182301961781,9057.336711873626,REFILL
2024-05-13,HINDZINC,BUY,6.149320855232868,491.2414621920338,REFILL
2024-05-14,ACE,SELL,1.6734157460632453,1340.2128284825662,EXIT
2024-05-14,COALINDIA,SELL,2.2745334567108775,392.7454149296544,REDUCE
2024-05-14,IRCON,SELL,25.7548019492895,219.0939806987104,REDUCE
2024-05-16,TATACONSUM,SELL,1.6476750355689107,1055.8413676448129,EXIT
2024-05-21,DRREDDY,SELL,2.3770533115604944,1148.0669933876882,EXIT
2024-05-21,ITC,BUY,25.620997061144017,390.30487284063116,REENTRY
2024-05-21,MAXHEALTH,BUY,12.458216012305366,802.6831442096276,REENTRY
2024-05-22,ITC,SELL,25.620997061144017,391.5133561127143,EXIT
2024-05-23,ITC,BUY,25.307553384006116,395.13894718561795,REENTRY
2024-05-27,HDFCBANK,BUY,13.30642242452268,751.5168000055969,REENTRY
2024-05-27,MAXHEALTH,SELL,6.229108006152683,787.6765100168844,REDUCE
2024-05-28,EIHOTEL,SELL,28.139164797547892,440.0431837741601,REDUCE
2024-05-28,ITC,SELL,25.307553384006116,386.8135944254928,EXIT
2024-05-29,MAXHEALTH,SELL,3.1145540030763414,789.6707700815605,REDUCE
2024-05-29,COCHINSHIP,BUY,0.04631758464431229,1875.5595405866463,REFILL
2024-05-30,HDFCBANK,SELL,13.30642242452268,739.6027730570852,EXIT
2024-05-30,ONGC,SELL,9.599280736991505,245.9385556569884,REDUCE
2024-05-31,ADANIENT,BUY,3.103284801102537,3222.391962364264,REENTRY
2024-05-31,ICICIBANK,SELL,4.678656794836327,1099.970086377496,REDUCE
2024-05-31,NESTLEIND,SELL,2.6144347774295205,1188.438229124497,EXIT
2024-05-31,SBILIFE,SELL,0.06437127489651087,1389.2211730300146,EXIT
2024-06-03,EIHOTEL,SELL,28.139164797547892,441.036499673901,EXIT
2024-06-03,GRASIM,SELL,0.38861703793461877,2382.1468152109665,REDUCE
2024-06-03,HDFCBANK,BUY,12.676884681129975,788.8373406823981,REENTRY
2024-06-03,MAXHEALTH,SELL,3.1145540030763414,757.8126346759606,EXIT
2024-06-03,TCS,SELL,0.76742991739016,3526.103050659108,EXIT
2024-06-04,MARUTI,SELL,0.1423244043049968,12345.117702313628,REDUCE
2024-06-05,HINDUNILVR,BUY,4.10628630116268,2435.2904952507906,REENTRY
2024-06-05,HINDUNILVR,BUY,4.10628630116268,2435.2904952507906,REARM
2024-06-05,MARUTI,BUY,0.1423244043049968,11936.835001970685,REARM
2024-06-05,HDFCBANK,BUY,12.676884681129975,737.062160780223,REARM
2024-06-05,TARIL,BUY,88.93271316942301,331.53748511369974,REFILL
2024-06-06,ADANIENT,SELL,3.103284801102537,3181.178464031896,EXIT
2024-06-06,ADANIPORTS,SELL,1.5127361072573438,1371.4151690019078,REDUCE
2024-06-06,BEL,SELL,51.89952705015886,263.07918991078697,EXIT
2024-06-06,COCHINSHIP,SELL,0.04631758464431229,1712.6819473488938,EXIT
2024-06-06,DATAPATTNS,SELL,7.351198505520537,2574.0103706953296,EXIT
2024-06-06,HINDZINC,SELL,3.074660427616434,644.7905668349043,REDUCE
2024-06-06,LT,SELL,0.36421516074845617,3379.6653320036944,REDUCE
2024-06-06,MAXHEALTH,BUY,12.194629007379271,820.0331468836611,REENTRY
2024-06-06,NTPC,SELL,2.214340766651701,331.5596218483843,EXIT
2024-06-06,ONGC,SELL,9.599280736991505,228.82193368347708,EXIT
2024-06-06,OIL,SELL,1.6650469195524333,373.1183168395167,REDUCE
2024-06-06,SHRIRAMFIN,SELL,5.159660268728551,472.839222807981,REDUCE
2024-06-06,VEDL,BUY,34.727348728584715,392.1024097762612,REFILL
2024-06-07,BEL,BUY,37.04027765346065,269.97637797311995,REENTRY
2024-06-07,HDFCBANK,SELL,12.676884681129975,770.1154063679018,REDUCE
2024-06-07,HINDUNILVR,SELL,4.10628630116268,2456.197087082178,REDUCE
2024-06-07,IRCON,SELL,12.87740097464475,242.79032842096404,REDUCE
2024-06-07,MARUTI,SELL,0.1423244043049968,12331.151725039615,REDUCE
2024-06-10,NTPC,BUY,28.73922612481392,347.9564813808899,REENTRY
2024-06-10,SCHNEIDER,SELL,35.521741872642714,745.0499877929688,EXIT
2024-06-10,COCHINSHIP,BUY,6.576629887479728,1908.4806062482173,REFILL
2024-06-11,WOCKPHARMA,SELL,23.37401155905243,572.0,EXIT
2024-06-11,TEJASNET,BUY,4.111586109505669,1290.3617633903114,REFILL
2024-06-12,MAXHEALTH,SELL,6.097314503689636,808.6658748339676,REDUCE
2024-06-14,TECHM,BUY,7.579993710556359,1319.2623083675378,REENTRY
2024-06-19,HINDZINC,SELL,3.074660427616434,611.7449368378403,EXIT
2024-06-21,NTPC,SELL,14.36961306240696,343.14234772124365,REDUCE
2024-06-27,COALINDIA,SELL,1.1372667283554387,412.1320052398366,REDUCE
2024-06-28,FORCEMOT,SELL,2.4558534547047093,8925.495479178231,REDUCE
2024-06-28,GRSE,BUY,0.19199002476399527,2104.937051708124,REFILL
2024-07-01,WIPRO,BUY,41.19635825406084,242.73990284115155,REENTRY
2024-07-01,TITAGARH,BUY,1.4240606677097776,1849.7902195440079,REFILL
2024-07-02,EICHERMOT,SELL,0.7460484038649335,4526.40529053787,REDUCE
2024-07-02,INFY,BUY,6.523727935683259,1532.86588566981,REENTRY
2024-07-04,FORCEMOT,SELL,1.2279267273523546,8958.742287633357,REDUCE
2024-07-09,FORCEMOT,SELL,1.2279267273523546,8384.387930858818,EXIT
2024-07-09,MAZDOCK,BUY,0.11344999148195838,2759.4562023757126,REFILL
2024-07-10,KOTAKBANK,BUY,27.190726511160783,367.7724460909631,REENTRY
2024-07-10,PGEL,BUY,10.900039490104252,403.8402380025773,REFILL
2024-07-11,TATASTEEL,SELL,45.15303651417571,166.12585465976161,REDUCE
2024-07-11,RVNL,BUY,3.7040087148198406,627.2300994696775,REFILL
2024-07-12,HCLTECH,BUY,6.9311369385583905,1442.7647424435252,REENTRY
2024-07-12,HDFCLIFE,BUY,15.816468722371173,632.2523804479677,REENTRY
2024-07-12,SBILIFE,BUY,6.419451110859451,1557.765582649819,REENTRY
2024-07-15,TCS,BUY,2.499277669179494,4001.1560633368813,REENTRY
2024-07-15,PTCIL,BUY,0.2187882531702403,14950.0,REFILL
2024-07-16,ONGC,BUY,34.30264116899476,291.5227416668642,REENTRY
2024-07-16,JWL,BUY,0.0877907122097483,661.653060327037,REFILL
2024-07-19,POWERINDIA,SELL,0.7567182301961781,11924.195219451056,EXIT
2024-07-19,KAYNES,BUY,4.913946035725216,4076.60009765625,REFILL
2024-07-22,CUMMINSIND,SELL,13.269977862429293,3473.511574288288,REDUCE
2024-07-22,HINDALCO,SELL,8.496377555181873,646.5252883736423,REDUCE
2024-07-22,JSWSTEEL,SELL,2.9002049748647867,873.1487555676421,REDUCE
2024-07-22,JWL,SELL,0.0877907122097483,601.9550712041947,EXIT
2024-07-22,INDIACEM,BUY,208.3986002878833,339.95001220703125,REFILL
2024-07-23,DRREDDY,BUY,7.432364138058326,1345.4669085431083,REENTRY
2024-07-23,KOTAKBANK,SELL,27.190726511160783,353.39255510584275,EXIT
2024-07-24,ITC,BUY,22.11406616632217,452.2008718247006,REENTRY
2024-07-24,RELIANCE,SELL,1.9932754547791576,1474.0895996286229,REDUCE
2024-07-24,TATACONSUM,BUY,8.114026498772374,1232.4337370001156,REENTRY
2024-07-25,BAJAJ-AUTO,SELL,1.3835063708564972,9031.116133076684,REDUCE
2024-07-25,VEDL,SELL,17.363674364292358,372.8449855755362,REDUCE
2024-07-26,AXISBANK,SELL,4.431978066904313,1164.0051748855426,REDUCE
2024-07-26,GRSE,SELL,0.19199002476399527,2199.629819812027,EXIT
2024-07-26,IRCON,SELL,12.87740097464475,274.255923367743,EXIT
2024-07-26,KIRLOSENG,SELL,24.402422210746927,1199.0903530864991,REDUCE
2024-07-26,MAZDOCK,SELL,0.11344999148195838,2406.092107086476,EXIT
2024-07-26,TEJASNET,SELL,2.0557930547528347,1298.0340865403684,REDUCE
2024-07-26,GRAVITA,BUY,17.748151106648262,1664.1861315332233,REFILL
2024-08-02,KIRLOSENG,SELL,24.402422210746927,1186.7146660492365,EXIT
2024-08-02,TEJASNET,SELL,2.0557930547528347,1201.6804819207666,EXIT
2024-08-02,TITAGARH,SELL,1.4240606677097776,1537.3323943664268,EXIT
2024-08-02,GRSE,BUY,14.05673754926886,2263.7443275031023,REFILL
2024-08-05,BEL,SELL,18.520138826730324,285.5936728252305,REDUCE
2024-08-05,NAVA,BUY,23.240376028810257,440.313601144691,REFILL
2024-08-06,ASIANPAINT,BUY,3.26444797193773,3063.305062896788,REENTRY
2024-08-06,COCHINSHIP,SELL,6.576629887479728,2370.1148079720874,EXIT
2024-08-06,GRSE,SELL,14.05673754926886,2175.9562388578433,EXIT
2024-08-06,ICICIBANK,SELL,2.3393283974181633,1156.0508158159441,REDUCE
2024-08-06,INDIGO,SELL,0.14379205199015896,4293.294386973939,REDUCE
2024-08-06,M&M,SELL,0.9643745577004503,2666.874289240377,REDUCE
2024-08-06,SBIN,SELL,4.01698650763219,806.4567530115417,REDUCE
2024-08-06,TATASTEEL,SELL,45.15303651417571,147.76406524020342,EXIT
2024-08-06,WIPRO,SELL,41.19635825406084,229.545977568115,EXIT
2024-08-06,NEULANDLAB,BUY,4.137696899821518,11105.753347371112,REFILL
2024-08-07,HUDCO,SELL,320.8319740031216,279.672362361122,EXIT
2024-08-07,DEEPAKFERT,BUY,93.87267961544084,950.4910604091743,REFILL
2024-08-08,MAXHEALTH,SELL,3.048657251844818,852.5392295360623,REDUCE
2024-08-09,GRASIM,SELL,0.19430851896730938,2546.835251616431,REDUCE
2024-08-12,RVNL,SELL,3.7040087148198406,517.6290079860295,EXIT
2024-08-12,TARIL,SELL,44.466356584711505,344.85697337531815,REDUCE
2024-08-12,ZENTEC,BUY,12.476146649782494,1730.525471554271,REFILL
2024-08-13,TARIL,SELL,44.466356584711505,336.8852729180464,EXIT
2024-08-13,WOCKPHARMA,BUY,7.686701901993972,986.0999755859375,REFILL
2024-08-14,HDFCBANK,SELL,6.3384423405649875,792.5372946697382,REDUCE
2024-08-16,ADANIPORTS,SELL,0.7563680536286719,1464.0769642627536,REDUCE
2024-08-16,POWERGRID,SELL,2.2090888056497446,314.22302635047714,REDUCE
2024-08-19,WIPRO,BUY,41.34805092090502,241.84936840503246,REENTRY
2024-08-23,POWERGRID,SELL,1.1045444028248723,315.7799479809891,REDUCE
2024-08-23,ULTRACEMCO,SELL,0.04548359920333782,11243.729352833816,REDUCE
2024-08-26,ADANIPORTS,SELL,0.37818402681433594,1488.2593224400064,REDUCE
2024-08-27,TITAN,BUY,2.7629592643497896,3619.3077940124144,REENTRY
2024-08-28,BAJAJFINSV,BUY,5.789856691015594,1727.1584658593522,REENTRY
2024-08-28,CUMMINSIND,SELL,6.634988931214647,3703.7725434258423,REDUCE
2024-09-05,WIPRO,SELL,20.67402546045251,244.2866060124916,REDUCE
2024-09-09,BEL,SELL,18.520138826730324,278.6115055230803,EXIT
2024-09-09,OIL,SELL,1.6650469195524333,594.9438885859956,EXIT
2024-09-09,ULTRACEMCO,SELL,0.02274179960166891,11328.19389689941,REDUCE
2024-09-10,GRASIM,SELL,0.09715425948365469,2690.2135886019832,REDUCE
2024-09-10,NTPC,SELL,7.18480653120348,374.81984818951327,REDUCE
2024-09-11,DRREDDY,SELL,3.716182069029163,1323.7844538239879,REDUCE
2024-09-12,COALINDIA,SELL,0.5686333641777194,432.46209918702505,REDUCE
2024-09-12,MINDACORP,SELL,0.25725797369517245,532.9813236394409,EXIT
2024-09-12,ONGC,SELL,34.30264116899476,261.4669535246481,EXIT
2024-09-12,SBIN,SELL,4.01698650763219,759.7446278215249,EXIT
2024-09-12,VEDL,SELL,8.681837182146179,394.3941966075866,REDUCE
2024-09-19,BAJFINANCE,BUY,13.109713441921592,762.7931795993721,REENTRY
2024-09-20,PTCIL,SELL,0.10939412658512015,13852.099609375,REDUCE
2024-09-25,TCS,SELL,1.249638834589747,4026.21366904617,REDUCE
2024-09-26,TATACONSUM,SELL,4.057013249386187,1186.208488597549,REDUCE
2024-09-27,NESTLEIND,BUY,7.389758863532832,1353.224128780203,REENTRY
2024-09-30,INDIACEM,SELL,104.19930014394166,359.20001220703125,REDUCE
2024-09-30,PCBL,BUY,43.850231341420205,554.0950314041531,REFILL
2024-10-01,TATASTEEL,BUY,60.37645763302277,165.6274712369101,REENTRY
2024-10-01,TECHM,SELL,3.7899968552781793,1521.9006393933826,REDUCE
2024-10-03,ADANIENT,BUY,3.1761769369566677,3148.439208044167,REENTRY
2024-10-03,KOTAKBANK,BUY,26.94313397432868,371.15207197232377,REENTRY
2024-10-03,NAVA,SELL,23.240376028810257,536.6341992723114,EXIT
2024-10-03,POLICYBZR,SELL,37.62354548430489,1724.0,REDUCE
2024-10-03,RPOWER,BUY,1443.0129018318275,52.09000015258789,REFILL
2024-10-04,CUMMINSIND,SELL,3.3174944656073233,3609.5125043044277,REDUCE
2024-10-04,EICHERMOT,SELL,0.37302420193246677,4720.787886250839,REDUCE
2024-10-04,LT,SELL,0.36421516074845617,3482.5208261434614,EXIT
2024-10-04,RELIANCE,SELL,1.9932754547791576,1398.34020617394,EXIT
2024-10-04,SARDAEN,BUY,21.036908237671874,493.7108752265222,REFILL
2024-10-07,ITC,SELL,11.057033083161086,462.2295469719965,REDUCE
2024-10-07,POWERGRID,SELL,0.5522722014124362,320.8282745930665,REDUCE
2024-10-07,TATACONSUM,SELL,4.057013249386187,1122.0838528619718,EXIT
2024-10-07,BSE,BUY,5.927509002348952,1392.2754925099034,REFILL
2024-10-08,ADANIENT,SELL,3.1761769369566677,3017.0042995538392,EXIT
2024-10-08,AXISBANK,SELL,4.431978066904313,1152.0155149847044,EXIT
2024-10-08,GRAVITA,SELL,17.748151106648262,2255.409409242564,EXIT
2024-10-08,HDFCBANK,SELL,3.1692211702824937,804.1306032900168,REDUCE
2024-10-08,INDIACEM,SELL,52.09965007197083,361.8500061035156,REDUCE
2024-10-08,PGEL,SELL,10.900039490104252,536.7134463620974,EXIT
2024-10-08,HSCL,BUY,133.1238912052105,595.1967323705122,REFILL
2024-10-09,ADANIENT,BUY,3.1511677638052302,3173.4267260732513,REENTRY
2024-10-09,SBILIFE,SELL,3.2097255554297255,1742.3074201645452,REDUCE
2024-10-09,TITAN,SELL,2.7629592643497896,3507.444405130109,EXIT
2024-10-10,ITC,SELL,5.528516541580543,451.6083186682918,REDUCE
2024-10-10,NESTLEIND,SELL,7.389758863532832,1244.4740505655673,EXIT
2024-10-11,POLICYBZR,SELL,37.62354548430489,1631.9000244140625,EXIT
2024-10-11,JUBLPHARMA,BUY,22.47893982251474,1170.0000340755448,REFILL
2024-10-14,ASIANPAINT,SELL,1.632223985968865,2999.40576347499,REDUCE
2024-10-14,RPOWER,SELL,1443.0129018318275,43.13999938964844,EXIT
2024-10-14,GODFRYPHLP,BUY,26.900836513693903,2297.653503182559,REFILL
2024-10-15,GODFRYPHLP,SELL,26.900836513693903,2278.2526286495317,EXIT
2024-10-15,GRAVITA,BUY,23.816130998839455,2556.752147060865,REFILL
2024-10-16,HDFCLIFE,SELL,7.9082343611855865,721.4558284174178,REDUCE
2024-10-16,MARUTI,SELL,0.0711622021524984,12281.126393965864,REDUCE
2024-10-17,ADANIENT,SELL,3.1511677638052302,3088.41878348898,EXIT
2024-10-17,BAJFINANCE,SELL,13.109713441921592,693.8138195967275,EXIT
2024-10-17,CIPLA,SELL,0.6265356163879969,1545.6883487035159,REDUCE
2024-10-17,HINDUNILVR,SELL,2.05314315058134,2697.6822860049597,REDUCE
2024-10-18,BAJAJ-AUTO,SELL,1.3835063708564972,9801.149887211628,EXIT
2024-10-18,TATASTEEL,SELL,60.37645763302277,148.92693470973194,EXIT
2024-10-18,JMFINANCIL,BUY,1.2048766857099904,151.63481138486995,REFILL
2024-10-21,ASIANPAINT,SELL,1.632223985968865,2969.8264516740082,EXIT
2024-10-21,AXISBANK,BUY,8.362406456104233,1195.8280254005576,REENTRY
2024-10-21,CUMMINSIND,SELL,1.6587472328036617,3636.8988380964956,REDUCE
2024-10-21,MCX,BUY,5.755000201794169,1324.0731461518237,REFILL
2024-10-22,EICHERMOT,BUY,0.37302420193246677,4748.873784988852,REARM
2024-10-22,AMBER,BUY,2.9832798356737458,6430.0,REFILL
2024-10-23,ADANIPORTS,SELL,0.37818402681433594,1356.2018472312895,EXIT
2024-10-23,EICHERMOT,SELL,0.37302420193246677,4662.098411357203,REDUCE
2024-10-23,FLUOROCHEM,BUY,2.792474164635978,4671.360045871807,REFILL
2024-10-24,AXISBANK,SELL,4.181203228052117,1164.005180524674,REDUCE
2024-10-24,CUMMINSIND,SELL,1.6587472328036617,3370.629021967122,EXIT
2024-10-24,KOTAKBANK,SELL,26.94313397432868,352.7932531607866,EXIT
2024-10-24,MARUTI,SELL,0.0711622021524984,11870.471292178363,EXIT
2024-10-24,PTCIL,SELL,0.10939412658512015,12119.0,EXIT
2024-10-25,AXISBANK,BUY,4.181203228052117,1185.9863817213213,REARM
2024-10-28,ULTRACEMCO,BUY,0.02274179960166891,10930.713149655836,REARM
2024-10-28,ITC,BUY,5.528516541580542,439.3915531808061,REARM
2024-10-28,EICHERMOT,BUY,0.37302420193246677,4532.8247690881635,REARM
2024-10-28,INDIACEM,BUY,52.09965007197083,353.20001220703125,REARM
2024-10-29,AXISBANK,SELL,4.181203228052117,1175.3955196864351,REDUCE
2024-10-29,BSE,SELL,2.963754501174476,1390.9463857887592,REDUCE
2024-10-29,BAJAJFINSV,SELL,5.789856691015594,1724.3099069294453,EXIT
2024-10-29,COALINDIA,SELL,0.5686333641777194,394.4551355535016,EXIT
2024-10-29,EICHERMOT,SELL,0.37302420193246677,4627.990824421409,REDUCE
2024-10-30,SBIN,BUY,12.319801952471572,811.701360020144,REENTRY
2024-10-30,AXISBANK,BUY,4.181203228052117,1177.7434804139418,REARM
2024-10-30,SBIN,BUY,12.319801952471572,811.701360020144,REARM
2024-10-30,SBILIFE,BUY,3.2097255554297255,1631.123734229375,REARM
2024-10-30,POWERGRID,BUY,0.5522722014124362,300.5877769416323,REARM
2024-10-30,CIPLA,BUY,0.6265356163879969,1424.7800023135906,REARM
2024-10-30,HINDUNILVR,BUY,2.05314315058134,2481.776848804237,REARM
2024-10-30,DRREDDY,BUY,3.7161820690291636,1264.9772723698966,REARM
2024-10-30,TCS,BUY,1.249638834589747,3867.7074369038137,REARM
2024-10-31,AXISBANK,SELL,4.181203228052117,1164.5048071730241,REDUCE
2024-10-31,CIPLA,SELL,1.2530712327759939,1543.561198942439,EXIT
2024-10-31,DRREDDY,SELL,7.432364138058327,1250.6680164431903,EXIT
2024-10-31,HINDUNILVR,SELL,4.10628630116268,2479.7870359976687,EXIT
2024-10-31,ITC,SELL,5.528516541580542,448.55411388015784,REDUCE
2024-10-31,INFY,SELL,3.2618639678416295,1736.5092654474463,REDUCE
2024-10-31,INDIGO,SELL,0.14379205199015896,4056.145616312751,EXIT
2024-10-31,JMFINANCIL,SELL,0.6024383428549952,134.5467262751349,REDUCE
2024-10-31,M&M,SELL,0.9643745577004503,2686.1195447104064,EXIT
2024-10-31,POWERGRID,SELL,0.5522722014124362,302.3334677062385,REDUCE
2024-10-31,ULTRACEMCO,SELL,0.02274179960166891,11086.525478461903,REDUCE
2024-11-01,LT,BUY,2.7843869594558366,3591.4548321093766,REENTRY
2024-11-01,PCBL,SELL,43.850231341420205,403.65628668889514,EXIT
2024-11-01,SBILIFE,SELL,6.419451110859451,1634.0142913285433,EXIT
2024-11-05,AXISBANK,BUY,4.181203228052117,1137.9774273803207,REARM
2024-11-05,ULTRACEMCO,BUY,0.02274179960166891,10914.466701285452,REARM
2024-11-05,ITC,BUY,5.528516541580543,440.30326795355165,REARM
2024-11-05,INFY,BUY,3.2618639678416295,1709.4110437798347,REARM
2024-11-05,POWERGRID,BUY,0.5522722014124362,294.73738832668425,REARM
2024-11-06,AXISBANK,SELL,8.362406456104233,1170.799429278286,EXIT
2024-11-06,GRASIM,SELL,0.048577129741827346,2641.3412518753207,REDUCE
2024-11-06,ITC,SELL,5.528516541580542,437.79609708104795,REDUCE
2024-11-06,JMFINANCIL,SELL,0.3012191714274976,137.34614986611402,REDUCE
2024-11-06,POWERGRID,SELL,0.5522722014124362,299.50263925711073,REDUCE
2024-11-06,ULTRACEMCO,SELL,0.02274179960166891,11154.296512356099,REDUCE
2024-11-07,BEL,BUY,33.62664261523606,297.3832420447783,REENTRY
2024-11-07,HDFCLIFE,SELL,3.9541171805927933,706.7464896765209,REDUCE
2024-11-07,INFY,SELL,3.2618639678416295,1760.8390975998175,REDUCE
2024-11-07,M&M,BUY,3.392055444185866,2948.0650197332257,REENTRY
2024-11-07,TCS,SELL,2.499277669179494,3957.5900270000325,EXIT
2024-11-08,HINDALCO,SELL,4.248188777590936,649.9833440274269,REDUCE
2024-11-08,SHRIRAMFIN,SELL,2.5798301343642756,607.6887717495881,REDUCE
2024-11-11,ULTRACEMCO,BUY,0.02274179960166891,10945.618804100966,REARM
2024-11-11,HDFCLIFE,BUY,3.9541171805927933,702.1591462690649,REARM
2024-11-11,INFY,BUY,3.2618639678416295,1776.427742360696,REARM
2024-11-11,GRASIM,BUY,0.048577129741827346,2518.886733611961,REARM
2024-11-11,POWERGRID,BUY,0.5522722014124362,295.86972511957913,REARM
2024-11-11,ITC,BUY,5.528516541580542,435.83593115318143,REARM
2024-11-11,SHRIRAMFIN,BUY,2.5798301343642756,592.915118310872,REARM
2024-11-11,HINDALCO,BUY,4.248188777590936,642.7365284285718,REARM
2024-11-12,GRASIM,SELL,0.048577129741827346,2514.1041415883956,REDUCE
2024-11-12,NTPC,SELL,3.59240326560174,380.07635354806126,REDUCE
2024-11-12,POWERGRID,SELL,0.5522722014124362,312.8075631766802,REDUCE
2024-11-12,ULTRACEMCO,SELL,0.02274179960166891,10901.39909949497,REDUCE
2024-11-12,CARTRADE,BUY,3.576044448450449,1215.0,REFILL
2024-11-13,JMFINANCIL,SELL,0.3012191714274976,131.2224253581598,EXIT
2024-11-14,POWERGRID,BUY,0.5522722014124362,301.60026209776106,REARM
2024-11-14,NTPC,BUY,3.59240326560174,367.41202296353623,REARM
2024-11-14,ULTRACEMCO,BUY,0.02274179960166891,10658.439575007573,REARM
2024-11-14,GRASIM,BUY,0.048577129741827346,2493.827763922496,REARM
2024-11-14,PPLPHARMA,BUY,41.45458575734244,263.379358043017,REFILL
2024-11-18,BEL,SELL,33.62664261523606,279.5995491015286,EXIT
2024-11-18,GRASIM,SELL,0.048577129741827346,2487.9492569818412,REDUCE
2024-11-18,HDFCLIFE,SELL,3.9541171805927933,685.1063272198587,REDUCE
2024-11-18,ITC,SELL,5.528516541580542,424.85000928020037,REDUCE
2024-11-18,POWERGRID,SELL,0.5522722014124362,300.54737652482765,REDUCE
2024-11-18,ULTRACEMCO,SELL,0.02274179960166891,10565.130141673586,REDUCE
2024-11-19,ULTRACEMCO,SELL,0.02274179960166891,10616.75338893205,EXIT
2024-11-21,HINDALCO,SELL,8.496377555181873,636.3334293997797,EXIT
2024-11-21,NTPC,SELL,7.18480653120348,351.6057165275293,EXIT
2024-11-22,POWERGRID,BUY,0.5522722014124362,311.8418035099469,REARM
2024-11-22,GRASIM,BUY,0.048577129741827346,2531.1918485981128,REARM
2024-11-22,HDFCLIFE,BUY,3.9541171805927933,678.1255697656568,REARM
2024-11-22,ITC,BUY,5.528516541580542,415.9153768353446,REARM
2024-11-25,GRASIM,SELL,0.048577129741827346,2605.5216618866857,REDUCE
2024-11-25,FLUOROCHEM,SELL,2.792474164635978,3948.4314204528505,EXIT
2024-11-25,TCS,BUY,2.461671832315132,4062.2798980460716,REENTRY
2024-11-25,ULTRACEMCO,BUY,0.8788984341074307,11377.878958398129,REENTRY
2024-11-25,VEDL,SELL,8.681837182146179,414.52429255672257,EXIT
2024-11-26,BEL,BUY,34.427279294343606,290.4673330268941,REENTRY
2024-11-26,HDFCLIFE,SELL,3.9541171805927933,682.1145471708543,REDUCE
2024-11-26,ITC,SELL,5.528516541580542,437.6137665685303,REDUCE
2024-11-26,SARDAEN,SELL,21.036908237671874,444.2849024990649,EXIT
2024-11-26,SHRIRAMFIN,SELL,5.159660268728551,584.0016602685033,EXIT
2024-11-26,NATIONALUM,BUY,19.610554211869264,234.25289546574882,REFILL
2024-11-27,PPLPHARMA,SELL,41.45458575734244,249.638260694619,EXIT
2024-11-27,TARIL,BUY,5.696705481757284,487.2978713064446,REFILL
2024-11-28,SUNPHARMA,SELL,2.3767232145365123,1722.0777304828107,REDUCE
2024-12-03,HDFCLIFE,SELL,3.9541171805927933,645.0170850253926,EXIT
2024-12-05,BHARTIARTL,SELL,1.6493475041515164,1586.7350485118698,REDUCE
2024-12-10,INDIACEM,SELL,52.09965007197083,347.5,REDUCE
2024-12-12,EICHERMOT,SELL,0.18651210096623339,4740.482627311368,REDUCE
2024-12-12,KOTAKBANK,BUY,27.96516654235666,357.5877148757108,REENTRY
2024-12-12,PAYTM,BUY,0.147613915851144,956.5,REFILL
2024-12-13,ITI,BUY,11.569269061845421,365.0,REFILL
2024-12-16,ITI,SELL,5.784634530922711,360.0,REDUCE
2024-12-16,JUBLPHARMA,SELL,11.23946991125737,1092.3319507008086,REDUCE
2024-12-16,PGEL,BUY,19.57450706611002,932.5889129914469,REFILL
2024-12-18,BAJFINANCE,BUY,14.07428350508869,710.5157428713444,REENTRY
2024-12-18,GRASIM,SELL,0.024288564870913673,2597.5505911268574,REDUCE
2024-12-18,JSWSTEEL,SELL,1.4501024874323933,964.4528922509538,REDUCE
2024-12-18,SYRMA,BUY,1.5871664194810635,603.9320886395486,REFILL
2024-12-19,BHARTIARTL,SELL,0.8246737520757582,1573.2478079753505,REDUCE
2024-12-19,SWANCORP,BUY,10.26934606437928,758.8446272299409,REFILL
2024-12-20,BAJFINANCE,SELL,14.07428350508869,687.0952689080699,EXIT
2024-12-20,DRREDDY,BUY,7.5893071467398725,1317.6433377446958,REENTRY
2024-12-20,GRASIM,SELL,0.024288564870913673,2520.829796595255,EXIT
2024-12-20,KOTAKBANK,SELL,27.96516654235666,350.595781973686,EXIT
2024-12-20,SWANCORP,SELL,5.13467303218964,764.9433272158508,REDUCE
2024-12-23,JSWSTEEL,SELL,1.4501024874323933,933.4862793188423,EXIT
2024-12-23,JUBLPHARMA,SELL,11.23946991125737,1057.0825273275093,EXIT
2024-12-23,KFINTECH,BUY,4.540661048521331,1425.4562058937743,REFILL
2024-12-24,INDIGO,BUY,2.2359150320777275,4472.4418667678465,REENTRY
2024-12-24,M&M,SELL,1.696027722092933,2886.2119272418695,REDUCE
2024-12-26,NATIONALUM,SELL,19.610554211869264,204.00558181472772,EXIT
2024-12-26,POWERGRID,SELL,1.1045444028248723,296.81447596420287,EXIT
2024-12-26,BLS,BUY,1.9203122552398095,473.1985014880474,REFILL
2024-12-30,ITI,SELL,5.784634530922711,327.70001220703125,EXIT
2024-12-30,CAPLIPOINT,BUY,1.308366414968735,2593.0618071991844,REFILL
2024-12-31,CIPLA,BUY,6.658424867493077,1501.8567001965796,REENTRY
2024-12-31,LT,SELL,2.7843869594558366,3529.6315728968502,EXIT
2025-01-02,KOTAKBANK,BUY,27.809803080857716,359.5854300343208,REENTRY
2025-01-02,SBIN,SELL,24.639603904943144,779.3509857383269,EXIT
2025-01-02,TCS,SELL,2.461671832315132,3910.4187239006465,EXIT
2025-01-03,BAJFINANCE,BUY,13.61575856530614,734.4431051737849,REENTRY
2025-01-03,LT,BUY,2.7220236031000793,3673.7374314503086,REENTRY
2025-01-03,MCX,SELL,2.8775001008970844,1263.0461806538635,REDUCE
2025-01-07,BEL,SELL,34.427279294343606,278.7597234522281,EXIT
2025-01-07,CIPLA,SELL,6.658424867493077,1474.2514716180094,EXIT
2025-01-07,TITAN,BUY,2.873952637942978,3479.5284612475266,REENTRY
2025-01-08,ITC,SELL,5.528516541580542,419.43569096537107,EXIT
2025-01-08,INDIGO,SELL,2.2359150320777275,4344.957288248245,EXIT
2025-01-08,LT,SELL,2.7220236031000793,3628.1626740164215,EXIT
2025-01-09,TITAN,BUY,2.873952637942978,3475.490605452535,REARM
2025-01-09,BAJFINANCE,BUY,13.615758565306141,729.3445489309191,REARM
2025-01-10,DRREDDY,BUY,7.5893071467398725,1357.4905961001423,REARM
2025-01-13,TCS,BUY,2.4819683979090033,4029.060163870238,REENTRY
2025-01-13,TECHM,SELL,1.8949984276390897,1650.3013043935111,REDUCE
2025-01-14,KOTAKBANK,BUY,27.809803080857716,349.5170454844923,REARM
2025-01-14,TECHM,BUY,1.8949984276390897,1622.9428710592624,REARM
2025-01-14,MCX,BUY,2.8775001008970844,1110.7677967401664,REARM
2025-01-14,PTCIL,BUY,0.36232444581188283,17316.0,REFILL
2025-01-15,BAJFINANCE,SELL,13.615758565306141,729.54829137296,REDUCE
2025-01-15,BAJAJFINSV,BUY,5.813068662459695,1720.261806742307,REENTRY
2025-01-15,CARTRADE,SELL,3.576044448450449,1420.0,EXIT
2025-01-15,HDFCBANK,SELL,3.1692211702824937,817.2038902170349,EXIT
2025-01-15,ICICIBANK,SELL,1.1696641987090817,1224.551219155373,REDUCE
2025-01-15,PAYTM,SELL,0.147613915851144,822.5,EXIT
2025-01-15,SUNPHARMA,SELL,1.1883616072682561,1745.0625767612908,REDUCE
2025-01-15,SYRMA,SELL,1.5871664194810635,543.9431209529915,EXIT
2025-01-16,KFINTECH,SELL,4.540661048521331,1265.5270031510981,EXIT
2025-01-16,TECHM,SELL,1.8949984276390897,1647.337144288894,REDUCE
2025-01-16,LLOYDSME,BUY,3.858572395119777,1448.9172588785834,REFILL
2025-01-17,SWANCORP,SELL,2.56733651609482,691.8582975687254,REDUCE
2025-01-20,CAPLIPOINT,SELL,1.308366414968735,2203.9753927020874,EXIT
2025-01-20,MARUTI,BUY,0.8321554955982005,12016.984869890734,REENTRY
2025-01-20,MAXHEALTH,SELL,3.048657251844818,1025.4666948468678,EXIT
2025-01-20,MCX,SELL,5.755000201794169,1209.3811442899282,EXIT
2025-01-20,CARTRADE,BUY,7.168849125991091,1468.0,REFILL
2025-01-21,SWANCORP,SELL,2.56733651609482,640.3188636615411,EXIT
2025-01-22,AMBER,SELL,2.9832798356737458,6552.7001953125,EXIT
2025-01-22,DEEPAKFERT,SELL,93.87267961544084,1162.9716753134708,EXIT
2025-01-22,ETERNAL,SELL,571.6871759518015,207.14999389648438,EXIT
2025-01-22,GRAVITA,SELL,23.816130998839455,2188.1343888095234,EXIT
2025-01-22,HSCL,SELL,133.1238912052105,528.3313331068262,EXIT
2025-01-22,ICICIBANK,SELL,1.1696641987090817,1191.8038937223043,EXIT
2025-01-22,KAYNES,SELL,4.913946035725216,5969.2998046875,EXIT
2025-01-22,KOTAKBANK,SELL,27.809803080857716,379.36259845015746,REDUCE
2025-01-22,MARUTI,SELL,0.8321554955982005,11772.629908178309,EXIT
2025-01-22,NEULANDLAB,SELL,4.137696899821518,13739.622267573694,EXIT
2025-01-22,PGEL,SELL,19.57450706611002,806.6944152623514,EXIT
2025-01-22,TCS,SELL,2.4819683979090033,3914.711087541146,EXIT
2025-01-22,TITAN,SELL,5.747905275885956,3344.7341984671266,EXIT
2025-01-22,TARIL,SELL,5.696705481757284,524.2825476614131,EXIT
2025-01-22,TRENT,SELL,7.507676433333642,5731.034970859859,EXIT
2025-01-22,ULTRACEMCO,SELL,0.8788984341074307,10632.603210841613,EXIT
2025-01-22,ZENTEC,SELL,12.476146649782494,2141.9821060820846,EXIT
2025-01-23,APARINDS,SELL,31.831402322633764,9839.743628252469,EXIT
2025-01-23,APOLLOHOSP,SELL,0.07145213088006333,6864.603977814577,REDUCE
2025-01-23,CARTRADE,SELL,7.168849125991091,1332.0,EXIT
2025-01-23,INDIACEM,SELL,52.09965007197083,317.0,EXIT
2025-01-23,WOCKPHARMA,SELL,7.686701901993972,1297.0,EXIT
2025-01-24,ULTRACEMCO,BUY,0.8944437746724339,11180.132595435898,REENTRY
2025-01-27,DRREDDY,SELL,15.178614293479745,1216.6835885195949,EXIT
2025-01-28,BLS,SELL,1.9203122552398095,413.39269713987346,EXIT
2025-01-28,HCLTECH,SELL,3.4655684692791953,1653.9871001386684,REDUCE
2025-01-29,LLOYDSME,SELL,3.858572395119777,1209.1464853854527,EXIT
2025-01-29,MARUTI,BUY,0.8340126683476476,11990.225543950162,REENTRY
2025-01-29,PTCIL,SELL,0.36232444581188283,14010.0498046875,EXIT
2025-01-29,SUNPHARMA,SELL,1.1883616072682561,1678.8154269907534,EXIT
2025-01-30,MARUTI,SELL,0.8340126683476476,11892.284907714844,EXIT
2025-01-31,JSWSTEEL,BUY,10.557439783032915,947.1993405135221,REENTRY
2025-02-03,BEL,BUY,36.428361190769074,274.5113881909679,REENTRY
2025-02-03,MARUTI,BUY,0.7781550520721873,12850.909305761763,REENTRY
2025-02-03,TITAN,BUY,2.813490764138477,3554.303475050544,REENTRY
2025-02-04,BEL,SELL,36.428361190769074,272.6836465255657,EXIT
2025-02-04,ITC,BUY,23.06072031221457,433.6377990198034,REENTRY
2025-02-04,INDIGO,BUY,2.2747327600420846,4396.120799620871,REENTRY
2025-02-04,MAXHEALTH,BUY,8.70417307739969,1148.8742136763015,REENTRY
2025-02-04,TECHM,SELL,0.9474992138195448,1615.993980970997,REDUCE
2025-02-05,INDIGO,SELL,2.2747327600420846,4362.577654738268,EXIT
2025-02-06,ITC,SELL,23.06072031221457,426.06336046890937,EXIT
2025-02-06,INDIGO,BUY,2.2235071052822564,4497.399615339021,REENTRY
2025-02-07,TITAN,SELL,2.813490764138477,3404.653728151637,EXIT
2025-02-10,TITAN,BUY,2.9370702539971143,3404.7534226976054,REENTRY
2025-02-11,INDIGO,SELL,2.2235071052822564,4317.853185366632,EXIT
2025-02-11,TITAN,SELL,2.9370702539971143,3324.694303076231,EXIT
2025-02-12,APOLLOHOSP,SELL,0.07145213088006333,6324.130838972857,EXIT
2025-02-12,MAXHEALTH,SELL,8.70417307739969,993.9530138230697,EXIT
2025-02-14,EICHERMOT,SELL,0.18651210096623339,4769.259258317154,EXIT
2025-02-18,M&M,SELL,1.696027722092933,2821.333200210535,EXIT
2025-02-20,INDIGO,BUY,2.278432212882806,4388.982890716513,REENTRY
2025-02-24,ULTRACEMCO,SELL,0.8944437746724339,10939.308886433044,EXIT
2025-02-25,HCLTECH,SELL,3.4655684692791953,1580.608731627433,EXIT
2025-02-25,INFY,SELL,6.523727935683259,1694.9880113599872,EXIT
2025-03-03,BSE,SELL,2.963754501174476,1533.4968307020165,EXIT
2025-03-03,HDFCBANK,BUY,11.650959594972447,858.2984018170607,REENTRY
2025-03-03,MARUTI,SELL,0.7781550520721873,11758.730976743322,EXIT
2025-03-03,SHRIRAMFIN,BUY,16.16195389192236,618.7370702126515,REENTRY
2025-03-03,TECHM,SELL,0.9474992138195448,1457.8204385455854,EXIT
2025-03-07,EICHERMOT,BUY,1.988392339116387,5029.188557648466,REENTRY
2025-03-07,HINDALCO,BUY,14.844289735189669,673.6597155129718,REENTRY
2025-03-12,HDFCBANK,SELL,11.650959594972447,834.4951408301645,EXIT
2025-03-12,ICICIBANK,BUY,8.08144755754305,1237.4020778822246,REENTRY
2025-03-13,HDFCBANK,BUY,11.812207352234925,846.5818201293218,REENTRY
2025-03-13,WIPRO,SELL,20.67402546045251,256.7411949468078,EXIT
2025-03-20,BEL,BUY,34.143582390746516,292.88080804052265,REENTRY
2025-03-20,HDFCLIFE,BUY,15.079159239646819,663.1669472464712,REENTRY
2025-03-20,MAXHEALTH,BUY,9.11507236254023,1097.0839947575746,REENTRY
2025-03-20,SUNPHARMA,BUY,5.818045130542652,1718.7903798654954,REENTRY
2025-03-20,TATASTEEL,BUY,63.95753303922371,156.35374794501885,REENTRY
2025-03-21,HINDALCO,BUY,14.844289735189669,709.7947516698099,REARM
2025-03-21,TATASTEEL,BUY,63.95753303922371,155.40584351032305,REARM
2025-03-21,INDIGO,BUY,2.278432212882806,5063.443079881985,REARM
2025-03-21,SHRIRAMFIN,BUY,16.16195389192236,662.0278744768606,REARM
2025-03-21,HDFCLIFE,BUY,15.079159239646817,675.9316583739917,REARM
2025-03-21,BEL,BUY,34.143582390746516,299.03030717356074,REARM
2025-03-21,SUNPHARMA,BUY,5.818045130542652,1741.9134727044077,REARM
2025-03-21,BLUEJET,BUY,115.74097961334445,933.8071874520851,REFILL
2025-03-21,SRF,BUY,36.116306031474096,2992.547425849659,REFILL
2025-03-21,GLAXO,BUY,38.26944343522456,2824.1790040302976,REFILL
2025-03-21,NH,BUY,64.30098540177613,1680.8414050012507,REFILL
2025-03-21,GABRIEL,BUY,186.72755776625723,578.8098978993713,REFILL
2025-03-21,MAZDOCK,BUY,41.20935736708796,2622.6994437919748,REFILL
2025-03-21,MANAPPURAM,BUY,481.8914927446049,224.28235458177454,REFILL
2025-03-24,CIPLA,BUY,6.62720791322458,1508.9310809224833,REENTRY
2025-03-24,CIPLA,BUY,6.62720791322458,1508.9310809224833,REARM
2025-03-26,ULTRACEMCO,BUY,0.8842269640622974,11309.313565895123,REENTRY
2025-03-26,ULTRACEMCO,BUY,0.8842269640622974,11309.313565895123,REARM
2025-03-26,FORCEMOT,BUY,0.6543188150605703,8715.758306606998,REFILL
2025-03-27,CHAMBLFERT,BUY,9.356043785678262,603.1656119379534,REFILL
2025-03-28,GRASIM,BUY,3.8380764340961466,2605.4718220730183,REENTRY
2025-03-28,GRASIM,BUY,3.8380764340961466,2605.4718220730183,REARM
2025-04-03,TATACONSUM,BUY,9.595308434537202,1042.1759830050025,REENTRY
2025-04-03,TATACONSUM,BUY,9.595308434537202,1042.1759830050025,REARM
2025-04-03,GODFRYPHLP,BUY,1.1405360466624341,2334.1224781475044,REFILL
2025-04-07,BEL,SELL,68.28716478149303,255.31823339452924,EXIT
2025-04-07,BLUEJET,SELL,115.74097961334445,652.4521134090908,EXIT
2025-04-07,CIPLA,SELL,13.25441582644916,1321.8792329890116,EXIT
2025-04-07,FORCEMOT,SELL,0.32715940753028516,8032.2665126672155,REDUCE
2025-04-07,GLAXO,SELL,19.13472171761228,2378.983200739203,REDUCE
2025-04-07,GODFRYPHLP,SELL,1.1405360466624341,2091.957275390625,EXIT
2025-04-07,GRASIM,SELL,3.8380764340961466,2540.7572718213023,REDUCE
2025-04-07,HDFCLIFE,SELL,15.079159239646817,661.9203709813787,REDUCE
2025-04-07,HINDALCO,SELL,29.688579470379338,554.9304183993731,EXIT
2025-04-07,SHRIRAMFIN,SELL,16.16195389192236,589.7445859629479,REDUCE
2025-04-07,SUNPHARMA,SELL,11.636090261085304,1604.3627135400736,EXIT
2025-04-07,TATACONSUM,SELL,9.595308434537202,1011.5033664180582,REDUCE
2025-04-07,TATASTEEL,SELL,127.91506607844742,125.08299082174615,EXIT
2025-04-07,ULTRACEMCO,SELL,0.8842269640622974,11129.453923919988,REDUCE
2025-04-08,FORCEMOT,SELL,0.32715940753028516,8492.849328312,EXIT
2025-04-08,GLAXO,SELL,19.13472171761228,2606.0232046348424,EXIT
2025-04-08,GRASIM,SELL,3.8380764340961466,2540.757226634945,EXIT
2025-04-08,JSWSTEEL,SELL,10.557439783032915,946.8004152408276,EXIT
2025-04-08,MAZDOCK,SELL,41.20935736708796,2392.394032439952,EXIT
2025-04-08,TATACONSUM,SELL,9.595308434537202,1048.2311616323907,EXIT
2025-04-08,ULTRACEMCO,SELL,0.8842269640622974,11246.461833939711,EXIT
2025-04-09,APOLLOHOSP,BUY,1.5042899862369448,6647.654435974469,REENTRY
2025-04-09,TATACONSUM,BUY,9.48598355161723,1054.1869428284153,REENTRY
2025-04-11,ULTRACEMCO,BUY,0.8497796297839612,11767.756780122269,REENTRY
2025-04-15,GRASIM,BUY,3.7519171851231032,2665.3040316698493,REENTRY
2025-04-15,NESTLEIND,BUY,8.479268483376616,1179.347017918437,REENTRY
2025-04-16,BEL,BUY,34.29597684451896,291.57938977318145,REENTRY
2025-04-16,JSWSTEEL,BUY,9.996937821560007,1000.3063116420899,REENTRY
2025-04-16,HDFCLIFE,BUY,15.079159239646817,698.2699469649401,REARM
2025-04-16,TATACONSUM,BUY,9.48598355161723,1086.0508009350142,REARM
2025-04-16,BEL,BUY,34.29597684451896,291.57938977318145,REARM
2025-04-16,GRASIM,BUY,3.7519171851231037,2680.249764490294,REARM
2025-04-16,NESTLEIND,BUY,8.479268483376616,1162.3112354470095,REARM
2025-04-16,JSWSTEEL,BUY,9.996937821560007,1000.3063116420899,REARM
2025-04-16,ULTRACEMCO,BUY,0.8497796297839612,11593.51215515553,REARM
2025-04-16,APOLLOHOSP,BUY,1.5042899862369448,6852.121186311201,REARM
2025-04-16,GODFRYPHLP,BUY,42.97993046462281,2434.0150446398875,REFILL
2025-04-16,GALLANTT,BUY,228.81688536767032,457.1943945499098,REFILL
2025-04-16,PGEL,BUY,87.48578617408296,962.5757128793363,REFILL
2025-04-17,AXISBANK,BUY,8.660909216285667,1154.613187862119,REENTRY
2025-04-17,AXISBANK,BUY,8.660909216285667,1154.613187862119,REARM
2025-04-21,SBIN,BUY,12.703356871693972,787.1935033394458,REENTRY
2025-04-22,POWERGRID,BUY,32.2965859027096,309.63025101551136,REENTRY
2025-04-22,TATACONSUM,SELL,9.48598355161723,1113.4477553285394,REDUCE
2025-04-23,CIPLA,BUY,6.592839735540497,1516.7970709332246,REENTRY
2025-04-23,GRASIM,SELL,3.7519171851231032,2740.1319323804573,REDUCE
2025-04-25,SUNPHARMA,BUY,5.591411974819033,1788.457020343891,REENTRY
2025-04-25,ULTRACEMCO,SELL,0.8497796297839612,12072.476167310208,REDUCE
2025-04-28,SBILIFE,BUY,5.925385315608555,1687.6539612804859,REENTRY
2025-04-28,SOLARINDS,BUY,0.3249172865557453,12749.369315949334,REFILL
2025-04-29,APOLLOHOSP,SELL,1.5042899862369448,7030.655206680707,REDUCE
2025-04-29,RELIANCE,BUY,7.323077156448646,1365.5461749701867,REENTRY
2025-04-29,SOLARINDS,SELL,0.16245864327787266,13182.1098512303,REDUCE
2025-05-02,PARADEEP,BUY,12.066360765449167,143.33342244147838,REFILL
2025-05-06,AXISBANK,SELL,8.660909216285667,1176.9941263517048,REDUCE
2025-05-07,POWERGRID,BUY,32.2965859027096,298.25213404779714,REARM
2025-05-07,SBILIFE,BUY,5.925385315608556,1711.6205878352055,REARM
2025-05-07,FORCEMOT,BUY,0.49200338659423204,9803.356623999429,REFILL
2025-05-08,BEL,SELL,34.29597684451896,308.4681292749077,REDUCE
2025-05-08,CIPLA,SELL,6.592839735540497,1484.1457615379347,EXIT
2025-05-08,M&M,BUY,3.2232335790823625,3102.4745041428077,REENTRY
2025-05-08,POWERGRID,SELL,32.2965859027096,303.4812345259943,REDUCE
2025-05-09,BEL,BUY,34.29597684451896,303.00413641922387,REARM
2025-05-09,AXISBANK,BUY,8.660909216285667,1159.0094902220203,REARM
2025-05-09,MAZDOCK,BUY,1.448045229778328,2799.5769130698955,REFILL
2025-05-12,APOLLOHOSP,SELL,1.5042899862369448,6782.303012426003,EXIT
2025-05-12,AXISBANK,SELL,8.660909216285667,1183.9881482207568,REDUCE
2025-05-12,BAJFINANCE,SELL,6.8078792826530705,880.6697141980056,REDUCE
2025-05-12,TITAN,BUY,2.8356029075869773,3526.586876196193,REENTRY
2025-05-13,ADANIPORTS,BUY,7.385456392008788,1354.012463037518,REENTRY
2025-05-13,APOLLOHOSP,BUY,1.4513741162097722,6890.022281859866,REENTRY
2025-05-13,HDFCLIFE,SELL,15.079159239646817,733.3729365113586,REDUCE
2025-05-13,JSWSTEEL,SELL,19.993875643120013,1002.5004137521473,EXIT
2025-05-13,LT,BUY,2.8136885856796687,3554.0535832199857,REENTRY
2025-05-13,NESTLEIND,SELL,16.958536966753233,1178.6538418157834,EXIT
2025-05-14,SHRIRAMFIN,SELL,8.08097694596118,632.7880198368233,REDUCE
2025-05-15,TATASTEEL,BUY,65.80839415034123,151.95629872314925,REENTRY
2025-05-16,POWERGRID,SELL,32.2965859027096,290.50532309086736,EXIT
2025-05-19,ADANIPORTS,BUY,7.385456392008788,1400.6854379192648,REARM
2025-05-20,ADANIPORTS,SELL,7.385456392008788,1392.2265449066854,REDUCE
2025-05-21,ADANIPORTS,BUY,7.385456392008789,1373.3185360766447,REARM
2025-05-22,CHAMBLFERT,SELL,9.356043785678262,591.7971460801659,EXIT
2025-05-23,RELIANCE,BUY,7.3230771564486465,1401.0045498118507,REARM
2025-05-26,ADANIPORTS,SELL,7.385456392008788,1389.0420547993251,REDUCE
2025-05-28,ADANIPORTS,BUY,7.385456392008788,1398.1975068241718,REARM
2025-05-29,ADANIPORTS,SELL,7.385456392008788,1414.120003112428,REDUCE
2025-05-30,ADANIPORTS,BUY,7.385456392008788,1435.018323155412,REARM
2025-06-02,ADANIPORTS,SELL,7.385456392008788,1425.8629307682531,REDUCE
2025-06-02,SHRIRAMFIN,SELL,4.04048847298059,631.6005760072517,REDUCE
2025-06-04,NESTLEIND,BUY,8.454417165602239,1182.8136468929097,REENTRY
2025-06-05,APOLLOHOSP,SELL,1.4513741162097722,6850.6244994691115,EXIT
2025-06-06,TITAN,BUY,2.8356029075869773,3513.426562012434,REARM
2025-06-09,BAJAJFINSV,SELL,2.9065343312298473,2000.0255645146797,REDUCE
2025-06-09,DRREDDY,BUY,7.581302934601543,1319.0344834209661,REENTRY
2025-06-09,EICHERMOT,SELL,0.9941961695581935,5352.595370177148,REDUCE
2025-06-09,GRASIM,SELL,3.7519171851231032,2576.5269852354995,EXIT
2025-06-10,KOTAKBANK,SELL,13.904901540428858,428.8455568942334,REDUCE
2025-06-11,TECHM,BUY,6.359291119863514,1572.5023137822043,REENTRY
2025-06-11,ULTRACEMCO,SELL,0.8497796297839612,11308.32011146306,EXIT
2025-06-13,APOLLOHOSP,BUY,1.4366088005106086,6960.837213614268,REENTRY
2025-06-16,INDIGO,SELL,2.278432212882806,5271.092356595448,REDUCE
2025-06-16,MARUTI,BUY,0.8149172820768336,12271.184106581704,REENTRY
2025-06-16,SUNPHARMA,SELL,5.591411974819033,1648.826584396991,EXIT
2025-06-17,HCLTECH,BUY,5.921523044732902,1688.75472145546,REENTRY
2025-06-17,MAZDOCK,SELL,1.448045229778328,3145.4244457153204,EXIT
2025-06-23,ADANIPORTS,SELL,3.692728196004394,1341.0,REDUCE
2025-06-24,HCLTECH,SELL,5.921523044732902,1680.8387397878778,EXIT
2025-06-24,HINDALCO,BUY,15.061804644648959,663.9310650966863,REENTRY
2025-06-24,ICICIBANK,SELL,4.040723778771525,1416.7680893764307,REDUCE
2025-06-24,SBIN,SELL,6.351678435846986,799.0,REDUCE
2025-06-25,TATACONSUM,SELL,4.742991775808615,1107.699951171875,REDUCE
2025-06-26,HCLTECH,BUY,5.98385498950513,1671.1634920195497,REENTRY
2025-06-26,NESTLEIND,SELL,8.454417165602239,1198.4631601080187,EXIT
2025-07-01,AXISBANK,SELL,4.3304546081428335,1200.973663276553,REDUCE
2025-07-01,MARUTI,SELL,0.4074586410384168,12316.691683787776,REDUCE
2025-07-09,MARUTI,SELL,0.2037293205192084,12301.852301382693,REDUCE
2025-07-09,TITAN,SELL,2.8356029075869773,3441.300048828125,REDUCE
2025-07-10,HCLTECH,SELL,5.98385498950513,1636.958325354042,EXIT
2025-07-11,ULTRACEMCO,BUY,0.8040417829096139,12437.164600840335,REENTRY
2025-07-14,HDFCLIFE,SELL,7.539579619823408,755.2000122070312,REDUCE
2025-07-14,HINDUNILVR,BUY,4.031443951388376,2480.5008132523167,REENTRY
2025-07-14,JSWSTEEL,BUY,9.615384615384615,1040.0,REENTRY
2025-07-14,TITAN,SELL,2.8356029075869773,3372.0,EXIT
2025-07-15,HINDUNILVR,SELL,4.031443951388376,2501.0393243676117,EXIT
2025-07-15,TECHM,SELL,6.359291119863514,1538.491235975622,EXIT
2025-07-16,HINDUNILVR,BUY,3.9894746211530725,2506.5957173853917,REENTRY
2025-07-16,LT,SELL,1.4068442928398344,3504.0,REDUCE
2025-07-17,HINDUNILVR,SELL,3.9894746211530725,2493.3993577519996,EXIT
2025-07-17,TECHM,BUY,6.381649887259773,1566.9928900304992,REENTRY
2025-07-18,LT,SELL,1.4068442928398344,3489.0,EXIT
2025-07-18,TECHM,SELL,6.381649887259773,1556.7005937382005,EXIT
2025-07-21,AXISBANK,SELL,4.3304546081428335,1086.0,EXIT
2025-07-22,NESTLEIND,BUY,8.131665062833282,1229.7604393110287,REENTRY
2025-07-22,RELIANCE,SELL,7.323077156448646,1421.721828538219,REDUCE
2025-07-22,SHRIRAMFIN,SELL,2.020244236490295,654.0146280330939,REDUCE
2025-07-23,SOLARINDS,SELL,0.16245864327787266,14966.0,EXIT
2025-07-24,DRREDDY,SELL,3.7906514673007714,1261.0999755859375,REDUCE
2025-07-25,DRREDDY,BUY,3.7906514673007714,1266.0,REARM
2025-07-25,HDFCLIFE,BUY,7.5395796198234075,752.8499755859375,REARM
2025-07-28,CIPLA,BUY,6.488450763573115,1541.199951171875,REENTRY
2025-07-28,HDFCLIFE,SELL,7.539579619823408,762.0,REDUCE
2025-07-28,SHRIRAMFIN,SELL,2.020244236490295,612.1199052849115,EXIT
2025-07-29,ADANIPORTS,SELL,1.846364098002197,1376.0,REDUCE
2025-07-29,GRASIM,BUY,3.6801035569430183,2717.3148378212436,REENTRY
2025-07-29,KOTAKBANK,SELL,6.952450770214429,393.3999938964844,REDUCE
2025-07-29,ETERNAL,BUY,372.56857153150986,305.0,REFILL
2025-07-30,BAJFINANCE,SELL,3.4039396413265353,890.9500122070312,REDUCE
2025-07-30,NESTLEIND,SELL,8.131665062833282,1109.0123283630685,EXIT
2025-07-30,PGEL,SELL,87.48578617408296,806.6444366540126,EXIT
2025-07-30,SBIN,SELL,3.175839217923493,798.9500122070312,REDUCE
2025-07-31,BEL,SELL,34.29597684451896,376.5198719137994,REDUCE
2025-07-31,KOTAKBANK,SELL,6.952450770214429,388.239990234375,EXIT
2025-07-31,LT,BUY,2.7586206896551726,3625.0,REENTRY
2025-08-01,HINDUNILVR,BUY,3.95239593694897,2530.110889578397,REENTRY
2025-08-01,TATASTEEL,SELL,32.904197075170615,157.92999267578125,REDUCE
2025-08-04,DRREDDY,SELL,7.581302934601543,1225.0999755859375,EXIT
2025-08-08,HINDUNILVR,SELL,3.95239593694897,2496.3760050794067,EXIT
2025-08-08,ICICIBANK,SELL,2.0203618893857627,1434.8288259088201,REDUCE
2025-08-12,HINDUNILVR,BUY,4.002625002841888,2498.3604491802103,REENTRY
2025-08-13,HINDUNILVR,SELL,4.002625002841888,2465.6178398482184,EXIT
2025-08-18,TITAN,BUY,2.860411899313501,3496.0,REENTRY
2025-08-19,HINDUNILVR,BUY,3.9182840733431137,2552.13757165593,REENTRY
2025-08-19,SRF,SELL,18.058153015737048,2924.6015581131505,REDUCE
2025-08-26,MAXHEALTH,SELL,4.557536181270115,1212.0,REDUCE
2025-08-28,RELIANCE,BUY,7.323077156448646,1389.9000244140625,REARM
2025-08-28,PAYTM,BUY,3.2052958535149862,1253.0999755859375,REFILL
2025-08-29,SYRMA,BUY,2.0560439624230087,737.6346050253588,REFILL
2025-09-01,TATACONSUM,SELL,2.3714958879043073,1059.0999755859375,REDUCE
2025-09-02,BEL,SELL,34.29597684451896,375.7005543971432,EXIT
2025-09-02,HDFCBANK,SELL,5.906103676117462,951.0,REDUCE
2025-09-02,NESTLEIND,BUY,8.560959560415444,1168.0933579266577,REENTRY
2025-09-02,RELIANCE,SELL,7.323077156448646,1354.800048828125,REDUCE
2025-09-03,BHARTIARTL,SELL,0.4123368760378791,1891.0,REDUCE
2025-09-04,ICICIBANK,SELL,1.0101809446928813,1409.9000244140625,REDUCE
2025-09-05,HDFCLIFE,SELL,3.769789809911704,764.0,REDUCE
2025-09-08,TATACONSUM,SELL,1.1857479439521537,1072.4000244140625,REDUCE
2025-09-09,FORCEMOT,SELL,0.49200338659423204,17209.00682894592,EXIT
2025-09-09,PARADEEP,SELL,12.066360765449167,185.64999389648438,EXIT
2025-09-10,DRREDDY,BUY,7.725586998908402,1294.4000244140625,REENTRY
2025-09-10,INDIGO,SELL,1.139216106441403,5665.0,REDUCE
2025-09-10,LT,SELL,1.3793103448275863,3559.0,REDUCE
2025-09-12,ICICIBANK,BUY,1.0101809446928813,1405.0999755859375,REARM
2025-09-15,HDFCBANK,BUY,5.906103676117462,969.5999755859375,REARM
2025-09-16,HDFCBANK,SELL,5.906103676117462,961.2000122070312,REDUCE
2025-09-16,ICICIBANK,SELL,1.0101809446928813,1414.0,REDUCE
2025-09-19,ICICIBANK,BUY,1.0101809446928813,1416.0999755859375,REARM
2025-09-19,INDIGO,BUY,1.139216106441403,5758.0,REARM
2025-09-22,ICICIBANK,SELL,1.0101809446928813,1403.9000244140625,REDUCE
2025-09-22,INDIGO,SELL,1.139216106441403,5698.5,REDUCE
2025-09-24,ICICIBANK,BUY,1.0101809446928813,1386.4000244140625,REARM
2025-09-24,INDIGO,BUY,1.139216106441403,5745.0,REARM
2025-09-25,ICICIBANK,SELL,1.0101809446928813,1377.0,REDUCE
2025-09-26,AXISBANK,BUY,8.608815607934025,1161.5999755859375,REENTRY
2025-09-26,BEL,BUY,24.87940599189638,401.9388567097285,REENTRY
2025-09-26,HINDUNILVR,SELL,1.9591420366715568,2515.2277385461766,REDUCE
2025-09-26,INDIGO,SELL,1.139216106441403,5679.0,REDUCE
2025-09-29,HINDUNILVR,BUY,1.959142036671557,2475.5397082588324,REARM
2025-09-30,ICICIBANK,SELL,1.0101809446928813,1353.699951171875,EXIT
2025-09-30,MAXHEALTH,SELL,4.557536181270115,1115.699951171875,EXIT
2025-10-01,AXISBANK,BUY,8.608815607934025,1132.5,REARM
2025-10-03,AXISBANK,SELL,8.608815607934025,1171.0,REDUCE
2025-10-03,ONGC,BUY,43.24177571438141,231.25784810622812,REENTRY
2025-10-03,SHRIRAMFIN,BUY,15.598352496883345,641.0933463645001,REENTRY
2025-10-03,TITAN,SELL,2.860411899313501,3379.89990234375,EXIT
2025-10-03,ULTRACEMCO,SELL,0.40202089145480696,12095.0,REDUCE
2025-10-06,BHARTIARTL,SELL,0.20616843801893955,1892.5999755859375,REDUCE
2025-10-06,DRREDDY,SELL,7.725586998908402,1248.199951171875,EXIT
2025-10-08,NESTLEIND,SELL,4.280479780207722,1163.7169091734831,REDUCE
2025-10-09,CIPLA,SELL,3.2442253817865576,1510.0,REDUCE
2025-10-09,TITAN,BUY,2.8091465427368507,3559.800048828125,REENTRY
2025-10-10,HDFCLIFE,SELL,1.884894904955852,754.9000244140625,REDUCE
2025-10-10,KOTAKBANK,BUY,23.31002331002331,429.0,REENTRY
2025-10-10,SBILIFE,SELL,5.925385315608555,1822.4665488307878,REDUCE
2025-10-13,AXISBANK,BUY,8.608815607934025,1171.0,REARM
2025-10-14,AXISBANK,SELL,8.608815607934025,1191.800048828125,REDUCE
2025-10-15,AXISBANK,BUY,8.608815607934025,1180.0,REARM
2025-10-16,HINDUNILVR,SELL,3.9182840733431137,2498.1618926654496,EXIT
2025-10-21,DRREDDY,BUY,7.763975155279503,1288.0,REENTRY
2025-10-21,SUNPHARMA,BUY,5.955596447612288,1679.0929486179662,REENTRY
2025-10-24,NETWEB,BUY,2.974094512870577,3743.699951171875,REFILL
2025-10-27,BAJAJ-AUTO,BUY,1.098961481400077,9099.5,REENTRY
2025-10-27,SAMMAANCAP,BUY,31.923512356654964,189.5,REFILL
2025-10-28,IDEA,BUY,61.7845101110895,10.100000381469727,REFILL
2025-10-30,DRREDDY,SELL,3.8819875776397517,1196.0,REDUCE
2025-10-31,BAJAJ-AUTO,SELL,0.5494807407000385,8939.5,REDUCE
2025-10-31,CIPLA,SELL,1.6221126908932788,1510.0999755859375,REDUCE
2025-10-31,DRREDDY,SELL,3.8819875776397517,1202.5,EXIT
2025-11-03,APOLLOHOSP,SELL,0.7183044002553043,7664.824189420051,REDUCE
2025-11-06,COALINDIA,BUY,26.755203543914355,373.7590702155045,REENTRY
2025-11-06,NETWEB,SELL,2.974094512870577,3659.0,EXIT
2025-11-06,CHENNPETRO,BUY,4.55461096102043,968.3288989729131,REFILL
2025-11-07,ASIANPAINT,BUY,3.8478648293906663,2598.843889634128,REENTRY
2025-11-07,GRASIM,SELL,1.8400517784715091,2700.0,REDUCE
2025-11-07,JKTYRE,BUY,21.516388943626907,447.8999938964844,REFILL
2025-11-11,ULTRACEMCO,SELL,0.40202089145480696,11750.0,EXIT
2025-11-12,BAJAJFINSV,SELL,1.4532671656149236,2009.5,REDUCE
2025-11-18,TATASTEEL,SELL,16.452098537585307,172.39999389648438,REDUCE
2025-11-18,MRPL,BUY,20.55143735066814,179.8066160550878,REFILL
2025-11-19,SUNPHARMA,BUY,5.955596447612288,1750.6282267536994,REARM
2025-11-19,CUB,BUY,31.745816519900725,276.8599853515625,REFILL
2025-11-20,BAJAJFINSV,SELL,0.7266335828074618,2064.699951171875,REDUCE
2025-11-20,COALINDIA,SELL,13.377601771957178,376.0290476867611,REDUCE
2025-11-20,HCLTECH,BUY,6.058247347308392,1650.6424097132451,REENTRY
2025-11-20,SAMMAANCAP,SELL,31.923512356654964,164.5800018310547,EXIT
2025-11-20,SUNPHARMA,SELL,5.955596447612288,1778.4476123386478,REDUCE
2025-11-21,MARUTI,SELL,0.1018646602596042,15790.0,REDUCE
2025-11-24,JSWSTEEL,SELL,4.8076923076923075,1142.0,REDUCE
2025-11-25,SYRMA,SELL,1.0280219812115043,818.0,REDUCE
2025-11-25,M&MFIN,BUY,0.4316609000463795,355.54998779296875,REFILL
2025-11-26,SUNPHARMA,BUY,5.955596447612288,1764.0411838676196,REARM
2025-11-26,AUBANK,BUY,2.0747070598237274,943.0,REFILL
2025-11-27,BAJFINANCE,SELL,1.7019698206632676,1015.5999755859375,REDUCE
2025-11-27,CHENNPETRO,SELL,4.55461096102043,900.5161347778255,EXIT
2025-11-27,GRASIM,SELL,1.8400517784715091,2748.0,EXIT
2025-11-27,KOTAKBANK,SELL,11.655011655011656,420.79998779296875,REDUCE
2025-11-28,CANBK,BUY,6.760813079483517,151.99000549316406,REFILL
2025-12-01,SYRMA,SELL,0.5140109906057522,823.5,REDUCE
2025-12-01,BSE,BUY,0.8749469997315916,2919.0,REFILL
2025-12-02,HCLTECH,BUY,6.058247347308392,1639.1258269881153,REARM
2025-12-02,IIFL,BUY,3.4984666880978046,582.688591959145,REFILL
2025-12-03,BAJFINANCE,SELL,0.8509849103316338,1021.0,REDUCE
2025-12-03,BEL,SELL,12.43970299594819,410.25347259733854,REDUCE
2025-12-03,FEDERALBNK,BUY,21.14906847058718,259.0,REFILL
2025-12-04,INDIGO,SELL,0.5696080532207015,5520.0,REDUCE
2025-12-04,MUTHOOTFIN,BUY,0.4908703072705851,3738.390052173023,REFILL
2025-12-05,TECHM,BUY,6.381213806260834,1567.0999755859375,REENTRY
2025-12-05,NATIONALUM,BUY,21.449982637019836,265.91999905816147,REFILL
2025-12-08,APOLLOHOSP,SELL,0.7183044002553043,7147.510920269782,EXIT
2025-12-08,INDIGO,SELL,0.5696080532207015,5110.0,EXIT
2025-12-08,MRPL,SELL,20.55143735066814,150.42645219405432,EXIT
2025-12-08,MARUTI,SELL,0.0509323301298021,16200.0,REDUCE
2025-12-08,MCX,BUY,1.9395549518408972,2077.800048828125,REFILL
2025-12-09,TECHM,BUY,6.381213806260834,1579.0999755859375,REARM
2025-12-09,PTCIL,BUY,0.4438058827934356,18939.0,REFILL
2025-12-10,BAJFINANCE,SELL,0.4254924551658169,1016.0,REDUCE
2025-12-10,CIPLA,SELL,1.6221126908932788,1492.0,EXIT
2025-12-10,JSWSTEEL,SELL,2.4038461538461537,1101.300048828125,REDUCE
2025-12-10,SYRMA,SELL,0.5140109906057522,759.0999755859375,EXIT
2025-12-10,TATACONSUM,SELL,0.5928739719760768,1141.0999755859375,REDUCE
2025-12-10,TECHM,SELL,6.381213806260834,1563.0,REDUCE
2025-12-12,ONGC,SELL,21.620887857190706,233.01673559362823,REDUCE
2025-12-15,DRREDDY,BUY,7.843752300966461,1274.9000244140625,REENTRY
2025-12-16,ONGC,SELL,21.620887857190706,228.7862831727476,EXIT
2025-12-18,TECHM,BUY,6.381213806260834,1581.0,REARM
2025-12-19,AXISBANK,SELL,8.608815607934025,1236.699951171875,REDUCE
2025-12-19,BAJAJ-AUTO,SELL,0.27474037035001925,8830.5,REDUCE
2025-12-19,HDFCBANK,SELL,2.953051838058731,987.0,REDUCE
2025-12-23,INFY,BUY,5.955926146515783,1679.0,REENTRY
2025-12-23,WIPRO,BUY,37.713880608932534,265.15436328849967,REENTRY
2025-12-24,SRF,SELL,9.029076507868524,3099.478557436499,REDUCE
2025-12-24,KIRLOSENG,BUY,4.091303308098284,1287.8323263682814,REFILL
2025-12-26,HDFCLIFE,SELL,0.942447452477926,753.0,REDUCE
2025-12-30,HDFCLIFE,SELL,0.942447452477926,746.4500122070312,EXIT
2025-12-30,HINDCOPPER,BUY,10.093468096064427,482.1769301631491,REFILL
2025-12-31,ADANIPORTS,SELL,0.9231820490010985,1468.5,REDUCE
2025-12-31,ASHOKLEY,BUY,13.650726045542593,178.47999572753906,REFILL
2026-01-02,PAYTM,SELL,1.6026479267574931,1292.0,REDUCE
2026-01-02,VEDL,BUY,4.864931687288758,594.2751118891906,REFILL
2026-01-05,INFY,SELL,2.9779630732578917,1637.0,REDUCE
2026-01-05,NTPC,BUY,28.75837661514268,347.7247736833141,REENTRY
2026-01-05,WIPRO,SELL,18.856940304466267,262.66855122506394,REDUCE
2026-01-06,DRREDDY,SELL,3.9218761504832305,1250.0,REDUCE
2026-01-06,HDFCLIFE,BUY,13.259082256889377,754.2000122070312,REENTRY
2026-01-06,INFY,SELL,2.9779630732578917,1600.0999755859375,EXIT
2026-01-06,WIPRO,SELL,18.856940304466267,256.67330390277135,EXIT
2026-01-07,ICICIBANK,BUY,7.1022727272727275,1408.0,REENTRY
2026-01-07,HINDZINC,BUY,0.5161875382334317,649.0999755859375,REFILL
2026-01-08,DRREDDY,SELL,3.9218761504832305,1241.5999755859375,EXIT
2026-01-08,HCLTECH,SELL,6.058247347308392,1641.409440982351,REDUCE
2026-01-08,INFY,BUY,6.101653457217555,1638.9000244140625,REENTRY
2026-01-08,ULTRACEMCO,BUY,0.8220304151253597,12165.0,REENTRY
2026-01-08,WIPRO,BUY,37.86701881115823,264.08205118733326,REENTRY
2026-01-09,BAJAJFINSV,SELL,0.7266335828074618,2008.9000244140625,EXIT
2026-01-09,HDFCBANK,SELL,2.953051838058731,945.0,EXIT
2026-01-09,INFY,SELL,6.101653457217555,1610.0,EXIT
2026-01-09,RELIANCE,SELL,3.661538578224323,1465.0,REDUCE
2026-01-09,INDIACEM,BUY,12.936854971929186,470.0,REFILL
2026-01-12,WIPRO,BUY,37.86701881115823,254.13877165896557,REARM
2026-01-12,IPCALAB,BUY,7.978459578062561,1574.0,REFILL
2026-01-13,BAJFINANCE,SELL,0.4254924551658169,950.0,EXIT
2026-01-13,BHARTIARTL,SELL,0.10308421900946978,2047.0,REDUCE
2026-01-13,HDFCLIFE,SELL,13.259082256889377,750.0999755859375,EXIT
2026-01-13,PAYTM,SELL,0.8013239633787466,1278.9000244140625,REDUCE
2026-01-13,ANURAS,BUY,0.6714466493309698,1318.9000244140625,REFILL
2026-01-14,ADANIPORTS,SELL,0.46159102450054923,1429.0,REDUCE
2026-01-14,LT,SELL,0.6896551724137931,3900.0,REDUCE
2026-01-16,ONGC,BUY,41.45531373742426,241.2235995447885,REENTRY
2026-01-16,WIPRO,SELL,75.73403762231646,256.62459515288,EXIT
2026-01-19,INFY,BUY,5.9347181008902075,1685.0,REENTRY
2026-01-19,KOTAKBANK,SELL,11.655011655011656,419.0,EXIT
2026-01-19,WIPRO,BUY,40.7070460400811,245.6577170977665,REENTRY
2026-01-20,HINDUNILVR,BUY,4.127115146512588,2423.0,REENTRY
2026-01-20,ICICIBANK,SELL,7.1022727272727275,1374.699951171875,EXIT
2026-01-20,KOTAKBANK,BUY,23.364485981308412,428.0,REENTRY
2026-01-20,RELIANCE,SELL,3.661538578224323,1410.699951171875,EXIT
2026-01-20,SUNPHARMA,SELL,11.911192895224575,1663.2955234676385,EXIT
2026-01-21,NTPC,BUY,28.75837661514268,336.2613053103078,REARM
2026-01-21,KOTAKBANK,BUY,23.364485981308412,422.1000061035156,REARM
2026-01-21,UNIONBANK,BUY,65.18326071761612,174.75999450683594,REFILL
2026-01-22,ADANIPORTS,SELL,0.46159102450054923,1400.0,EXIT
2026-01-22,HINDUNILVR,SELL,4.127115146512588,2368.89990234375,EXIT
2026-01-22,KIRLOSENG,SELL,4.091303308098284,1113.0401172778681,EXIT
2026-01-22,M&M,SELL,1.6116167895411813,3600.0,REDUCE
2026-01-22,PAYTM,SELL,0.4006619816893733,1246.5,REDUCE
2026-01-22,IDEA,SELL,61.7845101110895,10.289999961853027,EXIT
2026-01-22,EMCURE,BUY,5.04254857929971,1557.9000244140625,REFILL
2026-01-23,GRASIM,BUY,3.584357987754027,2789.89990234375,REENTRY
2026-01-23,IIFL,SELL,3.4984666880978046,545.960343019553,EXIT
2026-01-23,KOTAKBANK,SELL,23.364485981308412,429.0,REDUCE
2026-01-27,ULTRACEMCO,BUY,0.8220304151253597,12544.0,REARM
2026-01-27,MAHABANK,BUY,114.38368754832541,65.69000244140625,REFILL
2026-01-28,ASIANPAINT,SELL,1.9239324146953332,2535.0,REDUCE
2026-01-28,PAYTM,SELL,0.4006619816893733,1155.0,EXIT
2026-01-28,KARURVYSYA,BUY,11.696729271579851,292.54998779296875,REFILL
2026-01-29,ASIANPAINT,SELL,1.9239324146953332,2511.800048828125,EXIT
2026-01-29,MARUTI,SELL,0.02546616506490105,14870.0,REDUCE
2026-01-30,MARUTI,SELL,0.02546616506490105,14502.0,EXIT
2026-01-30,TATACONSUM,SELL,0.5928739719760768,1106.5,EXIT
2026-01-30,OIL,BUY,6.125845320141495,503.84428716986343,REFILL
2026-02-02,SRF,BUY,9.029076507868524,2727.0,REARM
2026-02-03,BSE,SELL,0.4374734998657958,2850.0,REDUCE
2026-02-03,HINDCOPPER,SELL,10.093468096064427,638.8756953298124,EXIT
2026-02-03,HINDZINC,SELL,0.5161875382334317,635.9000244140625,EXIT
2026-02-03,KOTAKBANK,SELL,23.364485981308412,415.0,EXIT
2026-02-03,MUTHOOTFIN,SELL,0.24543515363529256,3693.7673811764625,REDUCE
2026-02-03,NTPC,SELL,28.75837661514268,363.20788654042616,REDUCE
2026-02-03,ULTRACEMCO,SELL,0.8220304151253597,12800.0,REDUCE
2026-02-04,ADANIPORTS,BUY,6.5363748221586615,1529.9000244140625,REENTRY
2026-02-04,CANBK,SELL,3.3804065397417586,147.5,REDUCE
2026-02-04,POWERGRID,BUY,35.014759628369674,285.5938497403762,REENTRY
2026-02-04,WIPRO,SELL,40.7070460400811,235.91000366210938,EXIT
2026-02-05,ICICIBANK,BUY,7.072135785007072,1414.0,REENTRY
2026-02-05,INFY,SELL,5.9347181008902075,1534.0,EXIT
2026-02-05,IPCALAB,SELL,3.9892297890312807,1411.0,REDUCE
2026-02-06,ICICIBANK,SELL,7.072135785007072,1396.699951171875,EXIT
2026-02-09,EICHERMOT,SELL,0.4970980847790967,7116.0,REDUCE
2026-02-09,HINDUNILVR,BUY,4.123711340206185,2425.0,REENTRY
2026-02-09,ICICIBANK,BUY,7.074637424831978,1413.5,REENTRY
2026-02-09,NATIONALUM,SELL,21.449982637019836,358.25,EXIT
2026-02-09,PTCIL,SELL,0.2219029413967178,17600.0,REDUCE
2026-02-10,DRREDDY,BUY,7.818608287724785,1279.0,REENTRY
2026-02-10,ICICIBANK,SELL,7.074637424831978,1401.0,EXIT
2026-02-10,KOTAKBANK,BUY,23.212628327198885,430.79998779296875,REENTRY
2026-02-10,SBILIFE,SELL,2.9626926578042774,2021.1903296460837,REDUCE
2026-02-11,HCLTECH,SELL,3.029123673654196,1574.0,REDUCE
2026-02-11,ICICIBANK,BUY,7.105300430958328,1407.4000244140625,REENTRY
2026-02-12,APOLLOHOSP,BUY,1.3329707310706929,7502.040192561181,REENTRY
2026-02-12,HCLTECH,SELL,3.029123673654196,1529.0,EXIT
2026-02-13,HINDUNILVR,SELL,4.123711340206185,2400.0,EXIT
2026-02-13,M&M,SELL,0.8058083947705906,3530.0,REDUCE
2026-02-16,BAJFINANCE,BUY,9.774693435628746,1023.0499877929688,REENTRY
2026-02-16,MUTHOOTFIN,SELL,0.12271757681764628,3549.9830835152593,REDUCE
2026-02-17,BAJAJFINSV,BUY,4.88997555012225,2045.0,REENTRY
2026-02-17,PTCIL,SELL,0.1109514706983589,18000.0,REDUCE
2026-02-17,TECHM,SELL,12.762427612521668,1512.699951171875,EXIT
2026-02-18,KOTAKBANK,SELL,11.606314163599443,425.70001220703125,REDUCE
2026-02-19,MUTHOOTFIN,SELL,0.12271757681764628,3433.865028544004,EXIT
2026-02-19,TATACONSUM,BUY,8.554319931565441,1169.0,REENTRY
2026-02-20,BSE,SELL,0.2187367499328979,2741.0,REDUCE
2026-02-20,ICICIBANK,SELL,7.105300430958328,1388.5,EXIT
2026-02-20,KOTAKBANK,SELL,11.606314163599443,415.0,EXIT
2026-02-20,PTCIL,SELL,0.05547573534917945,17740.0,REDUCE
2026-02-24,ANURAS,SELL,0.3357233246654849,1272.199951171875,REDUCE
2026-02-24,KOTAKBANK,BUY,23.207240987806355,430.8999938964844,REENTRY
2026-02-25,BHARTIARTL,SELL,0.10308421900946978,1955.0,EXIT
2026-02-26,KOTAKBANK,SELL,11.603620493903177,426.70001220703125,REDUCE
2026-02-27,ICICIBANK,BUY,7.142857142857143,1400.0,REENTRY
2026-02-27,SUNPHARMA,BUY,5.621135469364812,1779.0,REENTRY
2026-03-02,POWERGRID,BUY,35.014759628369674,290.0,REARM
2026-03-04,BSE,SELL,0.2187367499328979,2600.0,EXIT
2026-03-04,INDIACEM,SELL,12.936854971929186,389.3999938964844,EXIT
2026-03-04,FORCEMOT,BUY,0.09873054333616006,22840.0,REFILL
2026-03-05,FORCEMOT,SELL,0.09873054333616006,21830.0,EXIT
2026-03-05,NATIONALUM,BUY,17.28332696423745,377.0,REFILL
2026-03-06,ADANIPORTS,SELL,3.2681874110793308,1489.0,REDUCE
2026-03-06,M&M,SELL,0.8058083947705906,3315.0,EXIT
2026-03-06,POWERINDIA,BUY,0.014698936985458667,25500.0,REFILL
2026-03-09,APOLLOHOSP,BUY,1.3329707310706929,7588.0,REARM
2026-03-09,DRREDDY,BUY,7.818608287724785,1285.5,REARM
2026-03-09,MRPL,BUY,43.70043800033913,203.80041989103603,REFILL
2026-03-10,ADANIPORTS,SELL,3.2681874110793308,1450.0,EXIT
2026-03-10,APOLLOHOSP,SELL,1.3329707310706929,7865.0,REDUCE
2026-03-10,M&MFIN,SELL,0.21583045002318976,351.3500061035156,REDUCE
2026-03-10,SBILIFE,SELL,1.4813463289021387,1933.300048828125,REDUCE
2026-03-12,APOLLOHOSP,BUY,1.3329707310706929,7590.0,REARM
2026-03-12,ABSLAMC,BUY,2.7677021287807415,998.0,REFILL
2026-03-13,APOLLOHOSP,SELL,1.3329707310706929,7556.0,REDUCE
2026-03-13,ASHOKLEY,SELL,13.650726045542593,176.60000610351562,EXIT
2026-03-13,BAJFINANCE,SELL,9.774693435628746,861.0,EXIT
2026-03-13,BAJAJFINSV,SELL,4.88997555012225,1760.0999755859375,EXIT
2026-03-13,CUB,SELL,31.745816519900725,242.5500030517578,EXIT
2026-03-13,DRREDDY,SELL,7.818608287724785,1310.0,REDUCE
2026-03-13,ETERNAL,SELL,372.56857153150986,220.89999389648438,EXIT
2026-03-13,GABRIEL,SELL,186.72755776625723,878.4000244140625,EXIT
2026-03-13,GALLANTT,SELL,228.81688536767032,552.0,EXIT
2026-03-13,GODFRYPHLP,SELL,42.97993046462281,2080.0,EXIT
2026-03-13,GRASIM,SELL,3.584357987754027,2655.0,EXIT
2026-03-13,ICICIBANK,SELL,7.142857142857143,1251.9000244140625,EXIT
2026-03-13,JKTYRE,SELL,21.516388943626907,427.20001220703125,EXIT
2026-03-13,KOTAKBANK,SELL,11.603620493903177,373.0,EXIT
2026-03-13,LT,SELL,0.6896551724137931,3696.0,EXIT
2026-03-13,MANAPPURAM,SELL,481.8914927446049,254.0,EXIT
2026-03-13,NH,SELL,64.30098540177613,1710.0,EXIT
2026-03-13,NESTLEIND,SELL,4.280479780207722,1219.0,EXIT
2026-03-13,SRF,SELL,18.058153015737048,2609.89990234375,EXIT
2026-03-13,TATACONSUM,SELL,8.554319931565441,1049.0,EXIT
2026-03-13,ULTRACEMCO,SELL,0.8220304151253597,11000.0,EXIT
2026-03-16,AUBANK,SELL,1.0373535299118637,880.5999755859375,REDUCE
2026-03-16,AXISBANK,SELL,8.608815607934025,1199.199951171875,EXIT
2026-03-16,BAJAJ-AUTO,SELL,0.27474037035001925,8866.0,EXIT
2026-03-16,MAHABANK,SELL,114.38368754832541,63.900001525878906,EXIT
2026-03-16,CANBK,SELL,3.3804065397417586,134.5,EXIT
2026-03-16,EICHERMOT,SELL,0.4970980847790967,6701.0,EXIT
2026-03-16,KARURVYSYA,SELL,11.696729271579851,277.54998779296875,EXIT
2026-03-16,M&MFIN,SELL,0.21583045002318976,328.0,EXIT
2026-03-16,PTCIL,SELL,0.027737867674589724,16999.0,REDUCE
2026-03-16,SBILIFE,SELL,1.4813463289021387,1901.0,EXIT
2026-03-20,APOLLOHOSP,SELL,1.3329707310706929,7231.5,EXIT
2026-03-23,SHRIRAMFIN,SELL,15.598352496883345,930.0,EXIT
2026-03-24,AUBANK,SELL,1.0373535299118637,864.9500122070312,EXIT
2026-03-24,BEL,SELL,12.43970299594819,412.5,EXIT
2026-03-24,DRREDDY,SELL,7.818608287724785,1267.199951171875,EXIT
2026-03-24,FEDERALBNK,SELL,21.14906847058718,262.25,EXIT
2026-03-24,HINDALCO,SELL,15.061804644648959,849.0,EXIT
2026-03-24,JSWSTEEL,SELL,2.4038461538461537,1131.9000244140625,EXIT
2026-03-24,NATIONALUM,SELL,17.28332696423745,358.54998779296875,EXIT
2026-03-24,SBIN,SELL,3.175839217923493,1055.199951171875,EXIT
2026-03-24,UNIONBANK,SELL,65.18326071761612,173.50999450683594,EXIT
2026-03-24,VEDL,SELL,4.864931687288758,653.0928200884729,EXIT
2026-03-25,APOLLOHOSP,BUY,1.3403029084573113,7461.0,REENTRY
2026-03-27,DRREDDY,BUY,7.710100231303007,1297.0,REENTRY
2026-03-30,PTCIL,SELL,0.027737867674589724,15300.0,EXIT
2026-04-01,APOLLOHOSP,SELL,1.3403029084573113,7549.0,EXIT
2026-04-01,DRREDDY,SELL,7.710100231303007,1280.0,EXIT
2026-04-08,HINDALCO,BUY,10.256410256410257,975.0,REENTRY
2026-04-09,ADANIPORTS,BUY,6.958942240779401,1437.0,REENTRY
2026-04-09,AXISBANK,BUY,7.562580073155407,1322.300048828125,REENTRY
2026-04-09,LT,BUY,2.507522567703109,3988.0,REENTRY
2026-04-09,SHRIRAMFIN,BUY,9.900010139292611,1010.0999755859375,REENTRY
2026-04-10,APOLLOHOSP,BUY,1.3333333333333333,7500.0,REENTRY
2026-04-10,BAJAJ-AUTO,BUY,1.0638297872340425,9400.0,REENTRY
2026-04-10,BEL,BUY,22.517450715074055,444.1000061035156,REENTRY
2026-04-10,JSWSTEEL,BUY,8.264462809917354,1210.0,REENTRY
2026-04-13,EICHERMOT,BUY,1.3986013986013985,7150.0,REENTRY
2026-04-13,MRPL,SELL,43.70043800033913,173.0,EXIT
2026-04-13,SUNPHARMA,SELL,5.621135469364812,1654.9000244140625,EXIT
2026-04-16,EICHERMOT,BUY,1.3986013986013985,7160.0,REARM
2026-04-16,APARINDS,BUY,9.396530794483953,11400.0,REFILL
2026-04-16,GALLANTT,BUY,132.0762624614711,811.0499877929688,REFILL
2026-04-16,SPLPETRO,BUY,137.68695508626874,778.0,REFILL
2026-04-16,KIRLOSENG,BUY,66.2054703690464,1618.0,REFILL
2026-04-16,SCHNEIDER,BUY,106.90663778155395,1002.0,REFILL
2026-04-16,GVT&D,BUY,25.663740071182815,4174.0,REFILL
2026-04-16,THERMAX,BUY,19.736291771852404,4085.0,REFILL
2026-04-17,NESTLEIND,BUY,7.948493914676916,1258.0999755859375,REENTRY
2026-04-17,SBILIFE,BUY,5.083884087442806,1967.0,REENTRY
2026-04-17,SBILIFE,BUY,5.083884087442806,1967.0,REARM
2026-04-17,NESTLEIND,BUY,7.948493914676916,1258.0999755859375,REARM
