date,symbol,decision
2021-04-22,360ONE,EXIT
2021-04-22,ABB,EXIT
2021-04-22,AIAENG,EXIT
2021-04-22,AUBANK,EXIT
2021-04-22,ABBOTINDIA,EXIT
2021-04-22,ACE,EXIT
2021-04-22,ADANIGREEN,EXIT
2021-04-22,ADANIPOWER,EXIT
2021-04-22,ABFRL,EXIT
2021-04-22,ABREL,EXIT
2021-04-22,ALKEM,EXIT
2021-04-22,ANANTRAJ,REDUCE
2021-04-22,ANGELONE,REDUCE
2021-04-22,APOLLOTYRE,EXIT
2021-04-22,ASHOKLEY,EXIT
2021-04-22,ASTERDM,EXIT
2021-04-22,DMART,EXIT
2021-04-22,AXISBANK,EXIT
2021-04-22,BEML,EXIT
2021-04-22,BLS,EXIT
2021-04-22,BSE,EXIT
2021-04-22,BAJAJ-AUTO,EXIT
2021-04-22,BAJFINANCE,EXIT
2021-04-22,BAJAJHLDNG,REDUCE
2021-04-22,BALKRISIND,REDUCE
2021-04-22,BANDHANBNK,EXIT
2021-04-22,BANKBARODA,EXIT
2021-04-22,BANKINDIA,EXIT
2021-04-22,MAHABANK,EXIT
2021-04-22,BATAINDIA,EXIT
2021-04-22,BAYERCROP,EXIT
2021-04-22,BERGEPAINT,EXIT
2021-04-22,BDL,EXIT
2021-04-22,BEL,EXIT
2021-04-22,BHARATFORG,REDUCE
2021-04-22,BHEL,EXIT
2021-04-22,BHARTIARTL,EXIT
2021-04-22,BIOCON,EXIT
2021-04-22,BSOFT,REDUCE
2021-04-22,BBTC,EXIT
2021-04-22,BOSCHLTD,EXIT
2021-04-22,BRIGADE,EXIT
2021-04-22,BRITANNIA,REDUCE
2021-04-22,CCL,REDUCE
2021-04-22,CESC,EXIT
2021-04-22,CGPOWER,EXIT
2021-04-22,CRISIL,EXIT
2021-04-22,CANFINHOME,EXIT
2021-04-22,CANBK,EXIT
2021-04-22,CAPLIPOINT,EXIT
2021-04-22,CASTROLIND,EXIT
2021-04-22,CEATLTD,EXIT
2021-04-22,CENTRALBK,EXIT
2021-04-22,CHALET,EXIT
2021-04-22,CHAMBLFERT,EXIT
2021-04-22,CHENNPETRO,EXIT
2021-04-22,CUB,EXIT
2021-04-22,COALINDIA,EXIT
2021-04-22,COCHINSHIP,REDUCE
2021-04-22,COLPAL,REDUCE
2021-04-22,CAMS,REDUCE
2021-04-22,COROMANDEL,EXIT
2021-04-22,CREDITACC,EXIT
2021-04-22,CROMPTON,EXIT
2021-04-22,DLF,EXIT
2021-04-22,DRREDDY,REDUCE
2021-04-22,EIDPARRY,REDUCE
2021-04-22,EIHOTEL,EXIT
2021-04-22,EICHERMOT,EXIT
2021-04-22,ENDURANCE,REDUCE
2021-04-22,ENGINERSIN,EXIT
2021-04-22,ESCORTS,EXIT
2021-04-22,EXIDEIND,EXIT
2021-04-22,FEDERALBNK,EXIT
2021-04-22,FACT,EXIT
2021-04-22,FINCABLES,EXIT
2021-04-22,FORCEMOT,EXIT
2021-04-22,GVT&D,EXIT
2021-04-22,GMRAIRPORT,EXIT
2021-04-22,GABRIEL,EXIT
2021-04-22,GRSE,EXIT
2021-04-22,GILLETTE,EXIT
2021-04-22,GLAND,REDUCE
2021-04-22,GLAXO,EXIT
2021-04-22,GODFRYPHLP,EXIT
2021-04-22,GODREJCP,EXIT
2021-04-22,GODREJPROP,EXIT
2021-04-22,GRANULES,EXIT
2021-04-22,GRAVITA,EXIT
2021-04-22,GESHIP,REDUCE
2021-04-22,GMDCLTD,EXIT
2021-04-22,GSPL,EXIT
2021-04-22,HDFCAMC,EXIT
2021-04-22,HDFCBANK,EXIT
2021-04-22,HDFCLIFE,REDUCE
2021-04-22,HFCL,EXIT
2021-04-22,HAVELLS,EXIT
2021-04-22,HEROMOTOCO,EXIT
2021-04-22,HSCL,EXIT
2021-04-22,HAL,EXIT
2021-04-22,HOMEFIRST,REDUCE
2021-04-22,HUDCO,EXIT
2021-04-22,ICICIBANK,EXIT
2021-04-22,ICICIGI,EXIT
2021-04-22,IDBI,EXIT
2021-04-22,IDFCFIRSTB,EXIT
2021-04-22,IFCI,EXIT
2021-04-22,IIFL,EXIT
2021-04-22,IRB,EXIT
2021-04-22,IRCON,EXIT
2021-04-22,ITC,REDUCE
2021-04-22,ITI,EXIT
2021-04-22,INDIACEM,REDUCE
2021-04-22,INDIAMART,EXIT
2021-04-22,INDIANB,EXIT
2021-04-22,INDHOTEL,EXIT
2021-04-22,IOC,REDUCE
2021-04-22,IOB,EXIT
2021-04-22,IRCTC,EXIT
2021-04-22,IRFC,REDUCE
2021-04-22,IGL,REDUCE
2021-04-22,INDUSINDBK,EXIT
2021-04-22,NAUKRI,REDUCE
2021-04-22,INDIGO,EXIT
2021-04-22,IPCALAB,REDUCE
2021-04-22,JBMA,EXIT
2021-04-22,JKTYRE,EXIT
2021-04-22,JMFINANCIL,EXIT
2021-04-22,JPPOWER,EXIT
2021-04-22,J&KBANK,EXIT
2021-04-22,JINDALSAW,EXIT
2021-04-22,JSL,EXIT
2021-04-22,JUBLFOOD,REDUCE
2021-04-22,JUBLPHARMA,EXIT
2021-04-22,JWL,EXIT
2021-04-22,KEI,REDUCE
2021-04-22,KAJARIACER,REDUCE
2021-04-22,KARURVYSYA,EXIT
2021-04-22,KEC,EXIT
2021-04-22,KOTAKBANK,EXIT
2021-04-22,LTF,EXIT
2021-04-22,LTTS,REDUCE
2021-04-22,LICHSGFIN,EXIT
2021-04-22,LT,EXIT
2021-04-22,LEMONTREE,EXIT
2021-04-22,MMTC,EXIT
2021-04-22,MRF,EXIT
2021-04-22,MGL,REDUCE
2021-04-22,M&MFIN,EXIT
2021-04-22,M&M,EXIT
2021-04-22,MANAPPURAM,EXIT
2021-04-22,MRPL,EXIT
2021-04-22,MARUTI,EXIT
2021-04-22,MAXHEALTH,REDUCE
2021-04-22,MAZDOCK,REDUCE
2021-04-22,MINDACORP,REDUCE
2021-04-22,MOTILALOFS,EXIT
2021-04-22,MCX,EXIT
2021-04-22,MUTHOOTFIN,EXIT
2021-04-22,NATCOPHARM,REDUCE
2021-04-22,NBCC,EXIT
2021-04-22,NCC,EXIT
2021-04-22,NHPC,REDUCE
2021-04-22,NLCINDIA,EXIT
2021-04-22,NH,EXIT
2021-04-22,NESTLEIND,EXIT
2021-04-22,NAM-INDIA,REDUCE
2021-04-22,OBEROIRLTY,REDUCE
2021-04-22,ONGC,REDUCE
2021-04-22,OIL,REDUCE
2021-04-22,OLECTRA,EXIT
2021-04-22,PGEL,EXIT
2021-04-22,PNBHOUSING,EXIT
2021-04-22,PATANJALI,EXIT
2021-04-22,PETRONET,EXIT
2021-04-22,PFIZER,REDUCE
2021-04-22,PHOENIXLTD,EXIT
2021-04-22,PFC,EXIT
2021-04-22,PRESTIGE,REDUCE
2021-04-22,PNB,EXIT
2021-04-22,RBLBANK,EXIT
2021-04-22,RECLTD,EXIT
2021-04-22,RITES,EXIT
2021-04-22,RADICO,EXIT
2021-04-22,RVNL,EXIT
2021-04-22,RKFORGE,EXIT
2021-04-22,RELIANCE,EXIT
2021-04-22,RPOWER,EXIT
2021-04-22,SBICARD,EXIT
2021-04-22,SJVN,REDUCE
2021-04-22,SAMMAANCAP,EXIT
2021-04-22,SCHNEIDER,EXIT
2021-04-22,SCI,EXIT
2021-04-22,SHRIRAMFIN,REDUCE
2021-04-22,SIEMENS,REDUCE
2021-04-22,SBIN,EXIT
2021-04-22,SUMICHEM,EXIT
2021-04-22,SUNTV,EXIT
2021-04-22,SUNDARMFIN,EXIT
2021-04-22,SUPREMEIND,REDUCE
2021-04-22,SUZLON,EXIT
2021-04-22,SWANCORP,EXIT
2021-04-22,TVSMOTOR,EXIT
2021-04-22,TATACOMM,EXIT
2021-04-22,TCS,REDUCE
2021-04-22,TATAINVEST,REDUCE
2021-04-22,TATAPOWER,EXIT
2021-04-22,TTML,EXIT
2021-04-22,TEJASNET,EXIT
2021-04-22,NIACL,EXIT
2021-04-22,TITAGARH,EXIT
2021-04-22,TITAN,REDUCE
2021-04-22,TORNTPHARM,EXIT
2021-04-22,TARIL,EXIT
2021-04-22,TRIDENT,EXIT
2021-04-22,UCOBANK,EXIT
2021-04-22,UNOMINDA,EXIT
2021-04-22,UTIAMC,REDUCE
2021-04-22,ULTRACEMCO,REDUCE
2021-04-22,UNIONBANK,EXIT
2021-04-22,UBL,EXIT
2021-04-22,VBL,EXIT
2021-04-22,IDEA,EXIT
2021-04-22,VOLTAS,REDUCE
2021-04-22,WHIRLPOOL,EXIT
2021-04-22,WOCKPHARMA,REDUCE
2021-04-22,YESBANK,EXIT
2021-04-22,ZEEL,EXIT
2021-04-22,ZENTEC,EXIT
2021-04-22,ZENSARTECH,EXIT
2021-04-23,ANANTRAJ,EXIT
2021-04-23,ENDURANCE,EXIT
2021-04-23,NAUKRI,HOLD
2021-04-23,KEI,HOLD
2021-04-23,NHPC,HOLD
2021-04-23,SHRIRAMFIN,HOLD
2021-04-23,TRENT,EXIT
2021-04-23,WOCKPHARMA,HOLD
2021-04-26,ABCAPITAL,EXIT
2021-04-26,BSOFT,HOLD
2021-04-26,BRITANNIA,EXIT
2021-04-26,CGPOWER,HOLD
2021-04-26,CARBORUNIV,REDUCE
2021-04-26,GESHIP,HOLD
2021-04-26,HCLTECH,REDUCE
2021-04-26,HDFCLIFE,HOLD
2021-04-26,SHRIRAMFIN,REDUCE
2021-04-26,TATACOMM,HOLD
2021-04-26,TECHM,REDUCE
2021-04-27,3MINDIA,EXIT
2021-04-27,BSE,HOLD
2021-04-27,BALKRISIND,HOLD
2021-04-27,MAHABANK,HOLD
2021-04-27,CESC,HOLD
2021-04-27,CANFINHOME,HOLD
2021-04-27,LALPATHLAB,EXIT
2021-04-27,HDFCLIFE,REDUCE
2021-04-27,INDUSTOWER,REDUCE
2021-04-27,JSL,HOLD
2021-04-27,JUBLFOOD,HOLD
2021-04-27,NAM-INDIA,HOLD
2021-04-27,SOLARINDS,REDUCE
2021-04-27,SUPREMEIND,HOLD
2021-04-27,TEJASNET,HOLD
2021-04-28,AAVAS,REDUCE
2021-04-28,ADANIPOWER,HOLD
2021-04-28,ABREL,HOLD
2021-04-28,BHEL,HOLD
2021-04-28,FACT,HOLD
2021-04-28,IRCTC,HOLD
2021-04-28,INDUSTOWER,HOLD
2021-04-28,INDIGO,REDUCE
2021-04-28,MINDACORP,HOLD
2021-04-28,RKFORGE,HOLD
2021-04-28,SIEMENS,HOLD
2021-04-29,BSOFT,REDUCE
2021-04-29,CARBORUNIV,HOLD
2021-04-29,CUB,HOLD
2021-04-29,LALPATHLAB,HOLD
2021-04-29,INDIGO,HOLD
2021-04-29,RADICO,HOLD
2021-04-29,RPOWER,HOLD
2021-04-29,SUMICHEM,HOLD
2021-04-29,SUNDARMFIN,HOLD
2021-04-29,TATACOMM,EXIT
2021-04-29,TRITURBINE,REDUCE
2021-04-30,AMBER,REDUCE
2021-04-30,ASTRAL,EXIT
2021-04-30,CESC,REDUCE
2021-04-30,CASTROLIND,HOLD
2021-04-30,CHENNPETRO,HOLD
2021-04-30,CUB,EXIT
2021-04-30,COLPAL,EXIT
2021-04-30,EIDPARRY,HOLD
2021-04-30,GMDCLTD,HOLD
2021-04-30,GSPL,HOLD
2021-04-30,JINDALSAW,HOLD
2021-04-30,LTTS,HOLD
2021-04-30,MRPL,HOLD
2021-04-30,ONGC,HOLD
2021-04-30,OIL,HOLD
2021-04-30,SUNTV,HOLD
2021-04-30,SYNGENE,REDUCE
2021-04-30,TITAN,HOLD
2021-05-03,AAVAS,HOLD
2021-05-03,ANANTRAJ,HOLD
2021-05-03,CESC,HOLD
2021-05-03,CHENNPETRO,EXIT
2021-05-03,SHREECEM,REDUCE
2021-05-03,TITAN,REDUCE
2021-05-03,TRIDENT,HOLD
2021-05-03,TRITURBINE,HOLD
2021-05-04,BAJFINANCE,REDUCE
2021-05-04,BEL,REDUCE
2021-05-04,BHARATFORG,HOLD
2021-05-04,CHOLAHLDNG,REDUCE
2021-05-04,HFCL,HOLD
2021-05-04,HINDZINC,REDUCE
2021-05-04,JUBLFOOD,REDUCE
2021-05-04,LTTS,REDUCE
2021-05-04,MGL,HOLD
2021-05-04,MOTILALOFS,HOLD
2021-05-04,TEJASNET,EXIT
2021-05-04,VBL,HOLD
2021-05-05,ABREL,REDUCE
2021-05-05,BEL,HOLD
2021-05-05,COCHINSHIP,HOLD
2021-05-05,LALPATHLAB,EXIT
2021-05-05,HONAUT,REDUCE
2021-05-05,JBMA,HOLD
2021-05-05,SIEMENS,REDUCE
2021-05-05,TATAPOWER,HOLD
2021-05-05,TRENT,REDUCE
2021-05-06,AAVAS,REDUCE
2021-05-06,AFFLE,REDUCE
2021-05-06,BSOFT,HOLD
2021-05-06,BLUESTARCO,REDUCE
2021-05-06,CUB,HOLD
2021-05-06,NAUKRI,REDUCE
2021-05-06,JUBLPHARMA,HOLD
2021-05-06,NHPC,REDUCE
2021-05-06,POWERGRID,REDUCE
2021-05-06,SCHAEFFLER,REDUCE
2021-05-06,SCI,HOLD
2021-05-06,SIEMENS,HOLD
2021-05-06,SYNGENE,HOLD
2021-05-06,TVSMOTOR,HOLD
2021-05-06,TATACHEM,EXIT
2021-05-06,TCS,HOLD
2021-05-06,TARIL,HOLD
2021-05-06,TRENT,EXIT
2021-05-06,TRITURBINE,REDUCE
2021-05-07,AMBER,EXIT
2021-05-07,COALINDIA,REDUCE
2021-05-07,LALPATHLAB,HOLD
2021-05-07,GICRE,REDUCE
2021-05-07,HINDZINC,HOLD
2021-05-07,IRCTC,EXIT
2021-05-07,INDUSTOWER,REDUCE
2021-05-07,NAUKRI,EXIT
2021-05-07,INOXWIND,EXIT
2021-05-07,JBMA,REDUCE
2021-05-07,NTPC,REDUCE
2021-05-07,RAMCOCEM,REDUCE
2021-05-10,ASAHIINDIA,REDUCE
2021-05-10,CANFINHOME,EXIT
2021-05-10,CHENNPETRO,HOLD
2021-05-10,CUB,EXIT
2021-05-10,COALINDIA,HOLD
2021-05-10,DIXON,REDUCE
2021-05-10,EMAMILTD,REDUCE
2021-05-10,GRAVITA,HOLD
2021-05-10,HONAUT,EXIT
2021-05-10,IOC,HOLD
2021-05-10,JKCEMENT,REDUCE
2021-05-10,JBMA,HOLD
2021-05-10,MMTC,HOLD
2021-05-10,NTPC,HOLD
2021-05-10,NESTLEIND,REDUCE
2021-05-10,TATACONSUM,REDUCE
2021-05-10,TECHM,HOLD
2021-05-10,VBL,REDUCE
2021-05-11,ANANTRAJ,EXIT
2021-05-11,ASAHIINDIA,HOLD
2021-05-11,BEML,HOLD
2021-05-11,CCL,HOLD
2021-05-11,COCHINSHIP,REDUCE
2021-05-11,LALPATHLAB,EXIT
2021-05-11,ENGINERSIN,HOLD
2021-05-11,HUDCO,HOLD
2021-05-11,INDIACEM,HOLD
2021-05-11,IGL,HOLD
2021-05-11,INOXWIND,HOLD
2021-05-11,NBCC,HOLD
2021-05-11,NHPC,HOLD
2021-05-11,PAGEIND,REDUCE
2021-05-11,SJVN,HOLD
2021-05-11,SUNDARMFIN,REDUCE
2021-05-12,AAVAS,HOLD
2021-05-12,ASTRAL,HOLD
2021-05-12,GVT&D,HOLD
2021-05-12,JPPOWER,HOLD
2021-05-12,MGL,REDUCE
2021-05-12,NESTLEIND,EXIT
2021-05-12,NEULANDLAB,EXIT
2021-05-12,PCBL,REDUCE
2021-05-12,POWERGRID,HOLD
2021-05-12,RECLTD,HOLD
2021-05-12,SHREECEM,EXIT
2021-05-12,TECHM,REDUCE
2021-05-14,BERGEPAINT,HOLD
2021-05-14,CHAMBLFERT,HOLD
2021-05-14,COCHINSHIP,HOLD
2021-05-14,EMAMILTD,HOLD
2021-05-14,GODREJCP,HOLD
2021-05-14,ICICIGI,HOLD
2021-05-14,IRCON,HOLD
2021-05-14,ITC,HOLD
2021-05-14,MFSL,REDUCE
2021-05-14,NESTLEIND,REDUCE
2021-05-14,PCBL,HOLD
2021-05-14,PRESTIGE,EXIT
2021-05-14,RADICO,REDUCE
2021-05-14,SOBHA,EXIT
2021-05-14,SUNDARMFIN,EXIT
2021-05-14,TATACONSUM,HOLD
2021-05-14,TIMKEN,REDUCE
2021-05-14,UBL,HOLD
2021-05-17,AIAENG,HOLD
2021-05-17,ASAHIINDIA,REDUCE
2021-05-17,CONCOR,REDUCE
2021-05-17,CUMMINSIND,REDUCE
2021-05-17,ICICIBANK,REDUCE
2021-05-17,NLCINDIA,HOLD
2021-05-17,PFIZER,HOLD
2021-05-17,SHRIRAMFIN,HOLD
2021-05-18,BAJAJ-AUTO,REDUCE
2021-05-18,BAJFINANCE,HOLD
2021-05-18,CONCOR,HOLD
2021-05-18,ICICIBANK,HOLD
2021-05-18,LINDEINDIA,REDUCE
2021-05-18,RAILTEL,REDUCE
2021-05-18,TITAN,HOLD
2021-05-18,ULTRACEMCO,HOLD
2021-05-19,ADANIGREEN,HOLD
2021-05-19,BAJAJ-AUTO,HOLD
2021-05-19,CHOLAFIN,REDUCE
2021-05-19,DIXON,HOLD
2021-05-19,ITC,REDUCE
2021-05-19,JKCEMENT,HOLD
2021-05-19,NESTLEIND,HOLD
2021-05-19,OBEROIRLTY,HOLD
2021-05-19,SCI,REDUCE
2021-05-19,ULTRACEMCO,REDUCE
2021-05-20,AFFLE,EXIT
2021-05-20,BLUESTARCO,EXIT
2021-05-20,CHOLAFIN,HOLD
2021-05-20,COLPAL,HOLD
2021-05-20,GPIL,EXIT
2021-05-20,INDHOTEL,HOLD
2021-05-20,IGL,REDUCE
2021-05-20,INFY,REDUCE
2021-05-20,JPPOWER,EXIT
2021-05-20,JINDALSTEL,EXIT
2021-05-20,NATCOPHARM,HOLD
2021-05-20,PAGEIND,HOLD
2021-05-20,SAIL,EXIT
2021-05-20,NIACL,HOLD
2021-05-20,UNOMINDA,HOLD
2021-05-20,ULTRACEMCO,HOLD
2021-05-21,APLAPOLLO,REDUCE
2021-05-21,ACE,HOLD
2021-05-21,ANANTRAJ,HOLD
2021-05-21,BLS,HOLD
2021-05-21,GVT&D,EXIT
2021-05-21,GRASIM,REDUCE
2021-05-21,PAGEIND,REDUCE
2021-05-21,TCS,REDUCE
2021-05-24,CHOLAHLDNG,HOLD
2021-05-24,DABUR,REDUCE
2021-05-24,JPPOWER,HOLD
2021-05-24,LICHSGFIN,HOLD
2021-05-24,NH,HOLD
2021-05-24,PAGEIND,HOLD
2021-05-24,SBIN,REDUCE
2021-05-24,TATACONSUM,REDUCE
2021-05-25,DRREDDY,HOLD
2021-05-25,INOXWIND,EXIT
2021-05-25,LINDEINDIA,EXIT
2021-05-25,SBIN,HOLD
2021-05-25,TCS,HOLD
2021-05-25,TATACONSUM,HOLD
2021-05-25,ULTRACEMCO,REDUCE
2021-05-26,AIAENG,REDUCE
2021-05-26,ABREL,HOLD
2021-05-26,CHOLAFIN,REDUCE
2021-05-26,ENDURANCE,HOLD
2021-05-26,FINCABLES,HOLD
2021-05-26,GABRIEL,HOLD
2021-05-26,GPIL,HOLD
2021-05-26,INDIANB,HOLD
2021-05-26,INFY,HOLD
2021-05-26,JUBLFOOD,HOLD
2021-05-26,SCHNEIDER,HOLD
2021-05-27,CUMMINSIND,EXIT
2021-05-27,GICRE,EXIT
2021-05-27,JKCEMENT,REDUCE
2021-05-27,JKTYRE,HOLD
2021-05-27,MGL,HOLD
2021-05-27,RADICO,HOLD
2021-05-27,SOBHA,HOLD
2021-05-27,TIINDIA,REDUCE
2021-05-28,ABB,HOLD
2021-05-28,BANKBARODA,HOLD
2021-05-28,GRASIM,HOLD
2021-05-28,IPCALAB,EXIT
2021-05-28,MFSL,HOLD
2021-05-28,SOLARINDS,HOLD
2021-05-28,WOCKPHARMA,EXIT
2021-05-31,APLAPOLLO,HOLD
2021-05-31,BANKBARODA,EXIT
2021-05-31,CAPLIPOINT,HOLD
2021-05-31,EIHOTEL,HOLD
2021-05-31,GODREJIND,REDUCE
2021-05-31,IEX,REDUCE
2021-05-31,TIMKEN,HOLD
2021-05-31,TITAGARH,HOLD
2021-06-01,AAVAS,REDUCE
2021-06-01,ALKEM,HOLD
2021-06-01,LALPATHLAB,HOLD
2021-06-01,GVT&D,HOLD
2021-06-01,GALLANTT,EXIT
2021-06-01,HINDUNILVR,REDUCE
2021-06-01,PNBHOUSING,HOLD
2021-06-01,TIMKEN,REDUCE
2021-06-02,ELGIEQUIP,REDUCE
2021-06-02,FEDERALBNK,HOLD
2021-06-02,INOXWIND,HOLD
2021-06-02,SAMMAANCAP,HOLD
2021-06-02,TRITURBINE,HOLD
2021-06-03,ASAHIINDIA,HOLD
2021-06-03,CANBK,HOLD
2021-06-03,ELGIEQUIP,HOLD
2021-06-03,IOB,HOLD
2021-06-03,LEMONTREE,HOLD
2021-06-03,MUTHOOTFIN,HOLD
2021-06-03,PNB,HOLD
2021-06-03,RELIANCE,REDUCE
2021-06-03,VOLTAS,HOLD
2021-06-04,BANKBARODA,HOLD
2021-06-04,BANKINDIA,HOLD
2021-06-04,CENTRALBK,HOLD
2021-06-04,HINDCOPPER,EXIT
2021-06-04,J&KBANK,HOLD
2021-06-04,LT,REDUCE
2021-06-04,PHOENIXLTD,HOLD
2021-06-04,RVNL,HOLD
2021-06-04,SUZLON,HOLD
2021-06-07,ASHOKLEY,HOLD
2021-06-07,DMART,HOLD
2021-06-07,IRCTC,HOLD
2021-06-07,JUBLPHARMA,EXIT
2021-06-07,LT,HOLD
2021-06-07,PGEL,HOLD
2021-06-07,TATAINVEST,HOLD
2021-06-07,TTML,HOLD
2021-06-07,VBL,HOLD
2021-06-08,BOSCHLTD,HOLD
2021-06-08,CRISIL,HOLD
2021-06-08,GALLANTT,HOLD
2021-06-08,KAJARIACER,HOLD
2021-06-08,SBICARD,HOLD
2021-06-08,TIINDIA,HOLD
2021-06-08,ZYDUSWELL,REDUCE
2021-06-09,TATACOMM,HOLD
2021-06-10,CROMPTON,HOLD
2021-06-10,LTTS,HOLD
2021-06-10,PFC,HOLD
2021-06-10,SAIL,HOLD
2021-06-10,TRENT,REDUCE
2021-06-11,COROMANDEL,HOLD
2021-06-11,HSCL,HOLD
2021-06-11,NCC,HOLD
2021-06-11,TORNTPHARM,HOLD
2021-06-11,TRENT,HOLD
2021-06-11,ZENSARTECH,HOLD
2021-06-14,ADANIPORTS,REDUCE
2021-06-14,BAJAJHLDNG,HOLD
2021-06-14,HINDCOPPER,HOLD
2021-06-14,JINDALSTEL,HOLD
2021-06-14,MAXHEALTH,HOLD
2021-06-14,POLYMED,EXIT
2021-06-15,ASTERDM,HOLD
2021-06-15,IEX,HOLD
2021-06-15,PNBHOUSING,EXIT
2021-06-15,RITES,HOLD
2021-06-16,ABBOTINDIA,HOLD
2021-06-16,ADANIPORTS,EXIT
2021-06-16,ADANIPOWER,EXIT
2021-06-16,ATGL,EXIT
2021-06-16,BANKINDIA,EXIT
2021-06-16,ELGIEQUIP,REDUCE
2021-06-16,HINDCOPPER,EXIT
2021-06-16,NAUKRI,HOLD
2021-06-16,JMFINANCIL,HOLD
2021-06-16,JINDALSTEL,EXIT
2021-06-16,JWL,HOLD
2021-06-17,ADANIENT,EXIT
2021-06-17,ADANIGREEN,EXIT
2021-06-17,AUROPHARMA,REDUCE
2021-06-17,GMRAIRPORT,HOLD
2021-06-17,GRAPHITE,EXIT
2021-06-17,HINDALCO,REDUCE
2021-06-17,IRB,HOLD
2021-06-17,NCC,EXIT
2021-06-17,NATIONALUM,EXIT
2021-06-17,PAGEIND,REDUCE
2021-06-17,SYNGENE,REDUCE
2021-06-17,UNIONBANK,HOLD
2021-06-17,WELCORP,REDUCE
2021-06-18,ADANIENT,REDUCE
2021-06-18,ASHOKLEY,REDUCE
2021-06-18,AXISBANK,REDUCE
2021-06-18,BANKBARODA,EXIT
2021-06-18,BHEL,EXIT
2021-06-18,BLUEDART,REDUCE
2021-06-18,CANBK,REDUCE
2021-06-18,CENTRALBK,EXIT
2021-06-18,EICHERMOT,REDUCE
2021-06-18,IFCI,HOLD
2021-06-18,IRCON,REDUCE
2021-06-18,PGEL,EXIT
2021-06-18,SCI,EXIT
2021-06-18,SHRIRAMFIN,REDUCE
2021-06-18,SAIL,EXIT
2021-06-18,TIINDIA,REDUCE
2021-06-18,VEDL,REDUCE
2021-06-21,AAVAS,HOLD
2021-06-21,ADANIENT,HOLD
2021-06-21,DEEPAKNTR,REDUCE
2021-06-21,HEG,REDUCE
2021-06-21,SBICARD,REDUCE
2021-06-21,THERMAX,REDUCE
2021-06-22,AXISBANK,HOLD
2021-06-22,BANKBARODA,HOLD
2021-06-22,BATAINDIA,HOLD
2021-06-22,BHEL,HOLD
2021-06-22,BLUEDART,HOLD
2021-06-22,CGPOWER,REDUCE
2021-06-22,CENTRALBK,HOLD
2021-06-22,PGEL,HOLD
2021-06-22,SAIL,HOLD
2021-06-23,ABFRL,HOLD
2021-06-23,BRIGADE,HOLD
2021-06-23,EICHERMOT,HOLD
2021-06-23,IRCON,HOLD
2021-06-23,INTELLECT,REDUCE
2021-06-23,LUPIN,REDUCE
2021-06-23,MARUTI,REDUCE
2021-06-23,SBICARD,EXIT
2021-06-23,SOBHA,REDUCE
2021-06-23,SAIL,EXIT
2021-06-23,SUNPHARMA,REDUCE
2021-06-23,TIMKEN,HOLD
2021-06-24,APOLLOHOSP,REDUCE
2021-06-24,BANKBARODA,EXIT
2021-06-24,BHEL,EXIT
2021-06-24,CANBK,HOLD
2021-06-24,DLF,HOLD
2021-06-24,INDUSINDBK,HOLD
2021-06-24,MGL,REDUCE
2021-06-24,NAVA,EXIT
2021-06-24,SUPREMEIND,REDUCE
2021-06-25,AIAENG,HOLD
2021-06-25,APOLLOHOSP,HOLD
2021-06-25,CHALET,HOLD
2021-06-25,DEEPAKNTR,HOLD
2021-06-25,JSWSTEEL,REDUCE
2021-06-25,KEC,HOLD
2021-06-25,SAIL,HOLD
2021-06-25,THERMAX,HOLD
2021-06-25,UCOBANK,HOLD
2021-06-28,ASHOKLEY,HOLD
2021-06-28,BANKBARODA,HOLD
2021-06-28,GODREJIND,HOLD
2021-06-28,JPPOWER,EXIT
2021-06-28,NATIONALUM,HOLD
2021-06-28,NAVA,HOLD
2021-06-28,RPOWER,EXIT
2021-06-28,SUPREMEIND,HOLD
2021-06-28,TECHM,HOLD
2021-06-28,VEDL,HOLD
2021-06-29,NCC,HOLD
2021-06-29,POLYMED,HOLD
2021-06-29,SUNDARMFIN,HOLD
2021-06-29,THERMAX,REDUCE
2021-06-30,GAIL,REDUCE
2021-06-30,IGL,HOLD
2021-06-30,JPPOWER,HOLD
2021-06-30,OLECTRA,HOLD
2021-06-30,RPOWER,HOLD
2021-06-30,SAMMAANCAP,EXIT
2021-06-30,THERMAX,HOLD
2021-07-01,BBTC,HOLD
2021-07-01,ENGINERSIN,REDUCE
2021-07-01,GAIL,HOLD
2021-07-01,INDUSTOWER,EXIT
2021-07-01,RPOWER,EXIT
2021-07-02,ADANIENT,EXIT
2021-07-02,APOLLOTYRE,HOLD
2021-07-02,MAHABANK,REDUCE
2021-07-02,RELIANCE,HOLD
2021-07-02,SCHAEFFLER,HOLD
2021-07-02,SAIL,EXIT
2021-07-05,BPCL,REDUCE
2021-07-05,POLYMED,REDUCE
2021-07-05,SPLPETRO,REDUCE
2021-07-05,TECHNOE,REDUCE
2021-07-05,TIINDIA,EXIT
2021-07-06,NMDC,EXIT
2021-07-06,POWERGRID,REDUCE
2021-07-06,SAMMAANCAP,HOLD
2021-07-06,SUPREMEIND,REDUCE
2021-07-06,TVSMOTOR,REDUCE
2021-07-06,RAMCOCEM,HOLD
2021-07-06,VOLTAS,REDUCE
2021-07-07,ASTERDM,REDUCE
2021-07-07,COCHINSHIP,REDUCE
2021-07-07,DABUR,HOLD
2021-07-07,GODFRYPHLP,HOLD
2021-07-07,HAL,HOLD
2021-07-07,IRCON,REDUCE
2021-07-07,LODHA,REDUCE
2021-07-07,MOTHERSON,REDUCE
2021-07-07,SUNTV,REDUCE
2021-07-07,ZEEL,HOLD
2021-07-08,BBTC,EXIT
2021-07-08,CANBK,REDUCE
2021-07-08,GRSE,HOLD
2021-07-08,JKCEMENT,HOLD
2021-07-08,SAMMAANCAP,EXIT
2021-07-08,SOBHA,HOLD
2021-07-08,THERMAX,REDUCE
2021-07-08,ULTRACEMCO,HOLD
2021-07-09,360ONE,HOLD
2021-07-09,MAHABANK,EXIT
2021-07-09,ITI,HOLD
2021-07-09,RELIANCE,REDUCE
2021-07-09,SIEMENS,REDUCE
2021-07-09,UNIONBANK,REDUCE
2021-07-09,WIPRO,REDUCE
2021-07-12,AARTIIND,REDUCE
2021-07-12,ASTERDM,HOLD
2021-07-12,BAJAJ-AUTO,REDUCE
2021-07-12,BDL,HOLD
2021-07-12,FORCEMOT,HOLD
2021-07-12,GAIL,REDUCE
2021-07-12,NHPC,REDUCE
2021-07-12,PNBHOUSING,HOLD
2021-07-12,PAGEIND,HOLD
2021-07-12,SAMMAANCAP,HOLD
2021-07-12,TCS,REDUCE
2021-07-12,TTML,EXIT
2021-07-13,AUBANK,HOLD
2021-07-13,BDL,EXIT
2021-07-13,BBTC,HOLD
2021-07-13,CANBK,HOLD
2021-07-13,EIDPARRY,REDUCE
2021-07-13,GODREJPROP,HOLD
2021-07-13,MANAPPURAM,HOLD
2021-07-13,PNBHOUSING,EXIT
2021-07-13,PRESTIGE,HOLD
2021-07-13,MOTHERSON,HOLD
2021-07-13,SHRIRAMFIN,HOLD
2021-07-14,CANBK,REDUCE
2021-07-14,GESHIP,REDUCE
2021-07-14,KEC,REDUCE
2021-07-14,PATANJALI,HOLD
2021-07-14,SPLPETRO,HOLD
2021-07-14,WELCORP,HOLD
2021-07-14,WIPRO,HOLD
2021-07-15,BLUEDART,REDUCE
2021-07-15,COALINDIA,REDUCE
2021-07-15,HCLTECH,HOLD
2021-07-15,INTELLECT,HOLD
2021-07-15,ONGC,REDUCE
2021-07-15,PGEL,EXIT
2021-07-15,PATANJALI,EXIT
2021-07-15,PNB,REDUCE
2021-07-15,SIEMENS,HOLD
2021-07-15,TATACHEM,HOLD
2021-07-15,VEDL,REDUCE
2021-07-15,ZEEL,EXIT
2021-07-16,BEML,REDUCE
2021-07-16,BAYERCROP,HOLD
2021-07-16,EICHERMOT,REDUCE
2021-07-16,HDFCAMC,HOLD
2021-07-16,KEC,HOLD
2021-07-16,MMTC,EXIT
2021-07-16,MRPL,REDUCE
2021-07-16,PNB,HOLD
2021-07-16,SJVN,REDUCE
2021-07-16,SIEMENS,REDUCE
2021-07-16,SYNGENE,HOLD
2021-07-16,NIACL,REDUCE
2021-07-19,BANKBARODA,EXIT
2021-07-19,BBTC,EXIT
2021-07-19,GILLETTE,HOLD
2021-07-19,GMDCLTD,REDUCE
2021-07-19,ICICIGI,REDUCE
2021-07-19,MARUTI,EXIT
2021-07-19,POWERGRID,HOLD
2021-07-19,SHRIRAMFIN,REDUCE
2021-07-19,SUNTV,HOLD
2021-07-19,SUZLON,EXIT
2021-07-19,SWANCORP,HOLD
2021-07-19,ZENTEC,HOLD
2021-07-20,ANURAS,REDUCE
2021-07-20,APOLLOTYRE,REDUCE
2021-07-20,ASHOKLEY,REDUCE
2021-07-20,CGPOWER,EXIT
2021-07-20,CENTRALBK,EXIT
2021-07-20,CHALET,EXIT
2021-07-20,CHOLAFIN,EXIT
2021-07-20,FEDERALBNK,REDUCE
2021-07-20,GAIL,EXIT
2021-07-20,GVT&D,REDUCE
2021-07-20,GLAXO,HOLD
2021-07-20,GMDCLTD,EXIT
2021-07-20,HDFCAMC,REDUCE
2021-07-20,HDFCLIFE,EXIT
2021-07-20,HAVELLS,HOLD
2021-07-20,HSCL,REDUCE
2021-07-20,HINDZINC,REDUCE
2021-07-20,IOC,REDUCE
2021-07-20,IOB,EXIT
2021-07-20,INDUSINDBK,REDUCE
2021-07-20,INDIGO,REDUCE
2021-07-20,LICHSGFIN,REDUCE
2021-07-20,MRPL,EXIT
2021-07-20,MARUTI,REDUCE
2021-07-20,POWERGRID,REDUCE
2021-07-20,RVNL,REDUCE
2021-07-20,MOTHERSON,REDUCE
2021-07-20,SPLPETRO,REDUCE
2021-07-20,NIACL,EXIT
2021-07-20,WELCORP,REDUCE
2021-07-20,ZYDUSLIFE,REDUCE
2021-07-22,BDL,HOLD
2021-07-22,BOSCHLTD,REDUCE
2021-07-22,CIPLA,REDUCE
2021-07-22,HUDCO,REDUCE
2021-07-22,JPPOWER,EXIT
2021-07-22,JWL,EXIT
2021-07-22,LEMONTREE,REDUCE
2021-07-22,MARUTI,HOLD
2021-07-22,NBCC,REDUCE
2021-07-22,NLCINDIA,REDUCE
2021-07-22,RELIANCE,HOLD
2021-07-23,ASHOKLEY,HOLD
2021-07-23,CENTRALBK,HOLD
2021-07-23,CHENNPETRO,EXIT
2021-07-23,EICHERMOT,EXIT
2021-07-23,ENGINERSIN,EXIT
2021-07-23,GODREJIND,REDUCE
2021-07-23,HFCL,EXIT
2021-07-23,IOB,HOLD
2021-07-23,PNB,REDUCE
2021-07-23,SUNDARMFIN,REDUCE
2021-07-23,UCOBANK,REDUCE
2021-07-26,AIAENG,REDUCE
2021-07-26,ASHOKLEY,REDUCE
2021-07-26,FEDERALBNK,HOLD
2021-07-26,GLENMARK,REDUCE
2021-07-26,LICHSGFIN,EXIT
2021-07-26,NEWGEN,REDUCE
2021-07-26,RELIANCE,REDUCE
2021-07-26,TEJASNET,HOLD
2021-07-27,ANGELONE,HOLD
2021-07-27,AUROPHARMA,EXIT
2021-07-27,AXISBANK,REDUCE
2021-07-27,CANFINHOME,HOLD
2021-07-27,CAMS,HOLD
2021-07-27,DRREDDY,EXIT
2021-07-27,GVT&D,HOLD
2021-07-27,GMRAIRPORT,REDUCE
2021-07-27,HUDCO,EXIT
2021-07-27,IIFL,HOLD
2021-07-27,NEWGEN,HOLD
2021-07-27,RECLTD,REDUCE
2021-07-27,SUNDARMFIN,HOLD
2021-07-28,BHARTIARTL,REDUCE
2021-07-28,CANBK,EXIT
2021-07-28,CONCOR,REDUCE
2021-07-28,FEDERALBNK,REDUCE
2021-07-28,FACT,REDUCE
2021-07-28,GMRAIRPORT,EXIT
2021-07-28,IRCON,EXIT
2021-07-28,ITI,REDUCE
2021-07-28,INTELLECT,REDUCE
2021-07-28,MARUTI,EXIT
2021-07-28,NBCC,EXIT
2021-07-28,NEWGEN,EXIT
2021-07-28,TORNTPOWER,REDUCE
2021-07-28,UNIONBANK,EXIT
2021-07-29,AARTIIND,HOLD
2021-07-29,APOLLOTYRE,EXIT
2021-07-29,BHARTIARTL,HOLD
2021-07-29,COLPAL,REDUCE
2021-07-29,GESHIP,EXIT
2021-07-29,HINDALCO,HOLD
2021-07-29,HINDPETRO,REDUCE
2021-07-29,INTELLECT,EXIT
2021-07-29,JSWSTEEL,HOLD
2021-07-29,JWL,HOLD
2021-07-29,KAJARIACER,REDUCE
2021-07-29,RECLTD,HOLD
2021-07-30,AAVAS,EXIT
2021-07-30,ASIANPAINT,REDUCE
2021-07-30,FSL,EXIT
2021-07-30,GRSE,REDUCE
2021-07-30,ITI,HOLD
2021-07-30,KAJARIACER,HOLD
2021-07-30,MOTILALOFS,EXIT
2021-07-30,SAIL,HOLD
2021-07-30,SUNPHARMA,HOLD
2021-07-30,SWANCORP,EXIT
2021-07-30,UPL,REDUCE
2021-07-30,VEDL,HOLD
2021-08-02,ASHOKLEY,HOLD
2021-08-02,CASTROLIND,REDUCE
2021-08-02,CENTRALBK,EXIT
2021-08-02,CONCOR,HOLD
2021-08-02,FACT,HOLD
2021-08-02,HEG,HOLD
2021-08-02,INDIANB,REDUCE
2021-08-02,NATCOPHARM,REDUCE
2021-08-02,NCC,REDUCE
2021-08-03,ASIANPAINT,HOLD
2021-08-03,EIHOTEL,REDUCE
2021-08-03,FSL,HOLD
2021-08-03,GRSE,HOLD
2021-08-03,HSCL,EXIT
2021-08-03,IOB,EXIT
2021-08-03,KEC,REDUCE
2021-08-03,MAZDOCK,HOLD
2021-08-03,POLYMED,EXIT
2021-08-04,CCL,EXIT
2021-08-04,COROMANDEL,REDUCE
2021-08-04,CUMMINSIND,HOLD
2021-08-04,GPIL,EXIT
2021-08-04,GODREJIND,HOLD
2021-08-04,ITI,REDUCE
2021-08-04,KALYANKJIL,REDUCE
2021-08-04,SHREECEM,HOLD
2021-08-04,SUNDARMFIN,REDUCE
2021-08-04,TORNTPOWER,HOLD
2021-08-04,UTIAMC,HOLD
2021-08-04,ZYDUSWELL,HOLD
2021-08-05,ASIANPAINT,REDUCE
2021-08-05,DALBHARAT,EXIT
2021-08-05,FACT,REDUCE
2021-08-05,GVT&D,REDUCE
2021-08-05,GRSE,REDUCE
2021-08-05,IFCI,EXIT
2021-08-05,IGL,REDUCE
2021-08-05,KIRLOSENG,REDUCE
2021-08-05,NTPC,REDUCE
2021-08-05,NAVA,EXIT
2021-08-05,RITES,REDUCE
2021-08-05,RELIANCE,HOLD
2021-08-05,SUNDARMFIN,HOLD
2021-08-05,WELCORP,EXIT
2021-08-06,ABB,REDUCE
2021-08-06,ADANIENT,REDUCE
2021-08-06,FACT,HOLD
2021-08-06,GRSE,HOLD
2021-08-06,GPIL,HOLD
2021-08-06,INDIGO,EXIT
2021-08-06,JINDALSTEL,HOLD
2021-08-06,JWL,EXIT
2021-08-06,LINDEINDIA,HOLD
2021-08-06,RELIANCE,REDUCE
2021-08-06,SCHNEIDER,REDUCE
2021-08-09,ADANIENT,HOLD
2021-08-09,BERGEPAINT,REDUCE
2021-08-09,CCL,HOLD
2021-08-09,CHOLAHLDNG,REDUCE
2021-08-09,CONCOR,REDUCE
2021-08-09,FORTIS,REDUCE
2021-08-09,GPIL,EXIT
2021-08-09,GRASIM,REDUCE
2021-08-09,ICICIGI,EXIT
2021-08-09,NATCOPHARM,EXIT
2021-08-09,NAVA,HOLD
2021-08-09,SUNDARMFIN,REDUCE
2021-08-10,ACE,EXIT
2021-08-10,ATUL,REDUCE
2021-08-10,BLS,EXIT
2021-08-10,CCL,EXIT
2021-08-10,CANFINHOME,REDUCE
2021-08-10,CDSL,EXIT
2021-08-10,COCHINSHIP,EXIT
2021-08-10,FACT,EXIT
2021-08-10,FSL,EXIT
2021-08-10,GALLANTT,EXIT
2021-08-10,GRSE,EXIT
2021-08-10,GLENMARK,EXIT
2021-08-10,POWERINDIA,REDUCE
2021-08-10,IRB,EXIT
2021-08-10,ITI,EXIT
2021-08-10,INDIACEM,REDUCE
2021-08-10,INDHOTEL,REDUCE
2021-08-10,IPCALAB,HOLD
2021-08-10,JINDALSAW,EXIT
2021-08-10,JINDALSTEL,EXIT
2021-08-10,KEC,EXIT
2021-08-10,KIRLOSENG,EXIT
2021-08-10,LEMONTREE,EXIT
2021-08-10,MINDACORP,REDUCE
2021-08-10,NCC,EXIT
2021-08-10,NATIONALUM,EXIT
2021-08-10,NAVA,EXIT
2021-08-10,RECLTD,REDUCE
2021-08-10,SAMMAANCAP,EXIT
2021-08-10,MOTHERSON,EXIT
2021-08-10,SHREECEM,REDUCE
2021-08-10,SHRIRAMFIN,EXIT
2021-08-10,SBIN,REDUCE
2021-08-10,SAIL,REDUCE
2021-08-10,SUNTV,REDUCE
2021-08-10,TVSMOTOR,EXIT
2021-08-10,TCS,HOLD
2021-08-10,TECHNOE,EXIT
2021-08-10,RAMCOCEM,REDUCE
2021-08-10,TARIL,EXIT
2021-08-10,TRITURBINE,EXIT
2021-08-10,UCOBANK,EXIT
2021-08-10,ZENTEC,EXIT
2021-08-11,ADANIENT,EXIT
2021-08-11,BDL,EXIT
2021-08-11,BRITANNIA,HOLD
2021-08-11,CRISIL,EXIT
2021-08-11,CGCL,REDUCE
2021-08-11,DIXON,REDUCE
2021-08-11,EIDPARRY,EXIT
2021-08-11,ERIS,REDUCE
2021-08-11,FORCEMOT,EXIT
2021-08-11,INDIANB,EXIT
2021-08-11,JMFINANCIL,EXIT
2021-08-11,J&KBANK,EXIT
2021-08-11,LUPIN,EXIT
2021-08-11,MANAPPURAM,EXIT
2021-08-11,NLCINDIA,EXIT
2021-08-11,SHREECEM,EXIT
2021-08-11,SIEMENS,HOLD
2021-08-11,SAIL,HOLD
2021-08-11,TORNTPHARM,REDUCE
2021-08-12,ANANTRAJ,REDUCE
2021-08-12,BLS,HOLD
2021-08-12,BALKRISIND,REDUCE
2021-08-12,ERIS,HOLD
2021-08-12,FORTIS,HOLD
2021-08-12,JINDALSAW,HOLD
2021-08-12,JINDALSTEL,HOLD
2021-08-12,MARICO,REDUCE
2021-08-12,MUTHOOTFIN,REDUCE
2021-08-12,NTPC,HOLD
2021-08-12,NATIONALUM,HOLD
2021-08-12,POWERGRID,HOLD
2021-08-12,ZYDUSLIFE,EXIT
2021-08-13,AIAENG,EXIT
2021-08-13,ABFRL,REDUCE
2021-08-13,FSL,HOLD
2021-08-13,FORCEMOT,HOLD
2021-08-13,FORTIS,REDUCE
2021-08-13,IRB,HOLD
2021-08-13,J&KBANK,HOLD
2021-08-13,JWL,HOLD
2021-08-13,PAGEIND,REDUCE
2021-08-13,TORNTPHARM,HOLD
2021-08-13,TRENT,REDUCE
2021-08-16,ABB,HOLD
2021-08-16,BOSCHLTD,EXIT
2021-08-16,CANFINHOME,EXIT
2021-08-16,FINCABLES,REDUCE
2021-08-16,FORCEMOT,EXIT
2021-08-16,FORTIS,HOLD
2021-08-16,HAL,REDUCE
2021-08-16,INDIACEM,EXIT
2021-08-16,JMFINANCIL,HOLD
2021-08-16,JWL,EXIT
2021-08-16,UBL,REDUCE
2021-08-17,ANANTRAJ,EXIT
2021-08-17,ASAHIINDIA,REDUCE
2021-08-17,ASHOKLEY,REDUCE
2021-08-17,BSE,EXIT
2021-08-17,CESC,REDUCE
2021-08-17,ERIS,REDUCE
2021-08-17,HINDUNILVR,HOLD
2021-08-17,JMFINANCIL,EXIT
2021-08-17,JINDALSTEL,EXIT
2021-08-17,MAZDOCK,REDUCE
2021-08-17,NTPC,REDUCE
2021-08-17,NATIONALUM,EXIT
2021-08-17,PHOENIXLTD,REDUCE
2021-08-17,PNB,EXIT
2021-08-17,SCHNEIDER,EXIT
2021-08-17,TORNTPOWER,REDUCE
2021-08-17,TRITURBINE,HOLD
2021-08-18,CAPLIPOINT,EXIT
2021-08-18,HAL,HOLD
2021-08-18,JBMA,EXIT
2021-08-18,JINDALSAW,EXIT
2021-08-18,MARICO,HOLD
2021-08-18,PCBL,REDUCE
2021-08-18,UBL,HOLD
2021-08-18,ZFCVINDIA,REDUCE
2021-08-20,ABB,REDUCE
2021-08-20,ASHOKLEY,EXIT
2021-08-20,ASIANPAINT,HOLD
2021-08-20,BHARATFORG,REDUCE
2021-08-20,COALINDIA,EXIT
2021-08-20,DLF,REDUCE
2021-08-20,ERIS,HOLD
2021-08-20,FINCABLES,EXIT
2021-08-20,FSL,EXIT
2021-08-20,GODREJIND,REDUCE
2021-08-20,IRB,EXIT
2021-08-20,INOXWIND,EXIT
2021-08-20,JSWSTEEL,REDUCE
2021-08-20,J&KBANK,EXIT
2021-08-20,JSL,EXIT
2021-08-20,KEI,REDUCE
2021-08-20,MGL,EXIT
2021-08-20,MFSL,REDUCE
2021-08-20,OBEROIRLTY,REDUCE
2021-08-20,PCBL,EXIT
2021-08-20,PFC,REDUCE
2021-08-20,RVNL,EXIT
2021-08-20,SARDAEN,EXIT
2021-08-20,SAIL,EXIT
2021-08-20,SUNTV,EXIT
2021-08-20,SPLPETRO,EXIT
2021-08-20,TRENT,HOLD
2021-08-20,VEDL,EXIT
2021-08-20,WELSPUNLIV,EXIT
2021-08-23,ABFRL,EXIT
2021-08-23,ASTRAL,REDUCE
2021-08-23,BAYERCROP,REDUCE
2021-08-23,CASTROLIND,EXIT
2021-08-23,COROMANDEL,EXIT
2021-08-23,CRAFTSMAN,REDUCE
2021-08-23,CROMPTON,REDUCE
2021-08-23,DCMSHRIRAM,EXIT
2021-08-23,DEEPAKFERT,EXIT
2021-08-23,DIXON,EXIT
2021-08-23,ELECON,EXIT
2021-08-23,GODREJPROP,REDUCE
2021-08-23,GRAVITA,EXIT
2021-08-23,HEG,REDUCE
2021-08-23,HDFCBANK,REDUCE
2021-08-23,IIFL,EXIT
2021-08-23,JKTYRE,REDUCE
2021-08-23,MINDACORP,EXIT
2021-08-23,NH,REDUCE
2021-08-23,POWERGRID,REDUCE
2021-08-23,SJVN,EXIT
2021-08-23,TATAPOWER,REDUCE
2021-08-23,RAMCOCEM,EXIT
2021-08-23,TRENT,REDUCE
2021-08-23,VTL,EXIT
2021-08-24,APLAPOLLO,EXIT
2021-08-24,CROMPTON,HOLD
2021-08-24,GLAXO,REDUCE
2021-08-24,HDFCBANK,HOLD
2021-08-24,JKTYRE,HOLD
2021-08-24,KEI,HOLD
2021-08-24,POLYCAB,REDUCE
2021-08-24,SYNGENE,REDUCE
2021-08-24,WELSPUNLIV,HOLD
2021-08-24,ZFCVINDIA,HOLD
2021-08-25,ABB,HOLD
2021-08-25,BAYERCROP,EXIT
2021-08-25,DALBHARAT,HOLD
2021-08-25,ELECON,HOLD
2021-08-25,GRAVITA,HOLD
2021-08-25,POWERINDIA,HOLD
2021-08-25,JSL,HOLD
2021-08-25,MARICO,REDUCE
2021-08-25,SUMICHEM,REDUCE
2021-08-25,TORNTPOWER,HOLD
2021-08-25,TRENT,HOLD
2021-08-25,VTL,HOLD
2021-08-25,ZFCVINDIA,REDUCE
2021-08-26,BDL,HOLD
2021-08-26,CRISIL,HOLD
2021-08-26,GVT&D,HOLD
2021-08-26,GILLETTE,REDUCE
2021-08-26,JKTYRE,REDUCE
2021-08-26,PHOENIXLTD,HOLD
2021-08-26,SYNGENE,HOLD
2021-08-26,TATAPOWER,HOLD
2021-08-26,TRITURBINE,REDUCE
2021-08-26,VEDL,HOLD
2021-08-27,ASAHIINDIA,HOLD
2021-08-27,ERIS,REDUCE
2021-08-27,NH,HOLD
2021-08-27,OBEROIRLTY,HOLD
2021-08-27,PFIZER,REDUCE
2021-08-27,PIDILITIND,REDUCE
2021-08-27,ZENTEC,HOLD
2021-08-30,ADANIENT,REDUCE
2021-08-30,DLF,HOLD
2021-08-30,IIFL,HOLD
2021-08-30,IRB,HOLD
2021-08-30,LAURUSLABS,REDUCE
2021-08-30,NATIONALUM,HOLD
2021-08-30,SUMICHEM,HOLD
2021-08-31,AUBANK,EXIT
2021-08-31,ANANTRAJ,HOLD
2021-08-31,BSE,HOLD
2021-08-31,CRISIL,REDUCE
2021-08-31,CANFINHOME,HOLD
2021-08-31,CHOLAHLDNG,HOLD
2021-08-31,HEG,HOLD
2021-08-31,INDIGO,REDUCE
2021-08-31,LAURUSLABS,HOLD
2021-08-31,MFSL,HOLD
2021-08-31,PCBL,HOLD
2021-08-31,SARDAEN,HOLD
2021-08-31,TRITURBINE,HOLD
2021-08-31,TIINDIA,HOLD
2021-09-01,ATGL,HOLD
2021-09-01,GVT&D,REDUCE
2021-09-01,GODREJPROP,HOLD
2021-09-01,HEG,REDUCE
2021-09-01,IIFL,EXIT
2021-09-01,IRB,REDUCE
2021-09-01,INDHOTEL,HOLD
2021-09-01,INDIGO,HOLD
2021-09-01,PAGEIND,HOLD
2021-09-01,POLYCAB,HOLD
2021-09-01,SBICARD,HOLD
2021-09-02,AMBER,HOLD
2021-09-02,ASAHIINDIA,REDUCE
2021-09-02,CGPOWER,HOLD
2021-09-02,ENDURANCE,REDUCE
2021-09-02,ERIS,HOLD
2021-09-02,GODFRYPHLP,REDUCE
2021-09-02,LAURUSLABS,REDUCE
2021-09-02,MARICO,HOLD
2021-09-02,PFIZER,HOLD
2021-09-02,PIDILITIND,HOLD
2021-09-02,REDINGTON,EXIT
2021-09-02,TATACOMM,REDUCE
2021-09-02,UNOMINDA,REDUCE
2021-09-03,ANANTRAJ,REDUCE
2021-09-03,ASAHIINDIA,HOLD
2021-09-03,BALKRISIND,HOLD
2021-09-03,JBCHEPHARM,REDUCE
2021-09-03,MFSL,REDUCE
2021-09-03,PCBL,REDUCE
2021-09-06,ANANTRAJ,HOLD
2021-09-06,IGL,HOLD
2021-09-06,JBCHEPHARM,HOLD
2021-09-06,JKTYRE,HOLD
2021-09-06,RELIANCE,HOLD
2021-09-06,SARDAEN,EXIT
2021-09-06,SHYAMMETL,REDUCE
2021-09-06,VOLTAS,HOLD
2021-09-07,ATGL,EXIT
2021-09-07,BLUEDART,HOLD
2021-09-07,CAPLIPOINT,HOLD
2021-09-07,DCMSHRIRAM,HOLD
2021-09-07,INDHOTEL,REDUCE
2021-09-07,SUMICHEM,REDUCE
2021-09-08,APLAPOLLO,HOLD
2021-09-08,AJANTPHARM,REDUCE
2021-09-08,BALRAMCHIN,REDUCE
2021-09-08,BSOFT,REDUCE
2021-09-08,DCMSHRIRAM,REDUCE
2021-09-08,HDFCAMC,HOLD
2021-09-08,IRB,HOLD
2021-09-08,PFC,HOLD
2021-09-08,RECLTD,HOLD
2021-09-08,SYNGENE,REDUCE
2021-09-09,CHAMBLFERT,REDUCE
2021-09-09,INDIAMART,HOLD
2021-09-09,JBCHEPHARM,REDUCE
2021-09-13,BAJAJ-AUTO,EXIT
2021-09-13,BDL,REDUCE
2021-09-13,CRISIL,HOLD
2021-09-13,CDSL,HOLD
2021-09-13,CHOLAFIN,HOLD
2021-09-13,IIFL,HOLD
2021-09-13,PHOENIXLTD,REDUCE
2021-09-13,SYNGENE,HOLD
2021-09-14,ACE,HOLD
2021-09-14,CESC,HOLD
2021-09-14,HFCL,HOLD
2021-09-14,JBMA,HOLD
2021-09-14,PCBL,HOLD
2021-09-14,SHREECEM,HOLD
2021-09-15,CHAMBLFERT,HOLD
2021-09-15,COALINDIA,REDUCE
2021-09-15,DCMSHRIRAM,HOLD
2021-09-15,FORCEMOT,HOLD
2021-09-15,GLAND,HOLD
2021-09-15,SARDAEN,HOLD
2021-09-16,ATGL,HOLD
2021-09-16,GSPL,REDUCE
2021-09-16,HDFCLIFE,REDUCE
2021-09-16,ITC,HOLD
2021-09-16,INDUSINDBK,HOLD
2021-09-16,UNOMINDA,HOLD
2021-09-17,ANANTRAJ,REDUCE
2021-09-17,ESCORTS,HOLD
2021-09-17,HFCL,EXIT
2021-09-17,IIFL,EXIT
2021-09-17,JBMA,REDUCE
2021-09-17,KOTAKBANK,REDUCE
2021-09-17,SARDAEN,EXIT
2021-09-20,AARTIIND,REDUCE
2021-09-20,ADANIENT,EXIT
2021-09-20,ATGL,EXIT
2021-09-20,ASAHIINDIA,REDUCE
2021-09-20,CDSL,EXIT
2021-09-20,CHAMBLFERT,REDUCE
2021-09-20,EMAMILTD,REDUCE
2021-09-20,INDIAMART,EXIT
2021-09-20,IGL,REDUCE
2021-09-20,JSWSTEEL,EXIT
2021-09-20,NATIONALUM,REDUCE
2021-09-20,NAVINFLUOR,REDUCE
2021-09-20,ONGC,HOLD
2021-09-20,PFIZER,REDUCE
2021-09-20,POONAWALLA,REDUCE
2021-09-20,PRESTIGE,EXIT
2021-09-20,TATACHEM,REDUCE
2021-09-20,TATASTEEL,EXIT
2021-09-20,UPL,EXIT
2021-09-20,ZENTEC,EXIT
2021-09-21,BLS,EXIT
2021-09-21,GLAND,REDUCE
2021-09-21,GSPL,EXIT
2021-09-21,JKCEMENT,REDUCE
2021-09-21,PCBL,REDUCE
2021-09-21,TORNTPHARM,REDUCE
2021-09-22,BSOFT,HOLD
2021-09-22,COALINDIA,HOLD
2021-09-22,CROMPTON,REDUCE
2021-09-22,DALBHARAT,REDUCE
2021-09-22,INDHOTEL,HOLD
2021-09-22,KIMS,REDUCE
2021-09-22,PRESTIGE,HOLD
2021-09-23,ERIS,REDUCE
2021-09-23,GMRAIRPORT,HOLD
2021-09-23,INDIAMART,HOLD
2021-09-23,JBMA,HOLD
2021-09-24,ACC,REDUCE
2021-09-24,ATGL,HOLD
2021-09-24,AMBUJACEM,REDUCE
2021-09-24,BSE,REDUCE
2021-09-24,CHAMBLFERT,HOLD
2021-09-24,PIIND,REDUCE
2021-09-24,SBICARD,REDUCE
2021-09-24,SIEMENS,REDUCE
2021-09-24,TATACHEM,HOLD
2021-09-24,ULTRACEMCO,REDUCE
2021-09-24,ZENTEC,HOLD
2021-09-27,AMBUJACEM,HOLD
2021-09-27,BSE,HOLD
2021-09-27,CRISIL,REDUCE
2021-09-27,CHALET,HOLD
2021-09-27,CAMS,REDUCE
2021-09-27,DALBHARAT,EXIT
2021-09-27,DIVISLAB,REDUCE
2021-09-27,LALPATHLAB,REDUCE
2021-09-27,EIHOTEL,HOLD
2021-09-27,GVT&D,EXIT
2021-09-27,GLAXO,EXIT
2021-09-27,ICICIPRULI,REDUCE
2021-09-27,IOC,HOLD
2021-09-27,IGL,EXIT
2021-09-27,LAURUSLABS,EXIT
2021-09-27,NH,REDUCE
2021-09-27,PHOENIXLTD,HOLD
2021-09-27,POONAWALLA,EXIT
2021-09-27,RHIM,REDUCE
2021-09-27,SUNDARMFIN,EXIT
2021-09-28,CYIENT,REDUCE
2021-09-28,JKTYRE,REDUCE
2021-09-28,NTPC,HOLD
2021-09-28,PCBL,HOLD
2021-09-28,SYNGENE,REDUCE
2021-09-28,ZENSARTECH,EXIT
2021-09-29,APLAPOLLO,REDUCE
2021-09-29,AMBUJACEM,REDUCE
2021-09-29,ANANTRAJ,HOLD
2021-09-29,BEML,HOLD
2021-09-29,BPCL,HOLD
2021-09-29,BSOFT,REDUCE
2021-09-29,GODFRYPHLP,HOLD
2021-09-29,GODREJCP,REDUCE
2021-09-29,HDFCAMC,EXIT
2021-09-29,HINDPETRO,HOLD
2021-09-29,IDBI,HOLD
2021-09-29,INDIAMART,EXIT
2021-09-29,NHPC,HOLD
2021-09-29,POWERGRID,HOLD
2021-09-29,VTL,REDUCE
2021-09-29,ZEEL,HOLD
2021-09-29,ECLERX,REDUCE
2021-09-30,BLS,HOLD
2021-09-30,CANBK,HOLD
2021-09-30,ICICIBANK,REDUCE
2021-09-30,INFY,REDUCE
2021-09-30,PAGEIND,REDUCE
2021-09-30,RADICO,REDUCE
2021-09-30,SUPREMEIND,HOLD
2021-09-30,TATACONSUM,REDUCE
2021-09-30,VTL,HOLD
2021-10-01,ABFRL,HOLD
2021-10-01,BLS,EXIT
2021-10-01,CUMMINSIND,REDUCE
2021-10-01,GAIL,HOLD
2021-10-01,HINDZINC,EXIT
2021-10-01,INDIAMART,HOLD
2021-10-01,NATIONALUM,HOLD
2021-10-01,UNOMINDA,REDUCE
2021-10-04,AARTIIND,HOLD
2021-10-04,ASTRAL,HOLD
2021-10-04,BALRAMCHIN,HOLD
2021-10-04,GMDCLTD,HOLD
2021-10-04,HEG,HOLD
2021-10-04,LEMONTREE,HOLD
2021-10-04,NAVA,HOLD
2021-10-04,SBICARD,HOLD
2021-10-04,SIEMENS,HOLD
2021-10-05,BLS,HOLD
2021-10-05,ETERNAL,REDUCE
2021-10-05,IPCALAB,REDUCE
2021-10-05,MRPL,HOLD
2021-10-05,SCI,HOLD
2021-10-06,APOLLOHOSP,REDUCE
2021-10-06,CUMMINSIND,EXIT
2021-10-06,DABUR,REDUCE
2021-10-06,INDIAMART,EXIT
2021-10-06,INDUSTOWER,HOLD
2021-10-06,KOTAKBANK,HOLD
2021-10-06,NESTLEIND,REDUCE
2021-10-06,RHIM,HOLD
2021-10-06,RADICO,HOLD
2021-10-06,SHREECEM,REDUCE
2021-10-07,ATUL,HOLD
2021-10-07,BLS,EXIT
2021-10-07,BOSCHLTD,HOLD
2021-10-07,JKCEMENT,HOLD
2021-10-07,M&M,REDUCE
2021-10-07,NLCINDIA,HOLD
2021-10-07,PAGEIND,HOLD
2021-10-08,ATGL,EXIT
2021-10-08,INDIAMART,HOLD
2021-10-08,MCX,HOLD
2021-10-08,NAVINFLUOR,HOLD
2021-10-08,RPOWER,HOLD
2021-10-08,UTIAMC,REDUCE
2021-10-11,BLS,HOLD
2021-10-11,BRITANNIA,REDUCE
2021-10-11,CAMS,EXIT
2021-10-11,DIXON,HOLD
2021-10-11,EICHERMOT,REDUCE
2021-10-11,PGEL,HOLD
2021-10-11,RHIM,REDUCE
2021-10-11,ZENSARTECH,HOLD
2021-10-12,ATGL,HOLD
2021-10-12,BLS,EXIT
2021-10-12,EICHERMOT,HOLD
2021-10-12,FORTIS,REDUCE
2021-10-12,MAXHEALTH,EXIT
2021-10-12,ZENSARTECH,EXIT
2021-10-13,ABB,REDUCE
2021-10-13,BHEL,HOLD
2021-10-13,GRSE,HOLD
2021-10-13,INDIANB,HOLD
2021-10-13,TTML,HOLD
2021-10-14,AAVAS,HOLD
2021-10-14,ADANIENT,REDUCE
2021-10-14,ADANIPORTS,REDUCE
2021-10-14,CYIENT,HOLD
2021-10-14,HINDUNILVR,REDUCE
2021-10-14,MAXHEALTH,REDUCE
2021-10-14,PCBL,REDUCE
2021-10-14,TCS,REDUCE
2021-10-14,UNIONBANK,HOLD
2021-10-14,ZENSARTECH,HOLD
2021-10-18,ADANIPORTS,HOLD
2021-10-18,AFFLE,HOLD
2021-10-18,EIDPARRY,HOLD
2021-10-18,M&M,HOLD
2021-10-18,ZYDUSWELL,REDUCE
2021-10-19,APOLLOHOSP,EXIT
2021-10-19,ASIANPAINT,REDUCE
2021-10-19,ASTERDM,EXIT
2021-10-19,CHAMBLFERT,EXIT
2021-10-19,CHENNPETRO,HOLD
2021-10-19,EICHERMOT,REDUCE
2021-10-19,ELECON,REDUCE
2021-10-19,HINDZINC,HOLD
2021-10-19,MAXHEALTH,EXIT
2021-10-19,PNB,HOLD
2021-10-19,SJVN,HOLD
2021-10-19,SHREECEM,EXIT
2021-10-20,ALKEM,REDUCE
2021-10-20,ANANTRAJ,REDUCE
2021-10-20,BALRAMCHIN,REDUCE
2021-10-20,COLPAL,EXIT
2021-10-20,LALPATHLAB,EXIT
2021-10-20,EICHERMOT,EXIT
2021-10-20,ELECON,EXIT
2021-10-20,IRCTC,EXIT
2021-10-20,JKCEMENT,REDUCE
2021-10-20,JUBLFOOD,REDUCE
2021-10-20,JUBLINGREA,REDUCE
2021-10-20,NAVINFLUOR,EXIT
2021-10-20,PGEL,EXIT
2021-10-20,SBILIFE,REDUCE
2021-10-20,SBIN,HOLD
2021-10-20,VBL,REDUCE
2021-10-21,ABB,HOLD
2021-10-21,ADANIGREEN,HOLD
2021-10-21,ANGELONE,EXIT
2021-10-21,ATUL,REDUCE
2021-10-21,DMART,EXIT
2021-10-21,BALRAMCHIN,EXIT
2021-10-21,BERGEPAINT,EXIT
2021-10-21,BDL,HOLD
2021-10-21,DCMSHRIRAM,EXIT
2021-10-21,DEEPAKNTR,EXIT
2021-10-21,GAIL,REDUCE
2021-10-21,GILLETTE,EXIT
2021-10-21,GRASIM,HOLD
2021-10-21,HEG,REDUCE
2021-10-21,HAVELLS,REDUCE
2021-10-21,IRCON,HOLD
2021-10-21,LINDEINDIA,EXIT
2021-10-21,MAZDOCK,HOLD
2021-10-21,OIL,EXIT
2021-10-21,OFSS,REDUCE
2021-10-21,PCBL,EXIT
2021-10-21,PFIZER,EXIT
2021-10-21,PIDILITIND,REDUCE
2021-10-21,PRESTIGE,EXIT
2021-10-21,RVNL,HOLD
2021-10-21,SHRIRAMFIN,REDUCE
2021-10-21,SIEMENS,REDUCE
2021-10-21,SONATSOFTW,REDUCE
2021-10-21,TEJASNET,EXIT
2021-10-22,360ONE,REDUCE
2021-10-22,ABBOTINDIA,REDUCE
2021-10-22,ACE,REDUCE
2021-10-22,BANKBARODA,HOLD
2021-10-22,FEDERALBNK,HOLD
2021-10-22,HEG,EXIT
2021-10-22,HDFCLIFE,EXIT
2021-10-22,HINDZINC,EXIT
2021-10-22,INDIAMART,EXIT
2021-10-22,JUBLFOOD,EXIT
2021-10-22,KPITTECH,REDUCE
2021-10-22,KEC,HOLD
2021-10-22,NLCINDIA,EXIT
2021-10-22,RECLTD,REDUCE
2021-10-22,RITES,HOLD
2021-10-22,SOLARINDS,EXIT
2021-10-22,SONATSOFTW,EXIT
2021-10-22,SYNGENE,EXIT
2021-10-22,UCOBANK,HOLD
2021-10-22,VTL,REDUCE
2021-10-22,ZENSARTECH,EXIT
2021-10-25,APLAPOLLO,EXIT
2021-10-25,ACE,EXIT
2021-10-25,ABREL,EXIT
2021-10-25,ANANTRAJ,EXIT
2021-10-25,ASIANPAINT,EXIT
2021-10-25,ATUL,EXIT
2021-10-25,AXISBANK,HOLD
2021-10-25,BALKRISIND,REDUCE
2021-10-25,CRISIL,HOLD
2021-10-25,COFORGE,REDUCE
2021-10-25,DIXON,EXIT
2021-10-25,ELGIEQUIP,EXIT
2021-10-25,EMAMILTD,EXIT
2021-10-25,ERIS,HOLD
2021-10-25,FORTIS,EXIT
2021-10-25,GODREJCP,EXIT
2021-10-25,FLUOROCHEM,EXIT
2021-10-25,HCLTECH,REDUCE
2021-10-25,ICICIBANK,HOLD
2021-10-25,IDBI,EXIT
2021-10-25,IEX,EXIT
2021-10-25,NAUKRI,EXIT
2021-10-25,IPCALAB,EXIT
2021-10-25,J&KBANK,HOLD
2021-10-25,KEI,EXIT
2021-10-25,KPITTECH,EXIT
2021-10-25,MFSL,EXIT
2021-10-25,MCX,EXIT
2021-10-25,PRESTIGE,HOLD
2021-10-25,SRF,EXIT
2021-10-25,SCHAEFFLER,REDUCE
2021-10-25,SUMICHEM,EXIT
2021-10-25,TATAPOWER,EXIT
2021-10-25,THERMAX,EXIT
2021-10-25,TIMKEN,REDUCE
2021-10-25,UNOMINDA,HOLD
2021-10-25,WELSPUNLIV,EXIT
2021-10-25,ECLERX,EXIT
2021-10-26,ASTRAL,REDUCE
2021-10-26,BLUESTARCO,HOLD
2021-10-26,MANAPPURAM,HOLD
2021-10-26,NAVA,REDUCE
2021-10-26,SOLARINDS,HOLD
2021-10-27,DMART,HOLD
2021-10-27,BPCL,REDUCE
2021-10-27,CDSL,HOLD
2021-10-27,DIXON,HOLD
2021-10-27,HINDUNILVR,EXIT
2021-10-27,IDBI,HOLD
2021-10-27,INDIACEM,HOLD
2021-10-27,IEX,HOLD
2021-10-27,KEI,HOLD
2021-10-27,NATIONALUM,EXIT
2021-10-27,PGEL,HOLD
2021-10-27,PIIND,EXIT
2021-10-27,SARDAEN,HOLD
2021-10-27,TATAPOWER,HOLD
2021-10-27,TIMKEN,HOLD
2021-10-27,VTL,HOLD
2021-10-27,VEDL,EXIT
2021-10-28,360ONE,HOLD
2021-10-28,AARTIIND,EXIT
2021-10-28,ADANIENT,EXIT
2021-10-28,ADANIGREEN,EXIT
2021-10-28,ADANIPORTS,EXIT
2021-10-28,ASAHIINDIA,HOLD
2021-10-28,AXISBANK,REDUCE
2021-10-28,BALKRISIND,HOLD
2021-10-28,CAPLIPOINT,REDUCE
2021-10-28,CIPLA,EXIT
2021-10-28,COALINDIA,EXIT
2021-10-28,DEVYANI,REDUCE
2021-10-28,ENDURANCE,HOLD
2021-10-28,FORCEMOT,REDUCE
2021-10-28,HINDALCO,REDUCE
2021-10-28,POWERINDIA,EXIT
2021-10-28,IDBI,EXIT
2021-10-28,IRB,EXIT
2021-10-28,ITC,REDUCE
2021-10-28,IEX,EXIT
2021-10-28,JBCHEPHARM,EXIT
2021-10-28,PFC,REDUCE
2021-10-28,SCHAEFFLER,HOLD
2021-10-28,TATACHEM,EXIT
2021-10-28,TATAPOWER,EXIT
2021-10-28,TORNTPHARM,EXIT
2021-10-28,TORNTPOWER,REDUCE
2021-10-28,WIPRO,REDUCE
2021-10-29,ASHOKLEY,HOLD
2021-10-29,BALKRISIND,REDUCE
2021-10-29,CRISIL,REDUCE
2021-10-29,CHENNPETRO,EXIT
2021-10-29,COFORGE,EXIT
2021-10-29,HCLTECH,EXIT
2021-10-29,HDFCBANK,REDUCE
2021-10-29,HSCL,HOLD
2021-10-29,HINDALCO,EXIT
2021-10-29,IIFL,HOLD
2021-10-29,INDUSTOWER,EXIT
2021-10-29,MARUTI,REDUCE
2021-10-29,MINDACORP,HOLD
2021-10-29,NAM-INDIA,REDUCE
2021-10-29,RVNL,EXIT
2021-10-29,RPOWER,EXIT
2021-10-29,SBICARD,REDUCE
2021-10-29,SUNPHARMA,REDUCE
2021-10-29,TITAGARH,REDUCE
2021-10-29,TORNTPOWER,HOLD
2021-10-29,ZYDUSWELL,EXIT
2021-11-01,360ONE,REDUCE
2021-11-01,BALKRISIND,HOLD
2021-11-01,CHOLAHLDNG,REDUCE
2021-11-01,COALINDIA,REDUCE
2021-11-01,HINDALCO,REDUCE
2021-11-01,MARUTI,HOLD
2021-11-01,NAVA,HOLD
2021-11-01,OIL,HOLD
2021-11-01,SUNTV,HOLD
2021-11-01,TATACOMM,EXIT
2021-11-01,VBL,HOLD
2021-11-02,ADANIGREEN,HOLD
2021-11-02,CARTRADE,REDUCE
2021-11-02,COALINDIA,HOLD
2021-11-02,FORCEMOT,HOLD
2021-11-02,FLUOROCHEM,HOLD
2021-11-02,IEX,HOLD
2021-11-02,INDUSTOWER,HOLD
2021-11-02,JKCEMENT,HOLD
2021-11-02,JSWENERGY,EXIT
2021-11-02,M&MFIN,HOLD
2021-11-02,NAVA,REDUCE
2021-11-02,OIL,EXIT
2021-11-02,MOTHERSON,HOLD
2021-11-02,SHRIRAMFIN,HOLD
2021-11-02,TATAPOWER,HOLD
2021-11-02,RAMCOCEM,HOLD
2021-11-03,3MINDIA,HOLD
2021-11-03,ACE,HOLD
2021-11-03,ASTRAL,HOLD
2021-11-03,BALKRISIND,REDUCE
2021-11-03,FSL,HOLD
2021-11-03,GODREJIND,HOLD
2021-11-03,HINDALCO,HOLD
2021-11-03,IDBI,HOLD
2021-11-03,ITC,EXIT
2021-11-03,JINDALSTEL,HOLD
2021-11-03,MARICO,REDUCE
2021-11-03,NH,HOLD
2021-11-03,NUVOCO,REDUCE
2021-11-03,SHREECEM,HOLD
2021-11-03,SOLARINDS,EXIT
2021-11-03,ZFCVINDIA,HOLD
2021-11-04,APTUS,REDUCE
2021-11-04,BAJFINANCE,REDUCE
2021-11-04,CRISIL,HOLD
2021-11-04,GALLANTT,HOLD
2021-11-04,HONAUT,HOLD
2021-11-04,INOXWIND,HOLD
2021-11-04,MCX,HOLD
2021-11-04,NLCINDIA,HOLD
2021-11-04,PFC,HOLD
2021-11-08,ACC,HOLD
2021-11-08,APLAPOLLO,HOLD
2021-11-08,BAJFINANCE,HOLD
2021-11-08,BHARATFORG,HOLD
2021-11-08,HINDALCO,REDUCE
2021-11-08,HAL,REDUCE
2021-11-08,HONAUT,REDUCE
2021-11-08,IDBI,EXIT
2021-11-08,ITC,REDUCE
2021-11-08,INDUSINDBK,REDUCE
2021-11-08,KPITTECH,HOLD
2021-11-08,MARICO,HOLD
2021-11-08,MUTHOOTFIN,HOLD
2021-11-08,NAVA,HOLD
2021-11-08,SOLARINDS,HOLD
2021-11-08,ULTRACEMCO,HOLD
2021-11-09,ADANIENT,REDUCE
2021-11-09,APOLLOTYRE,HOLD
2021-11-09,BAJFINANCE,REDUCE
2021-11-09,FSL,REDUCE
2021-11-09,JINDALSTEL,EXIT
2021-11-09,OIL,HOLD
2021-11-09,RVNL,HOLD
2021-11-09,VEDL,HOLD
2021-11-09,WHIRLPOOL,HOLD
2021-11-10,ADANIENT,HOLD
2021-11-10,ANANTRAJ,HOLD
2021-11-10,BALKRISIND,HOLD
2021-11-10,COALINDIA,EXIT
2021-11-10,ELGIEQUIP,HOLD
2021-11-10,FINCABLES,HOLD
2021-11-10,FSL,EXIT
2021-11-10,GMDCLTD,REDUCE
2021-11-10,HINDALCO,EXIT
2021-11-10,HONAUT,EXIT
2021-11-10,IDBI,HOLD
2021-11-10,ITC,HOLD
2021-11-10,INDUSINDBK,EXIT
2021-11-10,MARICO,REDUCE
2021-11-10,MOTILALOFS,HOLD
2021-11-10,NLCINDIA,EXIT
2021-11-10,POWERGRID,REDUCE
2021-11-11,AXISBANK,EXIT
2021-11-11,BALKRISIND,REDUCE
2021-11-11,BHEL,EXIT
2021-11-11,ERIS,REDUCE
2021-11-11,INTELLECT,HOLD
2021-11-11,JWL,HOLD
2021-11-11,KAJARIACER,REDUCE
2021-11-11,MOTILALOFS,EXIT
2021-11-11,OIL,EXIT
2021-11-11,PIDILITIND,HOLD
2021-11-11,RKFORGE,EXIT
2021-11-11,SHREECEM,REDUCE
2021-11-12,HONAUT,HOLD
2021-11-12,IDBI,EXIT
2021-11-12,LINDEINDIA,HOLD
2021-11-12,SUPREMEIND,REDUCE
2021-11-12,TVSMOTOR,HOLD
2021-11-12,THERMAX,HOLD
2021-11-12,TARIL,HOLD
2021-11-15,ACE,REDUCE
2021-11-15,GABRIEL,REDUCE
2021-11-15,GALLANTT,EXIT
2021-11-15,HSCL,EXIT
2021-11-15,HONAUT,EXIT
2021-11-15,INFY,HOLD
2021-11-15,INTELLECT,EXIT
2021-11-15,JKTYRE,EXIT
2021-11-15,JWL,EXIT
2021-11-15,M&MFIN,EXIT
2021-11-15,MOTILALOFS,HOLD
2021-11-15,NLCINDIA,HOLD
2021-11-15,OIL,HOLD
2021-11-15,PFC,REDUCE
2021-11-15,POWERGRID,HOLD
2021-11-15,TITAGARH,EXIT
2021-11-15,TARIL,EXIT
2021-11-16,3MINDIA,EXIT
2021-11-16,AUBANK,HOLD
2021-11-16,AMBER,REDUCE
2021-11-16,ANANTRAJ,REDUCE
2021-11-16,BSOFT,HOLD
2021-11-16,GAIL,EXIT
2021-11-16,GLAXO,HOLD
2021-11-16,MOTILALOFS,EXIT
2021-11-16,POONAWALLA,HOLD
2021-11-16,RECLTD,EXIT
2021-11-16,WELCORP,HOLD
2021-11-16,ECLERX,HOLD
2021-11-17,ABBOTINDIA,EXIT
2021-11-17,AMBER,HOLD
2021-11-17,APOLLOHOSP,REDUCE
2021-11-17,BRITANNIA,EXIT
2021-11-17,COFORGE,HOLD
2021-11-17,POWERINDIA,HOLD
2021-11-17,LINDEINDIA,REDUCE
2021-11-17,OIL,EXIT
2021-11-17,RELIANCE,REDUCE
2021-11-17,SHREECEM,EXIT
2021-11-17,TEJASNET,HOLD
2021-11-17,TRITURBINE,EXIT
2021-11-18,ACE,EXIT
2021-11-18,APOLLOHOSP,HOLD
2021-11-18,APOLLOTYRE,REDUCE
2021-11-18,CGCL,HOLD
2021-11-18,CHOLAHLDNG,HOLD
2021-11-18,ELECON,HOLD
2021-11-18,GRAVITA,REDUCE
2021-11-18,INDIANB,EXIT
2021-11-18,MANAPPURAM,EXIT
2021-11-18,MRPL,EXIT
2021-11-18,NLCINDIA,EXIT
2021-11-18,RHIM,EXIT
2021-11-18,RVNL,EXIT
2021-11-18,SBICARD,EXIT
2021-11-18,SIEMENS,HOLD
2021-11-18,TEJASNET,EXIT
2021-11-18,RAMCOCEM,REDUCE
2021-11-18,UBL,REDUCE
2021-11-18,VEDL,EXIT
2021-11-22,ALKEM,EXIT
2021-11-22,ANANTRAJ,EXIT
2021-11-22,APOLLOTYRE,EXIT
2021-11-22,BALKRISIND,EXIT
2021-11-22,BDL,REDUCE
2021-11-22,BHARATFORG,REDUCE
2021-11-22,BPCL,EXIT
2021-11-22,CESC,EXIT
2021-11-22,CANFINHOME,REDUCE
2021-11-22,CGCL,REDUCE
2021-11-22,CONCOR,EXIT
2021-11-22,GMRAIRPORT,EXIT
2021-11-22,GABRIEL,EXIT
2021-11-22,GRSE,EXIT
2021-11-22,GODFRYPHLP,EXIT
2021-11-22,GODREJPROP,EXIT
2021-11-22,GMDCLTD,EXIT
2021-11-22,HDFCBANK,EXIT
2021-11-22,IRFC,HOLD
2021-11-22,J&KBANK,EXIT
2021-11-22,JSL,EXIT
2021-11-22,KAJARIACER,EXIT
2021-11-22,MCX,EXIT
2021-11-22,MUTHOOTFIN,REDUCE
2021-11-22,NAM-INDIA,EXIT
2021-11-22,PIDILITIND,REDUCE
2021-11-22,POLYCAB,REDUCE
2021-11-22,PFC,EXIT
2021-11-22,PRESTIGE,REDUCE
2021-11-22,SARDAEN,EXIT
2021-11-22,SOBHA,EXIT
2021-11-22,SUPREMEIND,EXIT
2021-11-22,RAMCOCEM,EXIT
2021-11-22,UNIONBANK,EXIT
2021-11-22,USHAMART,EXIT
2021-11-22,VTL,REDUCE
2021-11-22,VOLTAS,REDUCE
2021-11-22,WHIRLPOOL,EXIT
2021-11-23,APARINDS,REDUCE
2021-11-23,CAPLIPOINT,EXIT
2021-11-23,HAL,HOLD
2021-11-23,LINDEINDIA,EXIT
2021-11-23,UTIAMC,EXIT
2021-11-23,VEDL,HOLD
2021-11-24,ADANIPORTS,REDUCE
2021-11-24,BDL,HOLD
2021-11-24,CESC,HOLD
2021-11-24,CGCL,HOLD
2021-11-24,GMRAIRPORT,HOLD
2021-11-24,GRSE,HOLD
2021-11-24,ICICIPRULI,EXIT
2021-11-24,INFY,REDUCE
2021-11-24,OBEROIRLTY,EXIT
2021-11-24,OFSS,EXIT
2021-11-24,PRESTIGE,EXIT
2021-11-24,SARDAEN,HOLD
2021-11-24,TITAGARH,HOLD
2021-11-24,UCOBANK,REDUCE
2021-11-24,ULTRACEMCO,REDUCE
2021-11-24,UNIONBANK,HOLD
2021-11-24,VTL,HOLD
2021-11-25,ADANIPORTS,HOLD
2021-11-25,AMBER,REDUCE
2021-11-25,APARINDS,HOLD
2021-11-25,CHAMBLFERT,HOLD
2021-11-25,CHOLAFIN,REDUCE
2021-11-25,FORTIS,HOLD
2021-11-25,GRAVITA,HOLD
2021-11-25,HAL,REDUCE
2021-11-25,HOMEFIRST,HOLD
2021-11-25,INFY,HOLD
2021-11-25,JKCEMENT,REDUCE
2021-11-25,NAVA,REDUCE
2021-11-25,SIEMENS,REDUCE
2021-11-25,SOBHA,HOLD
2021-11-25,TEJASNET,HOLD
2021-11-25,UNIONBANK,EXIT
2021-11-25,USHAMART,HOLD
2021-11-26,ACC,REDUCE
2021-11-26,AUBANK,EXIT
2021-11-26,ADANIPORTS,EXIT
2021-11-26,ABFRL,EXIT
2021-11-26,AMBUJACEM,EXIT
2021-11-26,ASHOKLEY,EXIT
2021-11-26,BANKBARODA,EXIT
2021-11-26,BDL,REDUCE
2021-11-26,BEL,REDUCE
2021-11-26,BHARATFORG,EXIT
2021-11-26,CANFINHOME,EXIT
2021-11-26,CANBK,EXIT
2021-11-26,CHOLAFIN,EXIT
2021-11-26,CIPLA,REDUCE
2021-11-26,EIHOTEL,EXIT
2021-11-26,FORCEMOT,EXIT
2021-11-26,GRSE,EXIT
2021-11-26,INDIACEM,EXIT
2021-11-26,INDHOTEL,EXIT
2021-11-26,INDIGO,EXIT
2021-11-26,KEC,EXIT
2021-11-26,LEMONTREE,EXIT
2021-11-26,MUTHOOTFIN,EXIT
2021-11-26,PNB,EXIT
2021-11-26,MOTHERSON,EXIT
2021-11-26,UCOBANK,EXIT
2021-11-26,UBL,EXIT
2021-11-26,USHAMART,EXIT
2021-11-26,VBL,REDUCE
2021-11-26,VIJAYA,REDUCE
2021-11-29,360ONE,EXIT
2021-11-29,ASAHIINDIA,EXIT
2021-11-29,BDL,HOLD
2021-11-29,CHALET,EXIT
2021-11-29,CHAMBLFERT,EXIT
2021-11-29,CIPLA,HOLD
2021-11-29,CYIENT,REDUCE
2021-11-29,DLF,EXIT
2021-11-29,FEDERALBNK,EXIT
2021-11-29,GMRAIRPORT,EXIT
2021-11-29,GRAVITA,REDUCE
2021-11-29,HINDPETRO,EXIT
2021-11-29,HINDZINC,HOLD
2021-11-29,IIFL,EXIT
2021-11-29,ITC,EXIT
2021-11-29,INOXWIND,EXIT
2021-11-29,JKCEMENT,EXIT
2021-11-29,MAZDOCK,EXIT
2021-11-29,MPHASIS,EXIT
2021-11-29,NTPC,EXIT
2021-11-29,NAVA,EXIT
2021-11-29,PHOENIXLTD,EXIT
2021-11-29,SJVN,EXIT
2021-11-29,SARDAEN,EXIT
2021-11-29,SHRIRAMFIN,EXIT
2021-11-29,SOBHA,EXIT
2021-11-29,TATAINVEST,EXIT
2021-11-29,TATAPOWER,EXIT
2021-11-29,TEJASNET,EXIT
2021-11-29,TITAGARH,EXIT
2021-11-29,ZENTEC,REDUCE
2021-11-29,ECLERX,REDUCE
2021-11-30,AMBER,EXIT
2021-11-30,BATAINDIA,EXIT
2021-11-30,CYIENT,EXIT
2021-11-30,GLAND,EXIT
2021-11-30,ICICIBANK,EXIT
2021-11-30,MARUTI,EXIT
2021-11-30,POLYMED,HOLD
2021-12-01,ASAHIINDIA,HOLD
2021-12-01,CESC,REDUCE
2021-12-01,IIFL,HOLD
2021-12-01,KOTAKBANK,REDUCE
2021-12-01,MAXHEALTH,REDUCE
2021-12-01,SOBHA,HOLD
2021-12-02,ABFRL,HOLD
2021-12-02,CHAMBLFERT,HOLD
2021-12-02,CIPLA,REDUCE
2021-12-02,GRSE,HOLD
2021-12-02,INOXWIND,HOLD
2021-12-02,MOTILALOFS,HOLD
2021-12-02,RITES,REDUCE
2021-12-02,TATAPOWER,HOLD
2021-12-02,VBL,HOLD
2021-12-02,IDEA,HOLD
2021-12-03,CHOLAHLDNG,REDUCE
2021-12-03,COFORGE,REDUCE
2021-12-03,CROMPTON,EXIT
2021-12-03,ERIS,EXIT
2021-12-03,GMRAIRPORT,HOLD
2021-12-03,GODFRYPHLP,HOLD
2021-12-03,IFCI,HOLD
2021-12-03,MAXHEALTH,HOLD
2021-12-03,NAVINFLUOR,HOLD
2021-12-03,PHOENIXLTD,HOLD
2021-12-03,REDINGTON,HOLD
2021-12-03,SPLPETRO,HOLD
2021-12-03,UNIONBANK,HOLD
2021-12-03,VBL,REDUCE
2021-12-03,VOLTAS,HOLD
2021-12-06,ABFRL,EXIT
2021-12-06,BAJAJFINSV,REDUCE
2021-12-06,BEL,HOLD
2021-12-06,DABUR,EXIT
2021-12-06,INDUSTOWER,EXIT
2021-12-06,JWL,HOLD
2021-12-06,MOTILALOFS,EXIT
2021-12-06,REDINGTON,EXIT
2021-12-06,UNIONBANK,EXIT
2021-12-06,ECLERX,EXIT
2021-12-07,3MINDIA,HOLD
2021-12-07,AAVAS,EXIT
2021-12-07,ADANIPORTS,REDUCE
2021-12-07,CIPLA,EXIT
2021-12-07,GODREJIND,REDUCE
2021-12-07,GRAVITA,HOLD
2021-12-07,HFCL,HOLD
2021-12-07,HAVELLS,HOLD
2021-12-07,NESTLEIND,HOLD
2021-12-07,TATACONSUM,EXIT
2021-12-07,TORNTPHARM,HOLD
2021-12-07,TRENT,EXIT
2021-12-08,3MINDIA,EXIT
2021-12-08,ADANIPORTS,HOLD
2021-12-08,ANANTRAJ,HOLD
2021-12-08,CANBK,HOLD
2021-12-08,CGCL,REDUCE
2021-12-08,ICICIBANK,REDUCE
2021-12-08,JKCEMENT,HOLD
2021-12-08,JSWSTEEL,REDUCE
2021-12-08,REDINGTON,HOLD
2021-12-08,SHRIRAMFIN,REDUCE
2021-12-08,SUPREMEIND,HOLD
2021-12-08,UNIONBANK,HOLD
2021-12-08,ZENTEC,HOLD
2021-12-09,ABFRL,HOLD
2021-12-09,ICICIBANK,HOLD
2021-12-09,INDHOTEL,HOLD
2021-12-09,JSWSTEEL,HOLD
2021-12-09,SHRIRAMFIN,HOLD
2021-12-09,SIEMENS,HOLD
2021-12-09,ZENTEC,REDUCE
2021-12-10,BEL,REDUCE
2021-12-10,DIVISLAB,EXIT
2021-12-10,GODREJIND,HOLD
2021-12-10,POLYCAB,HOLD
2021-12-10,RVNL,HOLD
2021-12-10,UPL,HOLD
2021-12-10,USHAMART,HOLD
2021-12-10,ZENTEC,HOLD
2021-12-13,BANKBARODA,HOLD
2021-12-13,BEL,HOLD
2021-12-13,CHOLAHLDNG,HOLD
2021-12-13,COFORGE,HOLD
2021-12-13,DLF,HOLD
2021-12-13,IOC,REDUCE
2021-12-13,KOTAKBANK,EXIT
2021-12-13,MARUTI,REDUCE
2021-12-13,NESTLEIND,REDUCE
2021-12-13,VBL,HOLD
2021-12-14,ASIANPAINT,REDUCE
2021-12-14,BLUEDART,REDUCE
2021-12-14,HAVELLS,REDUCE
2021-12-14,JPPOWER,HOLD
2021-12-14,JSL,HOLD
2021-12-14,PIDILITIND,HOLD
2021-12-14,RHIM,HOLD
2021-12-14,RVNL,EXIT
2021-12-14,SJVN,HOLD
2021-12-14,SHRIRAMFIN,EXIT
2021-12-14,TATACOMM,HOLD
2021-12-15,ASIANPAINT,HOLD
2021-12-15,BANKBARODA,EXIT
2021-12-15,CHOLAHLDNG,REDUCE
2021-12-15,DLF,REDUCE
2021-12-15,GRSE,EXIT
2021-12-15,GODFRYPHLP,REDUCE
2021-12-15,GMDCLTD,HOLD
2021-12-15,JSWSTEEL,REDUCE
2021-12-15,KAJARIACER,HOLD
2021-12-15,MARUTI,HOLD
2021-12-15,POLYMED,EXIT
2021-12-15,SAMMAANCAP,HOLD
2021-12-16,AFFLE,REDUCE
2021-12-16,CUMMINSIND,HOLD
2021-12-16,EIHOTEL,HOLD
2021-12-16,IIFL,EXIT
2021-12-16,JPPOWER,EXIT
2021-12-16,NESTLEIND,HOLD
2021-12-16,SAMMAANCAP,EXIT
2021-12-16,SUPREMEIND,REDUCE
2021-12-16,TVSMOTOR,EXIT
2021-12-16,TARIL,HOLD
2021-12-16,VBL,REDUCE
2021-12-17,ADANIPORTS,EXIT
2021-12-17,AMBER,HOLD
2021-12-17,CANBK,EXIT
2021-12-17,ELECON,EXIT
2021-12-17,FLUOROCHEM,EXIT
2021-12-17,GMDCLTD,REDUCE
2021-12-17,IOC,EXIT
2021-12-17,IRFC,EXIT
2021-12-17,MARICO,EXIT
2021-12-17,POLYCAB,REDUCE
2021-12-17,REDINGTON,EXIT
2021-12-17,TATAPOWER,EXIT
2021-12-17,TARIL,EXIT
2021-12-17,UPL,EXIT
2021-12-17,UNIONBANK,EXIT
2021-12-17,VOLTAS,REDUCE
2021-12-17,WIPRO,HOLD
2021-12-17,ECLERX,HOLD
2021-12-20,ACC,EXIT
2021-12-20,ABFRL,EXIT
2021-12-20,ANANTRAJ,EXIT
2021-12-20,ASTRAL,REDUCE
2021-12-20,BEML,EXIT
2021-12-20,BSE,EXIT
2021-12-20,BOSCHLTD,EXIT
2021-12-20,BRIGADE,EXIT
2021-12-20,CESC,EXIT
2021-12-20,CGCL,EXIT
2021-12-20,DLF,EXIT
2021-12-20,EIHOTEL,EXIT
2021-12-20,ELGIEQUIP,EXIT
2021-12-20,HFCL,EXIT
2021-12-20,HAL,EXIT
2021-12-20,HINDZINC,EXIT
2021-12-20,IFCI,EXIT
2021-12-20,INDHOTEL,EXIT
2021-12-20,INOXWIND,EXIT
2021-12-20,JWL,EXIT
2021-12-20,NHPC,EXIT
2021-12-20,RAILTEL,EXIT
2021-12-20,SJVN,EXIT
2021-12-20,SCI,EXIT
2021-12-20,SOBHA,EXIT
2021-12-20,SOLARINDS,EXIT
2021-12-20,SUNTV,EXIT
2021-12-20,SUPREMEIND,EXIT
2021-12-20,SPLPETRO,REDUCE
2021-12-20,TATACOMM,REDUCE
2021-12-20,TATAELXSI,EXIT
2021-12-20,TIMKEN,EXIT
2021-12-20,VBL,EXIT
2021-12-20,IDEA,EXIT
2021-12-20,WELCORP,EXIT
2021-12-21,APOLLOHOSP,EXIT
2021-12-21,ENDURANCE,EXIT
2021-12-21,GODFRYPHLP,EXIT
2021-12-21,FLUOROCHEM,HOLD
2021-12-21,JBMA,REDUCE
2021-12-21,RELIANCE,EXIT
2021-12-21,SPLPETRO,HOLD
2021-12-21,USHAMART,REDUCE
2021-12-22,BAJFINANCE,EXIT
2021-12-22,CHOLAHLDNG,EXIT
2021-12-22,ELGIEQUIP,HOLD
2021-12-22,GLAND,HOLD
2021-12-22,HAVELLS,HOLD
2021-12-22,HINDALCO,REDUCE
2021-12-22,ICICIBANK,EXIT
2021-12-22,JBMA,HOLD
2021-12-22,JWL,HOLD
2021-12-22,SUNPHARMA,HOLD
2021-12-22,TATACOMM,HOLD
2021-12-22,TIMKEN,HOLD
2021-12-22,UPL,HOLD
2021-12-22,WELCORP,HOLD
2021-12-23,ABFRL,HOLD
2021-12-23,ABSLAMC,REDUCE
2021-12-23,BRIGADE,HOLD
2021-12-23,CGCL,HOLD
2021-12-23,IFCI,HOLD
2021-12-23,KEC,HOLD
2021-12-23,NATIONALUM,HOLD
2021-12-23,SRF,HOLD
2021-12-23,SOBHA,HOLD
2021-12-23,TCS,HOLD
2021-12-24,ANANTRAJ,HOLD
2021-12-24,EIDPARRY,REDUCE
2021-12-24,GMDCLTD,EXIT
2021-12-24,HCLTECH,REDUCE
2021-12-24,NATIONALUM,EXIT
2021-12-24,PRESTIGE,HOLD
2021-12-24,RITES,EXIT
2021-12-24,SBIN,EXIT
2021-12-24,USHAMART,HOLD
2021-12-27,ABREL,HOLD
2021-12-27,AJANTPHARM,HOLD
2021-12-27,AMBER,REDUCE
2021-12-27,DMART,REDUCE
2021-12-27,BHARTIARTL,REDUCE
2021-12-27,CIPLA,REDUCE
2021-12-27,HCLTECH,HOLD
2021-12-27,HINDALCO,EXIT
2021-12-27,SUZLON,HOLD
2021-12-28,ASTRAL,HOLD
2021-12-28,CCL,HOLD
2021-12-28,HFCL,HOLD
2021-12-28,JPPOWER,HOLD
2021-12-28,LINDEINDIA,HOLD
2021-12-28,MPHASIS,HOLD
2021-12-28,SBILIFE,HOLD
2021-12-29,AFFLE,HOLD
2021-12-29,APOLLOHOSP,REDUCE
2021-12-29,ELECON,HOLD
2021-12-29,GRASIM,REDUCE
2021-12-29,JKCEMENT,EXIT
2021-12-29,POLYCAB,HOLD
2021-12-29,SONACOMS,REDUCE
2021-12-29,SONATSOFTW,HOLD
2021-12-29,TITAN,REDUCE
2021-12-29,TARIL,HOLD
2021-12-29,ZENSARTECH,HOLD
2021-12-30,APOLLOHOSP,HOLD
2021-12-30,BDL,REDUCE
2021-12-30,CAPLIPOINT,HOLD
2021-12-30,LALPATHLAB,HOLD
2021-12-30,DRREDDY,REDUCE
2021-12-30,GMDCLTD,HOLD
2021-12-30,M&M,EXIT
2021-12-30,SJVN,HOLD
2021-12-30,SUMICHEM,HOLD
2021-12-30,TITAN,HOLD
2021-12-30,IDEA,HOLD
2021-12-31,AMBER,HOLD
2021-12-31,BALRAMCHIN,HOLD
2021-12-31,JBCHEPHARM,HOLD
2021-12-31,JSWSTEEL,EXIT
2021-12-31,MAZDOCK,HOLD
2021-12-31,ULTRACEMCO,HOLD
2021-12-31,VOLTAS,HOLD
2021-12-31,WELSPUNLIV,HOLD
2022-01-03,AARTIIND,HOLD
2022-01-03,BOSCHLTD,HOLD
2022-01-03,DEEPAKNTR,HOLD
2022-01-03,EICHERMOT,REDUCE
2022-01-03,GALLANTT,HOLD
2022-01-03,ICICIBANK,REDUCE
2022-01-03,IRCON,REDUCE
2022-01-03,JSWSTEEL,REDUCE
2022-01-03,ONGC,EXIT
2022-01-03,TRITURBINE,HOLD
2022-01-04,AMBER,REDUCE
2022-01-04,BAJAJFINSV,EXIT
2022-01-04,DRREDDY,EXIT
2022-01-04,EIDPARRY,HOLD
2022-01-04,HINDALCO,REDUCE
2022-01-04,HINDZINC,HOLD
2022-01-04,ICICIBANK,HOLD
2022-01-04,JKCEMENT,HOLD
2022-01-04,KEC,REDUCE
2022-01-04,SCI,HOLD
2022-01-04,TRITURBINE,EXIT
2022-01-04,UTIAMC,HOLD
2022-01-05,AAVAS,HOLD
2022-01-05,AMBER,HOLD
2022-01-05,AMBUJACEM,HOLD
2022-01-05,BLUEDART,HOLD
2022-01-05,CRISIL,REDUCE
2022-01-05,CGCL,REDUCE
2022-01-05,GRASIM,HOLD
2022-01-05,HINDALCO,HOLD
2022-01-05,INDIACEM,HOLD
2022-01-05,MUTHOOTFIN,HOLD
2022-01-05,NATIONALUM,HOLD
2022-01-05,TRENT,REDUCE
2022-01-06,ALKEM,HOLD
2022-01-06,BEML,HOLD
2022-01-06,BHARTIARTL,HOLD
2022-01-06,BRIGADE,REDUCE
2022-01-06,CRISIL,EXIT
2022-01-06,CGCL,HOLD
2022-01-06,DEEPAKFERT,HOLD
2022-01-06,NAVA,HOLD
2022-01-06,TRENT,HOLD
2022-01-07,BAJFINANCE,REDUCE
2022-01-07,CANBK,HOLD
2022-01-07,CGCL,REDUCE
2022-01-07,CIPLA,EXIT
2022-01-07,JBCHEPHARM,EXIT
2022-01-07,JUBLINGREA,EXIT
2022-01-07,MPHASIS,REDUCE
2022-01-07,ONGC,REDUCE
2022-01-07,TATAPOWER,HOLD
2022-01-10,APLAPOLLO,EXIT
2022-01-10,BAJFINANCE,HOLD
2022-01-10,COALINDIA,REDUCE
2022-01-10,GRSE,HOLD
2022-01-10,INDIGO,REDUCE
2022-01-10,OBEROIRLTY,HOLD
2022-01-10,ONGC,HOLD
2022-01-10,PHOENIXLTD,EXIT
2022-01-10,REDINGTON,HOLD
2022-01-11,ADANIPORTS,REDUCE
2022-01-11,DMART,EXIT
2022-01-11,BHARTIARTL,REDUCE
2022-01-11,BLUESTARCO,REDUCE
2022-01-11,CESC,HOLD
2022-01-11,COALINDIA,EXIT
2022-01-11,GALLANTT,EXIT
2022-01-11,INOXWIND,HOLD
2022-01-11,JBCHEPHARM,HOLD
2022-01-11,JSWSTEEL,EXIT
2022-01-11,NEWGEN,HOLD
2022-01-11,TITAGARH,HOLD
2022-01-11,IDEA,EXIT
2022-01-12,AUBANK,HOLD
2022-01-12,ABCAPITAL,HOLD
2022-01-12,ANURAS,HOLD
2022-01-12,BHARTIARTL,HOLD
2022-01-12,DIXON,REDUCE
2022-01-12,INDHOTEL,HOLD
2022-01-12,INOXWIND,REDUCE
2022-01-12,KEC,HOLD
2022-01-12,MUTHOOTFIN,REDUCE
2022-01-12,NLCINDIA,HOLD
2022-01-12,TATACHEM,HOLD
2022-01-12,TEJASNET,HOLD
2022-01-12,ZENTEC,REDUCE
2022-01-13,BAJAJFINSV,REDUCE
2022-01-13,COALINDIA,REDUCE
2022-01-13,HINDPETRO,HOLD
2022-01-13,JUBLFOOD,HOLD
2022-01-13,M&M,REDUCE
2022-01-13,SWANCORP,HOLD
2022-01-13,TATAELXSI,HOLD
2022-01-13,WIPRO,REDUCE
2022-01-13,ZENSARTECH,EXIT
2022-01-14,ADANIPORTS,HOLD
2022-01-14,BSE,HOLD
2022-01-14,BAJAJFINSV,HOLD
2022-01-14,BDL,HOLD
2022-01-14,KALYANKJIL,EXIT
2022-01-14,M&M,HOLD
2022-01-14,MOTHERSON,HOLD
2022-01-14,ZENTEC,HOLD
2022-01-17,ATUL,HOLD
2022-01-17,LALPATHLAB,EXIT
2022-01-17,HAL,HOLD
2022-01-17,JSWSTEEL,REDUCE
2022-01-17,RVNL,HOLD
2022-01-17,RPOWER,HOLD
2022-01-17,TTML,EXIT
2022-01-18,APLAPOLLO,HOLD
2022-01-18,ALKEM,REDUCE
2022-01-18,AMBUJACEM,REDUCE
2022-01-18,APOLLOHOSP,EXIT
2022-01-18,BALKRISIND,HOLD
2022-01-18,BEL,REDUCE
2022-01-18,BRIGADE,HOLD
2022-01-18,CGCL,HOLD
2022-01-18,HAVELLS,REDUCE
2022-01-18,IEX,REDUCE
2022-01-18,JUBLFOOD,EXIT
2022-01-18,OIL,HOLD
2022-01-18,RELIANCE,REDUCE
2022-01-18,SIEMENS,REDUCE
2022-01-18,TEJASNET,EXIT
2022-01-19,AMBUJACEM,EXIT
2022-01-19,BHARTIARTL,REDUCE
2022-01-19,BOSCHLTD,REDUCE
2022-01-19,CAPLIPOINT,EXIT
2022-01-19,COALINDIA,HOLD
2022-01-19,IEX,HOLD
2022-01-19,JSWSTEEL,EXIT
2022-01-19,NEWGEN,EXIT
2022-01-19,RELIANCE,HOLD
2022-01-19,SCI,EXIT
2022-01-19,SUMICHEM,REDUCE
2022-01-19,ULTRACEMCO,REDUCE
2022-01-19,ZEEL,REDUCE
2022-01-20,360ONE,HOLD
2022-01-20,ADANIPORTS,EXIT
2022-01-20,ALKEM,HOLD
2022-01-20,ANGELONE,HOLD
2022-01-20,DCMSHRIRAM,HOLD
2022-01-20,NYKAA,REDUCE
2022-01-20,GLAND,EXIT
2022-01-20,JSWSTEEL,REDUCE
2022-01-20,NESTLEIND,REDUCE
2022-01-20,SIEMENS,HOLD
2022-01-20,UTIAMC,REDUCE
2022-01-20,ZEEL,EXIT
2022-01-21,BAJAJFINSV,REDUCE
2022-01-21,BSOFT,EXIT
2022-01-21,CARBORUNIV,REDUCE
2022-01-21,CHOLAFIN,HOLD
2022-01-21,COALINDIA,EXIT
2022-01-21,COFORGE,REDUCE
2022-01-21,FINCABLES,EXIT
2022-01-21,HAVELLS,EXIT
2022-01-21,JKCEMENT,REDUCE
2022-01-21,JSWSTEEL,EXIT
2022-01-21,LTTS,EXIT
2022-01-21,MUTHOOTFIN,EXIT
2022-01-21,SBIN,REDUCE
2022-01-21,SUMICHEM,EXIT
2022-01-21,VBL,HOLD
2022-01-21,VOLTAS,REDUCE
2022-01-21,WIPRO,EXIT
2022-01-24,ABCAPITAL,EXIT
2022-01-24,AFFLE,EXIT
2022-01-24,ANGELONE,EXIT
2022-01-24,BAJFINANCE,REDUCE
2022-01-24,BAJAJFINSV,EXIT
2022-01-24,CANBK,REDUCE
2022-01-24,CARBORUNIV,EXIT
2022-01-24,CHOLAHLDNG,HOLD
2022-01-24,COFORGE,EXIT
2022-01-24,CUMMINSIND,EXIT
2022-01-24,DCMSHRIRAM,EXIT
2022-01-24,DEEPAKNTR,EXIT
2022-01-24,DIXON,EXIT
2022-01-24,EIDPARRY,REDUCE
2022-01-24,ELECON,EXIT
2022-01-24,GRSE,EXIT
2022-01-24,HFCL,EXIT
2022-01-24,HINDPETRO,REDUCE
2022-01-24,IFCI,EXIT
2022-01-24,INDIACEM,EXIT
2022-01-24,INOXWIND,EXIT
2022-01-24,KPRMILL,EXIT
2022-01-24,KPITTECH,EXIT
2022-01-24,MAZDOCK,EXIT
2022-01-24,MPHASIS,EXIT
2022-01-24,NLCINDIA,EXIT
2022-01-24,NTPC,REDUCE
2022-01-24,NATIONALUM,EXIT
2022-01-24,NAVA,REDUCE
2022-01-24,PERSISTENT,EXIT
2022-01-24,RADICO,EXIT
2022-01-24,RVNL,EXIT
2022-01-24,RELIANCE,REDUCE
2022-01-24,SIEMENS,REDUCE
2022-01-24,SBIN,HOLD
2022-01-24,TATACHEM,EXIT
2022-01-24,TATACOMM,EXIT
2022-01-24,UTIAMC,EXIT
2022-01-24,ULTRACEMCO,EXIT
2022-01-24,USHAMART,EXIT
2022-01-24,WELSPUNLIV,EXIT
2022-01-24,ECLERX,EXIT
2022-01-25,APLAPOLLO,EXIT
2022-01-25,AARTIIND,EXIT
2022-01-25,ABREL,EXIT
2022-01-25,AMBER,EXIT
2022-01-25,ASTRAL,EXIT
2022-01-25,AXISBANK,REDUCE
2022-01-25,BHARTIARTL,HOLD
2022-01-25,CANBK,HOLD
2022-01-25,COALINDIA,REDUCE
2022-01-25,GRASIM,REDUCE
2022-01-25,HCLTECH,EXIT
2022-01-25,HINDZINC,EXIT
2022-01-25,IEX,EXIT
2022-01-25,M&M,REDUCE
2022-01-25,NTPC,HOLD
2022-01-25,POLICYBZR,REDUCE
2022-01-25,RPOWER,EXIT
2022-01-25,SOBHA,EXIT
2022-01-25,SONATSOFTW,REDUCE
2022-01-25,UNOMINDA,EXIT
2022-01-25,VTL,EXIT
2022-01-25,VBL,REDUCE
2022-01-27,ALKEM,EXIT
2022-01-27,ANGELONE,HOLD
2022-01-27,BALKRISIND,EXIT
2022-01-27,BANKBARODA,HOLD
2022-01-27,BLUESTARCO,EXIT
2022-01-27,BRIGADE,REDUCE
2022-01-27,CIPLA,REDUCE
2022-01-27,COALINDIA,HOLD
2022-01-27,DCMSHRIRAM,HOLD
2022-01-27,FEDERALBNK,HOLD
2022-01-27,FORTIS,EXIT
2022-01-27,INDIACEM,HOLD
2022-01-27,INFY,REDUCE
2022-01-27,INDIGO,EXIT
2022-01-27,KPITTECH,EXIT
2022-01-27,NATIONALUM,HOLD
2022-01-27,NAVA,HOLD
2022-01-27,NESTLEIND,EXIT
2022-01-27,OBEROIRLTY,REDUCE
2022-01-27,SARDAEN,HOLD
2022-01-27,SONATSOFTW,EXIT
2022-01-27,TITAN,REDUCE
2022-01-27,TORNTPHARM,EXIT
2022-01-27,TRITURBINE,HOLD
2022-01-28,EICHERMOT,EXIT
2022-01-28,GLAXO,EXIT
2022-01-28,HINDPETRO,HOLD
2022-01-28,J&KBANK,HOLD
2022-01-28,MAXHEALTH,EXIT
2022-01-28,RPOWER,HOLD
2022-01-28,SAREGAMA,EXIT
2022-01-28,TATAINVEST,HOLD
2022-01-28,TRENT,REDUCE
2022-01-28,TIINDIA,EXIT
2022-01-28,UNIONBANK,HOLD
2022-01-28,VTL,HOLD
2022-01-31,APARINDS,EXIT
2022-01-31,BEL,HOLD
2022-01-31,BRIGADE,HOLD
2022-01-31,CUMMINSIND,HOLD
2022-01-31,EICHERMOT,REDUCE
2022-01-31,ELGIEQUIP,REDUCE
2022-01-31,HOMEFIRST,REDUCE
2022-01-31,KPRMILL,HOLD
2022-01-31,KPITTECH,HOLD
2022-01-31,NLCINDIA,HOLD
2022-01-31,OBEROIRLTY,HOLD
2022-01-31,PAYTM,REDUCE
2022-01-31,SIEMENS,HOLD
2022-02-01,AFFLE,HOLD
2022-02-01,ALKEM,HOLD
2022-02-01,AMBER,HOLD
2022-02-01,ASIANPAINT,REDUCE
2022-02-01,BALKRISIND,HOLD
2022-02-01,CRAFTSMAN,EXIT
2022-02-01,EIDPARRY,HOLD
2022-02-01,EIHOTEL,HOLD
2022-02-01,ELGIEQUIP,HOLD
2022-02-01,HINDPETRO,EXIT
2022-02-01,IRB,HOLD
2022-02-01,J&KBANK,EXIT
2022-02-01,KPITTECH,EXIT
2022-02-01,NLCINDIA,EXIT
2022-02-01,PERSISTENT,HOLD
2022-02-01,TITAN,HOLD
2022-02-01,UNOMINDA,HOLD
2022-02-01,UBL,HOLD
2022-02-01,ZFCVINDIA,REDUCE
2022-02-02,AARTIIND,HOLD
2022-02-02,ADANIPORTS,REDUCE
2022-02-02,ABCAPITAL,HOLD
2022-02-02,BAJFINANCE,HOLD
2022-02-02,CHAMBLFERT,EXIT
2022-02-02,EIDPARRY,REDUCE
2022-02-02,FACT,HOLD
2022-02-02,HFCL,HOLD
2022-02-02,IIFL,HOLD
2022-02-02,LEMONTREE,HOLD
2022-02-02,TATACHEM,HOLD
2022-02-02,TECHM,EXIT
2022-02-02,VBL,HOLD
2022-02-03,ACE,HOLD
2022-02-03,AJANTPHARM,EXIT
2022-02-03,BAJFINANCE,REDUCE
2022-02-03,CANFINHOME,HOLD
2022-02-03,CAPLIPOINT,HOLD
2022-02-03,EIDPARRY,HOLD
2022-02-03,GRSE,HOLD
2022-02-03,GODREJIND,REDUCE
2022-02-03,ITC,REDUCE
2022-02-03,INDIANB,HOLD
2022-02-03,J&KBANK,HOLD
2022-02-03,LATENTVIEW,REDUCE
2022-02-03,NLCINDIA,HOLD
2022-02-03,SONATSOFTW,HOLD
2022-02-03,TORNTPOWER,REDUCE
2022-02-03,TIINDIA,HOLD
2022-02-03,USHAMART,HOLD
2022-02-03,ZENTEC,REDUCE
2022-02-04,ADANIPORTS,EXIT
2022-02-04,AFFLE,EXIT
2022-02-04,ASHOKLEY,HOLD
2022-02-04,BALKRISIND,EXIT
2022-02-04,CESC,REDUCE
2022-02-04,CAPLIPOINT,EXIT
2022-02-04,HDFCBANK,REDUCE
2022-02-04,ITC,HOLD
2022-02-04,INOXWIND,HOLD
2022-02-04,KEI,REDUCE
2022-02-04,SPLPETRO,EXIT
2022-02-04,TORNTPOWER,HOLD
2022-02-04,VOLTAS,HOLD
2022-02-07,ACE,EXIT
2022-02-07,ALKEM,REDUCE
2022-02-07,ANGELONE,EXIT
2022-02-07,BEL,REDUCE
2022-02-07,BLUEDART,REDUCE
2022-02-07,BLUESTARCO,HOLD
2022-02-07,ESCORTS,REDUCE
2022-02-07,HFCL,EXIT
2022-02-07,HINDZINC,HOLD
2022-02-07,INDIANB,EXIT
2022-02-07,IOC,HOLD
2022-02-07,INDIGO,REDUCE
2022-02-07,RELIANCE,EXIT
2022-02-07,TORNTPOWER,REDUCE
2022-02-07,ZENTEC,EXIT
2022-02-08,AARTIIND,EXIT
2022-02-08,AFFLE,HOLD
2022-02-08,BOSCHLTD,EXIT
2022-02-08,CHALET,HOLD
2022-02-08,HOMEFIRST,EXIT
2022-02-08,INDIGO,HOLD
2022-02-08,LEMONTREE,EXIT
2022-02-08,SBILIFE,REDUCE
2022-02-08,TATACHEM,EXIT
2022-02-08,UNOMINDA,EXIT
2022-02-09,BLUEDART,HOLD
2022-02-09,CLEAN,REDUCE
2022-02-09,GRASIM,HOLD
2022-02-09,HONAUT,HOLD
2022-02-09,J&KBANK,EXIT
2022-02-09,POONAWALLA,REDUCE
2022-02-09,SONATSOFTW,REDUCE
2022-02-09,TIMKEN,REDUCE
2022-02-09,TRENT,HOLD
2022-02-09,VOLTAS,REDUCE
2022-02-10,AARTIIND,HOLD
2022-02-10,AFFLE,EXIT
2022-02-10,ALKEM,HOLD
2022-02-10,BAJAJHLDNG,REDUCE
2022-02-10,CREDITACC,REDUCE
2022-02-10,CUMMINSIND,REDUCE
2022-02-10,EIDPARRY,REDUCE
2022-02-10,HSCL,HOLD
2022-02-10,KPRMILL,EXIT
2022-02-10,KEI,EXIT
2022-02-10,MAZDOCK,HOLD
2022-02-10,POONAWALLA,HOLD
2022-02-10,SONATSOFTW,EXIT
2022-02-10,TATACHEM,HOLD
2022-02-10,VBL,REDUCE
2022-02-11,ALKEM,EXIT
2022-02-11,BLUEDART,REDUCE
2022-02-11,CDSL,REDUCE
2022-02-11,FACT,EXIT
2022-02-11,GODREJIND,EXIT
2022-02-11,POWERINDIA,EXIT
2022-02-11,INDIACEM,EXIT
2022-02-11,JKCEMENT,EXIT
2022-02-11,M&M,HOLD
2022-02-11,PERSISTENT,REDUCE
2022-02-11,TATACHEM,EXIT
2022-02-11,TORNTPOWER,EXIT
2022-02-11,UPL,EXIT
2022-02-11,VBL,HOLD
2022-02-11,ZENTEC,HOLD
2022-02-14,AARTIIND,EXIT
2022-02-14,ABCAPITAL,EXIT
2022-02-14,ABFRL,EXIT
2022-02-14,ANANTRAJ,EXIT
2022-02-14,ASAHIINDIA,EXIT
2022-02-14,ASHOKLEY,EXIT
2022-02-14,BEML,EXIT
2022-02-14,BAJFINANCE,EXIT
2022-02-14,BHARTIARTL,REDUCE
2022-02-14,BRIGADE,REDUCE
2022-02-14,CANFINHOME,EXIT
2022-02-14,CHALET,EXIT
2022-02-14,CUMMINSIND,HOLD
2022-02-14,DEEPAKFERT,EXIT
2022-02-14,EIDPARRY,EXIT
2022-02-14,GRSE,EXIT
2022-02-14,HSCL,EXIT
2022-02-14,HINDZINC,EXIT
2022-02-14,HONAUT,EXIT
2022-02-14,IRCON,EXIT
2022-02-14,INOXWIND,EXIT
2022-02-14,JBCHEPHARM,EXIT
2022-02-14,MAZDOCK,EXIT
2022-02-14,NAVINFLUOR,EXIT
2022-02-14,OBEROIRLTY,EXIT
2022-02-14,PERSISTENT,EXIT
2022-02-14,POLYCAB,EXIT
2022-02-14,PRESTIGE,EXIT
2022-02-14,RPOWER,EXIT
2022-02-14,TATAINVEST,EXIT
2022-02-14,TITAGARH,EXIT
2022-02-14,TRITURBINE,EXIT
2022-02-14,TIINDIA,EXIT
2022-02-14,UNIONBANK,EXIT
2022-02-14,WELCORP,EXIT
2022-02-14,ZENTEC,EXIT
2022-02-15,ABB,EXIT
2022-02-15,BHARTIARTL,HOLD
2022-02-15,CIPLA,EXIT
2022-02-15,CREDITACC,REDUCE
2022-02-15,GRASIM,REDUCE
2022-02-15,JBMA,EXIT
2022-02-15,JWL,EXIT
2022-02-15,NLCINDIA,EXIT
2022-02-15,PGEL,EXIT
2022-02-15,RELIANCE,REDUCE
2022-02-15,SBILIFE,EXIT
2022-02-15,TARIL,REDUCE
2022-02-16,CANFINHOME,HOLD
2022-02-16,CHALET,HOLD
2022-02-16,CIPLA,REDUCE
2022-02-16,DEEPAKFERT,HOLD
2022-02-16,HDFCBANK,EXIT
2022-02-16,HSCL,HOLD
2022-02-16,KPRMILL,HOLD
2022-02-16,LEMONTREE,HOLD
2022-02-16,RELIANCE,HOLD
2022-02-16,TARIL,HOLD
2022-02-17,ATUL,EXIT
2022-02-17,BRIGADE,HOLD
2022-02-17,CESC,EXIT
2022-02-17,HSCL,EXIT
2022-02-17,TVSMOTOR,HOLD
2022-02-18,ADANIPOWER,HOLD
2022-02-18,ATGL,REDUCE
2022-02-18,BAJAJHLDNG,HOLD
2022-02-18,CANFINHOME,EXIT
2022-02-18,CHOLAHLDNG,EXIT
2022-02-18,DEEPAKFERT,EXIT
2022-02-18,ESCORTS,HOLD
2022-02-18,POWERINDIA,HOLD
2022-02-18,MOTHERSON,EXIT
2022-02-18,VOLTAS,HOLD
2022-02-21,ADANIPOWER,EXIT
2022-02-21,ATGL,EXIT
2022-02-21,AMBER,EXIT
2022-02-21,CDSL,EXIT
2022-02-21,DCMSHRIRAM,EXIT
2022-02-21,FLUOROCHEM,EXIT
2022-02-21,HDFCBANK,REDUCE
2022-02-21,IRB,EXIT
2022-02-21,JSWENERGY,HOLD
2022-02-21,SARDAEN,EXIT
2022-02-21,STARHEALTH,REDUCE
2022-02-21,UBL,REDUCE
2022-02-21,USHAMART,REDUCE
2022-02-22,AXISBANK,REDUCE
2022-02-22,BAJAJHLDNG,REDUCE
2022-02-22,BLUEDART,EXIT
2022-02-22,CIPLA,EXIT
2022-02-22,CREDITACC,REDUCE
2022-02-22,GMRAIRPORT,EXIT
2022-02-22,IIFL,EXIT
2022-02-22,JSWENERGY,EXIT
2022-02-22,KPRMILL,EXIT
2022-02-22,NAVA,EXIT
2022-02-22,TEGA,REDUCE
2022-02-22,THERMAX,EXIT
2022-02-22,TARIL,EXIT
2022-02-22,USHAMART,EXIT
2022-02-23,BIOCON,HOLD
2022-02-23,CANBK,EXIT
2022-02-23,KOTAKBANK,REDUCE
2022-02-23,OBEROIRLTY,HOLD
2022-02-23,TIMKEN,HOLD
2022-02-24,360ONE,EXIT
2022-02-24,AUBANK,EXIT
2022-02-24,ASIANPAINT,EXIT
2022-02-24,BSE,EXIT
2022-02-24,BDL,EXIT
2022-02-24,BEL,EXIT
2022-02-24,CCL,EXIT
2022-02-24,EIHOTEL,EXIT
2022-02-24,IOC,EXIT
2022-02-24,JSL,EXIT
2022-02-24,KAJARIACER,EXIT
2022-02-24,KEC,EXIT
2022-02-24,LEMONTREE,EXIT
2022-02-24,OBEROIRLTY,EXIT
2022-02-24,PIDILITIND,EXIT
2022-02-24,REDINGTON,EXIT
2022-02-24,TVSMOTOR,EXIT
2022-02-24,TATAELXSI,EXIT
2022-02-24,TATAPOWER,EXIT
2022-02-24,UBL,EXIT
2022-02-24,ZFCVINDIA,EXIT
2022-02-25,BALRAMCHIN,EXIT
2022-02-25,GRASIM,EXIT
2022-02-28,ADANIENT,EXIT
2022-02-28,BDL,HOLD
2022-02-28,BEL,REDUCE
2022-02-28,BIOCON,EXIT
2022-02-28,EICHERMOT,EXIT
2022-02-28,LEMONTREE,HOLD
2022-03-02,AMBER,HOLD
2022-03-02,BEL,HOLD
2022-03-02,DEEPAKFERT,HOLD
2022-03-02,HDFCBANK,EXIT
2022-03-02,JSWENERGY,HOLD
2022-03-02,JINDALSTEL,HOLD
2022-03-02,LEMONTREE,EXIT
2022-03-02,NAVA,HOLD
2022-03-02,SARDAEN,HOLD
2022-03-03,APOLLOHOSP,REDUCE
2022-03-03,BALRAMCHIN,HOLD
2022-03-03,CIPLA,REDUCE
2022-03-03,ELGIEQUIP,EXIT
2022-03-03,HSCL,HOLD
2022-03-03,HINDZINC,HOLD
2022-03-03,JSWENERGY,EXIT
2022-03-03,MPHASIS,HOLD
2022-03-03,NHPC,HOLD
2022-03-03,TCS,EXIT
2022-03-03,TATASTEEL,REDUCE
2022-03-04,ANURAS,EXIT
2022-03-04,BSE,HOLD
2022-03-04,HSCL,EXIT
2022-03-04,LEMONTREE,HOLD
2022-03-04,NHPC,EXIT
2022-03-04,NAVA,EXIT
2022-03-04,SRF,EXIT
2022-03-04,TATAELXSI,HOLD
2022-03-07,AAVAS,EXIT
2022-03-07,APOLLOHOSP,EXIT
2022-03-07,BANKBARODA,EXIT
2022-03-07,BRIGADE,EXIT
2022-03-07,FEDERALBNK,EXIT
2022-03-07,INDHOTEL,EXIT
2022-03-07,LODHA,EXIT
2022-03-07,MINDACORP,EXIT
2022-03-07,VOLTAS,EXIT
2022-03-08,AXISBANK,EXIT
2022-03-08,DATAPATTNS,REDUCE
2022-03-08,DEEPAKFERT,EXIT
2022-03-08,ICICIBANK,EXIT
2022-03-09,IOC,HOLD
2022-03-09,INFY,HOLD
2022-03-09,INDIGO,EXIT
2022-03-09,M&M,EXIT
2022-03-10,ADANIENT,REDUCE
2022-03-10,MAPMYINDIA,REDUCE
2022-03-10,HSCL,HOLD
2022-03-10,HINDZINC,EXIT
2022-03-10,INDHOTEL,HOLD
2022-03-10,KOTAKBANK,EXIT
2022-03-10,NMDC,HOLD
2022-03-10,SPLPETRO,HOLD
2022-03-11,ADANIENT,HOLD
2022-03-11,BANKBARODA,HOLD
2022-03-11,CHAMBLFERT,HOLD
2022-03-11,CIPLA,HOLD
2022-03-11,GRSE,HOLD
2022-03-11,NAVA,HOLD
2022-03-11,RELIANCE,REDUCE
2022-03-11,USHAMART,HOLD
2022-03-14,APOLLOHOSP,REDUCE
2022-03-14,ATUL,HOLD
2022-03-14,BLUESTARCO,REDUCE
2022-03-14,CDSL,HOLD
2022-03-14,CREDITACC,HOLD
2022-03-14,DEEPAKFERT,HOLD
2022-03-14,ESCORTS,REDUCE
2022-03-14,GAIL,HOLD
2022-03-14,GRSE,EXIT
2022-03-14,LT,EXIT
2022-03-14,RELIANCE,HOLD
2022-03-15,DEEPAKFERT,EXIT
2022-03-15,FLUOROCHEM,HOLD
2022-03-15,NMDC,EXIT
2022-03-15,SJVN,REDUCE
2022-03-16,ANANDRATHI,REDUCE
2022-03-16,CHAMBLFERT,EXIT
2022-03-16,MINDACORP,HOLD
2022-03-16,MPHASIS,REDUCE
2022-03-16,OBEROIRLTY,HOLD
2022-03-16,POONAWALLA,EXIT
2022-03-16,THERMAX,HOLD
2022-03-17,ANGELONE,HOLD
2022-03-17,BATAINDIA,HOLD
2022-03-17,DCMSHRIRAM,HOLD
2022-03-17,FEDERALBNK,HOLD
2022-03-17,FACT,HOLD
2022-03-17,GRSE,HOLD
2022-03-17,INTELLECT,HOLD
2022-03-17,JSWSTEEL,REDUCE
2022-03-17,MARUTI,EXIT
2022-03-17,PHOENIXLTD,HOLD
2022-03-17,SRF,HOLD
2022-03-17,SCHAEFFLER,REDUCE
2022-03-17,TATACONSUM,REDUCE
2022-03-17,TATASTEEL,REDUCE
2022-03-17,VOLTAS,HOLD
2022-03-21,ATGL,HOLD
2022-03-21,BRIGADE,HOLD
2022-03-21,CHAMBLFERT,HOLD
2022-03-21,EIHOTEL,HOLD
2022-03-21,ESCORTS,HOLD
2022-03-21,GPIL,HOLD
2022-03-21,KEI,HOLD
2022-03-21,NMDC,HOLD
2022-03-21,NAVINFLUOR,HOLD
2022-03-21,POLYCAB,HOLD
2022-03-21,PRESTIGE,HOLD
2022-03-21,SCHAEFFLER,HOLD
2022-03-21,SOLARINDS,HOLD
2022-03-22,360ONE,HOLD
2022-03-22,APLAPOLLO,HOLD
2022-03-22,ABFRL,HOLD
2022-03-22,CDSL,REDUCE
2022-03-22,DEEPAKFERT,HOLD
2022-03-22,MPHASIS,HOLD
2022-03-22,PERSISTENT,HOLD
2022-03-22,SBIN,EXIT
2022-03-23,APLAPOLLO,EXIT
2022-03-23,POONAWALLA,HOLD
2022-03-23,TATACHEM,HOLD
2022-03-23,TRITURBINE,HOLD
2022-03-24,CDSL,HOLD
2022-03-24,DEEPAKFERT,EXIT
2022-03-24,JSWSTEEL,REDUCE
2022-03-24,RVNL,HOLD
2022-03-24,SJVN,EXIT
2022-03-24,SAPPHIRE,REDUCE
2022-03-24,TCS,REDUCE
2022-03-24,TATACONSUM,EXIT
2022-03-24,TATAPOWER,HOLD
2022-03-25,ADANIPORTS,REDUCE
2022-03-25,ADANIPOWER,HOLD
2022-03-25,FORTIS,HOLD
2022-03-25,GRSE,REDUCE
2022-03-25,PAGEIND,REDUCE
2022-03-25,POONAWALLA,REDUCE
2022-03-25,RVNL,EXIT
2022-03-25,TATASTEEL,REDUCE
2022-03-28,BAJAJ-AUTO,REDUCE
2022-03-28,ESCORTS,REDUCE
2022-03-28,GRSE,EXIT
2022-03-29,BLUESTARCO,HOLD
2022-03-29,CDSL,REDUCE
2022-03-29,GPIL,EXIT
2022-03-29,POLYCAB,REDUCE
2022-03-29,VTL,REDUCE
2022-03-30,AXISBANK,REDUCE
2022-03-30,CANFINHOME,HOLD
2022-03-30,JPPOWER,EXIT
2022-03-30,VTL,EXIT
2022-03-31,AXISBANK,HOLD
2022-03-31,CRISIL,HOLD
2022-03-31,GPIL,HOLD
2022-03-31,GRAVITA,EXIT
2022-03-31,JSL,HOLD
2022-03-31,PAGEIND,HOLD
2022-03-31,POONAWALLA,HOLD
2022-03-31,TATACONSUM,REDUCE
2022-04-01,AUBANK,HOLD
2022-04-01,APOLLOHOSP,EXIT
2022-04-01,BEML,HOLD
2022-04-01,BAJAJHLDNG,HOLD
2022-04-01,BANDHANBNK,HOLD
2022-04-01,DEEPAKFERT,HOLD
2022-04-01,SBIN,REDUCE
2022-04-04,CANBK,HOLD
2022-04-04,FORTIS,REDUCE
2022-04-04,GRSE,HOLD
2022-04-04,HCLTECH,REDUCE
2022-04-04,HDFCBANK,REDUCE
2022-04-04,HINDZINC,HOLD
2022-04-04,IRB,HOLD
2022-04-04,SUZLON,EXIT
2022-04-04,WELCORP,HOLD
2022-04-05,APLAPOLLO,HOLD
2022-04-05,ESCORTS,HOLD
2022-04-05,HCLTECH,HOLD
2022-04-05,INDIANB,HOLD
2022-04-05,LTTS,HOLD
2022-04-05,TEJASNET,HOLD
2022-04-06,ADANIPORTS,HOLD
2022-04-06,BLS,HOLD
2022-04-06,BAJAJFINSV,REDUCE
2022-04-06,NHPC,HOLD
2022-04-06,NLCINDIA,HOLD
2022-04-06,POLYCAB,HOLD
2022-04-06,SBIN,HOLD
2022-04-06,TVSMOTOR,HOLD
2022-04-07,BAJFINANCE,REDUCE
2022-04-07,CHENNPETRO,HOLD
2022-04-07,ESCORTS,REDUCE
2022-04-07,HDFCBANK,EXIT
2022-04-07,IRB,EXIT
2022-04-07,KARURVYSYA,HOLD
2022-04-07,LTTS,EXIT
2022-04-07,PGEL,HOLD
2022-04-07,TITAN,REDUCE
2022-04-07,YESBANK,HOLD
2022-04-08,ESCORTS,EXIT
2022-04-08,IIFL,HOLD
2022-04-08,JWL,HOLD
2022-04-08,KPRMILL,HOLD
2022-04-08,MAZDOCK,HOLD
2022-04-08,SUMICHEM,HOLD
2022-04-08,SUZLON,HOLD
2022-04-08,TITAN,HOLD
2022-04-11,EIDPARRY,HOLD
2022-04-11,GRASIM,REDUCE
2022-04-11,GESHIP,HOLD
2022-04-11,HCLTECH,EXIT
2022-04-11,IRB,HOLD
2022-04-11,INDIACEM,HOLD
2022-04-11,JSWENERGY,HOLD
2022-04-12,GRASIM,HOLD
2022-04-12,IRB,EXIT
2022-04-12,KARURVYSYA,EXIT
2022-04-12,MPHASIS,REDUCE
2022-04-12,OIL,REDUCE
2022-04-12,SAREGAMA,HOLD
2022-04-13,BAJAJFINSV,EXIT
2022-04-13,BRIGADE,REDUCE
2022-04-13,INFY,REDUCE
2022-04-13,JSWENERGY,EXIT
2022-04-13,NAVINFLUOR,REDUCE
2022-04-13,PERSISTENT,REDUCE
2022-04-13,TIINDIA,HOLD
2022-04-18,BAJAJHLDNG,EXIT
2022-04-18,FEDERALBNK,REDUCE
2022-04-18,INFY,EXIT
2022-04-18,KIMS,HOLD
2022-04-18,M&M,REDUCE
2022-04-18,MPHASIS,EXIT
2022-04-18,OIL,HOLD
2022-04-18,REDINGTON,HOLD
2022-04-18,SHYAMMETL,EXIT
2022-04-18,TCS,EXIT
2022-04-18,TEJASNET,EXIT
2022-04-18,TIINDIA,EXIT
2022-04-19,BSE,EXIT
2022-04-19,CDSL,EXIT
2022-04-19,INDIACEM,EXIT
2022-04-19,PERSISTENT,EXIT
2022-04-19,SCHNEIDER,HOLD
2022-04-19,SUZLON,EXIT
2022-04-19,TATAINVEST,HOLD
2022-04-20,BAJFINANCE,EXIT
2022-04-20,FACT,REDUCE
2022-04-20,FLUOROCHEM,REDUCE
2022-04-20,JSWSTEEL,HOLD
2022-04-20,MAXHEALTH,REDUCE
2022-04-20,RVNL,HOLD
2022-04-20,TATASTEEL,HOLD
2022-04-21,APOLLOHOSP,REDUCE
2022-04-21,BLUEDART,HOLD
2022-04-21,COROMANDEL,HOLD
2022-04-21,EICHERMOT,REDUCE
2022-04-21,MAXHEALTH,HOLD
2022-04-21,SAREGAMA,EXIT
2022-04-22,ABFRL,REDUCE
2022-04-22,APOLLOHOSP,EXIT
2022-04-22,BAJFINANCE,REDUCE
2022-04-22,FACT,HOLD
2022-04-22,HINDALCO,EXIT
2022-04-22,POWERINDIA,EXIT
2022-04-22,HOMEFIRST,HOLD
2022-04-22,INTELLECT,EXIT
2022-04-22,JSWENERGY,HOLD
2022-04-22,NATIONALUM,REDUCE
2022-04-22,SIEMENS,REDUCE
2022-04-22,SONACOMS,HOLD
2022-04-22,TATASTEEL,EXIT
2022-04-22,TEJASNET,HOLD
2022-04-25,BEML,EXIT
2022-04-25,BAJFINANCE,EXIT
2022-04-25,CANBK,EXIT
2022-04-25,EICHERMOT,EXIT
2022-04-25,GRASIM,REDUCE
2022-04-25,HOMEFIRST,EXIT
2022-04-25,INDIANB,EXIT
2022-04-25,JSWENERGY,EXIT
2022-04-25,JSL,REDUCE
2022-04-25,MRPL,HOLD
2022-04-25,SRF,REDUCE
2022-04-25,TATACHEM,EXIT
2022-04-26,ATUL,EXIT
2022-04-26,BAJFINANCE,REDUCE
2022-04-26,BAJAJHLDNG,HOLD
2022-04-26,EICHERMOT,REDUCE
2022-04-26,FLUOROCHEM,HOLD
2022-04-26,NATIONALUM,EXIT
2022-04-26,NAVINFLUOR,HOLD
2022-04-26,SBIN,REDUCE
2022-04-26,TITAGARH,HOLD
2022-04-26,TIINDIA,HOLD
2022-04-26,UPL,HOLD
2022-04-27,BAJFINANCE,EXIT
2022-04-27,HINDZINC,REDUCE
2022-04-27,INDIANB,HOLD
2022-04-27,JSWENERGY,HOLD
2022-04-27,RVNL,EXIT
2022-04-27,TATACHEM,HOLD
2022-04-28,ASIANPAINT,REDUCE
2022-04-28,JSWENERGY,EXIT
2022-04-28,ONGC,REDUCE
2022-04-28,PIDILITIND,HOLD
2022-04-28,REDINGTON,EXIT
2022-04-28,SRF,HOLD
2022-04-28,TEJASNET,EXIT
2022-04-29,ABFRL,HOLD
2022-04-29,BSE,HOLD
2022-04-29,BAJAJHLDNG,EXIT
2022-04-29,CANFINHOME,EXIT
2022-04-29,FACT,EXIT
2022-04-29,FORTIS,EXIT
2022-04-29,HSCL,EXIT
2022-04-29,JSL,EXIT
2022-04-29,KPRMILL,EXIT
2022-04-29,PERSISTENT,HOLD
2022-04-29,TATACHEM,EXIT
2022-04-29,TATAPOWER,EXIT
2022-04-29,TITAN,REDUCE
2022-05-02,AXISBANK,EXIT
2022-05-02,BDL,EXIT
2022-05-02,FLUOROCHEM,REDUCE
2022-05-02,HINDZINC,HOLD
2022-05-02,INDIANB,EXIT
2022-05-02,PERSISTENT,EXIT
2022-05-02,SIEMENS,EXIT
2022-05-02,SONACOMS,REDUCE
2022-05-02,TATAELXSI,EXIT
2022-05-02,TATASTEEL,REDUCE
2022-05-04,ASIANPAINT,EXIT
2022-05-04,BSE,EXIT
2022-05-04,BAJAJ-AUTO,EXIT
2022-05-04,BALRAMCHIN,EXIT
2022-05-04,BRIGADE,EXIT
2022-05-04,EICHERMOT,EXIT
2022-05-04,GPIL,EXIT
2022-05-04,GRASIM,EXIT
2022-05-04,GMDCLTD,REDUCE
2022-05-04,HINDZINC,EXIT
2022-05-04,MAXHEALTH,EXIT
2022-05-04,NAVINFLUOR,EXIT
2022-05-04,ONGC,EXIT
2022-05-04,OLECTRA,EXIT
2022-05-04,PIDILITIND,EXIT
2022-05-04,POONAWALLA,EXIT
2022-05-04,SONACOMS,EXIT
2022-05-04,TVSMOTOR,EXIT
2022-05-04,TATACHEM,HOLD
2022-05-04,TATASTEEL,EXIT
2022-05-04,TITAN,EXIT
2022-05-04,TRIDENT,EXIT
2022-05-04,VOLTAS,EXIT
2022-05-05,ANGELONE,EXIT
2022-05-05,BATAINDIA,EXIT
2022-05-05,CGPOWER,EXIT
2022-05-05,GMDCLTD,HOLD
2022-05-05,HOMEFIRST,HOLD
2022-05-05,LINDEINDIA,EXIT
2022-05-05,TATACONSUM,EXIT
2022-05-05,TATAELXSI,HOLD
2022-05-05,TRITURBINE,EXIT
2022-05-05,USHAMART,EXIT
2022-05-06,ABB,HOLD
2022-05-06,CHOLAFIN,EXIT
2022-05-06,CIPLA,EXIT
2022-05-06,DEEPAKFERT,EXIT
2022-05-06,FEDERALBNK,EXIT
2022-05-06,FLUOROCHEM,EXIT
2022-05-06,IIFL,EXIT
2022-05-06,KIMS,EXIT
2022-05-06,OBEROIRLTY,EXIT
2022-05-06,RHIM,EXIT
2022-05-06,SJVN,HOLD
2022-05-06,SRF,EXIT
2022-05-06,SCHNEIDER,EXIT
2022-05-06,TATAELXSI,EXIT
2022-05-06,TIMKEN,EXIT
2022-05-06,YESBANK,EXIT
2022-05-09,APLAPOLLO,EXIT
2022-05-09,ABFRL,EXIT
2022-05-09,CHAMBLFERT,EXIT
2022-05-09,DCMSHRIRAM,EXIT
2022-05-09,GMDCLTD,EXIT
2022-05-09,JSWSTEEL,EXIT
2022-05-09,LINDEINDIA,HOLD
2022-05-09,MINDACORP,EXIT
2022-05-09,NMDC,EXIT
2022-05-09,PGEL,EXIT
2022-05-09,PRESTIGE,EXIT
2022-05-09,SBIN,EXIT
2022-05-09,TITAGARH,EXIT
2022-05-09,TRENT,EXIT
2022-05-10,ADANIGREEN,EXIT
2022-05-10,ADANIPORTS,EXIT
2022-05-10,BANKBARODA,EXIT
2022-05-10,CGCL,EXIT
2022-05-10,CLEAN,EXIT
2022-05-10,COALINDIA,EXIT
2022-05-10,EIHOTEL,EXIT
2022-05-10,JINDALSTEL,EXIT
2022-05-10,MAZDOCK,EXIT
2022-05-10,NAVA,EXIT
2022-05-10,SJVN,EXIT
2022-05-10,SARDAEN,EXIT
2022-05-10,SWANCORP,EXIT
2022-05-10,VEDL,EXIT
2022-05-10,WELCORP,EXIT
2022-05-11,AMBER,EXIT
2022-05-11,BAJAJ-AUTO,REDUCE
2022-05-11,BLUESTARCO,REDUCE
2022-05-11,HOMEFIRST,EXIT
2022-05-11,KEI,EXIT
2022-05-11,LINDEINDIA,EXIT
2022-05-11,NHPC,EXIT
2022-05-11,NLCINDIA,EXIT
2022-05-11,TATAINVEST,EXIT
2022-05-11,TIINDIA,EXIT
2022-05-12,360ONE,EXIT
2022-05-12,ADANIPOWER,EXIT
2022-05-12,BAJAJ-AUTO,EXIT
2022-05-12,CHENNPETRO,EXIT
2022-05-12,CREDITACC,EXIT
2022-05-12,CUMMINSIND,EXIT
2022-05-12,INDHOTEL,EXIT
2022-05-12,JWL,EXIT
2022-05-12,MRPL,EXIT
2022-05-12,RELIANCE,EXIT
2022-05-12,TATACHEM,EXIT
2022-05-12,THERMAX,EXIT
2022-05-13,BAJAJ-AUTO,REDUCE
2022-05-13,BHARTIARTL,EXIT
2022-05-13,ETERNAL,EXIT
2022-05-13,HOMEFIRST,HOLD
2022-05-13,NHPC,HOLD
2022-05-13,TITAGARH,HOLD
2022-05-16,ADANIPOWER,HOLD
2022-05-16,BAJAJ-AUTO,HOLD
2022-05-16,CHENNPETRO,HOLD
2022-05-16,COLPAL,HOLD
2022-05-16,CREDITACC,HOLD
2022-05-16,EICHERMOT,REDUCE
2022-05-16,JWL,HOLD
2022-05-16,TATAELXSI,HOLD
2022-05-16,TIINDIA,HOLD
2022-05-17,CRAFTSMAN,HOLD
2022-05-17,M&M,HOLD
2022-05-17,MRPL,HOLD
2022-05-17,NAVA,HOLD
2022-05-17,TVSMOTOR,HOLD
2022-05-17,TATAINVEST,HOLD
2022-05-17,WELCORP,HOLD
2022-05-18,KEI,HOLD
2022-05-18,M&MFIN,HOLD
2022-05-18,MAZDOCK,HOLD
2022-05-18,NLCINDIA,HOLD
2022-05-18,TATACHEM,HOLD
2022-05-18,THERMAX,HOLD
2022-05-18,TIINDIA,EXIT
2022-05-19,CRAFTSMAN,EXIT
2022-05-19,M&MFIN,EXIT
2022-05-19,PATANJALI,HOLD
2022-05-19,YESBANK,HOLD
2022-05-20,GODFRYPHLP,HOLD
2022-05-20,RHIM,HOLD
2022-05-20,RELIANCE,REDUCE
2022-05-20,SIEMENS,HOLD
2022-05-23,ASIANPAINT,REDUCE
2022-05-23,BDL,HOLD
2022-05-23,CRAFTSMAN,HOLD
2022-05-23,ELECON,HOLD
2022-05-23,GAIL,REDUCE
2022-05-23,HINDUNILVR,REDUCE
2022-05-23,IOC,REDUCE
2022-05-23,MARUTI,REDUCE
2022-05-23,NH,EXIT
2022-05-23,OIL,REDUCE
2022-05-23,RHIM,EXIT
2022-05-23,RELIANCE,HOLD
2022-05-23,SWANCORP,HOLD
2022-05-24,ASIANPAINT,EXIT
2022-05-24,HINDUNILVR,EXIT
2022-05-24,KOTAKBANK,REDUCE
2022-05-24,MARUTI,HOLD
2022-05-24,PATANJALI,EXIT
2022-05-24,SPLPETRO,EXIT
2022-05-25,ATGL,EXIT
2022-05-25,BDL,EXIT
2022-05-25,BLUESTARCO,EXIT
2022-05-25,CRAFTSMAN,EXIT
2022-05-25,GRSE,EXIT
2022-05-25,IOC,EXIT
2022-05-25,MAZDOCK,EXIT
2022-05-25,NLCINDIA,EXIT
2022-05-25,NAVA,EXIT
2022-05-25,SOLARINDS,EXIT
2022-05-25,TATACHEM,EXIT
2022-05-25,WELCORP,EXIT
2022-05-25,YESBANK,EXIT
2022-05-26,UPL,EXIT
2022-05-27,ATGL,HOLD
2022-05-27,BDL,HOLD
2022-05-27,CHENNPETRO,EXIT
2022-05-27,DEEPAKFERT,HOLD
2022-05-27,GAIL,EXIT
2022-05-27,MAZDOCK,HOLD
2022-05-27,NLCINDIA,HOLD
2022-05-27,ZFCVINDIA,HOLD
2022-05-30,COALINDIA,REDUCE
2022-05-30,ICICIBANK,REDUCE
2022-05-30,INDIANB,HOLD
2022-05-30,MRPL,EXIT
2022-05-31,COALINDIA,HOLD
2022-05-31,CRAFTSMAN,HOLD
2022-05-31,GODFRYPHLP,EXIT
2022-05-31,KOTAKBANK,EXIT
2022-05-31,M&MFIN,HOLD
2022-05-31,MAXHEALTH,REDUCE
2022-05-31,MAZDOCK,EXIT
2022-05-31,NLCINDIA,EXIT
2022-05-31,OIL,HOLD
2022-05-31,PGEL,HOLD
2022-05-31,SBILIFE,REDUCE
2022-05-31,SUNPHARMA,REDUCE
2022-05-31,TIMKEN,HOLD
2022-05-31,WELCORP,HOLD
2022-05-31,ZFCVINDIA,EXIT
2022-06-01,POWERINDIA,HOLD
2022-06-01,INDHOTEL,HOLD
2022-06-01,MRPL,HOLD
2022-06-01,MAXHEALTH,EXIT
2022-06-01,NAVA,HOLD
2022-06-01,SWANCORP,EXIT
2022-06-01,TITAGARH,EXIT
2022-06-02,APLAPOLLO,HOLD
2022-06-02,CGPOWER,HOLD
2022-06-02,ELGIEQUIP,HOLD
2022-06-02,GMRAIRPORT,HOLD
2022-06-02,MAXHEALTH,REDUCE
2022-06-02,NLCINDIA,HOLD
2022-06-02,SBILIFE,EXIT
2022-06-03,ADANIPOWER,EXIT
2022-06-03,CGCL,HOLD
2022-06-03,GMRAIRPORT,EXIT
2022-06-03,GODFRYPHLP,HOLD
2022-06-03,FLUOROCHEM,HOLD
2022-06-03,MAXHEALTH,EXIT
2022-06-03,MAZDOCK,HOLD
2022-06-06,CHALET,REDUCE
2022-06-06,CHENNPETRO,HOLD
2022-06-06,MAZDOCK,EXIT
2022-06-06,NLCINDIA,EXIT
2022-06-07,ADANIPOWER,HOLD
2022-06-07,COLPAL,EXIT
2022-06-07,ICICIBANK,EXIT
2022-06-07,IIFL,HOLD
2022-06-07,ZFCVINDIA,HOLD
2022-06-08,AIAENG,HOLD
2022-06-08,ADANIPOWER,EXIT
2022-06-08,CGPOWER,EXIT
2022-06-08,CHALET,HOLD
2022-06-08,GALLANTT,HOLD
2022-06-08,IIFL,EXIT
2022-06-08,POLYCAB,EXIT
2022-06-08,SJVN,HOLD
2022-06-08,ZFCVINDIA,EXIT
2022-06-09,AUBANK,EXIT
2022-06-09,ASHOKLEY,HOLD
2022-06-09,CARTRADE,EXIT
2022-06-09,SBILIFE,REDUCE
2022-06-10,BAYERCROP,HOLD
2022-06-10,INDHOTEL,EXIT
2022-06-10,NUVOCO,EXIT
2022-06-10,ONGC,REDUCE
2022-06-10,TITAGARH,HOLD
2022-06-13,APLAPOLLO,EXIT
2022-06-13,APTUS,EXIT
2022-06-13,GODFRYPHLP,EXIT
2022-06-13,INDIANB,EXIT
2022-06-13,SBILIFE,EXIT
2022-06-13,SJVN,EXIT
2022-06-13,SUNPHARMA,EXIT
2022-06-14,CHENNPETRO,EXIT
2022-06-14,DEVYANI,EXIT
2022-06-14,FLUOROCHEM,EXIT
2022-06-14,POWERINDIA,EXIT
2022-06-14,MRPL,EXIT
2022-06-14,ONGC,EXIT
2022-06-15,BAYERCROP,EXIT
2022-06-15,CRISIL,EXIT
2022-06-15,HOMEFIRST,EXIT
2022-06-16,CRAFTSMAN,EXIT
2022-06-16,DEEPAKFERT,EXIT
2022-06-16,JWL,EXIT
2022-06-16,M&MFIN,EXIT
2022-06-16,NHPC,EXIT
2022-06-16,NAVA,EXIT
2022-06-16,TATAINVEST,EXIT
2022-06-16,WELCORP,EXIT
2022-06-17,ATGL,EXIT
2022-06-17,BLUEDART,EXIT
2022-06-17,EICHERMOT,EXIT
2022-06-17,GALLANTT,EXIT
2022-06-17,OIL,EXIT
2022-06-17,PAGEIND,EXIT
2022-06-20,APARINDS,HOLD
2022-06-20,BANDHANBNK,EXIT
2022-06-20,BDL,EXIT
2022-06-20,CREDITACC,EXIT
2022-06-20,EIDPARRY,EXIT
2022-06-20,EICHERMOT,REDUCE
2022-06-20,GESHIP,EXIT
2022-06-20,NTPC,EXIT
2022-06-20,POWERGRID,EXIT
2022-06-20,SIEMENS,EXIT
2022-06-20,TATAELXSI,EXIT
2022-06-20,TITAGARH,EXIT
2022-06-22,LEMONTREE,EXIT
2022-06-22,RELIANCE,EXIT
2022-06-22,SUMICHEM,EXIT
2022-06-23,BLUEDART,HOLD
2022-06-23,EICHERMOT,HOLD
2022-06-24,CGPOWER,HOLD
2022-06-24,NAVA,HOLD
2022-06-24,TECHNOE,HOLD
2022-06-27,EIDPARRY,HOLD
2022-06-27,FLUOROCHEM,HOLD
2022-06-27,M&MFIN,HOLD
2022-06-27,PATANJALI,HOLD
2022-06-27,SIEMENS,HOLD
2022-06-27,WELCORP,HOLD
2022-06-28,AWL,REDUCE
2022-06-28,CREDITACC,HOLD
2022-06-28,SPLPETRO,HOLD
2022-06-28,TATAELXSI,HOLD
2022-06-29,BANKBARODA,HOLD
2022-06-29,CHENNPETRO,HOLD
2022-06-29,GESHIP,HOLD
2022-06-29,TIINDIA,HOLD
2022-06-30,ATGL,HOLD
2022-06-30,BANKBARODA,EXIT
2022-06-30,CGCL,REDUCE
2022-06-30,CHENNPETRO,EXIT
2022-06-30,CRAFTSMAN,HOLD
2022-06-30,CUMMINSIND,HOLD
2022-06-30,HEROMOTOCO,HOLD
2022-07-01,COALINDIA,REDUCE
2022-07-01,ELGIEQUIP,EXIT
2022-07-01,GALLANTT,HOLD
2022-07-01,VIJAYA,EXIT
2022-07-04,AMBUJACEM,HOLD
2022-07-04,ASAHIINDIA,HOLD
2022-07-04,BAYERCROP,HOLD
2022-07-04,CGCL,HOLD
2022-07-04,DEVYANI,HOLD
2022-07-04,GALLANTT,EXIT
2022-07-04,HINDUNILVR,REDUCE
2022-07-04,INDHOTEL,HOLD
2022-07-04,JWL,HOLD
2022-07-05,AMBUJACEM,EXIT
2022-07-05,IIFL,HOLD
2022-07-05,LEMONTREE,HOLD
2022-07-05,LINDEINDIA,HOLD
2022-07-05,SUMICHEM,HOLD
2022-07-05,TITAGARH,HOLD
2022-07-06,ELGIEQUIP,HOLD
2022-07-06,NAVA,EXIT
2022-07-06,NESTLEIND,REDUCE
2022-07-06,PAGEIND,HOLD
2022-07-06,SBIN,REDUCE
2022-07-06,TRENT,REDUCE
2022-07-07,COALINDIA,HOLD
2022-07-07,COLPAL,HOLD
2022-07-07,HSCL,HOLD
2022-07-07,POWERINDIA,HOLD
2022-07-07,ICICIBANK,REDUCE
2022-07-07,PATANJALI,EXIT
2022-07-07,PETRONET,HOLD
2022-07-08,DEEPAKFERT,HOLD
2022-07-08,POWERINDIA,EXIT
2022-07-08,INDIANB,HOLD
2022-07-08,NAVA,HOLD
2022-07-08,SBILIFE,REDUCE
2022-07-08,SBIN,REDUCE
2022-07-08,TATACONSUM,REDUCE
2022-07-08,TRENT,REDUCE
2022-07-11,AMBUJACEM,HOLD
2022-07-11,BANKBARODA,HOLD
2022-07-11,NHPC,HOLD
2022-07-12,POWERINDIA,HOLD
2022-07-13,CIPLA,REDUCE
2022-07-13,HINDUNILVR,REDUCE
2022-07-13,HOMEFIRST,HOLD
2022-07-13,SUNPHARMA,REDUCE
2022-07-14,CIPLA,HOLD
2022-07-14,ICICIBANK,REDUCE
2022-07-14,SUNPHARMA,HOLD
2022-07-15,KEC,REDUCE
2022-07-15,NESTLEIND,REDUCE
2022-07-18,BRITANNIA,HOLD
2022-07-18,HINDUNILVR,HOLD
2022-07-18,MRF,HOLD
2022-07-18,MINDACORP,HOLD
2022-07-18,SHRIRAMFIN,REDUCE
2022-07-19,ADANIPOWER,HOLD
2022-07-19,CHOLAFIN,HOLD
2022-07-19,SHRIRAMFIN,EXIT
2022-07-20,ABBOTINDIA,HOLD
2022-07-20,MINDACORP,EXIT
2022-07-20,RAINBOW,REDUCE
2022-07-20,SHRIRAMFIN,REDUCE
2022-07-21,LT,REDUCE
2022-07-21,TEJASNET,HOLD
2022-07-22,ASTERDM,HOLD
2022-07-22,AXISBANK,REDUCE
2022-07-22,POWERINDIA,EXIT
2022-07-22,KEI,REDUCE
2022-07-25,BALKRISIND,HOLD
2022-07-25,CREDITACC,REDUCE
2022-07-25,DEVYANI,REDUCE
2022-07-25,TEJASNET,EXIT
2022-07-26,ABBOTINDIA,EXIT
2022-07-26,ASIANPAINT,REDUCE
2022-07-26,AXISBANK,EXIT
2022-07-26,BALKRISIND,EXIT
2022-07-26,COLPAL,REDUCE
2022-07-26,DEVYANI,EXIT
2022-07-26,LICI,REDUCE
2022-07-26,SBILIFE,EXIT
2022-07-26,SUMICHEM,REDUCE
2022-07-26,TORNTPHARM,HOLD
2022-07-26,USHAMART,HOLD
2022-07-27,AXISBANK,REDUCE
2022-07-27,CONCOR,HOLD
2022-07-27,SBILIFE,REDUCE
2022-07-27,TECHNOE,REDUCE
2022-07-27,TRENT,HOLD
2022-07-28,ABBOTINDIA,HOLD
2022-07-28,ABSLAMC,EXIT
2022-07-28,BAJFINANCE,REDUCE
2022-07-28,BALKRISIND,HOLD
2022-07-28,WELCORP,REDUCE
2022-07-29,BDL,HOLD
2022-07-29,CUB,HOLD
2022-07-29,CREDITACC,HOLD
2022-07-29,SHRIRAMFIN,EXIT
2022-08-01,CGCL,REDUCE
2022-08-01,FEDERALBNK,HOLD
2022-08-01,HDFCBANK,REDUCE
2022-08-01,JSWSTEEL,REDUCE
2022-08-01,SPLPETRO,EXIT
2022-08-01,TITAN,REDUCE
2022-08-02,CGCL,HOLD
2022-08-02,CREDITACC,REDUCE
2022-08-02,HDFCBANK,EXIT
2022-08-02,KEI,HOLD
2022-08-02,NTPC,REDUCE
2022-08-02,POONAWALLA,HOLD
2022-08-02,TATACONSUM,HOLD
2022-08-02,WELCORP,HOLD
2022-08-03,ADANIPORTS,REDUCE
2022-08-03,MINDACORP,HOLD
2022-08-03,PCBL,HOLD
2022-08-03,POONAWALLA,EXIT
2022-08-03,SBILIFE,HOLD
2022-08-03,SUMICHEM,HOLD
2022-08-03,TECHNOE,HOLD
2022-08-03,TEJASNET,HOLD
2022-08-03,THERMAX,REDUCE
2022-08-03,UBL,HOLD
2022-08-04,POWERINDIA,HOLD
2022-08-04,KARURVYSYA,HOLD
2022-08-04,PETRONET,REDUCE
2022-08-04,SOLARINDS,HOLD
2022-08-04,UNOMINDA,HOLD
2022-08-04,YESBANK,HOLD
2022-08-05,BALKRISIND,EXIT
2022-08-05,INDIGO,REDUCE
2022-08-05,KEC,EXIT
2022-08-05,PIIND,HOLD
2022-08-05,UNOMINDA,EXIT
2022-08-05,WELCORP,REDUCE
2022-08-05,ZFCVINDIA,HOLD
2022-08-08,PETRONET,EXIT
2022-08-10,GABRIEL,HOLD
2022-08-10,ICICIBANK,HOLD
2022-08-10,SHRIRAMFIN,REDUCE
2022-08-10,TEJASNET,EXIT
2022-08-10,THERMAX,HOLD
2022-08-10,UNOMINDA,HOLD
2022-08-11,ABBOTINDIA,EXIT
2022-08-11,CGCL,REDUCE
2022-08-11,DELHIVERY,REDUCE
2022-08-11,SHRIRAMFIN,HOLD
2022-08-12,CEATLTD,HOLD
2022-08-12,DEVYANI,HOLD
2022-08-12,GRASIM,REDUCE
2022-08-12,HDFCBANK,REDUCE
2022-08-12,POWERINDIA,EXIT
2022-08-12,MINDACORP,EXIT
2022-08-12,NAVINFLUOR,HOLD
2022-08-12,PGEL,REDUCE
2022-08-12,SHRIRAMFIN,EXIT
2022-08-12,SBIN,HOLD
2022-08-16,BOSCHLTD,HOLD
2022-08-16,GRASIM,EXIT
2022-08-16,POONAWALLA,HOLD
2022-08-16,TECHNOE,REDUCE
2022-08-17,BAJAJFINSV,REDUCE
2022-08-17,JBCHEPHARM,HOLD
2022-08-17,LINDEINDIA,EXIT
2022-08-18,APOLLOTYRE,HOLD
2022-08-18,ITI,HOLD
2022-08-18,NESTLEIND,HOLD
2022-08-18,RECLTD,HOLD
2022-08-19,360ONE,HOLD
2022-08-19,BHARTIARTL,REDUCE
2022-08-19,IIFL,REDUCE
2022-08-19,INDIGO,EXIT
2022-08-22,ASHOKLEY,REDUCE
2022-08-22,BAJAJFINSV,EXIT
2022-08-22,EIDPARRY,REDUCE
2022-08-22,EIHOTEL,HOLD
2022-08-22,IIFL,EXIT
2022-08-22,JWL,REDUCE
2022-08-22,NH,HOLD
2022-08-22,POONAWALLA,EXIT
2022-08-23,APLAPOLLO,HOLD
2022-08-23,BAJAJFINSV,REDUCE
2022-08-23,CCL,HOLD
2022-08-24,ACE,HOLD
2022-08-24,ASHOKLEY,HOLD
2022-08-24,BRITANNIA,REDUCE
2022-08-24,JWL,HOLD
2022-08-25,ADANIPORTS,HOLD
2022-08-25,GRSE,HOLD
2022-08-25,GRASIM,REDUCE
2022-08-25,INDUSINDBK,HOLD
2022-08-25,KALYANKJIL,HOLD
2022-08-25,MAZDOCK,HOLD
2022-08-25,NAVA,EXIT
2022-08-25,POONAWALLA,HOLD
2022-08-25,TEJASNET,HOLD
2022-08-26,CANBK,HOLD
2022-08-26,DABUR,HOLD
2022-08-26,PIDILITIND,HOLD
2022-08-26,TORNTPOWER,HOLD
2022-08-29,BAJAJFINSV,EXIT
2022-08-29,CHALET,REDUCE
2022-08-29,COCHINSHIP,HOLD
2022-08-29,DEVYANI,EXIT
2022-08-29,NYKAA,EXIT
2022-08-29,POWERINDIA,HOLD
2022-08-29,NTPC,HOLD
2022-08-29,NAVA,HOLD
2022-08-29,PATANJALI,HOLD
2022-08-29,TATAELXSI,EXIT
2022-08-29,TATAINVEST,HOLD
2022-08-30,APLAPOLLO,EXIT
2022-08-30,ASIANPAINT,HOLD
2022-08-30,BAJAJFINSV,REDUCE
2022-08-30,GVT&D,HOLD
2022-08-30,INDIGO,REDUCE
2022-08-30,KIRLOSENG,HOLD
2022-08-30,TATACHEM,HOLD
2022-09-01,DEVYANI,HOLD
2022-09-01,NLCINDIA,HOLD
2022-09-01,NAVA,EXIT
2022-09-01,PFC,HOLD
2022-09-01,RHIM,HOLD
2022-09-01,RITES,HOLD
2022-09-01,SUNPHARMA,REDUCE
2022-09-01,WELCORP,HOLD
2022-09-02,APLAPOLLO,HOLD
2022-09-02,ANANTRAJ,HOLD
2022-09-02,BHARATFORG,HOLD
2022-09-02,BRIGADE,HOLD
2022-09-02,FORTIS,HOLD
2022-09-02,HAVELLS,HOLD
2022-09-02,HUDCO,HOLD
2022-09-02,LICHSGFIN,HOLD
2022-09-02,POLICYBZR,EXIT
2022-09-05,CHOICEIN,REDUCE
2022-09-05,CONCOR,REDUCE
2022-09-05,GRANULES,HOLD
2022-09-05,LINDEINDIA,HOLD
2022-09-05,OBEROIRLTY,HOLD
2022-09-05,PFC,EXIT
2022-09-05,SJVN,HOLD
2022-09-05,SCHNEIDER,HOLD
2022-09-06,ABREL,HOLD
2022-09-06,BAJAJ-AUTO,REDUCE
2022-09-06,LT,HOLD
2022-09-06,TORNTPHARM,REDUCE
2022-09-07,CONCOR,HOLD
2022-09-07,ENGINERSIN,HOLD
2022-09-07,INDIGO,EXIT
2022-09-07,JKTYRE,HOLD
2022-09-07,LINDEINDIA,REDUCE
2022-09-07,PAYTM,EXIT
2022-09-07,PFC,HOLD
2022-09-07,TARIL,HOLD
2022-09-08,AXISBANK,HOLD
2022-09-08,BAJAJHLDNG,HOLD
2022-09-08,BAYERCROP,REDUCE
2022-09-08,HONAUT,HOLD
2022-09-08,MINDACORP,HOLD
2022-09-08,RPOWER,HOLD
2022-09-08,SRF,HOLD
2022-09-09,ABFRL,HOLD
2022-09-09,DLF,HOLD
2022-09-09,KOTAKBANK,REDUCE
2022-09-09,LATENTVIEW,EXIT
2022-09-09,MINDACORP,EXIT
2022-09-09,RPOWER,EXIT
2022-09-12,BAJFINANCE,HOLD
2022-09-12,BATAINDIA,HOLD
2022-09-12,BLUESTARCO,HOLD
2022-09-12,CANFINHOME,HOLD
2022-09-12,ESCORTS,HOLD
2022-09-12,EXIDEIND,HOLD
2022-09-12,KOTAKBANK,HOLD
2022-09-12,NESTLEIND,REDUCE
2022-09-12,SAPPHIRE,HOLD
2022-09-12,TRITURBINE,HOLD
2022-09-13,ACC,HOLD
2022-09-13,CARBORUNIV,HOLD
2022-09-13,ITI,REDUCE
2022-09-13,JSWSTEEL,HOLD
2022-09-13,RADICO,HOLD
2022-09-13,RKFORGE,HOLD
2022-09-13,RPOWER,HOLD
2022-09-13,TITAN,HOLD
2022-09-13,UNIONBANK,HOLD
2022-09-13,USHAMART,REDUCE
2022-09-14,BHARTIARTL,HOLD
2022-09-14,COROMANDEL,REDUCE
2022-09-14,DABUR,REDUCE
2022-09-14,EMAMILTD,HOLD
2022-09-14,HINDUNILVR,REDUCE
2022-09-14,IDFCFIRSTB,HOLD
2022-09-14,INDIACEM,HOLD
2022-09-14,KAJARIACER,HOLD
2022-09-14,MAXHEALTH,REDUCE
2022-09-14,PFC,EXIT
2022-09-14,RPOWER,EXIT
2022-09-14,SUNTV,HOLD
2022-09-15,AFFLE,HOLD
2022-09-15,BANKINDIA,HOLD
2022-09-15,HEROMOTOCO,REDUCE
2022-09-15,LTF,HOLD
2022-09-15,MAXHEALTH,HOLD
2022-09-15,SUNDARMFIN,HOLD
2022-09-16,AUBANK,HOLD
2022-09-16,ASTRAL,HOLD
2022-09-16,BANKINDIA,EXIT
2022-09-16,BATAINDIA,EXIT
2022-09-16,BAYERCROP,EXIT
2022-09-16,BLUEDART,REDUCE
2022-09-16,BOSCHLTD,REDUCE
2022-09-16,DABUR,EXIT
2022-09-16,EIDPARRY,HOLD
2022-09-16,EMAMILTD,EXIT
2022-09-16,POWERINDIA,REDUCE
2022-09-16,LINDEINDIA,EXIT
2022-09-16,NLCINDIA,EXIT
2022-09-16,PGEL,HOLD
2022-09-16,TATACONSUM,REDUCE
2022-09-16,UNOMINDA,REDUCE
2022-09-16,UBL,REDUCE
2022-09-16,USHAMART,EXIT
2022-09-19,ATUL,HOLD
2022-09-19,BAJAJFINSV,HOLD
2022-09-19,CANFINHOME,EXIT
2022-09-19,CARBORUNIV,EXIT
2022-09-19,ELGIEQUIP,EXIT
2022-09-19,GRASIM,HOLD
2022-09-19,RADICO,EXIT
2022-09-19,RKFORGE,EXIT
2022-09-19,TIMKEN,EXIT
2022-09-20,JSWENERGY,HOLD
2022-09-21,AFFLE,EXIT
2022-09-21,BEML,HOLD
2022-09-21,CROMPTON,HOLD
2022-09-21,ENGINERSIN,REDUCE
2022-09-21,ITI,EXIT
2022-09-21,NCC,HOLD
2022-09-21,RADICO,HOLD
2022-09-21,REDINGTON,HOLD
2022-09-22,MAHABANK,HOLD
2022-09-22,CROMPTON,EXIT
2022-09-22,FORTIS,EXIT
2022-09-22,GRAVITA,HOLD
2022-09-22,INOXWIND,HOLD
2022-09-22,JSWENERGY,EXIT
2022-09-22,LTF,EXIT
2022-09-22,PNB,HOLD
2022-09-22,TORNTPOWER,REDUCE
2022-09-23,AFFLE,HOLD
2022-09-23,BLUEDART,HOLD
2022-09-23,CANBK,REDUCE
2022-09-23,DLF,EXIT
2022-09-23,ELECON,REDUCE
2022-09-23,EXIDEIND,REDUCE
2022-09-23,HINDUNILVR,HOLD
2022-09-23,HUDCO,EXIT
2022-09-23,IIFL,HOLD
2022-09-23,KOTAKBANK,EXIT
2022-09-23,MRF,REDUCE
2022-09-23,M&MFIN,EXIT
2022-09-23,PIIND,REDUCE
2022-09-23,POLYCAB,HOLD
2022-09-23,PNB,EXIT
2022-09-23,RECLTD,REDUCE
2022-09-26,AUBANK,EXIT
2022-09-26,ACE,EXIT
2022-09-26,ADANIPOWER,EXIT
2022-09-26,ABREL,EXIT
2022-09-26,AFFLE,EXIT
2022-09-26,ASAHIINDIA,EXIT
2022-09-26,ATUL,EXIT
2022-09-26,BAJAJ-AUTO,EXIT
2022-09-26,MAHABANK,EXIT
2022-09-26,BLUEDART,REDUCE
2022-09-26,BRIGADE,EXIT
2022-09-26,CANBK,EXIT
2022-09-26,CONCOR,REDUCE
2022-09-26,EIDPARRY,REDUCE
2022-09-26,ENGINERSIN,EXIT
2022-09-26,EXIDEIND,EXIT
2022-09-26,GRANULES,REDUCE
2022-09-26,GRAVITA,EXIT
2022-09-26,HDFCBANK,EXIT
2022-09-26,HAVELLS,REDUCE
2022-09-26,INDIACEM,EXIT
2022-09-26,KPITTECH,HOLD
2022-09-26,MARUTI,REDUCE
2022-09-26,NCC,EXIT
2022-09-26,OBEROIRLTY,EXIT
2022-09-26,RADICO,EXIT
2022-09-26,REDINGTON,EXIT
2022-09-26,SIEMENS,REDUCE
2022-09-26,SUNTV,EXIT
2022-09-26,TECHNOE,EXIT
2022-09-26,THERMAX,EXIT
2022-09-26,TITAGARH,EXIT
2022-09-26,TORNTPOWER,EXIT
2022-09-26,UNIONBANK,EXIT
2022-09-27,ASHOKLEY,REDUCE
2022-09-27,ASTRAL,EXIT
2022-09-27,BHARATFORG,REDUCE
2022-09-27,BOSCHLTD,EXIT
2022-09-27,ELECON,EXIT
2022-09-27,HONAUT,EXIT
2022-09-27,JWL,EXIT
2022-09-28,ADANIPOWER,HOLD
2022-09-28,AXISBANK,EXIT
2022-09-28,BHARATFORG,EXIT
2022-09-28,CHALET,HOLD
2022-09-28,CUMMINSIND,REDUCE
2022-09-28,JSWSTEEL,EXIT
2022-09-28,M&M,REDUCE
2022-09-28,NCC,HOLD
2022-09-28,SCHAEFFLER,EXIT
2022-09-29,3MINDIA,HOLD
2022-09-29,ACE,HOLD
2022-09-29,ADANIPORTS,EXIT
2022-09-29,ASAHIINDIA,HOLD
2022-09-29,BLUEDART,HOLD
2022-09-29,EMAMILTD,HOLD
2022-09-29,GRANULES,HOLD
2022-09-29,HAVELLS,HOLD
2022-09-29,HEROMOTOCO,EXIT
2022-09-29,INDIACEM,HOLD
2022-09-29,M&M,HOLD
2022-09-29,MARICO,HOLD
2022-09-29,RECLTD,EXIT
2022-09-29,SUNPHARMA,HOLD
2022-09-29,TITAGARH,HOLD
2022-09-30,AIAENG,REDUCE
2022-09-30,CONCOR,HOLD
2022-09-30,EIDPARRY,HOLD
2022-09-30,TATAINVEST,EXIT
2022-09-30,TEGA,HOLD
2022-09-30,UNOMINDA,HOLD
2022-09-30,UNIONBANK,HOLD
2022-10-03,ACC,EXIT
2022-10-03,ADANIENT,EXIT
2022-10-03,ADANIPOWER,EXIT
2022-10-03,ATGL,EXIT
2022-10-03,ANANDRATHI,HOLD
2022-10-03,CGCL,HOLD
2022-10-03,CARBORUNIV,HOLD
2022-10-03,ERIS,HOLD
2022-10-03,JWL,HOLD
2022-10-03,PCBL,EXIT
2022-10-03,SCHAEFFLER,HOLD
2022-10-03,STARHEALTH,EXIT
2022-10-03,SBIN,REDUCE
2022-10-03,SUNTV,HOLD
2022-10-03,TIMKEN,HOLD
2022-10-03,TORNTPHARM,HOLD
2022-10-03,UNIONBANK,EXIT
2022-10-04,ASHOKLEY,HOLD
2022-10-04,RADICO,HOLD
2022-10-04,RVNL,HOLD
2022-10-06,ACC,HOLD
2022-10-06,AIAENG,HOLD
2022-10-06,ADANIENT,REDUCE
2022-10-06,ASTRAL,HOLD
2022-10-06,GICRE,HOLD
2022-10-06,GODFRYPHLP,HOLD
2022-10-06,GRAVITA,HOLD
2022-10-06,HINDUNILVR,REDUCE
2022-10-06,JSWSTEEL,REDUCE
2022-10-06,POLYMED,HOLD
2022-10-06,RADICO,EXIT
2022-10-06,REDINGTON,HOLD
2022-10-06,UNIONBANK,HOLD
2022-10-07,ADANIENT,HOLD
2022-10-07,AFFLE,HOLD
2022-10-07,MAHABANK,HOLD
2022-10-07,BHARATFORG,HOLD
2022-10-07,BRIGADE,HOLD
2022-10-07,CONCOR,REDUCE
2022-10-07,JSWSTEEL,HOLD
2022-10-07,KAJARIACER,EXIT
2022-10-07,MARICO,REDUCE
2022-10-07,PCBL,HOLD
2022-10-07,RKFORGE,HOLD
2022-10-07,TATAINVEST,HOLD
2022-10-10,ADANIENT,EXIT
2022-10-10,AFFLE,EXIT
2022-10-10,ASIANPAINT,REDUCE
2022-10-10,ASTRAL,EXIT
2022-10-10,AXISBANK,REDUCE
2022-10-10,MAPMYINDIA,EXIT
2022-10-10,DCMSHRIRAM,HOLD
2022-10-10,EMAMILTD,EXIT
2022-10-10,GICRE,EXIT
2022-10-10,JSWENERGY,HOLD
2022-10-10,PRESTIGE,HOLD
2022-10-11,ACC,EXIT
2022-10-11,ADANIENT,REDUCE
2022-10-11,ASHOKLEY,REDUCE
2022-10-11,AXISBANK,HOLD
2022-10-11,MAHABANK,EXIT
2022-10-11,BRIGADE,EXIT
2022-10-11,HOMEFIRST,REDUCE
2022-10-11,INDIACEM,EXIT
2022-10-11,IRFC,HOLD
2022-10-11,JSWENERGY,EXIT
2022-10-11,MARICO,EXIT
2022-10-11,NEULANDLAB,HOLD
2022-10-11,PRESTIGE,EXIT
2022-10-11,REDINGTON,EXIT
2022-10-11,TATACONSUM,EXIT
2022-10-11,TATAINVEST,EXIT
2022-10-11,UNIONBANK,EXIT
2022-10-12,ADANIENT,EXIT
2022-10-12,BAJFINANCE,REDUCE
2022-10-12,CONCOR,HOLD
2022-10-12,IRCON,HOLD
2022-10-12,NEULANDLAB,EXIT
2022-10-12,SBILIFE,REDUCE
2022-10-12,UBL,HOLD
2022-10-12,WELCORP,EXIT
2022-10-13,CASTROLIND,HOLD
2022-10-13,CONCOR,REDUCE
2022-10-13,DATAPATTNS,HOLD
2022-10-13,HAVELLS,EXIT
2022-10-13,HOMEFIRST,EXIT
2022-10-13,M&MFIN,HOLD
2022-10-14,3MINDIA,EXIT
2022-10-14,CHOLAFIN,REDUCE
2022-10-14,DRREDDY,REDUCE
2022-10-14,IIFL,REDUCE
2022-10-14,KIMS,HOLD
2022-10-14,M&M,REDUCE
2022-10-17,BLUEDART,REDUCE
2022-10-17,IIFL,HOLD
2022-10-17,JSWSTEEL,EXIT
2022-10-17,SBIN,HOLD
2022-10-17,TATAINVEST,HOLD
2022-10-17,VBL,EXIT
2022-10-17,YESBANK,REDUCE
2022-10-18,3MINDIA,HOLD
2022-10-18,BAJFINANCE,HOLD
2022-10-18,MAHABANK,HOLD
2022-10-18,CANBK,HOLD
2022-10-18,CONCOR,HOLD
2022-10-18,DEVYANI,REDUCE
2022-10-18,NAVINFLUOR,REDUCE
2022-10-18,UNIONBANK,HOLD
2022-10-19,BHEL,HOLD
2022-10-19,CUMMINSIND,HOLD
2022-10-19,DEVYANI,HOLD
2022-10-19,ELECON,HOLD
2022-10-19,GESHIP,REDUCE
2022-10-19,IRCON,EXIT
2022-10-19,PNB,HOLD
2022-10-19,SIEMENS,HOLD
2022-10-20,3MINDIA,EXIT
2022-10-20,ADANIENT,REDUCE
2022-10-20,BRITANNIA,HOLD
2022-10-20,CARBORUNIV,EXIT
2022-10-20,DRREDDY,HOLD
2022-10-20,POWERINDIA,EXIT
2022-10-20,LTF,HOLD
2022-10-20,SCHAEFFLER,EXIT
2022-10-20,STARHEALTH,HOLD
2022-10-20,TATAINVEST,EXIT
2022-10-21,ASIANPAINT,EXIT
2022-10-21,BAJFINANCE,REDUCE
2022-10-21,KOTAKBANK,REDUCE
2022-10-21,NESTLEIND,HOLD
2022-10-21,PIDILITIND,REDUCE
2022-10-21,SIEMENS,REDUCE
2022-10-21,TIMKEN,REDUCE
2022-10-21,UNOMINDA,REDUCE
2022-10-24,ELGIEQUIP,HOLD
2022-10-24,KOTAKBANK,HOLD
2022-10-24,MRF,HOLD
2022-10-24,UBL,REDUCE
2022-10-25,COLPAL,HOLD
2022-10-25,FINCABLES,HOLD
2022-10-25,IRCON,HOLD
2022-10-25,KOTAKBANK,EXIT
2022-10-25,M&M,HOLD
2022-10-25,MARUTI,HOLD
2022-10-25,TATAINVEST,HOLD
2022-10-27,ABCAPITAL,HOLD
2022-10-27,BANKINDIA,HOLD
2022-10-27,CENTRALBK,HOLD
2022-10-27,DEEPAKNTR,HOLD
2022-10-27,EXIDEIND,HOLD
2022-10-27,NAVINFLUOR,HOLD
2022-10-27,SIEMENS,HOLD
2022-10-27,UCOBANK,HOLD
2022-10-28,ABREL,HOLD
2022-10-28,BLUEDART,EXIT
2022-10-28,DLF,HOLD
2022-10-28,DEEPAKNTR,EXIT
2022-10-28,ENGINERSIN,HOLD
2022-10-28,GESHIP,HOLD
2022-10-28,KOTAKBANK,REDUCE
2022-10-28,PAGEIND,REDUCE
2022-10-28,POWERGRID,REDUCE
2022-10-28,RAILTEL,HOLD
2022-10-28,TATAINVEST,EXIT
2022-10-28,ZYDUSLIFE,HOLD
2022-10-31,ATGL,HOLD
2022-10-31,BAJAJFINSV,REDUCE
2022-10-31,KOTAKBANK,HOLD
2022-10-31,NLCINDIA,HOLD
2022-10-31,PCBL,REDUCE
2022-10-31,POWERGRID,HOLD
2022-11-01,ACC,HOLD
2022-11-01,ADANIENT,HOLD
2022-11-01,ABREL,EXIT
2022-11-01,BAJAJFINSV,HOLD
2022-11-01,DEEPAKNTR,HOLD
2022-11-01,GICRE,HOLD
2022-11-01,HFCL,HOLD
2022-11-01,JSWENERGY,HOLD
2022-11-01,JSWSTEEL,REDUCE
2022-11-01,M&MFIN,REDUCE
2022-11-01,MARICO,HOLD
2022-11-01,PCBL,EXIT
2022-11-01,SUPREMEIND,HOLD
2022-11-01,TIMKEN,EXIT
2022-11-01,USHAMART,HOLD
2022-11-02,ABBOTINDIA,HOLD
2022-11-02,AJANTPHARM,HOLD
2022-11-02,BRITANNIA,REDUCE
2022-11-02,DCMSHRIRAM,REDUCE
2022-11-02,DEVYANI,REDUCE
2022-11-02,JSWSTEEL,HOLD
2022-11-02,LICHSGFIN,EXIT
2022-11-02,M&MFIN,EXIT
2022-11-02,SYNGENE,HOLD
2022-11-02,TATAINVEST,HOLD
2022-11-02,VBL,HOLD
2022-11-03,BEML,REDUCE
2022-11-03,DCMSHRIRAM,EXIT
2022-11-03,DEEPAKFERT,REDUCE
2022-11-03,HFCL,EXIT
2022-11-03,HUDCO,HOLD
2022-11-03,PFIZER,HOLD
2022-11-03,STARHEALTH,REDUCE
2022-11-03,TECHNOE,HOLD
2022-11-03,TEGA,REDUCE
2022-11-04,ADANIPORTS,REDUCE
2022-11-04,AJANTPHARM,EXIT
2022-11-04,BRITANNIA,HOLD
2022-11-04,COLPAL,REDUCE
2022-11-04,JSWENERGY,REDUCE
2022-11-04,J&KBANK,HOLD
2022-11-04,MGL,HOLD
2022-11-04,M&MFIN,HOLD
2022-11-04,MSUMI,REDUCE
2022-11-04,REDINGTON,HOLD
2022-11-04,SRF,REDUCE
2022-11-04,TATACHEM,REDUCE
2022-11-04,TEJASNET,EXIT
2022-11-07,ASAHIINDIA,REDUCE
2022-11-07,GVT&D,REDUCE
2022-11-07,INDIACEM,HOLD
2022-11-07,IOB,HOLD
2022-11-07,MARICO,EXIT
2022-11-07,SRF,EXIT
2022-11-07,SUMICHEM,REDUCE
2022-11-07,ULTRACEMCO,REDUCE
2022-11-07,ZFCVINDIA,REDUCE
2022-11-09,ABB,REDUCE
2022-11-09,ADANIPORTS,HOLD
2022-11-09,ERIS,REDUCE
2022-11-09,HINDZINC,HOLD
2022-11-09,INDIACEM,EXIT
2022-11-09,JMFINANCIL,HOLD
2022-11-09,PIIND,HOLD
2022-11-09,PFIZER,EXIT
2022-11-09,POWERGRID,REDUCE
2022-11-09,SCHNEIDER,EXIT
2022-11-09,TATACOMM,HOLD
2022-11-09,ULTRACEMCO,EXIT
2022-11-09,UBL,HOLD
2022-11-09,USHAMART,EXIT
2022-11-10,COLPAL,HOLD
2022-11-10,DEEPAKNTR,EXIT
2022-11-10,DEVYANI,EXIT
2022-11-10,GVT&D,HOLD
2022-11-10,GRASIM,REDUCE
2022-11-10,HDFCBANK,REDUCE
2022-11-10,IDBI,HOLD
2022-11-10,POWERGRID,EXIT
2022-11-10,RHIM,EXIT
2022-11-10,SYRMA,REDUCE
2022-11-11,ACC,REDUCE
2022-11-11,COLPAL,REDUCE
2022-11-11,DEEPAKFERT,EXIT
2022-11-11,ESCORTS,REDUCE
2022-11-11,HDFCBANK,HOLD
2022-11-11,HSCL,REDUCE
2022-11-11,INOXWIND,EXIT
2022-11-11,JUBLINGREA,HOLD
2022-11-11,NEULANDLAB,HOLD
2022-11-11,PARADEEP,REDUCE
2022-11-11,SCI,HOLD
2022-11-11,STARHEALTH,EXIT
2022-11-14,3MINDIA,HOLD
2022-11-14,ACC,HOLD
2022-11-14,GRASIM,HOLD
2022-11-14,HCLTECH,REDUCE
2022-11-14,HFCL,HOLD
2022-11-14,J&KBANK,EXIT
2022-11-14,JINDALSTEL,HOLD
2022-11-14,M&M,REDUCE
2022-11-14,POONAWALLA,REDUCE
2022-11-14,SCI,EXIT
2022-11-14,SUNTV,REDUCE
2022-11-14,TEGA,HOLD
2022-11-14,TITAN,REDUCE
2022-11-14,TRENT,REDUCE
2022-11-14,YESBANK,HOLD
2022-11-15,ABFRL,REDUCE
2022-11-15,ASTERDM,EXIT
2022-11-15,BAJAJFINSV,REDUCE
2022-11-15,EICHERMOT,REDUCE
2022-11-15,FORCEMOT,HOLD
2022-11-15,FLUOROCHEM,EXIT
2022-11-15,INDIACEM,HOLD
2022-11-15,NAVINFLUOR,REDUCE
2022-11-15,PATANJALI,EXIT
2022-11-15,PFIZER,HOLD
2022-11-15,SAPPHIRE,REDUCE
2022-11-15,SIEMENS,REDUCE
2022-11-15,ULTRACEMCO,REDUCE
2022-11-15,ZYDUSLIFE,EXIT
2022-11-16,EIHOTEL,REDUCE
2022-11-16,HFCL,EXIT
2022-11-16,INDIACEM,EXIT
2022-11-16,M&MFIN,REDUCE
2022-11-16,PFC,HOLD
2022-11-16,ULTRACEMCO,HOLD
2022-11-17,AIAENG,REDUCE
2022-11-17,CHOLAFIN,EXIT
2022-11-17,COROMANDEL,EXIT
2022-11-17,EIHOTEL,EXIT
2022-11-17,GVT&D,REDUCE
2022-11-17,GRASIM,REDUCE
2022-11-17,HCLTECH,EXIT
2022-11-17,INDHOTEL,REDUCE
2022-11-17,J&KBANK,HOLD
2022-11-18,AIAENG,HOLD
2022-11-18,APOLLOTYRE,REDUCE
2022-11-18,CHALET,EXIT
2022-11-18,ERIS,EXIT
2022-11-18,HCLTECH,REDUCE
2022-11-18,JSWENERGY,EXIT
2022-11-18,MARUTI,REDUCE
2022-11-18,NTPC,REDUCE
2022-11-18,POLYCAB,REDUCE
2022-11-18,TATACHEM,EXIT
2022-11-18,TATACOMM,EXIT
2022-11-18,TIMKEN,HOLD
2022-11-18,TARIL,REDUCE
2022-11-18,UBL,REDUCE
2022-11-21,BAJFINANCE,EXIT
2022-11-21,BEL,REDUCE
2022-11-21,ESCORTS,HOLD
2022-11-21,HCLTECH,EXIT
2022-11-21,PFIZER,EXIT
2022-11-21,SUMICHEM,EXIT
2022-11-21,TVSMOTOR,REDUCE
2022-11-21,TATAINVEST,EXIT
2022-11-21,TARIL,HOLD
2022-11-21,TIINDIA,REDUCE
2022-11-22,360ONE,REDUCE
2022-11-22,APOLLOTYRE,HOLD
2022-11-22,HCLTECH,REDUCE
2022-11-22,JUBLINGREA,EXIT
2022-11-22,KALYANKJIL,EXIT
2022-11-22,NMDC,HOLD
2022-11-22,RHIM,HOLD
2022-11-23,BAJAJHLDNG,REDUCE
2022-11-23,SUNDARMFIN,REDUCE
2022-11-24,360ONE,HOLD
2022-11-24,APOLLOTYRE,REDUCE
2022-11-24,FACT,HOLD
2022-11-24,HSCL,HOLD
2022-11-24,INFY,REDUCE
2022-11-24,MCX,HOLD
2022-11-24,NTPC,HOLD
2022-11-24,POWERGRID,REDUCE
2022-11-24,SCI,HOLD
2022-11-24,TCS,REDUCE
2022-11-25,APOLLOTYRE,HOLD
2022-11-25,HONAUT,HOLD
2022-11-25,MARUTI,HOLD
2022-11-25,RECLTD,HOLD
2022-11-28,HDFCAMC,HOLD
2022-11-28,ITI,HOLD
2022-11-28,INDHOTEL,HOLD
2022-11-28,IGL,HOLD
2022-11-28,KALYANKJIL,HOLD
2022-11-28,MARUTI,REDUCE
2022-11-28,PGEL,REDUCE
2022-11-28,PFIZER,HOLD
2022-11-28,POONAWALLA,HOLD
2022-11-28,RELIANCE,REDUCE
2022-11-28,TATACOMM,HOLD
2022-11-28,TIINDIA,HOLD
2022-11-29,APLAPOLLO,REDUCE
2022-11-29,ANANTRAJ,EXIT
2022-11-29,EIDPARRY,REDUCE
2022-11-29,ELGIEQUIP,EXIT
2022-11-29,HSCL,REDUCE
2022-11-29,HINDUNILVR,HOLD
2022-11-29,IRB,HOLD
2022-11-29,INDHOTEL,REDUCE
2022-11-29,POONAWALLA,REDUCE
2022-11-29,TATACOMM,EXIT
2022-11-29,TRENT,HOLD
2022-11-30,APLAPOLLO,HOLD
2022-11-30,CHALET,HOLD
2022-11-30,COLPAL,HOLD
2022-11-30,DABUR,HOLD
2022-11-30,GMRAIRPORT,HOLD
2022-11-30,ITC,REDUCE
2022-11-30,INDUSINDBK,REDUCE
2022-11-30,INDIGO,REDUCE
2022-11-30,JKCEMENT,HOLD
2022-11-30,SHRIRAMFIN,REDUCE
2022-11-30,VEDL,HOLD
2022-12-01,CREDITACC,EXIT
2022-12-01,DALBHARAT,HOLD
2022-12-01,HCLTECH,HOLD
2022-12-01,HEROMOTOCO,HOLD
2022-12-01,PRESTIGE,HOLD
2022-12-01,TATACOMM,HOLD
2022-12-01,TATASTEEL,REDUCE
2022-12-01,ZYDUSLIFE,HOLD
2022-12-02,APOLLOHOSP,REDUCE
2022-12-02,CIPLA,REDUCE
2022-12-02,GRASIM,HOLD
2022-12-02,INDIGO,EXIT
2022-12-02,UNOMINDA,HOLD
2022-12-02,UBL,HOLD
2022-12-05,M&MFIN,HOLD
2022-12-05,SUNDARMFIN,HOLD
2022-12-06,360ONE,REDUCE
2022-12-06,APOLLOHOSP,HOLD
2022-12-06,CHALET,REDUCE
2022-12-06,ELGIEQUIP,HOLD
2022-12-06,FORTIS,HOLD
2022-12-06,GRANULES,REDUCE
2022-12-06,HFCL,HOLD
2022-12-06,INFY,EXIT
2022-12-06,POLYCAB,HOLD
2022-12-06,SHREECEM,HOLD
2022-12-06,SHRIRAMFIN,HOLD
2022-12-06,SONATSOFTW,HOLD
2022-12-06,SUZLON,HOLD
2022-12-06,TATACOMM,EXIT
2022-12-06,UNOMINDA,REDUCE
2022-12-07,CHALET,HOLD
2022-12-07,EICHERMOT,EXIT
2022-12-07,INDIGO,REDUCE
2022-12-07,JSL,HOLD
2022-12-07,POLYMED,REDUCE
2022-12-07,POWERGRID,HOLD
2022-12-07,SUZLON,EXIT
2022-12-07,USHAMART,HOLD
2022-12-07,ZYDUSLIFE,EXIT
2022-12-08,3MINDIA,REDUCE
2022-12-08,BOSCHLTD,HOLD
2022-12-08,DATAPATTNS,REDUCE
2022-12-08,DRREDDY,REDUCE
2022-12-08,INFY,REDUCE
2022-12-08,SYNGENE,REDUCE
2022-12-08,TCS,EXIT
2022-12-08,TARIL,REDUCE
2022-12-09,ANANDRATHI,REDUCE
2022-12-09,CHALET,REDUCE
2022-12-09,HCLTECH,EXIT
2022-12-09,INFY,EXIT
2022-12-09,KEC,HOLD
2022-12-09,KIMS,REDUCE
2022-12-09,NEULANDLAB,EXIT
2022-12-09,PFIZER,REDUCE
2022-12-09,PHOENIXLTD,REDUCE
2022-12-09,RVNL,EXIT
2022-12-09,SIEMENS,HOLD
2022-12-09,TATASTEEL,EXIT
2022-12-09,USHAMART,EXIT
2022-12-12,ASAHIINDIA,EXIT
2022-12-12,KPITTECH,REDUCE
2022-12-12,KOTAKBANK,REDUCE
2022-12-12,NTPC,REDUCE
2022-12-12,RELIANCE,HOLD
2022-12-12,SUNPHARMA,REDUCE
2022-12-12,TATASTEEL,REDUCE
2022-12-12,TORNTPHARM,REDUCE
2022-12-13,BDL,REDUCE
2022-12-13,HDFCLIFE,REDUCE
2022-12-13,JINDALSAW,HOLD
2022-12-13,KEI,REDUCE
2022-12-13,LEMONTREE,REDUCE
2022-12-13,MAXHEALTH,REDUCE
2022-12-13,PETRONET,HOLD
2022-12-13,RVNL,HOLD
2022-12-13,SUZLON,HOLD
2022-12-13,SWANCORP,HOLD
2022-12-13,TARIL,HOLD
2022-12-13,TRENT,REDUCE
2022-12-14,ATGL,REDUCE
2022-12-14,ANANTRAJ,HOLD
2022-12-14,BDL,HOLD
2022-12-14,CGCL,REDUCE
2022-12-14,COLPAL,REDUCE
2022-12-14,HDFCLIFE,EXIT
2022-12-14,IFCI,HOLD
2022-12-14,PGEL,HOLD
2022-12-14,PAGEIND,EXIT
2022-12-14,TATACOMM,HOLD
2022-12-14,UPL,HOLD
2022-12-15,ATGL,HOLD
2022-12-15,BDL,REDUCE
2022-12-15,HDFCLIFE,REDUCE
2022-12-15,HFCL,EXIT
2022-12-15,ICICIBANK,REDUCE
2022-12-15,INDIGO,HOLD
2022-12-15,NESTLEIND,REDUCE
2022-12-15,NEULANDLAB,HOLD
2022-12-15,PCBL,HOLD
2022-12-15,SONATSOFTW,EXIT
2022-12-15,SYNGENE,EXIT
2022-12-15,TEGA,EXIT
2022-12-15,TORNTPOWER,HOLD
2022-12-16,ABB,EXIT
2022-12-16,ABFRL,EXIT
2022-12-16,ANANTRAJ,REDUCE
2022-12-16,ASHOKLEY,EXIT
2022-12-16,FORTIS,REDUCE
2022-12-16,ITI,REDUCE
2022-12-16,KPITTECH,HOLD
2022-12-16,RBLBANK,HOLD
2022-12-16,TORNTPOWER,REDUCE
2022-12-19,AWL,EXIT
2022-12-19,COALINDIA,REDUCE
2022-12-19,LEMONTREE,EXIT
2022-12-19,NTPC,HOLD
2022-12-19,NESTLEIND,HOLD
2022-12-19,POWERGRID,REDUCE
2022-12-19,RITES,EXIT
2022-12-19,TEGA,HOLD
2022-12-19,NIACL,HOLD
2022-12-20,GODREJCP,HOLD
2022-12-20,JBCHEPHARM,REDUCE
2022-12-20,MAXHEALTH,HOLD
2022-12-20,NTPC,REDUCE
2022-12-20,PNBHOUSING,HOLD
2022-12-20,POWERGRID,HOLD
2022-12-20,USHAMART,HOLD
2022-12-21,AUBANK,HOLD
2022-12-21,ACE,REDUCE
2022-12-21,AMBUJACEM,REDUCE
2022-12-21,BHARTIARTL,REDUCE
2022-12-21,CGPOWER,REDUCE
2022-12-21,CHALET,EXIT
2022-12-21,CUB,REDUCE
2022-12-21,ELGIEQUIP,EXIT
2022-12-21,FORTIS,HOLD
2022-12-21,GRASIM,REDUCE
2022-12-21,HDFCLIFE,HOLD
2022-12-21,IFCI,EXIT
2022-12-21,JKCEMENT,EXIT
2022-12-21,KOTAKBANK,EXIT
2022-12-21,NHPC,REDUCE
2022-12-21,PCBL,REDUCE
2022-12-21,POLYCAB,REDUCE
2022-12-21,POONAWALLA,EXIT
2022-12-21,PRESTIGE,REDUCE
2022-12-21,TATACOMM,EXIT
2022-12-21,TATACONSUM,REDUCE
2022-12-21,TATASTEEL,EXIT
2022-12-21,NIACL,EXIT
2022-12-21,YESBANK,EXIT
2022-12-21,ZFCVINDIA,EXIT
2022-12-22,AIAENG,REDUCE
2022-12-22,APLAPOLLO,REDUCE
2022-12-22,ACE,EXIT
2022-12-22,BEML,EXIT
2022-12-22,BAJAJFINSV,EXIT
2022-12-22,MAHABANK,EXIT
2022-12-22,BDL,EXIT
2022-12-22,BLUESTARCO,REDUCE
2022-12-22,CCL,REDUCE
2022-12-22,CASTROLIND,REDUCE
2022-12-22,CENTRALBK,EXIT
2022-12-22,ELECON,EXIT
2022-12-22,ESCORTS,REDUCE
2022-12-22,FEDERALBNK,REDUCE
2022-12-22,GVT&D,EXIT
2022-12-22,GRASIM,HOLD
2022-12-22,J&KBANK,EXIT
2022-12-22,RVNL,EXIT
2022-12-22,SJVN,EXIT
2022-12-22,SUNPHARMA,HOLD
2022-12-22,SUZLON,EXIT
2022-12-22,TATACONSUM,HOLD
2022-12-22,TORNTPOWER,EXIT
2022-12-22,TRITURBINE,REDUCE
2022-12-22,UPL,EXIT
2022-12-23,ADANIPORTS,EXIT
2022-12-23,ATGL,EXIT
2022-12-23,AMBUJACEM,EXIT
2022-12-23,ANANTRAJ,EXIT
2022-12-23,BLS,EXIT
2022-12-23,BAJAJHLDNG,EXIT
2022-12-23,BHEL,EXIT
2022-12-23,CGCL,HOLD
2022-12-23,CEATLTD,EXIT
2022-12-23,CUB,EXIT
2022-12-23,CONCOR,REDUCE
2022-12-23,DLF,EXIT
2022-12-23,EIDPARRY,EXIT
2022-12-23,FACT,EXIT
2022-12-23,FORCEMOT,EXIT
2022-12-23,FORTIS,EXIT
2022-12-23,GMRAIRPORT,EXIT
2022-12-23,GABRIEL,EXIT
2022-12-23,GICRE,EXIT
2022-12-23,GODFRYPHLP,EXIT
2022-12-23,HDFCAMC,EXIT
2022-12-23,HDFCLIFE,EXIT
2022-12-23,HUDCO,EXIT
2022-12-23,IDBI,EXIT
2022-12-23,IDFCFIRSTB,EXIT
2022-12-23,IRB,EXIT
2022-12-23,IRCON,EXIT
2022-12-23,ITI,EXIT
2022-12-23,IRFC,EXIT
2022-12-23,IGL,EXIT
2022-12-23,JKTYRE,EXIT
2022-12-23,JMFINANCIL,EXIT
2022-12-23,JINDALSAW,EXIT
2022-12-23,KPITTECH,REDUCE
2022-12-23,KALYANKJIL,EXIT
2022-12-23,NCC,EXIT
2022-12-23,NLCINDIA,EXIT
2022-12-23,NMDC,EXIT
2022-12-23,NAVINFLUOR,EXIT
2022-12-23,NEULANDLAB,EXIT
2022-12-23,PCBL,EXIT
2022-12-23,PHOENIXLTD,EXIT
2022-12-23,POLYCAB,EXIT
2022-12-23,PRESTIGE,EXIT
2022-12-23,PNB,EXIT
2022-12-23,RAILTEL,EXIT
2022-12-23,SHREECEM,EXIT
2022-12-23,SIEMENS,REDUCE
2022-12-23,SWANCORP,EXIT
2022-12-23,TIMKEN,REDUCE
2022-12-23,TRITURBINE,EXIT
2022-12-23,UNOMINDA,EXIT
2022-12-23,VEDL,EXIT
2022-12-27,CCL,HOLD
2022-12-27,GRASIM,REDUCE
2022-12-27,HSCL,EXIT
2022-12-27,MARUTI,EXIT
2022-12-27,TATASTEEL,REDUCE
2022-12-27,TRENT,EXIT
2022-12-27,UNIONBANK,REDUCE
2022-12-28,MAHABANK,HOLD
2022-12-28,BHEL,HOLD
2022-12-28,CGPOWER,HOLD
2022-12-28,FACT,HOLD
2022-12-28,GABRIEL,HOLD
2022-12-28,GICRE,HOLD
2022-12-28,GODFRYPHLP,HOLD
2022-12-28,HDFCAMC,HOLD
2022-12-28,HUDCO,HOLD
2022-12-28,IDBI,HOLD
2022-12-28,IRB,HOLD
2022-12-28,IRFC,HOLD
2022-12-28,JKTYRE,HOLD
2022-12-28,J&KBANK,HOLD
2022-12-28,JINDALSAW,HOLD
2022-12-28,KPITTECH,HOLD
2022-12-28,KALYANKJIL,HOLD
2022-12-28,KIMS,HOLD
2022-12-28,NCC,HOLD
2022-12-28,NLCINDIA,HOLD
2022-12-28,NMDC,HOLD
2022-12-28,NAVA,HOLD
2022-12-28,NEULANDLAB,HOLD
2022-12-28,PNB,HOLD
2022-12-28,SHREECEM,HOLD
2022-12-28,SONATSOFTW,HOLD
2022-12-28,SUNDARMFIN,REDUCE
2022-12-28,SUZLON,HOLD
2022-12-28,SWANCORP,HOLD
2022-12-28,VEDL,HOLD
2022-12-29,ATGL,HOLD
2022-12-29,COLPAL,EXIT
2022-12-29,DATAPATTNS,EXIT
2022-12-29,DRREDDY,EXIT
2022-12-29,ESCORTS,HOLD
2022-12-29,FEDERALBNK,HOLD
2022-12-29,GRANULES,EXIT
2022-12-29,HINDUNILVR,REDUCE
2022-12-29,IRCON,HOLD
2022-12-29,SBILIFE,HOLD
2022-12-29,SHREECEM,EXIT
2022-12-29,SUNPHARMA,REDUCE
2022-12-29,TIINDIA,REDUCE
2022-12-29,UBL,REDUCE
2022-12-30,GMRAIRPORT,HOLD
2022-12-30,KAJARIACER,HOLD
2022-12-30,NESTLEIND,REDUCE
2022-12-30,RVNL,HOLD
2022-12-30,TATASTEEL,HOLD
2023-01-02,ANANTRAJ,HOLD
2023-01-02,IDFCFIRSTB,HOLD
2023-01-02,KAJARIACER,EXIT
2023-01-02,ONGC,REDUCE
2023-01-02,PPLPHARMA,REDUCE
2023-01-02,POWERGRID,EXIT
2023-01-02,PRESTIGE,HOLD
2023-01-02,SBILIFE,REDUCE
2023-01-02,NIACL,HOLD
2023-01-02,YESBANK,HOLD
2023-01-03,APOLLOHOSP,REDUCE
2023-01-03,FORCEMOT,HOLD
2023-01-03,HDFCLIFE,REDUCE
2023-01-03,INDUSINDBK,HOLD
2023-01-03,ONGC,HOLD
2023-01-03,RELIANCE,EXIT
2023-01-03,SBILIFE,HOLD
2023-01-03,SHREECEM,HOLD
2023-01-03,TATACOMM,HOLD
2023-01-04,APLAPOLLO,HOLD
2023-01-04,ANANDRATHI,HOLD
2023-01-04,CARBORUNIV,HOLD
2023-01-04,HDFCLIFE,HOLD
2023-01-04,IOC,HOLD
2023-01-04,KPITTECH,REDUCE
2023-01-04,NH,REDUCE
2023-01-05,ACE,HOLD
2023-01-05,CASTROLIND,HOLD
2023-01-05,FORTIS,HOLD
2023-01-05,KAJARIACER,HOLD
2023-01-05,SIEMENS,HOLD
2023-01-05,ZYDUSLIFE,HOLD
2023-01-06,AUBANK,EXIT
2023-01-06,CASTROLIND,REDUCE
2023-01-06,GSPL,HOLD
2023-01-06,HAL,REDUCE
2023-01-06,MCX,REDUCE
2023-01-06,SCHNEIDER,HOLD
2023-01-06,TIMKEN,EXIT
2023-01-09,ASHOKLEY,HOLD
2023-01-09,DABUR,REDUCE
2023-01-09,HINDUNILVR,HOLD
2023-01-09,MGL,REDUCE
2023-01-09,RELIANCE,REDUCE
2023-01-10,PRESTIGE,EXIT
2023-01-10,SIEMENS,REDUCE
2023-01-10,SUNTV,EXIT
2023-01-10,SUNDARMFIN,HOLD
2023-01-11,BPCL,HOLD
2023-01-11,BLUESTARCO,HOLD
2023-01-11,HINDCOPPER,HOLD
2023-01-11,KAJARIACER,EXIT
2023-01-11,LICHSGFIN,HOLD
2023-01-11,PIDILITIND,EXIT
2023-01-11,RADICO,HOLD
2023-01-11,SIEMENS,HOLD
2023-01-11,SUNDARMFIN,REDUCE
2023-01-11,YESBANK,EXIT
2023-01-12,360ONE,HOLD
2023-01-12,ACC,REDUCE
2023-01-12,DABUR,EXIT
2023-01-12,HONAUT,REDUCE
2023-01-12,PFIZER,EXIT
2023-01-12,VBL,EXIT
2023-01-13,360ONE,REDUCE
2023-01-13,CYIENT,HOLD
2023-01-13,GSPL,EXIT
2023-01-13,MRF,REDUCE
2023-01-13,MSUMI,EXIT
2023-01-13,MCX,HOLD
2023-01-13,RAILTEL,HOLD
2023-01-13,TCS,REDUCE
2023-01-13,TATACONSUM,EXIT
2023-01-16,360ONE,HOLD
2023-01-16,FACT,EXIT
2023-01-16,POLYMED,EXIT
2023-01-16,SUMICHEM,HOLD
2023-01-16,TVSMOTOR,EXIT
2023-01-16,TCS,HOLD
2023-01-17,ACE,REDUCE
2023-01-17,GSPL,HOLD
2023-01-17,HCLTECH,REDUCE
2023-01-17,KPITTECH,HOLD
2023-01-17,NEULANDLAB,EXIT
2023-01-17,ONGC,REDUCE
2023-01-17,PIIND,REDUCE
2023-01-17,RELIANCE,EXIT
2023-01-17,TRITURBINE,HOLD
2023-01-17,UBL,EXIT
2023-01-18,FACT,HOLD
2023-01-18,FORTIS,REDUCE
2023-01-18,HCLTECH,HOLD
2023-01-18,ONGC,HOLD
2023-01-18,POLYCAB,HOLD
2023-01-18,RAILTEL,REDUCE
2023-01-18,SUZLON,EXIT
2023-01-19,ASHOKLEY,REDUCE
2023-01-19,BLS,HOLD
2023-01-19,BALKRISIND,HOLD
2023-01-19,FORTIS,HOLD
2023-01-19,GSPL,EXIT
2023-01-19,HDFCAMC,EXIT
2023-01-19,JBMA,HOLD
2023-01-19,MRF,HOLD
2023-01-19,POWERGRID,REDUCE
2023-01-19,SARDAEN,HOLD
2023-01-19,SBIN,REDUCE
2023-01-19,TITAN,EXIT
2023-01-20,ACE,HOLD
2023-01-20,APOLLOHOSP,REDUCE
2023-01-20,BHARATFORG,REDUCE
2023-01-20,FEDERALBNK,REDUCE
2023-01-20,GAIL,HOLD
2023-01-20,GPIL,HOLD
2023-01-20,JBMA,EXIT
2023-01-20,M&M,HOLD
2023-01-20,MAXHEALTH,REDUCE
2023-01-20,PVRINOX,REDUCE
2023-01-20,PERSISTENT,HOLD
2023-01-20,POWERGRID,HOLD
2023-01-20,SAIL,HOLD
2023-01-20,SUPREMEIND,REDUCE
2023-01-20,TRITURBINE,REDUCE
2023-01-23,ACC,EXIT
2023-01-23,ASHOKLEY,HOLD
2023-01-23,BEML,HOLD
2023-01-23,BHARATFORG,HOLD
2023-01-23,FEDERALBNK,HOLD
2023-01-23,IGL,HOLD
2023-01-23,JKTYRE,EXIT
2023-01-23,MGL,HOLD
2023-01-23,MAXHEALTH,HOLD
2023-01-23,SARDAEN,EXIT
2023-01-24,CONCOR,EXIT
2023-01-24,FORTIS,REDUCE
2023-01-24,GPIL,EXIT
2023-01-24,GSPL,HOLD
2023-01-24,HUDCO,EXIT
2023-01-24,KIMS,REDUCE
2023-01-24,NHPC,HOLD
2023-01-24,NLCINDIA,EXIT
2023-01-24,PIIND,EXIT
2023-01-24,SHREECEM,REDUCE
2023-01-24,SAIL,EXIT
2023-01-24,SUMICHEM,EXIT
2023-01-25,BAJAJ-AUTO,REDUCE
2023-01-25,BHEL,EXIT
2023-01-25,CHOLAFIN,HOLD
2023-01-25,CIPLA,EXIT
2023-01-25,FACT,EXIT
2023-01-25,FORCEMOT,REDUCE
2023-01-25,GRASIM,EXIT
2023-01-25,GSPL,EXIT
2023-01-25,ITC,HOLD
2023-01-25,INDHOTEL,EXIT
2023-01-25,IGL,REDUCE
2023-01-25,MGL,REDUCE
2023-01-25,MAXHEALTH,REDUCE
2023-01-25,RBLBANK,EXIT
2023-01-25,SHREECEM,EXIT
2023-01-25,TATACOMM,REDUCE
2023-01-27,ATGL,EXIT
2023-01-27,ABCAPITAL,EXIT
2023-01-27,ANANTRAJ,REDUCE
2023-01-27,BLS,EXIT
2023-01-27,BANKBARODA,EXIT
2023-01-27,MAHABANK,EXIT
2023-01-27,CANBK,REDUCE
2023-01-27,CHALET,HOLD
2023-01-27,CHOICEIN,HOLD
2023-01-27,CHOLAFIN,EXIT
2023-01-27,ENDURANCE,HOLD
2023-01-27,GMRAIRPORT,EXIT
2023-01-27,HONAUT,EXIT
2023-01-27,IRB,EXIT
2023-01-27,JBCHEPHARM,HOLD
2023-01-27,J&KBANK,EXIT
2023-01-27,KEI,HOLD
2023-01-27,KALYANKJIL,EXIT
2023-01-27,MARUTI,REDUCE
2023-01-27,MAXHEALTH,HOLD
2023-01-27,NAVA,EXIT
2023-01-27,PNB,EXIT
2023-01-27,RAILTEL,EXIT
2023-01-27,SUPREMEIND,HOLD
2023-01-27,NIACL,EXIT
2023-01-30,3MINDIA,HOLD
2023-01-30,AIAENG,HOLD
2023-01-30,ADANIENT,EXIT
2023-01-30,ANANTRAJ,HOLD
2023-01-30,APOLLOHOSP,EXIT
2023-01-30,BEL,EXIT
2023-01-30,CHOICEIN,REDUCE
2023-01-30,EXIDEIND,REDUCE
2023-01-30,GAIL,EXIT
2023-01-30,INDUSINDBK,REDUCE
2023-01-30,MARUTI,HOLD
2023-01-30,NTPC,HOLD
2023-01-30,ZENTEC,HOLD
2023-01-31,CHOICEIN,HOLD
2023-01-31,COFORGE,HOLD
2023-01-31,GSPL,HOLD
2023-01-31,ICICIBANK,EXIT
2023-01-31,J&KBANK,HOLD
2023-01-31,KIMS,HOLD
2023-01-31,MGL,HOLD
2023-01-31,ONGC,EXIT
2023-01-31,POWERGRID,EXIT
2023-02-01,3MINDIA,REDUCE
2023-02-01,ANANTRAJ,EXIT
2023-02-01,BEML,REDUCE
2023-02-01,BLS,HOLD
2023-02-01,CANBK,EXIT
2023-02-01,DATAPATTNS,HOLD
2023-02-01,EICHERMOT,REDUCE
2023-02-01,ESCORTS,REDUCE
2023-02-01,FINCABLES,REDUCE
2023-02-01,GABRIEL,REDUCE
2023-02-01,GICRE,EXIT
2023-02-01,GSPL,EXIT
2023-02-01,HAL,EXIT
2023-02-01,HINDCOPPER,EXIT
2023-02-01,INDIAMART,HOLD
2023-02-01,INDUSINDBK,EXIT
2023-02-01,SBILIFE,EXIT
2023-02-01,SAPPHIRE,EXIT
2023-02-01,SCI,EXIT
2023-02-01,TATACOMM,EXIT
2023-02-01,ZFCVINDIA,HOLD
2023-02-02,3MINDIA,HOLD
2023-02-02,BPCL,EXIT
2023-02-02,CHOLAFIN,HOLD
2023-02-02,COALINDIA,REDUCE
2023-02-02,DRREDDY,REDUCE
2023-02-02,EICHERMOT,EXIT
2023-02-02,FINCABLES,HOLD
2023-02-02,HEROMOTOCO,EXIT
2023-02-02,INDHOTEL,HOLD
2023-02-02,PGEL,EXIT
2023-02-02,SHREECEM,HOLD
2023-02-02,SWANCORP,EXIT
2023-02-03,BEML,EXIT
2023-02-03,CANFINHOME,HOLD
2023-02-03,DRREDDY,HOLD
2023-02-03,EICHERMOT,REDUCE
2023-02-03,ENDURANCE,REDUCE
2023-02-03,GABRIEL,EXIT
2023-02-03,HDFCLIFE,EXIT
2023-02-03,IDBI,EXIT
2023-02-03,IRCON,REDUCE
2023-02-03,INFY,REDUCE
2023-02-03,NAVA,HOLD
2023-02-03,SCHNEIDER,EXIT
2023-02-03,SHRIRAMFIN,EXIT
2023-02-03,TITAGARH,EXIT
2023-02-06,GODFRYPHLP,EXIT
2023-02-06,GESHIP,EXIT
2023-02-06,IRFC,EXIT
2023-02-06,J&KBANK,EXIT
2023-02-06,MCX,REDUCE
2023-02-06,NHPC,REDUCE
2023-02-06,PGEL,HOLD
2023-02-06,POWERGRID,REDUCE
2023-02-06,SBIN,EXIT
2023-02-06,TVSMOTOR,HOLD
2023-02-07,INFY,EXIT
2023-02-07,LICHSGFIN,EXIT
2023-02-07,LINDEINDIA,HOLD
2023-02-07,MCX,EXIT
2023-02-07,POONAWALLA,HOLD
2023-02-07,POWERGRID,HOLD
2023-02-07,RHIM,EXIT
2023-02-07,SUNDARMFIN,HOLD
2023-02-07,TRITURBINE,HOLD
2023-02-08,ABB,HOLD
2023-02-08,AUBANK,HOLD
2023-02-08,BAJAJHLDNG,HOLD
2023-02-08,BIKAJI,REDUCE
2023-02-08,ESCORTS,EXIT
2023-02-08,IGL,HOLD
2023-02-08,INFY,REDUCE
2023-02-08,JWL,EXIT
2023-02-08,LINDEINDIA,EXIT
2023-02-08,TIINDIA,EXIT
2023-02-08,VBL,HOLD
2023-02-09,INFY,HOLD
2023-02-09,LUPIN,HOLD
2023-02-09,RBLBANK,HOLD
2023-02-09,SHRIRAMFIN,REDUCE
2023-02-09,UNIONBANK,EXIT
2023-02-10,ENDURANCE,EXIT
2023-02-10,IRCON,EXIT
2023-02-10,SOLARINDS,EXIT
2023-02-10,TITAGARH,HOLD
2023-02-13,BLS,REDUCE
2023-02-13,BALKRISIND,EXIT
2023-02-13,FORCEMOT,EXIT
2023-02-13,FORTIS,EXIT
2023-02-13,JBMA,HOLD
2023-02-13,LINDEINDIA,HOLD
2023-02-13,LUPIN,EXIT
2023-02-13,ONGC,REDUCE
2023-02-13,RVNL,REDUCE
2023-02-13,SHRIRAMFIN,EXIT
2023-02-13,TITAN,REDUCE
2023-02-13,UNOMINDA,HOLD
2023-02-14,BLS,EXIT
2023-02-14,EICHERMOT,EXIT
2023-02-14,MRF,REDUCE
2023-02-14,ONGC,HOLD
2023-02-14,TITAN,HOLD
2023-02-15,3MINDIA,EXIT
2023-02-15,EICHERMOT,REDUCE
2023-02-15,GLENMARK,HOLD
2023-02-15,GSPL,HOLD
2023-02-15,ONGC,EXIT
2023-02-15,OIL,HOLD
2023-02-15,UNOMINDA,EXIT
2023-02-15,UPL,HOLD
2023-02-16,AUBANK,EXIT
2023-02-16,ANANTRAJ,HOLD
2023-02-16,APOLLOHOSP,REDUCE
2023-02-16,EICHERMOT,HOLD
2023-02-16,FIVESTAR,REDUCE
2023-02-16,IDFCFIRSTB,REDUCE
2023-02-16,IOB,EXIT
2023-02-16,KIMS,REDUCE
2023-02-16,NHPC,HOLD
2023-02-16,NESTLEIND,HOLD
2023-02-16,NEULANDLAB,HOLD
2023-02-16,ONGC,REDUCE
2023-02-16,TATASTEEL,EXIT
2023-02-17,APOLLOHOSP,HOLD
2023-02-17,COALINDIA,HOLD
2023-02-17,FSL,HOLD
2023-02-17,HAL,HOLD
2023-02-17,JWL,HOLD
2023-02-17,NEULANDLAB,EXIT
2023-02-17,ONGC,HOLD
2023-02-17,PIIND,HOLD
2023-02-17,RBLBANK,EXIT
2023-02-17,TORNTPHARM,EXIT
2023-02-20,AXISBANK,REDUCE
2023-02-20,ELECON,HOLD
2023-02-20,FEDERALBNK,REDUCE
2023-02-20,HINDUNILVR,REDUCE
2023-02-20,JWL,EXIT
2023-02-20,NESTLEIND,EXIT
2023-02-20,POLYMED,HOLD
2023-02-20,RVNL,EXIT
2023-02-20,REDINGTON,REDUCE
2023-02-21,ASTERDM,HOLD
2023-02-21,BDL,HOLD
2023-02-21,DATAPATTNS,EXIT
2023-02-21,IIFL,REDUCE
2023-02-21,INDHOTEL,REDUCE
2023-02-21,MRF,HOLD
2023-02-21,NH,HOLD
2023-02-22,ASHOKLEY,EXIT
2023-02-22,ASTERDM,EXIT
2023-02-22,CANFINHOME,EXIT
2023-02-22,ENGINERSIN,EXIT
2023-02-22,HINDUNILVR,EXIT
2023-02-22,IIFL,EXIT
2023-02-22,IRB,HOLD
2023-02-22,PIIND,REDUCE
2023-02-22,USHAMART,EXIT
2023-02-23,BHARTIARTL,REDUCE
2023-02-24,ASTERDM,HOLD
2023-02-24,BHARATFORG,REDUCE
2023-02-24,GAIL,HOLD
2023-02-24,IRB,EXIT
2023-02-24,INDIANB,REDUCE
2023-02-24,KIMS,EXIT
2023-02-24,RAMCOCEM,HOLD
2023-02-24,USHAMART,HOLD
2023-02-27,ALKEM,HOLD
2023-02-27,ASTERDM,EXIT
2023-02-27,CANFINHOME,HOLD
2023-02-27,ELECON,EXIT
2023-02-27,HINDZINC,EXIT
2023-02-27,INDHOTEL,HOLD
2023-02-27,PIIND,EXIT
2023-02-27,SARDAEN,HOLD
2023-02-27,UPL,EXIT
2023-02-27,VEDL,EXIT
2023-02-28,AXISBANK,REDUCE
2023-02-28,BHARTIARTL,EXIT
2023-02-28,CGCL,EXIT
2023-02-28,CASTROLIND,EXIT
2023-02-28,INDIANB,EXIT
2023-02-28,JBCHEPHARM,REDUCE
2023-02-28,SARDAEN,EXIT
2023-02-28,TIINDIA,HOLD
2023-03-01,3MINDIA,HOLD
2023-03-01,ABCAPITAL,HOLD
2023-03-01,DATAPATTNS,HOLD
2023-03-01,FEDERALBNK,HOLD
2023-03-01,JBCHEPHARM,HOLD
2023-03-01,JSWSTEEL,REDUCE
2023-03-01,NEWGEN,HOLD
2023-03-01,PHOENIXLTD,HOLD
2023-03-02,FSL,EXIT
2023-03-02,LICI,EXIT
2023-03-02,REDINGTON,EXIT
2023-03-02,SARDAEN,HOLD
2023-03-02,TECHNOE,EXIT
2023-03-03,ABBOTINDIA,REDUCE
2023-03-03,CANFINHOME,EXIT
2023-03-03,EXIDEIND,HOLD
2023-03-03,GLENMARK,REDUCE
2023-03-03,GRAVITA,REDUCE
2023-03-03,ICICIBANK,REDUCE
2023-03-03,INFY,EXIT
2023-03-03,RITES,HOLD
2023-03-03,RAINBOW,HOLD
2023-03-03,ECLERX,HOLD
2023-03-06,BANKBARODA,HOLD
2023-03-06,CANBK,HOLD
2023-03-06,GLENMARK,HOLD
2023-03-06,GODFRYPHLP,HOLD
2023-03-06,GRAVITA,HOLD
2023-03-06,ICICIBANK,HOLD
2023-03-06,INDIANB,HOLD
2023-03-06,MARUTI,REDUCE
2023-03-06,NLCINDIA,HOLD
2023-03-06,TRENT,REDUCE
2023-03-08,APOLLOHOSP,REDUCE
2023-03-08,ASTERDM,HOLD
2023-03-08,BAJAJ-AUTO,REDUCE
2023-03-08,FSL,HOLD
2023-03-08,IRB,HOLD
2023-03-08,MAXHEALTH,REDUCE
2023-03-08,PHOENIXLTD,EXIT
2023-03-08,MOTHERSON,HOLD
2023-03-08,SUNPHARMA,REDUCE
2023-03-09,BHEL,HOLD
2023-03-09,INDUSINDBK,HOLD
2023-03-09,MANAPPURAM,HOLD
2023-03-09,MAXHEALTH,HOLD
2023-03-09,NEULANDLAB,HOLD
2023-03-09,OFSS,HOLD
2023-03-09,ECLERX,EXIT
2023-03-10,BANKBARODA,REDUCE
2023-03-10,CANBK,REDUCE
2023-03-10,DELHIVERY,EXIT
2023-03-10,ELECON,HOLD
2023-03-10,GMRAIRPORT,HOLD
2023-03-10,INDUSINDBK,REDUCE
2023-03-10,M&M,EXIT
2023-03-10,NBCC,HOLD
2023-03-13,ALKEM,EXIT
2023-03-13,BANKBARODA,EXIT
2023-03-13,BHEL,EXIT
2023-03-13,CRAFTSMAN,EXIT
2023-03-13,ELECON,EXIT
2023-03-13,IRB,EXIT
2023-03-13,INDUSINDBK,EXIT
2023-03-13,KEC,REDUCE
2023-03-13,KFINTECH,REDUCE
2023-03-13,MRF,EXIT
2023-03-13,MCX,HOLD
2023-03-13,NLCINDIA,REDUCE
2023-03-13,NEULANDLAB,EXIT
2023-03-13,POONAWALLA,EXIT
2023-03-13,MOTHERSON,EXIT
2023-03-13,ECLERX,HOLD
2023-03-14,360ONE,EXIT
2023-03-14,FEDERALBNK,REDUCE
2023-03-14,FSL,EXIT
2023-03-14,GRAVITA,EXIT
2023-03-14,INDIANB,EXIT
2023-03-14,NBCC,EXIT
2023-03-14,NLCINDIA,HOLD
2023-03-14,ECLERX,EXIT
2023-03-15,CRISIL,HOLD
2023-03-15,CANBK,EXIT
2023-03-15,JKCEMENT,HOLD
2023-03-15,KPRMILL,HOLD
2023-03-15,NEULANDLAB,HOLD
2023-03-15,PARADEEP,EXIT
2023-03-16,CRISIL,EXIT
2023-03-16,JSWSTEEL,EXIT
2023-03-16,NEULANDLAB,EXIT
2023-03-16,PNBHOUSING,EXIT
2023-03-16,TORNTPHARM,HOLD
2023-03-17,ALKEM,HOLD
2023-03-17,BPCL,HOLD
2023-03-17,MANAPPURAM,REDUCE
2023-03-17,SARDAEN,EXIT
2023-03-17,TITAN,REDUCE
2023-03-17,TIINDIA,EXIT
2023-03-20,ABBOTINDIA,HOLD
2023-03-20,APOLLOTYRE,REDUCE
2023-03-20,BAJAJHLDNG,EXIT
2023-03-20,COFORGE,EXIT
2023-03-20,KALYANKJIL,HOLD
2023-03-20,M&MFIN,EXIT
2023-03-20,MANAPPURAM,HOLD
2023-03-20,TORNTPHARM,EXIT
2023-03-21,BHARATFORG,EXIT
2023-03-21,GODFRYPHLP,REDUCE
2023-03-21,HINDPETRO,HOLD
2023-03-22,APOLLOHOSP,EXIT
2023-03-22,BAJAJHLDNG,HOLD
2023-03-22,BANKINDIA,EXIT
2023-03-22,COCHINSHIP,EXIT
2023-03-22,EICHERMOT,EXIT
2023-03-22,GRSE,EXIT
2023-03-22,ICICIBANK,REDUCE
2023-03-22,INDIGO,EXIT
2023-03-22,JINDALSAW,REDUCE
2023-03-22,JINDALSTEL,REDUCE
2023-03-22,KARURVYSYA,EXIT
2023-03-22,MARUTI,EXIT
2023-03-22,MAZDOCK,EXIT
2023-03-22,NLCINDIA,EXIT
2023-03-22,NMDC,REDUCE
2023-03-22,NAVA,REDUCE
2023-03-22,SCI,HOLD
2023-03-22,TCS,EXIT
2023-03-22,TARIL,EXIT
2023-03-22,TRENT,REDUCE
2023-03-22,UCOBANK,EXIT
2023-03-23,3MINDIA,EXIT
2023-03-23,GRAVITA,HOLD
2023-03-23,HINDPETRO,EXIT
2023-03-23,ICICIBANK,HOLD
2023-03-23,JINDALSAW,EXIT
2023-03-23,LTF,REDUCE
2023-03-24,KPRMILL,EXIT
2023-03-24,KEC,HOLD
2023-03-24,NMDC,EXIT
2023-03-24,NAVA,EXIT
2023-03-24,NEULANDLAB,HOLD
2023-03-24,TRENT,EXIT
2023-03-27,CHOLAFIN,EXIT
2023-03-27,GODFRYPHLP,EXIT
2023-03-27,GRASIM,REDUCE
2023-03-27,GESHIP,HOLD
2023-03-27,ICICIBANK,EXIT
2023-03-27,IDFCFIRSTB,EXIT
2023-03-27,KEC,REDUCE
2023-03-27,LTF,EXIT
2023-03-27,SCI,REDUCE
2023-03-27,TRENT,REDUCE
2023-03-28,3MINDIA,HOLD
2023-03-28,GMRAIRPORT,EXIT
2023-03-28,GRASIM,EXIT
2023-03-28,HINDZINC,HOLD
2023-03-28,ICICIBANK,REDUCE
2023-03-28,KALYANKJIL,EXIT
2023-03-28,RITES,EXIT
2023-03-28,SCI,EXIT
2023-03-28,TRENT,EXIT
2023-03-29,APOLLOHOSP,REDUCE
2023-03-29,BAJAJHLDNG,EXIT
2023-03-29,GRASIM,REDUCE
2023-03-29,ICICIBANK,EXIT
2023-03-29,IOC,REDUCE
2023-03-29,SUNPHARMA,HOLD
2023-03-29,TRENT,REDUCE
2023-03-31,APOLLOHOSP,EXIT
2023-03-31,APOLLOTYRE,HOLD
2023-03-31,BEL,REDUCE
2023-03-31,CRISIL,HOLD
2023-03-31,FEDERALBNK,HOLD
2023-03-31,GMRAIRPORT,HOLD
2023-03-31,HINDUNILVR,REDUCE
2023-03-31,ICICIBANK,REDUCE
2023-03-31,IIFL,HOLD
2023-03-31,INDIANB,HOLD
2023-03-31,NESTLEIND,REDUCE
2023-03-31,RITES,HOLD
2023-04-03,BPCL,EXIT
2023-04-03,CHOLAFIN,HOLD
2023-04-03,HINDUNILVR,EXIT
2023-04-03,IRCON,HOLD
2023-04-03,KPRMILL,HOLD
2023-04-03,SHRIRAMFIN,REDUCE
2023-04-05,CGPOWER,REDUCE
2023-04-05,FEDERALBNK,REDUCE
2023-04-05,HINDUNILVR,REDUCE
2023-04-05,JINDALSAW,HOLD
2023-04-05,KPRMILL,EXIT
2023-04-05,RVNL,HOLD
2023-04-05,UPL,HOLD
2023-04-06,ANURAS,REDUCE
2023-04-06,AXISBANK,REDUCE
2023-04-06,BEL,REDUCE
2023-04-06,ELECON,HOLD
2023-04-06,GRASIM,REDUCE
2023-04-06,HINDUNILVR,REDUCE
2023-04-06,ICICIBANK,REDUCE
2023-04-06,KEC,HOLD
2023-04-06,MAXHEALTH,REDUCE
2023-04-06,NBCC,HOLD
2023-04-06,NESTLEIND,REDUCE
2023-04-06,PNBHOUSING,HOLD
2023-04-06,THERMAX,HOLD
2023-04-10,BHARTIARTL,REDUCE
2023-04-10,CANFINHOME,HOLD
2023-04-10,HINDUNILVR,EXIT
2023-04-10,KIMS,HOLD
2023-04-10,M&MFIN,HOLD
2023-04-10,OLECTRA,REDUCE
2023-04-10,TITAN,REDUCE
2023-04-11,BPCL,HOLD
2023-04-11,BHARTIARTL,HOLD
2023-04-11,FSL,HOLD
2023-04-11,GRSE,HOLD
2023-04-11,HCLTECH,REDUCE
2023-04-11,JSWSTEEL,REDUCE
2023-04-11,KPRMILL,HOLD
2023-04-11,KOTAKBANK,REDUCE
2023-04-11,MAXHEALTH,HOLD
2023-04-11,PNBHOUSING,EXIT
2023-04-11,SARDAEN,HOLD
2023-04-11,SHRIRAMFIN,REDUCE
2023-04-11,TRENT,REDUCE
2023-04-12,BLS,HOLD
2023-04-12,BANKBARODA,HOLD
2023-04-12,BRITANNIA,REDUCE
2023-04-12,JSWSTEEL,HOLD
2023-04-12,NLCINDIA,HOLD
2023-04-12,REDINGTON,HOLD
2023-04-12,TORNTPOWER,HOLD
2023-04-12,TIINDIA,HOLD
2023-04-13,ANURAS,HOLD
2023-04-13,APOLLOHOSP,REDUCE
2023-04-13,BPCL,REDUCE
2023-04-13,JSL,EXIT
2023-04-13,PERSISTENT,REDUCE
2023-04-13,UPL,REDUCE
2023-04-17,APOLLOHOSP,HOLD
2023-04-17,BLS,EXIT
2023-04-17,BHARTIARTL,EXIT
2023-04-17,FACT,HOLD
2023-04-17,GSPL,REDUCE
2023-04-17,IDBI,HOLD
2023-04-17,MINDACORP,REDUCE
2023-04-17,PERSISTENT,EXIT
2023-04-17,REDINGTON,EXIT
2023-04-17,TATACOMM,HOLD
2023-04-18,BAJAJHLDNG,HOLD
2023-04-18,CGPOWER,HOLD
2023-04-18,CANFINHOME,EXIT
2023-04-18,GRSE,EXIT
2023-04-18,LTF,HOLD
2023-04-18,MCX,REDUCE
2023-04-18,POONAWALLA,HOLD
2023-04-18,RADICO,REDUCE
2023-04-18,TATACOMM,REDUCE
2023-04-18,TECHNOE,HOLD
2023-04-19,AIAENG,REDUCE
2023-04-19,AXISBANK,HOLD
2023-04-19,BPCL,HOLD
2023-04-19,CGPOWER,REDUCE
2023-04-19,CANBK,HOLD
2023-04-19,FEDERALBNK,HOLD
2023-04-19,OLECTRA,REDUCE
2023-04-19,TATACOMM,EXIT
2023-04-20,3MINDIA,REDUCE
2023-04-20,CCL,REDUCE
2023-04-20,ELGIEQUIP,HOLD
2023-04-20,JINDALSTEL,HOLD
2023-04-20,MINDACORP,HOLD
2023-04-20,NAVINFLUOR,HOLD
2023-04-20,SARDAEN,EXIT
2023-04-20,SHREECEM,REDUCE
2023-04-21,3MINDIA,EXIT
2023-04-21,OLECTRA,HOLD
2023-04-21,TATACOMM,HOLD
2023-04-21,TIINDIA,REDUCE
2023-04-24,APOLLOHOSP,REDUCE
2023-04-24,CCL,HOLD
2023-04-24,HDFCLIFE,REDUCE
2023-04-24,KEC,REDUCE
2023-04-24,MCX,HOLD
2023-04-24,SBIN,REDUCE
2023-04-24,SUNPHARMA,REDUCE
2023-04-24,TIINDIA,EXIT
2023-04-25,APOLLOHOSP,HOLD
2023-04-25,BALRAMCHIN,HOLD
2023-04-25,MAHABANK,HOLD
2023-04-25,ELGIEQUIP,EXIT
2023-04-25,ENGINERSIN,HOLD
2023-04-25,HDFCLIFE,EXIT
2023-04-25,HINDPETRO,HOLD
2023-04-25,MAXHEALTH,REDUCE
2023-04-25,SYNGENE,HOLD
2023-04-25,UPL,EXIT
2023-04-25,ZENTEC,EXIT
2023-04-26,AUROPHARMA,HOLD
2023-04-26,BHEL,HOLD
2023-04-26,BHARTIARTL,REDUCE
2023-04-26,GSPL,HOLD
2023-04-26,HUDCO,HOLD
2023-04-26,JWL,HOLD
2023-04-26,MCX,EXIT
2023-04-26,SJVN,HOLD
2023-04-27,APLAPOLLO,REDUCE
2023-04-27,CUMMINSIND,REDUCE
2023-04-27,IOC,HOLD
2023-04-27,J&KBANK,HOLD
2023-04-27,MAXHEALTH,HOLD
2023-04-27,TARIL,HOLD
2023-04-27,ZENTEC,HOLD
2023-04-28,BLS,HOLD
2023-04-28,BALRAMCHIN,EXIT
2023-04-28,CANFINHOME,HOLD
2023-04-28,EICHERMOT,REDUCE
2023-04-28,GVT&D,HOLD
2023-04-28,GODREJCP,REDUCE
2023-04-28,IDFCFIRSTB,HOLD
2023-04-28,IRFC,HOLD
2023-04-28,JSL,HOLD
2023-04-28,SCHNEIDER,HOLD
2023-05-02,HDFCLIFE,REDUCE
2023-05-02,HINDALCO,REDUCE
2023-05-02,KEC,HOLD
2023-05-02,PNB,HOLD
2023-05-02,SARDAEN,HOLD
2023-05-02,TATACONSUM,REDUCE
2023-05-02,TEJASNET,HOLD
2023-05-03,BALRAMCHIN,HOLD
2023-05-03,GRSE,HOLD
2023-05-03,HDFCLIFE,EXIT
2023-05-03,INDIGO,REDUCE
2023-05-03,MANAPPURAM,REDUCE
2023-05-03,MAZDOCK,HOLD
2023-05-03,NESTLEIND,HOLD
2023-05-03,POLICYBZR,HOLD
2023-05-03,SOLARINDS,HOLD
2023-05-03,SAIL,HOLD
2023-05-03,TEJASNET,EXIT
2023-05-03,ZENTEC,EXIT
2023-05-03,ZENSARTECH,HOLD
2023-05-04,3MINDIA,HOLD
2023-05-04,APOLLOHOSP,REDUCE
2023-05-04,DLF,HOLD
2023-05-04,GPIL,HOLD
2023-05-04,HDFCLIFE,REDUCE
2023-05-04,KPRMILL,REDUCE
2023-05-04,MANAPPURAM,HOLD
2023-05-04,PNBHOUSING,HOLD
2023-05-04,PETRONET,REDUCE
2023-05-05,BLUESTARCO,REDUCE
2023-05-05,BRITANNIA,HOLD
2023-05-05,FEDERALBNK,REDUCE
2023-05-05,GICRE,HOLD
2023-05-05,MEDANTA,REDUCE
2023-05-05,HDFCBANK,REDUCE
2023-05-05,HDFCLIFE,EXIT
2023-05-05,MANAPPURAM,EXIT
2023-05-05,MARUTI,REDUCE
2023-05-05,OIL,REDUCE
2023-05-05,POONAWALLA,REDUCE
2023-05-05,SOLARINDS,EXIT
2023-05-05,SAIL,REDUCE
2023-05-05,NIACL,HOLD
2023-05-08,BAJFINANCE,REDUCE
2023-05-08,FACT,EXIT
2023-05-08,GICRE,EXIT
2023-05-08,GPIL,REDUCE
2023-05-08,HDFCLIFE,REDUCE
2023-05-08,MAZDOCK,EXIT
2023-05-08,OIL,HOLD
2023-05-08,SUNPHARMA,EXIT
2023-05-08,NIACL,EXIT
2023-05-08,TORNTPHARM,HOLD
2023-05-08,TARIL,EXIT
2023-05-09,BAJFINANCE,EXIT
2023-05-09,GSPL,REDUCE
2023-05-09,POWERINDIA,HOLD
2023-05-09,OIL,REDUCE
2023-05-09,PNB,EXIT
2023-05-09,TEGA,REDUCE
2023-05-09,TEJASNET,HOLD
2023-05-09,TIINDIA,HOLD
2023-05-09,ZENTEC,HOLD
2023-05-10,BAJFINANCE,REDUCE
2023-05-10,CUMMINSIND,HOLD
2023-05-10,GSPL,HOLD
2023-05-10,IIFL,REDUCE
2023-05-10,INDIANB,REDUCE
2023-05-10,INDIGO,HOLD
2023-05-10,NH,REDUCE
2023-05-10,OIL,HOLD
2023-05-11,ABBOTINDIA,REDUCE
2023-05-11,ASIANPAINT,REDUCE
2023-05-11,DRREDDY,REDUCE
2023-05-11,GICRE,HOLD
2023-05-11,GODREJCP,HOLD
2023-05-11,HINDALCO,EXIT
2023-05-11,NATIONALUM,HOLD
2023-05-11,PETRONET,HOLD
2023-05-11,TATACOMM,REDUCE
2023-05-11,WELSPUNLIV,HOLD
2023-05-12,APARINDS,REDUCE
2023-05-12,CGPOWER,HOLD
2023-05-12,FEDERALBNK,EXIT
2023-05-12,ICICIBANK,HOLD
2023-05-12,JSL,REDUCE
2023-05-12,KPRMILL,EXIT
2023-05-12,OIL,REDUCE
2023-05-12,PETRONET,REDUCE
2023-05-12,RVNL,EXIT
2023-05-12,SRF,HOLD
2023-05-12,SHRIRAMFIN,HOLD
2023-05-15,APARINDS,HOLD
2023-05-15,HINDUNILVR,REDUCE
2023-05-15,JKTYRE,HOLD
2023-05-15,LT,REDUCE
2023-05-15,LEMONTREE,HOLD
2023-05-15,OIL,HOLD
2023-05-15,POONAWALLA,HOLD
2023-05-15,SARDAEN,REDUCE
2023-05-15,TITAN,HOLD
2023-05-16,AUBANK,HOLD
2023-05-16,BALRAMCHIN,REDUCE
2023-05-16,CREDITACC,HOLD
2023-05-16,GPIL,HOLD
2023-05-16,HSCL,HOLD
2023-05-16,INDIANB,HOLD
2023-05-16,JBCHEPHARM,REDUCE
2023-05-16,JINDALSTEL,REDUCE
2023-05-16,LINDEINDIA,REDUCE
2023-05-16,PAYTM,HOLD
2023-05-16,TEGA,HOLD
2023-05-16,TARIL,HOLD
2023-05-16,TRENT,HOLD
2023-05-17,IIFL,HOLD
2023-05-17,JSWSTEEL,EXIT
2023-05-17,MRF,HOLD
2023-05-17,MAZDOCK,HOLD
2023-05-17,NIACL,HOLD
2023-05-18,AIAENG,HOLD
2023-05-18,APLAPOLLO,EXIT
2023-05-18,AJANTPHARM,HOLD
2023-05-18,CANBK,REDUCE
2023-05-18,CHENNPETRO,HOLD
2023-05-18,JSL,HOLD
2023-05-18,LINDEINDIA,HOLD
2023-05-18,PAYTM,EXIT
2023-05-18,RVNL,HOLD
2023-05-18,TATACOMM,EXIT
2023-05-18,THERMAX,REDUCE
2023-05-18,VEDL,HOLD
2023-05-19,ALKEM,REDUCE
2023-05-19,BAJAJHLDNG,REDUCE
2023-05-19,CRAFTSMAN,HOLD
2023-05-19,DRREDDY,EXIT
2023-05-19,GAIL,REDUCE
2023-05-19,INDIANB,REDUCE
2023-05-19,JKTYRE,EXIT
2023-05-19,JSL,REDUCE
2023-05-19,LINDEINDIA,REDUCE
2023-05-19,MAZDOCK,EXIT
2023-05-19,NSLNISP,REDUCE
2023-05-19,NTPC,REDUCE
2023-05-19,RVNL,EXIT
2023-05-19,SAIL,EXIT
2023-05-19,TEJASNET,EXIT
2023-05-19,TORNTPOWER,REDUCE
2023-05-22,BRIGADE,HOLD
2023-05-22,CHOLAHLDNG,HOLD
2023-05-22,EIHOTEL,HOLD
2023-05-22,GPIL,REDUCE
2023-05-22,IIFL,REDUCE
2023-05-22,NH,HOLD
2023-05-22,NIACL,EXIT
2023-05-23,BAJAJHLDNG,HOLD
2023-05-23,BALKRISIND,HOLD
2023-05-23,COLPAL,HOLD
2023-05-23,ELGIEQUIP,HOLD
2023-05-23,JBCHEPHARM,EXIT
2023-05-23,JKTYRE,HOLD
2023-05-23,NCC,EXIT
2023-05-23,PRESTIGE,HOLD
2023-05-23,TEJASNET,HOLD
2023-05-24,BLS,EXIT
2023-05-24,BEL,HOLD
2023-05-24,BOSCHLTD,REDUCE
2023-05-24,CUMMINSIND,REDUCE
2023-05-24,GVT&D,EXIT
2023-05-24,JINDALSTEL,EXIT
2023-05-24,PAYTM,HOLD
2023-05-24,TEJASNET,EXIT
2023-05-24,TORNTPOWER,HOLD
2023-05-25,ABBOTINDIA,HOLD
2023-05-25,GRSE,EXIT
2023-05-25,INDIANB,EXIT
2023-05-25,KIRLOSENG,REDUCE
2023-05-25,NATIONALUM,REDUCE
2023-05-25,NIACL,HOLD
2023-05-25,TIINDIA,REDUCE
2023-05-26,AIAENG,REDUCE
2023-05-26,FINCABLES,REDUCE
2023-05-26,IIFL,EXIT
2023-05-26,KOTAKBANK,HOLD
2023-05-26,NCC,HOLD
2023-05-26,PAYTM,EXIT
2023-05-26,RELIANCE,REDUCE
2023-05-29,ALKEM,HOLD
2023-05-29,BLS,HOLD
2023-05-29,GMRAIRPORT,REDUCE
2023-05-29,GRASIM,HOLD
2023-05-29,KAJARIACER,HOLD
2023-05-29,M&M,REDUCE
2023-05-29,ONGC,REDUCE
2023-05-29,OIL,REDUCE
2023-05-29,SBILIFE,REDUCE
2023-05-29,SONACOMS,HOLD
2023-05-29,TEJASNET,HOLD
2023-05-30,COFORGE,HOLD
2023-05-30,LUPIN,HOLD
2023-05-30,POLICYBZR,REDUCE
2023-05-30,PERSISTENT,HOLD
2023-05-31,AIAENG,HOLD
2023-05-31,ABBOTINDIA,REDUCE
2023-05-31,CANBK,HOLD
2023-05-31,GODREJIND,HOLD
2023-05-31,GODREJPROP,HOLD
2023-05-31,HEG,HOLD
2023-05-31,MAZDOCK,HOLD
2023-05-31,MUTHOOTFIN,HOLD
2023-05-31,RBLBANK,HOLD
2023-05-31,RELIANCE,EXIT
2023-05-31,ZYDUSLIFE,REDUCE
2023-06-01,APOLLOHOSP,HOLD
2023-06-01,HINDZINC,REDUCE
2023-06-01,MARUTI,HOLD
2023-06-01,OBEROIRLTY,HOLD
2023-06-01,POWERGRID,REDUCE
2023-06-01,SBILIFE,EXIT
2023-06-01,TATACOMM,HOLD
2023-06-02,ALKEM,REDUCE
2023-06-02,BERGEPAINT,HOLD
2023-06-02,BBTC,HOLD
2023-06-02,HAVELLS,HOLD
2023-06-02,IGL,REDUCE
2023-06-02,PCBL,HOLD
2023-06-02,REDINGTON,HOLD
2023-06-02,TIINDIA,HOLD
2023-06-05,COALINDIA,REDUCE
2023-06-05,ETERNAL,HOLD
2023-06-05,KARURVYSYA,HOLD
2023-06-05,KIRLOSENG,HOLD
2023-06-05,MARICO,HOLD
2023-06-05,NAVA,HOLD
2023-06-05,PAYTM,HOLD
2023-06-05,PHOENIXLTD,HOLD
2023-06-05,RITES,REDUCE
2023-06-05,RELIANCE,REDUCE
2023-06-05,SBILIFE,REDUCE
2023-06-05,SARDAEN,HOLD
2023-06-06,CUMMINSIND,HOLD
2023-06-06,FORCEMOT,HOLD
2023-06-06,GRSE,HOLD
2023-06-06,GMDCLTD,HOLD
2023-06-06,INDUSINDBK,HOLD
2023-06-06,LTTS,HOLD
2023-06-06,PAYTM,EXIT
2023-06-06,PIIND,HOLD
2023-06-07,ASTRAL,HOLD
2023-06-07,BHARTIARTL,HOLD
2023-06-07,BSOFT,HOLD
2023-06-07,FACT,HOLD
2023-06-07,IIFL,HOLD
2023-06-07,POLICYBZR,HOLD
2023-06-07,SUZLON,HOLD
2023-06-07,WELCORP,HOLD
2023-06-08,EICHERMOT,HOLD
2023-06-08,GVT&D,HOLD
2023-06-08,JSWSTEEL,REDUCE
2023-06-08,NAVINFLUOR,REDUCE
2023-06-08,PAYTM,HOLD
2023-06-08,PNB,HOLD
2023-06-08,RVNL,HOLD
2023-06-08,SBICARD,HOLD
2023-06-09,HDFCLIFE,HOLD
2023-06-09,JSWSTEEL,HOLD
2023-06-09,KOTAKBANK,REDUCE
2023-06-09,SRF,REDUCE
2023-06-09,SHYAMMETL,HOLD
2023-06-09,SBIN,HOLD
2023-06-09,ECLERX,HOLD
2023-06-12,GPIL,HOLD
2023-06-12,HEROMOTOCO,HOLD
2023-06-12,NAUKRI,HOLD
2023-06-12,RAILTEL,HOLD
2023-06-12,SRF,EXIT
2023-06-12,MOTHERSON,HOLD
2023-06-12,TIMKEN,HOLD
2023-06-13,INTELLECT,HOLD
2023-06-13,JSL,HOLD
2023-06-13,KPRMILL,HOLD
2023-06-13,LINDEINDIA,HOLD
2023-06-13,TATACONSUM,HOLD
2023-06-14,LODHA,HOLD
2023-06-14,TECHNOE,REDUCE
2023-06-14,UNOMINDA,HOLD
2023-06-15,MAHABANK,EXIT
2023-06-15,BLUESTARCO,HOLD
2023-06-15,GVT&D,EXIT
2023-06-15,KOTAKBANK,EXIT
2023-06-15,PNB,EXIT
2023-06-15,VTL,HOLD
2023-06-15,ZYDUSLIFE,HOLD
2023-06-16,DIVISLAB,HOLD
2023-06-16,GABRIEL,HOLD
2023-06-16,RITES,HOLD
2023-06-16,TATAINVEST,HOLD
2023-06-19,APLAPOLLO,HOLD
2023-06-19,ASIANPAINT,HOLD
2023-06-19,BAJAJFINSV,REDUCE
2023-06-19,CAPLIPOINT,HOLD
2023-06-19,COCHINSHIP,HOLD
2023-06-19,DEVYANI,HOLD
2023-06-19,ESCORTS,HOLD
2023-06-19,GVT&D,HOLD
2023-06-19,ICICIBANK,REDUCE
2023-06-19,INOXWIND,HOLD
2023-06-19,JBCHEPHARM,HOLD
2023-06-19,M&M,HOLD
2023-06-19,SYRMA,HOLD
2023-06-20,ABREL,HOLD
2023-06-20,BAJFINANCE,HOLD
2023-06-20,BAJAJFINSV,EXIT
2023-06-20,ENDURANCE,HOLD
2023-06-20,POWERGRID,HOLD
2023-06-20,PNB,HOLD
2023-06-21,ASHOKLEY,HOLD
2023-06-21,KALYANKJIL,HOLD
2023-06-21,RADICO,HOLD
2023-06-22,CGCL,HOLD
2023-06-22,HCLTECH,HOLD
2023-06-22,KIRLOSENG,REDUCE
2023-06-22,NBCC,REDUCE
2023-06-22,SBIN,REDUCE
2023-06-23,ANGELONE,HOLD
2023-06-23,BPCL,REDUCE
2023-06-23,FORTIS,HOLD
2023-06-23,GRASIM,REDUCE
2023-06-23,MGL,REDUCE
2023-06-23,PIDILITIND,HOLD
2023-06-23,SBIN,EXIT
2023-06-23,SPLPETRO,HOLD
2023-06-23,NIACL,EXIT
2023-06-23,THERMAX,EXIT
2023-06-23,VBL,REDUCE
2023-06-26,ABREL,EXIT
2023-06-26,AMBER,HOLD
2023-06-26,ANURAS,EXIT
2023-06-26,CANBK,REDUCE
2023-06-26,CIPLA,REDUCE
2023-06-26,DEEPAKNTR,HOLD
2023-06-26,IDBI,REDUCE
2023-06-26,ITI,HOLD
2023-06-26,JUBLPHARMA,HOLD
2023-06-26,MCX,HOLD
2023-06-26,NATCOPHARM,HOLD
2023-06-26,SBICARD,EXIT
2023-06-26,SHREECEM,EXIT
2023-06-26,TECHNOE,HOLD
2023-06-26,VBL,HOLD
2023-06-27,CIPLA,EXIT
2023-06-27,ICICIPRULI,HOLD
2023-06-27,NTPC,HOLD
2023-06-27,TECHM,REDUCE
2023-06-27,TECHNOE,REDUCE
2023-06-28,BSE,HOLD
2023-06-28,GRAPHITE,HOLD
2023-06-28,GSPL,REDUCE
2023-06-28,HONAUT,HOLD
2023-06-28,ICICIGI,HOLD
2023-06-28,INDIAMART,REDUCE
2023-06-28,MARICO,REDUCE
2023-06-28,RITES,REDUCE
2023-06-28,SAPPHIRE,HOLD
2023-06-30,ABREL,HOLD
2023-06-30,BEML,HOLD
2023-06-30,GLAXO,HOLD
2023-06-30,HAVELLS,REDUCE
2023-06-30,LT,HOLD
2023-06-30,MARICO,HOLD
2023-06-30,TECHM,HOLD
2023-07-03,BAJAJFINSV,REDUCE
2023-07-03,CANBK,HOLD
2023-07-03,CHOICEIN,REDUCE
2023-07-03,JMFINANCIL,HOLD
2023-07-03,MSUMI,HOLD
2023-07-03,RELIANCE,HOLD
2023-07-03,SONACOMS,REDUCE
2023-07-04,COCHINSHIP,EXIT
2023-07-04,EICHERMOT,REDUCE
2023-07-04,MARICO,REDUCE
2023-07-04,SBILIFE,HOLD
2023-07-04,TATAPOWER,HOLD
2023-07-05,BPCL,HOLD
2023-07-05,DIXON,HOLD
2023-07-05,EICHERMOT,EXIT
2023-07-05,MRPL,HOLD
2023-07-05,MARICO,HOLD
2023-07-05,PERSISTENT,REDUCE
2023-07-06,MAHABANK,HOLD
2023-07-06,CIPLA,REDUCE
2023-07-06,COCHINSHIP,HOLD
2023-07-06,HINDCOPPER,HOLD
2023-07-06,IDBI,HOLD
2023-07-06,MARICO,REDUCE
2023-07-06,NAM-INDIA,HOLD
2023-07-06,SONACOMS,HOLD
2023-07-06,TECHNOE,HOLD
2023-07-07,CASTROLIND,HOLD
2023-07-07,LEMONTREE,REDUCE
2023-07-07,NIACL,HOLD
2023-07-10,BALKRISIND,REDUCE
2023-07-10,BDL,REDUCE
2023-07-10,CIPLA,EXIT
2023-07-10,DALBHARAT,REDUCE
2023-07-10,DEEPAKNTR,EXIT
2023-07-10,HCLTECH,REDUCE
2023-07-10,HDFCAMC,HOLD
2023-07-10,IRFC,REDUCE
2023-07-10,INTELLECT,EXIT
2023-07-10,SIEMENS,REDUCE
2023-07-10,TATAINVEST,EXIT
2023-07-10,TATASTEEL,REDUCE
2023-07-11,BALKRISIND,HOLD
2023-07-11,BDL,HOLD
2023-07-11,CIPLA,REDUCE
2023-07-11,FSL,REDUCE
2023-07-11,HINDUNILVR,HOLD
2023-07-11,MGL,HOLD
2023-07-11,MFSL,HOLD
2023-07-11,NAVINFLUOR,EXIT
2023-07-11,TATASTEEL,HOLD
2023-07-11,TRITURBINE,REDUCE
2023-07-12,ERIS,HOLD
2023-07-12,IRCON,REDUCE
2023-07-12,INTELLECT,HOLD
2023-07-12,RVNL,REDUCE
2023-07-12,SIEMENS,HOLD
2023-07-12,SUNPHARMA,REDUCE
2023-07-12,TATAINVEST,HOLD
2023-07-12,NIACL,REDUCE
2023-07-13,BALRAMCHIN,EXIT
2023-07-13,MOTILALOFS,HOLD
2023-07-13,PIIND,REDUCE
2023-07-13,PARADEEP,HOLD
2023-07-13,POWERGRID,REDUCE
2023-07-13,RVNL,EXIT
2023-07-13,SUNPHARMA,HOLD
2023-07-13,TRITURBINE,HOLD
2023-07-14,BAJAJFINSV,HOLD
2023-07-14,MAPMYINDIA,HOLD
2023-07-14,CESC,HOLD
2023-07-14,DABUR,HOLD
2023-07-14,FSL,HOLD
2023-07-14,INFY,REDUCE
2023-07-14,TCS,REDUCE
2023-07-14,NIACL,EXIT
2023-07-17,360ONE,HOLD
2023-07-17,CARBORUNIV,REDUCE
2023-07-17,MANAPPURAM,HOLD
2023-07-17,NATIONALUM,HOLD
2023-07-17,SAIL,HOLD
2023-07-17,TRITURBINE,REDUCE
2023-07-18,ANGELONE,EXIT
2023-07-18,BATAINDIA,HOLD
2023-07-18,CCL,EXIT
2023-07-18,PGEL,REDUCE
2023-07-18,SAREGAMA,HOLD
2023-07-18,SCHAEFFLER,HOLD
2023-07-18,WIPRO,REDUCE
2023-07-19,GODREJCP,REDUCE
2023-07-19,GODREJIND,REDUCE
2023-07-19,HAVELLS,HOLD
2023-07-19,IRCON,HOLD
2023-07-19,PERSISTENT,HOLD
2023-07-19,UNIONBANK,HOLD
2023-07-20,ABBOTINDIA,HOLD
2023-07-20,DRREDDY,REDUCE
2023-07-20,FINCABLES,HOLD
2023-07-20,INDIANB,HOLD
2023-07-20,JKCEMENT,REDUCE
2023-07-20,SCHAEFFLER,EXIT
2023-07-20,SIEMENS,REDUCE
2023-07-20,TIMKEN,REDUCE
2023-07-20,TARIL,EXIT
2023-07-20,UTIAMC,HOLD
2023-07-20,VBL,REDUCE
2023-07-21,ANGELONE,HOLD
2023-07-21,DRREDDY,HOLD
2023-07-21,HAVELLS,REDUCE
2023-07-21,HINDUNILVR,REDUCE
2023-07-21,INFY,EXIT
2023-07-21,PERSISTENT,REDUCE
2023-07-21,RITES,HOLD
2023-07-21,SBIN,REDUCE
2023-07-21,VIJAYA,HOLD
2023-07-24,AUBANK,REDUCE
2023-07-24,ALKEM,HOLD
2023-07-24,BANKINDIA,HOLD
2023-07-24,DALBHARAT,EXIT
2023-07-24,GILLETTE,HOLD
2023-07-24,MGL,REDUCE
2023-07-24,TVSMOTOR,REDUCE
2023-07-24,TATAPOWER,REDUCE
2023-07-24,VEDL,REDUCE
2023-07-25,BANKINDIA,EXIT
2023-07-25,BRIGADE,REDUCE
2023-07-25,CRISIL,REDUCE
2023-07-25,DLF,REDUCE
2023-07-25,HINDALCO,REDUCE
2023-07-25,HOMEFIRST,HOLD
2023-07-25,JINDALSTEL,HOLD
2023-07-25,JUBLPHARMA,REDUCE
2023-07-25,OLECTRA,EXIT
2023-07-25,PATANJALI,HOLD
2023-07-25,PIDILITIND,REDUCE
2023-07-25,SCHAEFFLER,HOLD
2023-07-25,TVSMOTOR,HOLD
2023-07-26,LALPATHLAB,HOLD
2023-07-26,GALLANTT,HOLD
2023-07-26,PAYTM,REDUCE
2023-07-26,RVNL,HOLD
2023-07-26,SAPPHIRE,REDUCE
2023-07-27,BANKINDIA,HOLD
2023-07-27,BRITANNIA,REDUCE
2023-07-27,CANFINHOME,EXIT
2023-07-27,POWERINDIA,REDUCE
2023-07-27,INDHOTEL,REDUCE
2023-07-27,INTELLECT,EXIT
2023-07-27,MPHASIS,HOLD
2023-07-27,NESTLEIND,REDUCE
2023-07-27,OLECTRA,HOLD
2023-07-27,SCHAEFFLER,EXIT
2023-07-27,TECHM,REDUCE
2023-07-27,IDEA,HOLD
2023-07-28,AXISBANK,REDUCE
2023-07-28,BANKINDIA,EXIT
2023-07-28,BHARATFORG,HOLD
2023-07-28,BRIGADE,HOLD
2023-07-28,CDSL,HOLD
2023-07-28,DLF,HOLD
2023-07-28,GAIL,HOLD
2023-07-28,GMRAIRPORT,HOLD
2023-07-28,JUBLPHARMA,HOLD
2023-07-28,LICHSGFIN,HOLD
2023-07-28,M&MFIN,REDUCE
2023-07-28,OLECTRA,EXIT
2023-07-28,RVNL,REDUCE
2023-07-28,TATAPOWER,HOLD
2023-07-28,THERMAX,HOLD
2023-07-28,IDEA,EXIT
2023-07-28,WOCKPHARMA,HOLD
2023-07-31,HINDUNILVR,EXIT
2023-07-31,INDIAMART,HOLD
2023-07-31,IRFC,HOLD
2023-07-31,INTELLECT,HOLD
2023-07-31,NBCC,HOLD
2023-07-31,POWERGRID,HOLD
2023-07-31,SAREGAMA,EXIT
2023-07-31,SUNTV,HOLD
2023-07-31,RAMCOCEM,REDUCE
2023-08-01,ANGELONE,EXIT
2023-08-01,APOLLOHOSP,REDUCE
2023-08-01,BANKINDIA,HOLD
2023-08-01,COROMANDEL,HOLD
2023-08-01,EIHOTEL,REDUCE
2023-08-01,ELGIEQUIP,REDUCE
2023-08-01,EMAMILTD,HOLD
2023-08-01,JUBLPHARMA,REDUCE
2023-08-01,MAXHEALTH,REDUCE
2023-08-01,SIEMENS,HOLD
2023-08-02,BAJFINANCE,REDUCE
2023-08-02,BAJAJFINSV,EXIT
2023-08-02,BANKINDIA,EXIT
2023-08-02,BPCL,REDUCE
2023-08-02,CRISIL,HOLD
2023-08-02,CHOLAFIN,REDUCE
2023-08-02,CIPLA,HOLD
2023-08-02,GMDCLTD,REDUCE
2023-08-02,HINDPETRO,REDUCE
2023-08-02,KPRMILL,REDUCE
2023-08-02,KIRLOSENG,HOLD
2023-08-02,RVNL,HOLD
2023-08-02,REDINGTON,EXIT
2023-08-02,SBILIFE,REDUCE
2023-08-02,SUNDARMFIN,REDUCE
2023-08-02,TIMKEN,HOLD
2023-08-03,CRISIL,REDUCE
2023-08-03,DLF,REDUCE
2023-08-03,DABUR,REDUCE
2023-08-03,POWERINDIA,HOLD
2023-08-03,ITC,REDUCE
2023-08-03,INDIGO,REDUCE
2023-08-03,LICI,HOLD
2023-08-03,MGL,HOLD
2023-08-03,M&MFIN,EXIT
2023-08-03,TITAN,REDUCE
2023-08-03,ULTRACEMCO,REDUCE
2023-08-03,VEDL,EXIT
2023-08-04,BANKBARODA,REDUCE
2023-08-04,BLUESTARCO,REDUCE
2023-08-04,CARBORUNIV,HOLD
2023-08-04,DEVYANI,REDUCE
2023-08-04,IFCI,HOLD
2023-08-04,KPRMILL,HOLD
2023-08-04,LATENTVIEW,HOLD
2023-08-04,MGL,REDUCE
2023-08-04,MARICO,HOLD
2023-08-04,MARUTI,REDUCE
2023-08-04,RVNL,REDUCE
2023-08-04,SAMMAANCAP,HOLD
2023-08-04,TATACHEM,HOLD
2023-08-04,TATACONSUM,REDUCE
2023-08-04,TECHM,HOLD
2023-08-04,VTL,REDUCE
2023-08-07,BAJAJ-AUTO,REDUCE
2023-08-07,BALKRISIND,REDUCE
2023-08-07,BAYERCROP,HOLD
2023-08-07,CARBORUNIV,REDUCE
2023-08-07,CDSL,EXIT
2023-08-07,CHENNPETRO,REDUCE
2023-08-07,CAMS,HOLD
2023-08-07,CUMMINSIND,REDUCE
2023-08-07,GRASIM,HOLD
2023-08-07,JUBLPHARMA,HOLD
2023-08-07,PAYTM,HOLD
2023-08-07,PIIND,HOLD
2023-08-07,RVNL,HOLD
2023-08-07,SBILIFE,HOLD
2023-08-07,TIMKEN,REDUCE
2023-08-08,BANKBARODA,HOLD
2023-08-08,BDL,REDUCE
2023-08-08,INDIGO,HOLD
2023-08-08,JMFINANCIL,REDUCE
2023-08-08,JINDALSAW,REDUCE
2023-08-08,MINDACORP,REDUCE
2023-08-08,ONGC,HOLD
2023-08-08,POWERGRID,REDUCE
2023-08-08,TVSMOTOR,REDUCE
2023-08-08,TIINDIA,REDUCE
2023-08-09,ANGELONE,HOLD
2023-08-09,ASIANPAINT,REDUCE
2023-08-09,BANKINDIA,HOLD
2023-08-09,BIOCON,HOLD
2023-08-09,BRIGADE,REDUCE
2023-08-09,CDSL,HOLD
2023-08-09,HONAUT,REDUCE
2023-08-09,JMFINANCIL,HOLD
2023-08-09,JINDALSAW,HOLD
2023-08-09,OIL,HOLD
2023-08-09,TATACONSUM,HOLD
2023-08-09,TARIL,HOLD
2023-08-10,BANKBARODA,REDUCE
2023-08-10,BATAINDIA,EXIT
2023-08-10,BIOCON,EXIT
2023-08-10,BBTC,REDUCE
2023-08-10,CDSL,EXIT
2023-08-10,JSWENERGY,HOLD
2023-08-10,SIEMENS,REDUCE
2023-08-11,ABCAPITAL,REDUCE
2023-08-11,APOLLOTYRE,REDUCE
2023-08-11,CARBORUNIV,EXIT
2023-08-11,DEVYANI,HOLD
2023-08-11,NAUKRI,REDUCE
2023-08-11,JBMA,EXIT
2023-08-11,MCX,REDUCE
2023-08-11,PPLPHARMA,EXIT
2023-08-11,TATACONSUM,REDUCE
2023-08-11,TITAN,HOLD
2023-08-11,ECLERX,REDUCE
2023-08-14,LALPATHLAB,EXIT
2023-08-14,ELGIEQUIP,EXIT
2023-08-14,FACT,EXIT
2023-08-14,GSPL,EXIT
2023-08-14,HDFCBANK,EXIT
2023-08-14,INDIACEM,HOLD
2023-08-14,IOB,HOLD
2023-08-14,IGL,EXIT
2023-08-14,JMFINANCIL,REDUCE
2023-08-14,MMTC,HOLD
2023-08-14,MAXHEALTH,EXIT
2023-08-14,MCX,HOLD
2023-08-14,NH,REDUCE
2023-08-14,SBIN,EXIT
2023-08-14,SAIL,REDUCE
2023-08-14,TATACHEM,EXIT
2023-08-16,BHARTIARTL,REDUCE
2023-08-16,CHENNPETRO,EXIT
2023-08-16,GODREJIND,HOLD
2023-08-16,HINDALCO,HOLD
2023-08-16,INDIGO,REDUCE
2023-08-16,JBMA,HOLD
2023-08-16,POWERGRID,HOLD
2023-08-16,SAIL,EXIT
2023-08-16,TIMKEN,EXIT
2023-08-16,TIINDIA,EXIT
2023-08-17,BAJAJHLDNG,REDUCE
2023-08-17,CGCL,REDUCE
2023-08-17,CENTRALBK,HOLD
2023-08-17,FACT,HOLD
2023-08-17,INDIACEM,EXIT
2023-08-17,JMFINANCIL,HOLD
2023-08-17,NATIONALUM,REDUCE
2023-08-17,OLECTRA,HOLD
2023-08-17,PIDILITIND,EXIT
2023-08-17,POWERGRID,REDUCE
2023-08-17,PRESTIGE,REDUCE
2023-08-17,SBILIFE,REDUCE
2023-08-17,TCS,HOLD
2023-08-17,TORNTPOWER,REDUCE
2023-08-17,UTIAMC,REDUCE
2023-08-17,VBL,HOLD
2023-08-18,ABB,REDUCE
2023-08-18,ADANIPORTS,REDUCE
2023-08-18,BATAINDIA,HOLD
2023-08-18,EIHOTEL,HOLD
2023-08-18,GODFRYPHLP,HOLD
2023-08-18,GMDCLTD,HOLD
2023-08-18,HCLTECH,HOLD
2023-08-18,HEROMOTOCO,REDUCE
2023-08-18,HINDZINC,HOLD
2023-08-18,IOC,REDUCE
2023-08-18,INOXWIND,EXIT
2023-08-18,LEMONTREE,HOLD
2023-08-18,MMTC,EXIT
2023-08-18,MINDACORP,HOLD
2023-08-18,MCX,REDUCE
2023-08-18,RVNL,REDUCE
2023-08-18,SONATSOFTW,REDUCE
2023-08-18,WHIRLPOOL,HOLD
2023-08-18,WOCKPHARMA,EXIT
2023-08-21,ADANIPORTS,HOLD
2023-08-21,BRIGADE,HOLD
2023-08-21,HDFCLIFE,REDUCE
2023-08-21,ICICIPRULI,REDUCE
2023-08-21,PIIND,REDUCE
2023-08-21,RADICO,REDUCE
2023-08-21,UCOBANK,HOLD
2023-08-22,ABCAPITAL,HOLD
2023-08-22,GLAXO,REDUCE
2023-08-22,INOXWIND,HOLD
2023-08-22,MMTC,HOLD
2023-08-22,TEGA,REDUCE
2023-08-22,NIACL,HOLD
2023-08-22,TRIDENT,HOLD
2023-08-22,VTL,HOLD
2023-08-23,HINDPETRO,EXIT
2023-08-23,NAUKRI,EXIT
2023-08-23,RADICO,EXIT
2023-08-23,TEGA,EXIT
2023-08-24,ABCAPITAL,REDUCE
2023-08-24,FEDERALBNK,HOLD
2023-08-24,GRASIM,REDUCE
2023-08-24,INFY,REDUCE
2023-08-24,JSWSTEEL,REDUCE
2023-08-24,LODHA,REDUCE
2023-08-24,NH,HOLD
2023-08-24,NATIONALUM,HOLD
2023-08-24,PPLPHARMA,HOLD
2023-08-24,ZEEL,HOLD
2023-08-25,ADANIPORTS,EXIT
2023-08-25,BHARTIARTL,HOLD
2023-08-25,CGCL,HOLD
2023-08-25,DEVYANI,REDUCE
2023-08-25,IPCALAB,HOLD
2023-08-25,NATIONALUM,REDUCE
2023-08-25,PCBL,REDUCE
2023-08-25,PETRONET,EXIT
2023-08-25,SYNGENE,REDUCE
2023-08-28,CHENNPETRO,HOLD
2023-08-28,DIVISLAB,REDUCE
2023-08-28,ENDURANCE,REDUCE
2023-08-28,HCLTECH,REDUCE
2023-08-28,ICICIBANK,HOLD
2023-08-28,KARURVYSYA,REDUCE
2023-08-28,LODHA,EXIT
2023-08-28,NATIONALUM,HOLD
2023-08-28,PGEL,HOLD
2023-08-28,PATANJALI,EXIT
2023-08-28,RELIANCE,REDUCE
2023-08-28,TATAINVEST,REDUCE
2023-08-28,IDEA,HOLD
2023-08-29,ADANIPORTS,REDUCE
2023-08-29,ASAHIINDIA,HOLD
2023-08-29,BAJAJHLDNG,HOLD
2023-08-29,BHARTIARTL,REDUCE
2023-08-29,DABUR,EXIT
2023-08-29,HOMEFIRST,EXIT
2023-08-29,PCBL,HOLD
2023-08-29,SOLARINDS,HOLD
2023-08-29,TATACHEM,HOLD
2023-08-29,WIPRO,HOLD
2023-08-30,ADANIPORTS,EXIT
2023-08-30,ASAHIINDIA,EXIT
2023-08-30,ICICIGI,REDUCE
2023-08-30,INDHOTEL,HOLD
2023-08-30,INDUSTOWER,HOLD
2023-08-30,MANKIND,REDUCE
2023-08-30,PERSISTENT,HOLD
2023-08-30,PRESTIGE,HOLD
2023-08-30,TVSMOTOR,HOLD
2023-08-30,ZYDUSWELL,HOLD
2023-08-31,ABBOTINDIA,REDUCE
2023-08-31,BPCL,EXIT
2023-08-31,BRITANNIA,EXIT
2023-08-31,DCMSHRIRAM,HOLD
2023-08-31,ENDURANCE,HOLD
2023-08-31,LTF,REDUCE
2023-08-31,MARUTI,HOLD
2023-08-31,MCX,HOLD
2023-08-31,RVNL,HOLD
2023-08-31,SAIL,HOLD
2023-08-31,TCS,REDUCE
2023-08-31,TORNTPHARM,REDUCE
2023-09-01,ASAHIINDIA,HOLD
2023-09-01,ASTRAL,REDUCE
2023-09-01,BATAINDIA,REDUCE
2023-09-01,COALINDIA,HOLD
2023-09-01,HONAUT,EXIT
2023-09-01,JSWSTEEL,HOLD
2023-09-01,JPPOWER,HOLD
2023-09-01,MUTHOOTFIN,REDUCE
2023-09-01,NMDC,HOLD
2023-09-04,ABCAPITAL,HOLD
2023-09-04,ASAHIINDIA,EXIT
2023-09-04,BAJAJHLDNG,REDUCE
2023-09-04,DLF,HOLD
2023-09-04,ENDURANCE,REDUCE
2023-09-04,HCLTECH,HOLD
2023-09-04,HOMEFIRST,HOLD
2023-09-04,INDIACEM,HOLD
2023-09-04,IRCTC,HOLD
2023-09-04,LTF,HOLD
2023-09-04,NEULANDLAB,EXIT
2023-09-04,SONATSOFTW,HOLD
2023-09-04,SYNGENE,HOLD
2023-09-04,TORNTPOWER,HOLD
2023-09-04,WOCKPHARMA,HOLD
2023-09-05,BIKAJI,HOLD
2023-09-05,BBTC,HOLD
2023-09-05,DEVYANI,HOLD
2023-09-05,GRASIM,HOLD
2023-09-05,KARURVYSYA,HOLD
2023-09-05,LODHA,HOLD
2023-09-05,STARHEALTH,HOLD
2023-09-05,UTIAMC,HOLD
2023-09-06,ABCAPITAL,REDUCE
2023-09-06,BIOCON,HOLD
2023-09-06,CDSL,HOLD
2023-09-06,CONCOR,HOLD
2023-09-06,ICICIBANK,REDUCE
2023-09-06,NH,REDUCE
2023-09-06,NEULANDLAB,HOLD
2023-09-06,PATANJALI,HOLD
2023-09-06,TCS,HOLD
2023-09-07,ADANIPOWER,HOLD
2023-09-07,ALKEM,REDUCE
2023-09-07,BDL,HOLD
2023-09-07,CHOICEIN,HOLD
2023-09-07,PETRONET,HOLD
2023-09-07,RAINBOW,REDUCE
2023-09-07,RPOWER,HOLD
2023-09-07,SCHAEFFLER,HOLD
2023-09-08,ADANIPORTS,REDUCE
2023-09-08,ABSLAMC,HOLD
2023-09-08,ASAHIINDIA,HOLD
2023-09-08,CEATLTD,REDUCE
2023-09-08,FIVESTAR,HOLD
2023-09-08,HAVELLS,HOLD
2023-09-08,UBL,HOLD
2023-09-11,ADANIPORTS,HOLD
2023-09-11,ASAHIINDIA,EXIT
2023-09-11,BALRAMCHIN,HOLD
2023-09-11,IOC,HOLD
2023-09-11,NEULANDLAB,EXIT
2023-09-11,PVRINOX,HOLD
2023-09-11,SAPPHIRE,HOLD
2023-09-11,SOBHA,HOLD
2023-09-11,ECLERX,HOLD
2023-09-12,BDL,REDUCE
2023-09-12,CGCL,REDUCE
2023-09-12,DALBHARAT,HOLD
2023-09-12,DIVISLAB,HOLD
2023-09-12,ELECON,EXIT
2023-09-12,FIVESTAR,REDUCE
2023-09-12,HSCL,EXIT
2023-09-12,HINDZINC,REDUCE
2023-09-12,ICICIBANK,HOLD
2023-09-12,INDIACEM,EXIT
2023-09-12,IOC,REDUCE
2023-09-12,LTF,REDUCE
2023-09-12,NH,HOLD
2023-09-12,POONAWALLA,EXIT
2023-09-12,RPOWER,EXIT
2023-09-12,SAMMAANCAP,EXIT
2023-09-12,TIINDIA,HOLD
2023-09-12,WOCKPHARMA,REDUCE
2023-09-13,BHARTIARTL,HOLD
2023-09-13,DATAPATTNS,EXIT
2023-09-13,FORTIS,REDUCE
2023-09-13,GLAXO,HOLD
2023-09-13,OLECTRA,EXIT
2023-09-13,PAYTM,REDUCE
2023-09-13,STARHEALTH,EXIT
2023-09-13,SUNDARMFIN,HOLD
2023-09-14,CEATLTD,EXIT
2023-09-14,DEEPAKNTR,HOLD
2023-09-14,GRANULES,HOLD
2023-09-14,HFCL,HOLD
2023-09-14,INDIACEM,HOLD
2023-09-14,RPOWER,HOLD
2023-09-14,SAMMAANCAP,HOLD
2023-09-14,TATAINVEST,HOLD
2023-09-14,UTIAMC,REDUCE
2023-09-15,EICHERMOT,REDUCE
2023-09-15,HSCL,HOLD
2023-09-15,JKTYRE,REDUCE
2023-09-15,JUBLINGREA,HOLD
2023-09-15,SBILIFE,HOLD
2023-09-15,TTML,HOLD
2023-09-15,TRITURBINE,HOLD
2023-09-18,ASAHIINDIA,HOLD
2023-09-18,BAJAJ-AUTO,HOLD
2023-09-18,CREDITACC,REDUCE
2023-09-18,EICHERMOT,HOLD
2023-09-18,POWERINDIA,REDUCE
2023-09-18,INDIACEM,EXIT
2023-09-18,INFY,HOLD
2023-09-18,JUBLINGREA,EXIT
2023-09-18,NEULANDLAB,HOLD
2023-09-18,POWERGRID,HOLD
2023-09-18,SCI,HOLD
2023-09-18,VOLTAS,HOLD
2023-09-20,ADANIPORTS,EXIT
2023-09-20,AXISBANK,HOLD
2023-09-20,BALKRISIND,HOLD
2023-09-20,BDL,EXIT
2023-09-20,BLUESTARCO,HOLD
2023-09-20,EIHOTEL,EXIT
2023-09-20,GODREJPROP,REDUCE
2023-09-20,HSCL,EXIT
2023-09-20,INOXWIND,REDUCE
2023-09-20,JKTYRE,HOLD
2023-09-20,JSWSTEEL,REDUCE
2023-09-20,SYNGENE,REDUCE
2023-09-20,TTML,EXIT
2023-09-20,ZENTEC,EXIT
2023-09-21,ADANIPORTS,REDUCE
2023-09-21,APOLLOTYRE,EXIT
2023-09-21,BRIGADE,REDUCE
2023-09-21,CGCL,HOLD
2023-09-21,CHOLAFIN,HOLD
2023-09-21,EXIDEIND,REDUCE
2023-09-21,ICICIBANK,REDUCE
2023-09-21,KPITTECH,REDUCE
2023-09-21,KALYANKJIL,EXIT
2023-09-21,MMTC,EXIT
2023-09-21,NEULANDLAB,EXIT
2023-09-21,RVNL,EXIT
2023-09-21,RAILTEL,EXIT
2023-09-21,VIJAYA,REDUCE
2023-09-22,ADANIPORTS,HOLD
2023-09-22,ALKEM,EXIT
2023-09-22,BANKBARODA,HOLD
2023-09-22,CGCL,REDUCE
2023-09-22,COCHINSHIP,EXIT
2023-09-22,HFCL,EXIT
2023-09-22,HSCL,EXIT
2023-09-22,HAL,REDUCE
2023-09-22,KEI,REDUCE
2023-09-22,KAJARIACER,REDUCE
2023-09-22,POLICYBZR,REDUCE
2023-09-22,SCHAEFFLER,EXIT
2023-09-22,TATACONSUM,HOLD
2023-09-22,UNOMINDA,REDUCE
2023-09-22,ZYDUSLIFE,REDUCE
2023-09-25,AIAENG,REDUCE
2023-09-25,ACE,EXIT
2023-09-25,BAJFINANCE,HOLD
2023-09-25,GODREJCP,EXIT
2023-09-25,PIIND,EXIT
2023-09-25,RVNL,HOLD
2023-09-25,RAILTEL,HOLD
2023-09-25,SBILIFE,REDUCE
2023-09-25,MOTHERSON,REDUCE
2023-09-25,TEJASNET,REDUCE
2023-09-26,BIOCON,REDUCE
2023-09-26,CRAFTSMAN,REDUCE
2023-09-26,HSCL,HOLD
2023-09-26,HOMEFIRST,REDUCE
2023-09-26,IRB,HOLD
2023-09-26,INDIAMART,REDUCE
2023-09-26,JBMA,REDUCE
2023-09-26,NEULANDLAB,HOLD
2023-09-26,SJVN,EXIT
2023-09-26,WIPRO,REDUCE
2023-09-26,ZENTEC,HOLD
2023-09-27,COCHINSHIP,HOLD
2023-09-27,LALPATHLAB,HOLD
2023-09-27,FORTIS,HOLD
2023-09-27,JUBLFOOD,HOLD
2023-09-27,KEI,HOLD
2023-09-27,KPITTECH,HOLD
2023-09-27,KALYANKJIL,HOLD
2023-09-27,LLOYDSME,REDUCE
2023-09-27,NATIONALUM,REDUCE
2023-09-27,PATANJALI,EXIT
2023-09-27,PPLPHARMA,REDUCE
2023-09-27,SHREECEM,HOLD
2023-09-27,TIINDIA,EXIT
2023-09-27,VIJAYA,HOLD
2023-09-28,360ONE,REDUCE
2023-09-28,APTUS,HOLD
2023-09-28,ASHOKLEY,REDUCE
2023-09-28,BLS,EXIT
2023-09-28,BATAINDIA,EXIT
2023-09-28,BERGEPAINT,REDUCE
2023-09-28,CUMMINSIND,EXIT
2023-09-28,MEDANTA,HOLD
2023-09-28,HFCL,HOLD
2023-09-28,HINDZINC,EXIT
2023-09-28,INDUSINDBK,REDUCE
2023-09-28,JUBLFOOD,EXIT
2023-09-28,NUVOCO,HOLD
2023-09-28,POLICYBZR,HOLD
2023-09-28,SJVN,HOLD
2023-09-28,TEJASNET,HOLD
2023-09-29,AFFLE,HOLD
2023-09-29,BANDHANBNK,HOLD
2023-09-29,BERGEPAINT,EXIT
2023-09-29,BIOCON,HOLD
2023-09-29,CCL,HOLD
2023-09-29,NATIONALUM,HOLD
2023-09-29,PPLPHARMA,HOLD
2023-09-29,SCHAEFFLER,HOLD
2023-09-29,SYNGENE,HOLD
2023-09-29,TTML,HOLD
2023-10-03,CARTRADE,HOLD
2023-10-03,HAL,HOLD
2023-10-03,KIMS,REDUCE
2023-10-03,LTF,HOLD
2023-10-03,MGL,HOLD
2023-10-03,M&M,REDUCE
2023-10-03,PAYTM,HOLD
2023-10-03,TECHM,REDUCE
2023-10-03,UNOMINDA,HOLD
2023-10-03,ULTRACEMCO,HOLD
2023-10-04,EIHOTEL,HOLD
2023-10-04,HAL,REDUCE
2023-10-04,JBMA,EXIT
2023-10-04,LICI,REDUCE
2023-10-04,MMTC,HOLD
2023-10-04,PFIZER,HOLD
2023-10-04,PPLPHARMA,REDUCE
2023-10-04,RITES,EXIT
2023-10-04,SONACOMS,REDUCE
2023-10-04,SAIL,REDUCE
2023-10-04,RAMCOCEM,HOLD
2023-10-04,ZENTEC,EXIT
2023-10-05,AFFLE,EXIT
2023-10-05,DMART,HOLD
2023-10-05,DIVISLAB,REDUCE
2023-10-05,ENGINERSIN,REDUCE
2023-10-05,FORTIS,REDUCE
2023-10-05,MARICO,REDUCE
2023-10-05,SUPREMEIND,EXIT
2023-10-05,SYNGENE,REDUCE
2023-10-05,TATACHEM,REDUCE
2023-10-05,USHAMART,REDUCE
2023-10-05,VTL,REDUCE
2023-10-06,BIKAJI,REDUCE
2023-10-06,HAL,HOLD
2023-10-06,MSUMI,REDUCE
2023-10-06,UNOMINDA,REDUCE
2023-10-09,360ONE,HOLD
2023-10-09,DMART,EXIT
2023-10-09,BRIGADE,HOLD
2023-10-09,CRISIL,HOLD
2023-10-09,CASTROLIND,EXIT
2023-10-09,DRREDDY,REDUCE
2023-10-09,EIHOTEL,EXIT
2023-10-09,ENGINERSIN,EXIT
2023-10-09,GLENMARK,REDUCE
2023-10-09,GSPL,HOLD
2023-10-09,HFCL,EXIT
2023-10-09,HSCL,EXIT
2023-10-09,HAL,REDUCE
2023-10-09,POWERINDIA,EXIT
2023-10-09,MMTC,EXIT
2023-10-09,NATIONALUM,REDUCE
2023-10-09,NUVOCO,REDUCE
2023-10-09,PETRONET,EXIT
2023-10-09,RAILTEL,EXIT
2023-10-09,RPOWER,EXIT
2023-10-09,SCHAEFFLER,EXIT
2023-10-09,SAIL,EXIT
2023-10-09,TRITURBINE,REDUCE
2023-10-09,VTL,HOLD
2023-10-10,BIOCON,REDUCE
2023-10-10,BOSCHLTD,HOLD
2023-10-10,MSUMI,HOLD
2023-10-10,NATIONALUM,HOLD
2023-10-10,NESTLEIND,HOLD
2023-10-10,NETWEB,REDUCE
2023-10-10,ULTRACEMCO,REDUCE
2023-10-11,BAJAJFINSV,REDUCE
2023-10-11,CGPOWER,REDUCE
2023-10-11,CIPLA,REDUCE
2023-10-11,FIVESTAR,HOLD
2023-10-11,GALLANTT,REDUCE
2023-10-11,HFCL,HOLD
2023-10-11,HSCL,HOLD
2023-10-11,INTELLECT,REDUCE
2023-10-11,M&M,HOLD
2023-10-11,RAILTEL,HOLD
2023-10-11,RELIANCE,EXIT
2023-10-11,SUNPHARMA,REDUCE
2023-10-12,360ONE,REDUCE
2023-10-12,DMART,HOLD
2023-10-12,BAJAJFINSV,HOLD
2023-10-12,DIVISLAB,HOLD
2023-10-12,EXIDEIND,HOLD
2023-10-12,KEC,REDUCE
2023-10-12,MMTC,HOLD
2023-10-12,POLICYBZR,REDUCE
2023-10-12,SBILIFE,HOLD
2023-10-12,TATAELXSI,HOLD
2023-10-12,VTL,REDUCE
2023-10-12,WOCKPHARMA,HOLD
2023-10-13,360ONE,HOLD
2023-10-13,CRISIL,REDUCE
2023-10-13,DEEPAKNTR,REDUCE
2023-10-13,ELECON,HOLD
2023-10-13,EXIDEIND,REDUCE
2023-10-13,HAL,HOLD
2023-10-13,POWERINDIA,HOLD
2023-10-13,HOMEFIRST,HOLD
2023-10-13,IDFCFIRSTB,REDUCE
2023-10-13,IGL,HOLD
2023-10-13,INDUSINDBK,HOLD
2023-10-13,JUBLFOOD,HOLD
2023-10-13,MAXHEALTH,REDUCE
2023-10-13,PARADEEP,REDUCE
2023-10-13,TRITURBINE,EXIT
2023-10-13,UTIAMC,HOLD
2023-10-13,WIPRO,REDUCE
2023-10-16,ADANIPOWER,EXIT
2023-10-16,BIKAJI,HOLD
2023-10-16,CASTROLIND,HOLD
2023-10-16,DIVISLAB,REDUCE
2023-10-16,GALLANTT,HOLD
2023-10-16,HEROMOTOCO,HOLD
2023-10-16,RITES,HOLD
2023-10-16,SHRIRAMFIN,REDUCE
2023-10-16,UBL,REDUCE
2023-10-17,ADANIPORTS,REDUCE
2023-10-17,ELECON,REDUCE
2023-10-17,EXIDEIND,HOLD
2023-10-17,GODREJPROP,HOLD
2023-10-17,INDIGO,HOLD
2023-10-17,MPHASIS,REDUCE
2023-10-17,PETRONET,HOLD
2023-10-17,SUPREMEIND,HOLD
2023-10-17,SWANCORP,HOLD
2023-10-17,TRIDENT,EXIT
2023-10-17,VTL,HOLD
2023-10-18,BIKAJI,REDUCE
2023-10-18,BIOCON,EXIT
2023-10-18,CGPOWER,EXIT
2023-10-18,CRISIL,HOLD
2023-10-18,CANFINHOME,HOLD
2023-10-18,CASTROLIND,REDUCE
2023-10-18,ELECON,EXIT
2023-10-18,HAVELLS,REDUCE
2023-10-18,INDUSINDBK,REDUCE
2023-10-18,MAXHEALTH,HOLD
2023-10-18,NATCOPHARM,REDUCE
2023-10-18,VOLTAS,REDUCE
2023-10-19,ADANIPORTS,REDUCE
2023-10-19,BANDHANBNK,EXIT
2023-10-19,COCHINSHIP,EXIT
2023-10-19,FORTIS,HOLD
2023-10-19,HEG,REDUCE
2023-10-19,INDIAMART,EXIT
2023-10-19,IGL,REDUCE
2023-10-19,INDUSINDBK,HOLD
2023-10-19,JKCEMENT,HOLD
2023-10-19,KAJARIACER,EXIT
2023-10-19,KFINTECH,HOLD
2023-10-19,KIMS,HOLD
2023-10-19,MMTC,EXIT
2023-10-19,OFSS,REDUCE
2023-10-19,POLYMED,REDUCE
2023-10-19,SAPPHIRE,REDUCE
2023-10-19,SIEMENS,EXIT
2023-10-19,SYNGENE,EXIT
2023-10-19,TCS,REDUCE
2023-10-19,ULTRACEMCO,HOLD
2023-10-19,USHAMART,EXIT
2023-10-20,AUROPHARMA,REDUCE
2023-10-20,COFORGE,REDUCE
2023-10-20,DEVYANI,REDUCE
2023-10-20,EXIDEIND,REDUCE
2023-10-20,GRSE,EXIT
2023-10-20,HFCL,EXIT
2023-10-20,HUDCO,EXIT
2023-10-20,IOB,EXIT
2023-10-20,IGL,EXIT
2023-10-20,INDIGO,REDUCE
2023-10-20,JINDALSTEL,REDUCE
2023-10-20,LTTS,REDUCE
2023-10-20,MGL,REDUCE
2023-10-20,MANAPPURAM,REDUCE
2023-10-20,NATIONALUM,REDUCE
2023-10-20,NUVOCO,EXIT
2023-10-20,OBEROIRLTY,REDUCE
2023-10-20,RAINBOW,HOLD
2023-10-20,TTML,EXIT
2023-10-20,UCOBANK,EXIT
2023-10-20,UTIAMC,REDUCE
2023-10-20,UBL,HOLD
2023-10-20,VOLTAS,EXIT
2023-10-23,AJANTPHARM,REDUCE
2023-10-23,AUROPHARMA,HOLD
2023-10-23,DMART,EXIT
2023-10-23,BEML,EXIT
2023-10-23,BANKINDIA,EXIT
2023-10-23,MAHABANK,EXIT
2023-10-23,BHEL,EXIT
2023-10-23,CCL,EXIT
2023-10-23,CANFINHOME,EXIT
2023-10-23,CAPLIPOINT,REDUCE
2023-10-23,CENTRALBK,EXIT
2023-10-23,CREDITACC,HOLD
2023-10-23,CYIENT,EXIT
2023-10-23,DEVYANI,EXIT
2023-10-23,EMAMILTD,REDUCE
2023-10-23,ERIS,REDUCE
2023-10-23,FIVESTAR,REDUCE
2023-10-23,FORTIS,REDUCE
2023-10-23,GVT&D,EXIT
2023-10-23,GMRAIRPORT,EXIT
2023-10-23,GODFRYPHLP,REDUCE
2023-10-23,GSPL,EXIT
2023-10-23,HAL,REDUCE
2023-10-23,HINDCOPPER,EXIT
2023-10-23,POWERINDIA,REDUCE
2023-10-23,ICICIGI,HOLD
2023-10-23,JBCHEPHARM,REDUCE
2023-10-23,JKCEMENT,REDUCE
2023-10-23,JPPOWER,EXIT
2023-10-23,JUBLFOOD,EXIT
2023-10-23,JUBLPHARMA,EXIT
2023-10-23,LICI,EXIT
2023-10-23,MPHASIS,EXIT
2023-10-23,NCC,EXIT
2023-10-23,NLCINDIA,REDUCE
2023-10-23,NEULANDLAB,REDUCE
2023-10-23,PVRINOX,REDUCE
2023-10-23,PETRONET,EXIT
2023-10-23,PNB,EXIT
2023-10-23,RITES,EXIT
2023-10-23,RVNL,EXIT
2023-10-23,SJVN,EXIT
2023-10-23,SAMMAANCAP,EXIT
2023-10-23,SARDAEN,EXIT
2023-10-23,SHYAMMETL,REDUCE
2023-10-23,SONACOMS,EXIT
2023-10-23,SWANCORP,EXIT
2023-10-23,TATACHEM,EXIT
2023-10-23,TATACOMM,EXIT
2023-10-23,UNIONBANK,EXIT
2023-10-23,WOCKPHARMA,REDUCE
2023-10-23,ZENSARTECH,REDUCE
2023-10-23,ZYDUSWELL,REDUCE
2023-10-25,AUROPHARMA,REDUCE
2023-10-25,DEEPAKNTR,EXIT
2023-10-25,GALLANTT,EXIT
2023-10-25,HEG,EXIT
2023-10-25,HAVELLS,EXIT
2023-10-25,INDUSINDBK,REDUCE
2023-10-25,JSWENERGY,EXIT
2023-10-25,PARADEEP,EXIT
2023-10-25,RAILTEL,EXIT
2023-10-25,VTL,EXIT
2023-10-25,WOCKPHARMA,EXIT
2023-10-25,ZEEL,REDUCE
2023-10-25,ZENSARTECH,EXIT
2023-10-26,AUBANK,EXIT
2023-10-26,ADANIPORTS,REDUCE
2023-10-26,APOLLOHOSP,REDUCE
2023-10-26,ASAHIINDIA,EXIT
2023-10-26,ASIANPAINT,EXIT
2023-10-26,BANKBARODA,REDUCE
2023-10-26,BEL,REDUCE
2023-10-26,CRISIL,REDUCE
2023-10-26,CASTROLIND,EXIT
2023-10-26,CAMS,REDUCE
2023-10-26,DALBHARAT,EXIT
2023-10-26,FORCEMOT,EXIT
2023-10-26,HSCL,EXIT
2023-10-26,HINDALCO,REDUCE
2023-10-26,ICICIPRULI,EXIT
2023-10-26,IDBI,REDUCE
2023-10-26,INDHOTEL,REDUCE
2023-10-26,IRCTC,REDUCE
2023-10-26,INDUSTOWER,EXIT
2023-10-26,INOXWIND,HOLD
2023-10-26,MGL,EXIT
2023-10-26,MANAPPURAM,EXIT
2023-10-26,POLICYBZR,EXIT
2023-10-26,PTCIL,REDUCE
2023-10-26,PVRINOX,EXIT
2023-10-26,PPLPHARMA,EXIT
2023-10-26,RBLBANK,EXIT
2023-10-26,RKFORGE,EXIT
2023-10-26,SWANCORP,HOLD
2023-10-26,ZEEL,EXIT
2023-10-27,AJANTPHARM,HOLD
2023-10-27,ERIS,HOLD
2023-10-27,GODFRYPHLP,HOLD
2023-10-27,ICICIBANK,EXIT
2023-10-27,INDUSINDBK,HOLD
2023-10-27,JSWENERGY,HOLD
2023-10-27,KPIL,REDUCE
2023-10-27,MUTHOOTFIN,HOLD
2023-10-27,RAILTEL,HOLD
2023-10-27,SBILIFE,REDUCE
2023-10-27,SAPPHIRE,EXIT
2023-10-30,ADANIENSOL,REDUCE
2023-10-30,ADANIPOWER,HOLD
2023-10-30,CRISIL,HOLD
2023-10-30,CHAMBLFERT,HOLD
2023-10-30,COROMANDEL,REDUCE
2023-10-30,HDFCLIFE,REDUCE
2023-10-30,HSCL,HOLD
2023-10-30,IDFCFIRSTB,EXIT
2023-10-30,INDIGO,HOLD
2023-10-30,JPPOWER,HOLD
2023-10-30,MSUMI,REDUCE
2023-10-30,NLCINDIA,HOLD
2023-10-30,PATANJALI,HOLD
2023-10-30,PNB,HOLD
2023-10-30,SBFC,REDUCE
2023-10-30,SBILIFE,HOLD
2023-10-30,SJVN,HOLD
2023-10-30,SCHNEIDER,REDUCE
2023-10-30,UNIONBANK,HOLD
2023-10-31,CAMS,EXIT
2023-10-31,DCMSHRIRAM,EXIT
2023-10-31,ELGIEQUIP,HOLD
2023-10-31,GVT&D,HOLD
2023-10-31,INDIGO,REDUCE
2023-10-31,JSWSTEEL,EXIT
2023-10-31,KEI,REDUCE
2023-10-31,KIMS,REDUCE
2023-10-31,LATENTVIEW,REDUCE
2023-10-31,OBEROIRLTY,HOLD
2023-10-31,POLYMED,HOLD
2023-11-01,AIAENG,HOLD
2023-11-01,APLAPOLLO,REDUCE
2023-11-01,ACE,HOLD
2023-11-01,CANFINHOME,HOLD
2023-11-01,CONCOR,EXIT
2023-11-01,DIVISLAB,EXIT
2023-11-01,ELECON,HOLD
2023-11-01,GLAXO,REDUCE
2023-11-01,IDBI,EXIT
2023-11-01,IOC,HOLD
2023-11-01,JINDALSTEL,EXIT
2023-11-01,NATCOPHARM,EXIT
2023-11-01,NEULANDLAB,HOLD
2023-11-01,PFIZER,REDUCE
2023-11-01,RAINBOW,REDUCE
2023-11-02,CRAFTSMAN,HOLD
2023-11-02,GMDCLTD,EXIT
2023-11-02,POWERINDIA,HOLD
2023-11-02,ITI,REDUCE
2023-11-02,INDIGO,HOLD
2023-11-02,JIOFIN,REDUCE
2023-11-02,M&M,REDUCE
2023-11-02,SYRMA,EXIT
2023-11-03,APOLLOHOSP,HOLD
2023-11-03,BANKBARODA,HOLD
2023-11-03,BHEL,HOLD
2023-11-03,CAPLIPOINT,HOLD
2023-11-03,ENDURANCE,HOLD
2023-11-03,FORTIS,HOLD
2023-11-03,GODFRYPHLP,REDUCE
2023-11-03,ITI,HOLD
2023-11-03,INDUSTOWER,HOLD
2023-11-03,MRF,REDUCE
2023-11-03,RADICO,HOLD
2023-11-03,TCS,REDUCE
2023-11-03,TATAPOWER,REDUCE
2023-11-03,TEJASNET,REDUCE
2023-11-03,TRITURBINE,HOLD
2023-11-03,TIINDIA,HOLD
2023-11-03,WHIRLPOOL,REDUCE
2023-11-06,ALKEM,HOLD
2023-11-06,AUROPHARMA,HOLD
2023-11-06,BANKBARODA,REDUCE
2023-11-06,BANKINDIA,HOLD
2023-11-06,BEL,HOLD
2023-11-06,BIKAJI,HOLD
2023-11-06,CONCOR,HOLD
2023-11-06,CYIENT,HOLD
2023-11-06,GALLANTT,HOLD
2023-11-06,GRAPHITE,REDUCE
2023-11-06,GESHIP,REDUCE
2023-11-06,ITC,REDUCE
2023-11-06,JKCEMENT,HOLD
2023-11-06,KEC,EXIT
2023-11-06,NHPC,REDUCE
2023-11-06,PAYTM,REDUCE
2023-11-06,POLYMED,REDUCE
2023-11-06,POLYCAB,REDUCE
2023-11-06,RKFORGE,HOLD
2023-11-06,SCI,EXIT
2023-11-06,TEGA,HOLD
2023-11-06,TORNTPHARM,HOLD
2023-11-06,TRITURBINE,EXIT
2023-11-07,AIAENG,REDUCE
2023-11-07,ABBOTINDIA,HOLD
2023-11-07,BHARATFORG,REDUCE
2023-11-07,BPCL,HOLD
2023-11-07,CANFINHOME,REDUCE
2023-11-07,FSL,REDUCE
2023-11-07,FIVESTAR,HOLD
2023-11-07,HAL,HOLD
2023-11-07,HUDCO,HOLD
2023-11-07,NAUKRI,HOLD
2023-11-07,JBCHEPHARM,HOLD
2023-11-07,MGL,HOLD
2023-11-07,MFSL,REDUCE
2023-11-07,RPOWER,HOLD
2023-11-07,SCHNEIDER,HOLD
2023-11-07,TECHM,REDUCE
2023-11-07,UTIAMC,HOLD
2023-11-07,WOCKPHARMA,HOLD
2023-11-08,CANFINHOME,HOLD
2023-11-08,CENTRALBK,HOLD
2023-11-08,CIPLA,HOLD
2023-11-08,COCHINSHIP,HOLD
2023-11-08,DEEPAKNTR,HOLD
2023-11-08,EXIDEIND,HOLD
2023-11-08,HINDPETRO,HOLD
2023-11-08,MARICO,EXIT
2023-11-08,MFSL,HOLD
2023-11-08,PFIZER,HOLD
2023-11-08,SCHNEIDER,REDUCE
2023-11-08,TATAPOWER,HOLD
2023-11-09,APOLLOTYRE,HOLD
2023-11-09,BLUEDART,HOLD
2023-11-09,CANFINHOME,EXIT
2023-11-09,CENTRALBK,EXIT
2023-11-09,DEEPAKNTR,REDUCE
2023-11-09,ESCORTS,REDUCE
2023-11-09,GESHIP,EXIT
2023-11-09,GMDCLTD,HOLD
2023-11-09,ITI,EXIT
2023-11-09,LINDEINDIA,REDUCE
2023-11-09,MGL,REDUCE
2023-11-09,NCC,HOLD
2023-11-09,PFIZER,REDUCE
2023-11-09,POLYMED,HOLD
2023-11-09,RBLBANK,HOLD
2023-11-09,SUPREMEIND,REDUCE
2023-11-09,TATAPOWER,REDUCE
2023-11-09,UNOMINDA,HOLD
2023-11-10,APLAPOLLO,HOLD
2023-11-10,DMART,HOLD
2023-11-10,CUMMINSIND,HOLD
2023-11-10,NCC,REDUCE
2023-11-10,NAVA,REDUCE
2023-11-10,TATASTEEL,REDUCE
2023-11-10,TRITURBINE,HOLD
2023-11-13,BAJFINANCE,REDUCE
2023-11-13,ENDURANCE,REDUCE
2023-11-13,GLENMARK,EXIT
2023-11-13,KPRMILL,REDUCE
2023-11-13,NCC,HOLD
2023-11-13,NHPC,HOLD
2023-11-13,SBIN,REDUCE
2023-11-13,TCS,EXIT
2023-11-13,TATAPOWER,HOLD
2023-11-13,WIPRO,EXIT
2023-11-15,MAHABANK,HOLD
2023-11-15,CENTRALBK,HOLD
2023-11-15,CAMS,HOLD
2023-11-15,CYIENT,REDUCE
2023-11-15,GLAXO,HOLD
2023-11-15,IOB,HOLD
2023-11-15,INFY,EXIT
2023-11-15,NHPC,REDUCE
2023-11-15,PAYTM,HOLD
2023-11-15,SBIN,HOLD
2023-11-15,THERMAX,REDUCE
2023-11-15,UCOBANK,HOLD
2023-11-15,UBL,REDUCE
2023-11-15,ZYDUSWELL,EXIT
2023-11-16,3MINDIA,REDUCE
2023-11-16,COFORGE,HOLD
2023-11-16,JMFINANCIL,REDUCE
2023-11-16,KPRMILL,HOLD
2023-11-16,PFIZER,HOLD
2023-11-16,TCS,REDUCE
2023-11-16,UCOBANK,EXIT
2023-11-17,AXISBANK,REDUCE
2023-11-17,BAJAJHLDNG,HOLD
2023-11-17,CHOLAFIN,REDUCE
2023-11-17,ESCORTS,HOLD
2023-11-17,IOB,EXIT
2023-11-17,JUBLFOOD,HOLD
2023-11-17,KEI,HOLD
2023-11-17,MRF,HOLD
2023-11-17,NHPC,HOLD
2023-11-17,RBLBANK,REDUCE
2023-11-17,RAINBOW,HOLD
2023-11-17,SBIN,EXIT
2023-11-17,TCS,HOLD
2023-11-17,ZYDUSLIFE,HOLD
2023-11-20,IIFL,REDUCE
2023-11-20,JUBLFOOD,REDUCE
2023-11-20,MANAPPURAM,HOLD
2023-11-20,NAVA,EXIT
2023-11-20,POLICYBZR,HOLD
2023-11-20,PIIND,HOLD
2023-11-20,RVNL,HOLD
2023-11-20,SHREECEM,REDUCE
2023-11-21,ASTRAL,HOLD
2023-11-21,HDFCLIFE,HOLD
2023-11-21,ICICIPRULI,HOLD
2023-11-21,ITI,HOLD
2023-11-21,OLECTRA,HOLD
2023-11-21,PPLPHARMA,HOLD
2023-11-22,CENTRALBK,EXIT
2023-11-22,NYKAA,HOLD
2023-11-22,FEDERALBNK,REDUCE
2023-11-22,GAIL,REDUCE
2023-11-22,LICHSGFIN,REDUCE
2023-11-22,LATENTVIEW,HOLD
2023-11-22,POLYCAB,HOLD
2023-11-22,THERMAX,EXIT
2023-11-22,UTIAMC,REDUCE
2023-11-23,AXISBANK,REDUCE
2023-11-23,CGPOWER,HOLD
2023-11-23,CYIENT,HOLD
2023-11-23,GLAND,HOLD
2023-11-23,JUBLFOOD,HOLD
2023-11-23,LEMONTREE,REDUCE
2023-11-23,RBLBANK,HOLD
2023-11-23,VTL,HOLD
2023-11-24,ABCAPITAL,EXIT
2023-11-24,AXISBANK,HOLD
2023-11-24,MAHABANK,REDUCE
2023-11-24,BHARATFORG,HOLD
2023-11-24,COROMANDEL,HOLD
2023-11-24,EIDPARRY,HOLD
2023-11-24,INTELLECT,HOLD
2023-11-24,JBCHEPHARM,REDUCE
2023-11-24,PAYTM,REDUCE
2023-11-24,SARDAEN,HOLD
2023-11-28,AUBANK,HOLD
2023-11-28,ASTERDM,REDUCE
2023-11-28,ENDURANCE,HOLD
2023-11-28,FEDERALBNK,HOLD
2023-11-28,FSL,HOLD
2023-11-28,GAIL,HOLD
2023-11-28,GESHIP,HOLD
2023-11-28,HINDCOPPER,HOLD
2023-11-28,HOMEFIRST,REDUCE
2023-11-28,IRCTC,HOLD
2023-11-28,INDUSTOWER,REDUCE
2023-11-28,MINDACORP,REDUCE
2023-11-28,ZFCVINDIA,REDUCE
2023-11-29,ASTERDM,HOLD
2023-11-29,ESCORTS,REDUCE
2023-11-29,GRSE,HOLD
2023-11-29,GESHIP,REDUCE
2023-11-29,LICHSGFIN,HOLD
2023-11-29,LICI,HOLD
2023-11-29,MINDACORP,HOLD
2023-11-29,SAMMAANCAP,HOLD
2023-11-29,SHYAMMETL,HOLD
2023-11-29,UTIAMC,HOLD
2023-11-29,UBL,HOLD
2023-11-29,ZENSARTECH,HOLD
2023-11-30,BEML,HOLD
2023-11-30,BANKINDIA,REDUCE
2023-11-30,BRITANNIA,HOLD
2023-11-30,CIPLA,REDUCE
2023-11-30,GESHIP,HOLD
2023-11-30,HINDUNILVR,REDUCE
2023-11-30,HOMEFIRST,HOLD
2023-11-30,ITI,EXIT
2023-11-30,INDIANB,REDUCE
2023-11-30,POONAWALLA,HOLD
2023-11-30,SUPREMEIND,HOLD
2023-11-30,TCS,REDUCE
2023-12-01,BALKRISIND,REDUCE
2023-12-01,GSPL,HOLD
2023-12-01,RBLBANK,REDUCE
2023-12-01,SOLARINDS,EXIT
2023-12-01,WHIRLPOOL,EXIT
2023-12-01,ZFCVINDIA,HOLD
2023-12-04,ABB,HOLD
2023-12-04,APLAPOLLO,REDUCE
2023-12-04,ADANIPORTS,HOLD
2023-12-04,CANFINHOME,HOLD
2023-12-04,GRAPHITE,HOLD
2023-12-04,IIFL,HOLD
2023-12-04,JUBLPHARMA,HOLD
2023-12-04,RBLBANK,HOLD
2023-12-04,SCI,HOLD
2023-12-04,SHREECEM,HOLD
2023-12-05,CHALET,REDUCE
2023-12-05,FIVESTAR,REDUCE
2023-12-05,ITI,HOLD
2023-12-05,JWL,REDUCE
2023-12-05,MGL,HOLD
2023-12-05,PAYTM,EXIT
2023-12-06,AMBUJACEM,HOLD
2023-12-06,BANKINDIA,HOLD
2023-12-06,CARTRADE,EXIT
2023-12-06,CHALET,HOLD
2023-12-06,FIVESTAR,HOLD
2023-12-07,BALRAMCHIN,REDUCE
2023-12-07,BDL,HOLD
2023-12-07,HINDUNILVR,EXIT
2023-12-07,INDIACEM,HOLD
2023-12-07,INDHOTEL,HOLD
2023-12-07,JBCHEPHARM,HOLD
2023-12-07,SYRMA,HOLD
2023-12-08,AIAENG,HOLD
2023-12-08,ABBOTINDIA,REDUCE
2023-12-08,AMBUJACEM,EXIT
2023-12-08,BALRAMCHIN,EXIT
2023-12-08,ERIS,REDUCE
2023-12-08,FIVESTAR,REDUCE
2023-12-08,GILLETTE,REDUCE
2023-12-08,SOLARINDS,HOLD
2023-12-11,BLS,HOLD
2023-12-11,CANFINHOME,EXIT
2023-12-11,LALPATHLAB,REDUCE
2023-12-11,EIHOTEL,HOLD
2023-12-11,ENGINERSIN,HOLD
2023-12-11,ERIS,HOLD
2023-12-11,GMRAIRPORT,HOLD
2023-12-11,ICICIPRULI,REDUCE
2023-12-11,ZEEL,HOLD
2023-12-12,AFFLE,HOLD
2023-12-12,AMBUJACEM,HOLD
2023-12-12,CARTRADE,HOLD
2023-12-12,ERIS,REDUCE
2023-12-12,FIVESTAR,EXIT
2023-12-12,JSWSTEEL,REDUCE
2023-12-12,MARUTI,REDUCE
2023-12-12,PIIND,EXIT
2023-12-12,SCHNEIDER,HOLD
2023-12-12,ZFCVINDIA,REDUCE
2023-12-13,AMBER,REDUCE
2023-12-13,CEATLTD,HOLD
2023-12-13,DRREDDY,REDUCE
2023-12-13,JSWSTEEL,HOLD
2023-12-13,JINDALSTEL,HOLD
2023-12-13,YESBANK,HOLD
2023-12-14,AARTIIND,HOLD
2023-12-14,BBTC,REDUCE
2023-12-14,MAPMYINDIA,REDUCE
2023-12-14,JBCHEPHARM,REDUCE
2023-12-14,LTTS,HOLD
2023-12-14,LINDEINDIA,EXIT
2023-12-14,SAIL,HOLD
2023-12-15,AMBER,HOLD
2023-12-15,BBTC,HOLD
2023-12-15,INFY,REDUCE
2023-12-15,JMFINANCIL,HOLD
2023-12-15,NATIONALUM,HOLD
2023-12-18,BBTC,REDUCE
2023-12-18,IEX,HOLD
2023-12-19,AIAENG,REDUCE
2023-12-19,KFINTECH,REDUCE
2023-12-19,SPLPETRO,REDUCE
2023-12-20,ABBOTINDIA,EXIT
2023-12-20,AMBER,REDUCE
2023-12-20,AMBUJACEM,EXIT
2023-12-20,ASTRAL,REDUCE
2023-12-20,BLUESTARCO,REDUCE
2023-12-20,CARTRADE,EXIT
2023-12-20,EIHOTEL,EXIT
2023-12-20,GODREJCP,HOLD
2023-12-20,HDFCLIFE,REDUCE
2023-12-20,ICICIPRULI,EXIT
2023-12-20,IIFL,REDUCE
2023-12-20,JSWENERGY,REDUCE
2023-12-20,MFSL,REDUCE
2023-12-20,NCC,REDUCE
2023-12-20,POLICYBZR,REDUCE
2023-12-20,RELIANCE,REDUCE
2023-12-20,SIEMENS,HOLD
2023-12-20,SUZLON,EXIT
2023-12-20,NIACL,EXIT
2023-12-20,RAMCOCEM,REDUCE
2023-12-20,ZEEL,REDUCE
2023-12-21,CASTROLIND,HOLD
2023-12-21,HDFCBANK,REDUCE
2023-12-21,JWL,EXIT
2023-12-21,POLYMED,REDUCE
2023-12-21,RELIANCE,HOLD
2023-12-22,AMBUJACEM,HOLD
2023-12-22,DEEPAKNTR,HOLD
2023-12-22,JBMA,HOLD
2023-12-22,MPHASIS,HOLD
2023-12-22,SUZLON,HOLD
2023-12-22,WIPRO,REDUCE
2023-12-26,BBTC,HOLD
2023-12-26,HFCL,HOLD
2023-12-26,RRKABEL,REDUCE
2023-12-26,VOLTAS,HOLD
2023-12-26,WIPRO,HOLD
2023-12-27,3MINDIA,HOLD
2023-12-27,BANKBARODA,HOLD
2023-12-27,CLEAN,HOLD
2023-12-27,KPRMILL,REDUCE
2023-12-27,WELSPUNLIV,EXIT
2023-12-28,HOMEFIRST,REDUCE
2023-12-28,RKFORGE,REDUCE
2023-12-28,SBIN,REDUCE
2023-12-28,VTL,REDUCE
2023-12-29,EMAMILTD,HOLD
2023-12-29,JBCHEPHARM,HOLD
2023-12-29,SONACOMS,HOLD
2024-01-02,APLAPOLLO,EXIT
2024-01-02,CGCL,EXIT
2024-01-02,ESCORTS,EXIT
2024-01-02,GPIL,EXIT
2024-01-02,MOTILALOFS,EXIT
2024-01-02,PIDILITIND,HOLD
2024-01-02,RHIM,HOLD
2024-01-02,ZEEL,HOLD
2024-01-03,CRISIL,REDUCE
2024-01-03,EIHOTEL,HOLD
2024-01-03,FINCABLES,REDUCE
2024-01-03,GRAVITA,REDUCE
2024-01-03,ICICIGI,REDUCE
2024-01-03,PARADEEP,HOLD
2024-01-03,SBIN,HOLD
2024-01-04,ACC,HOLD
2024-01-04,GLENMARK,HOLD
2024-01-04,INDUSTOWER,HOLD
2024-01-04,RKFORGE,HOLD
2024-01-04,NIACL,HOLD
2024-01-05,DMART,REDUCE
2024-01-05,CRAFTSMAN,REDUCE
2024-01-05,NSLNISP,HOLD
2024-01-05,PGEL,REDUCE
2024-01-05,SHREECEM,REDUCE
2024-01-05,SUPREMEIND,REDUCE
2024-01-08,AMBER,HOLD
2024-01-08,MAPMYINDIA,EXIT
2024-01-08,FINCABLES,HOLD
2024-01-08,FLUOROCHEM,HOLD
2024-01-08,JUBLFOOD,REDUCE
2024-01-08,LATENTVIEW,REDUCE
2024-01-08,MAZDOCK,REDUCE
2024-01-08,NCC,HOLD
2024-01-08,POLICYBZR,HOLD
2024-01-08,POLYMED,HOLD
2024-01-08,TRIDENT,HOLD
2024-01-09,JSWENERGY,HOLD
2024-01-09,JWL,HOLD
2024-01-09,LAURUSLABS,HOLD
2024-01-09,LEMONTREE,HOLD
2024-01-09,MAZDOCK,HOLD
2024-01-09,POLYCAB,REDUCE
2024-01-09,MOTHERSON,HOLD
2024-01-09,ZEEL,REDUCE
2024-01-10,COROMANDEL,REDUCE
2024-01-10,HEG,HOLD
2024-01-10,JWL,EXIT
2024-01-10,KFINTECH,HOLD
2024-01-10,POLYMED,REDUCE
2024-01-10,NIACL,EXIT
2024-01-11,ASTRAL,EXIT
2024-01-11,FEDERALBNK,REDUCE
2024-01-11,POLYCAB,EXIT
2024-01-12,BAJAJFINSV,REDUCE
2024-01-12,CENTRALBK,HOLD
2024-01-12,INOXWIND,EXIT
2024-01-12,OFSS,HOLD
2024-01-15,MAHABANK,HOLD
2024-01-15,BLUESTARCO,HOLD
2024-01-15,CREDITACC,REDUCE
2024-01-15,EICHERMOT,REDUCE
2024-01-15,GABRIEL,REDUCE
2024-01-15,HDFCLIFE,EXIT
2024-01-15,INFY,HOLD
2024-01-15,JUBLINGREA,HOLD
2024-01-15,PGEL,EXIT
2024-01-15,REDINGTON,HOLD
2024-01-15,TECHM,HOLD
2024-01-15,ZEEL,EXIT
2024-01-16,BIOCON,HOLD
2024-01-16,BLUEDART,REDUCE
2024-01-16,BLUEJET,REDUCE
2024-01-16,RITES,HOLD
2024-01-16,SBILIFE,REDUCE
2024-01-16,SUNTV,REDUCE
2024-01-16,NIACL,HOLD
2024-01-16,TRITURBINE,REDUCE
2024-01-17,HDFCBANK,EXIT
2024-01-17,JSWSTEEL,REDUCE
2024-01-17,JWL,HOLD
2024-01-17,M&M,REDUCE
2024-01-17,MUTHOOTFIN,REDUCE
2024-01-17,SONACOMS,REDUCE
2024-01-17,TCS,HOLD
2024-01-17,VEDL,HOLD
2024-01-18,AUBANK,REDUCE
2024-01-18,EMAMILTD,REDUCE
2024-01-18,IEX,EXIT
2024-01-18,IPCALAB,REDUCE
2024-01-18,LTFOODS,REDUCE
2024-01-18,NESTLEIND,REDUCE
2024-01-18,SUPREMEIND,EXIT
2024-01-18,TATAELXSI,REDUCE
2024-01-19,CDSL,REDUCE
2024-01-19,DCMSHRIRAM,HOLD
2024-01-19,JSWINFRA,REDUCE
2024-01-19,LATENTVIEW,HOLD
2024-01-23,AUBANK,EXIT
2024-01-23,ANGELONE,EXIT
2024-01-23,DMART,EXIT
2024-01-23,CIPLA,HOLD
2024-01-23,CLEAN,REDUCE
2024-01-23,DEEPAKNTR,REDUCE
2024-01-23,DIXON,REDUCE
2024-01-23,NYKAA,EXIT
2024-01-23,GRAVITA,EXIT
2024-01-23,INDIACEM,REDUCE
2024-01-23,INDUSINDBK,REDUCE
2024-01-23,JINDALSTEL,REDUCE
2024-01-23,KPRMILL,EXIT
2024-01-23,LATENTVIEW,REDUCE
2024-01-23,MFSL,EXIT
2024-01-23,PIDILITIND,EXIT
2024-01-23,PRESTIGE,EXIT
2024-01-23,RBLBANK,REDUCE
2024-01-23,RHIM,EXIT
2024-01-23,RKFORGE,REDUCE
2024-01-23,SAMMAANCAP,EXIT
2024-01-23,SUNTV,EXIT
2024-01-23,TEJASNET,EXIT
2024-01-23,UTIAMC,REDUCE
2024-01-23,IDEA,EXIT
2024-01-23,ZENSARTECH,REDUCE
2024-01-24,AXISBANK,REDUCE
2024-01-24,BSE,EXIT
2024-01-24,BAJFINANCE,EXIT
2024-01-24,CRISIL,EXIT
2024-01-24,CHENNPETRO,EXIT
2024-01-24,CONCORDBIO,REDUCE
2024-01-24,IDBI,HOLD
2024-01-24,IOB,HOLD
2024-01-24,NATCOPHARM,HOLD
2024-01-24,OBEROIRLTY,EXIT
2024-01-24,SARDAEN,REDUCE
2024-01-24,SOLARINDS,REDUCE
2024-01-24,SBIN,REDUCE
2024-01-24,USHAMART,HOLD
2024-01-24,VIJAYA,REDUCE
2024-01-24,ZENSARTECH,HOLD
2024-01-25,ABREL,EXIT
2024-01-25,BLUEDART,EXIT
2024-01-25,CYIENT,EXIT
2024-01-25,HEG,REDUCE
2024-01-25,INDIACEM,HOLD
2024-01-25,JINDALSTEL,HOLD
2024-01-25,KPITTECH,REDUCE
2024-01-25,LAURUSLABS,REDUCE
2024-01-25,MMTC,HOLD
2024-01-25,NAVA,HOLD
2024-01-25,PHOENIXLTD,REDUCE
2024-01-25,PRESTIGE,HOLD
2024-01-25,TATAELXSI,EXIT
2024-01-25,TRITURBINE,EXIT
2024-01-29,CHENNPETRO,HOLD
2024-01-29,CAMS,REDUCE
2024-01-29,INDIANB,HOLD
2024-01-29,INOXWIND,HOLD
2024-01-29,JUBLINGREA,REDUCE
2024-01-29,LATENTVIEW,HOLD
2024-01-29,PNBHOUSING,REDUCE
2024-01-29,PETRONET,HOLD
2024-01-29,PHOENIXLTD,HOLD
2024-01-29,POLYMED,EXIT
2024-01-29,SYRMA,REDUCE
2024-01-29,UCOBANK,HOLD
2024-01-30,ADANIENT,REDUCE
2024-01-30,ABREL,HOLD
2024-01-30,CLEAN,EXIT
2024-01-30,COROMANDEL,EXIT
2024-01-30,CRAFTSMAN,EXIT
2024-01-30,ITC,EXIT
2024-01-30,NAUKRI,REDUCE
2024-01-30,JUBLINGREA,EXIT
2024-01-30,LAURUSLABS,EXIT
2024-01-30,UTIAMC,HOLD
2024-01-31,360ONE,REDUCE
2024-01-31,AIAENG,HOLD
2024-01-31,ADANIENT,HOLD
2024-01-31,GODFRYPHLP,HOLD
2024-01-31,SAMMAANCAP,HOLD
2024-01-31,SARDAEN,HOLD
2024-01-31,VTL,HOLD
2024-02-01,ABB,REDUCE
2024-02-01,ALKEM,REDUCE
2024-02-01,AUROPHARMA,REDUCE
2024-02-01,DIXON,HOLD
2024-02-01,HEG,HOLD
2024-02-01,INDIACEM,REDUCE
2024-02-01,JUBLFOOD,EXIT
2024-02-01,KALYANKJIL,REDUCE
2024-02-01,KIMS,HOLD
2024-02-01,LT,REDUCE
2024-02-01,LATENTVIEW,REDUCE
2024-02-01,MSUMI,HOLD
2024-02-01,SARDAEN,REDUCE
2024-02-01,SHREECEM,HOLD
2024-02-01,TIMKEN,HOLD
2024-02-01,ZENTEC,HOLD
2024-02-02,ABFRL,HOLD
2024-02-02,ANGELONE,HOLD
2024-02-02,BIKAJI,REDUCE
2024-02-02,LATENTVIEW,HOLD
2024-02-02,NUVAMA,REDUCE
2024-02-02,SBIN,HOLD
2024-02-02,TITAN,REDUCE
2024-02-02,ZENSARTECH,REDUCE
2024-02-05,3MINDIA,REDUCE
2024-02-05,ABBOTINDIA,HOLD
2024-02-05,ADANIGREEN,HOLD
2024-02-05,ANGELONE,EXIT
2024-02-05,BALKRISIND,EXIT
2024-02-05,CGPOWER,REDUCE
2024-02-05,DELHIVERY,HOLD
2024-02-05,FACT,REDUCE
2024-02-05,MAZDOCK,REDUCE
2024-02-05,MPHASIS,REDUCE
2024-02-05,PATANJALI,REDUCE
2024-02-05,SAMMAANCAP,REDUCE
2024-02-05,SHREECEM,REDUCE
2024-02-05,SPLPETRO,HOLD
2024-02-05,SYRMA,EXIT
2024-02-05,TITAGARH,REDUCE
2024-02-05,ZFCVINDIA,EXIT
2024-02-06,AFFLE,REDUCE
2024-02-06,BSE,HOLD
2024-02-06,BRITANNIA,REDUCE
2024-02-06,CYIENT,HOLD
2024-02-06,DCMSHRIRAM,REDUCE
2024-02-06,FACT,HOLD
2024-02-06,GRASIM,REDUCE
2024-02-06,KALYANKJIL,EXIT
2024-02-06,PATANJALI,HOLD
2024-02-06,RPOWER,EXIT
2024-02-06,TIMKEN,REDUCE
2024-02-06,TIINDIA,REDUCE
2024-02-07,360ONE,HOLD
2024-02-07,FACT,REDUCE
2024-02-07,KPITTECH,HOLD
2024-02-07,THERMAX,HOLD
2024-02-07,TIMKEN,EXIT
2024-02-08,ALKEM,HOLD
2024-02-08,HOMEFIRST,HOLD
2024-02-08,HONASA,REDUCE
2024-02-08,NAUKRI,HOLD
2024-02-08,IPCALAB,HOLD
2024-02-08,RPOWER,HOLD
2024-02-08,SAMMAANCAP,HOLD
2024-02-08,UNOMINDA,REDUCE
2024-02-08,UBL,REDUCE
2024-02-08,VIJAYA,HOLD
2024-02-08,ECLERX,REDUCE
2024-02-09,AFFLE,EXIT
2024-02-09,BEML,EXIT
2024-02-09,CHOLAFIN,EXIT
2024-02-09,GLENMARK,REDUCE
2024-02-09,GMDCLTD,REDUCE
2024-02-09,ICICIGI,HOLD
2024-02-09,KEC,HOLD
2024-02-09,RVNL,EXIT
2024-02-09,SARDAEN,EXIT
2024-02-09,SCI,EXIT
2024-02-09,TEGA,REDUCE
2024-02-09,RAMCOCEM,EXIT
2024-02-09,TIINDIA,EXIT
2024-02-09,VIJAYA,REDUCE
2024-02-12,ABSLAMC,REDUCE
2024-02-12,AMBER,EXIT
2024-02-12,BANKINDIA,EXIT
2024-02-12,MAHABANK,EXIT
2024-02-12,BDL,EXIT
2024-02-12,BHARATFORG,REDUCE
2024-02-12,CENTRALBK,EXIT
2024-02-12,DRREDDY,HOLD
2024-02-12,ENDURANCE,EXIT
2024-02-12,ENGINERSIN,EXIT
2024-02-12,GABRIEL,EXIT
2024-02-12,GRSE,EXIT
2024-02-12,GICRE,EXIT
2024-02-12,GMDCLTD,EXIT
2024-02-12,HOMEFIRST,REDUCE
2024-02-12,ITI,EXIT
2024-02-12,IOB,EXIT
2024-02-12,JWL,EXIT
2024-02-12,MMTC,EXIT
2024-02-12,MPHASIS,HOLD
2024-02-12,NBCC,EXIT
2024-02-12,NHPC,EXIT
2024-02-12,NLCINDIA,EXIT
2024-02-12,NEWGEN,EXIT
2024-02-12,PPLPHARMA,REDUCE
2024-02-12,RBLBANK,EXIT
2024-02-12,RAILTEL,EXIT
2024-02-12,RPOWER,EXIT
2024-02-12,SJVN,EXIT
2024-02-12,SAMMAANCAP,EXIT
2024-02-12,SAIL,EXIT
2024-02-12,TEGA,HOLD
2024-02-12,NIACL,EXIT
2024-02-12,UCOBANK,EXIT
2024-02-12,WELCORP,REDUCE
2024-02-13,3MINDIA,EXIT
2024-02-13,ABREL,REDUCE
2024-02-13,BHARATFORG,EXIT
2024-02-13,CYIENT,REDUCE
2024-02-13,EMAMILTD,EXIT
2024-02-13,GRAPHITE,REDUCE
2024-02-13,HEG,EXIT
2024-02-13,JUBLINGREA,HOLD
2024-02-13,KALYANKJIL,HOLD
2024-02-13,PATANJALI,REDUCE
2024-02-13,PRESTIGE,EXIT
2024-02-13,TECHNOE,REDUCE
2024-02-13,ZENSARTECH,EXIT
2024-02-14,ABREL,HOLD
2024-02-14,BAJAJFINSV,EXIT
2024-02-14,BANKINDIA,HOLD
2024-02-14,MAHABANK,HOLD
2024-02-14,CENTRALBK,HOLD
2024-02-14,FACT,EXIT
2024-02-14,GRASIM,REDUCE
2024-02-14,GESHIP,REDUCE
2024-02-14,HINDCOPPER,REDUCE
2024-02-14,LT,REDUCE
2024-02-14,MPHASIS,REDUCE
2024-02-14,SOLARINDS,HOLD
2024-02-14,TATATECH,REDUCE
2024-02-14,IDEA,HOLD
2024-02-14,ECLERX,EXIT
2024-02-15,BSE,REDUCE
2024-02-15,BDL,HOLD
2024-02-15,FORCEMOT,HOLD
2024-02-15,GICRE,HOLD
2024-02-15,GLAND,REDUCE
2024-02-15,HINDCOPPER,HOLD
2024-02-15,MPHASIS,HOLD
2024-02-15,NHPC,HOLD
2024-02-15,PATANJALI,HOLD
2024-02-15,RAILTEL,HOLD
2024-02-15,TITAGARH,EXIT
2024-02-15,UCOBANK,HOLD
2024-02-15,UNOMINDA,EXIT
2024-02-15,ULTRACEMCO,REDUCE
2024-02-15,USHAMART,REDUCE
2024-02-16,ABFRL,REDUCE
2024-02-16,AMBER,HOLD
2024-02-16,GLAND,HOLD
2024-02-16,GLENMARK,HOLD
2024-02-16,GRAPHITE,HOLD
2024-02-16,IOB,HOLD
2024-02-16,M&M,HOLD
2024-02-16,NLCINDIA,HOLD
2024-02-16,SONACOMS,HOLD
2024-02-16,SAIL,HOLD
2024-02-16,TECHNOE,HOLD
2024-02-16,USHAMART,EXIT
2024-02-20,CYIENT,EXIT
2024-02-20,HINDCOPPER,EXIT
2024-02-20,PNBHOUSING,EXIT
2024-02-20,NIACL,HOLD
2024-02-20,YESBANK,EXIT
2024-02-21,CRISIL,HOLD
2024-02-21,CAMS,HOLD
2024-02-21,CREDITACC,EXIT
2024-02-21,DCMSHRIRAM,EXIT
2024-02-21,GRAPHITE,REDUCE
2024-02-21,JWL,HOLD
2024-02-21,MMTC,HOLD
2024-02-21,MARUTI,HOLD
2024-02-21,SAREGAMA,HOLD
2024-02-21,SCI,HOLD
2024-02-21,SOLARINDS,REDUCE
2024-02-21,TECHNOE,REDUCE
2024-02-21,ULTRACEMCO,HOLD
2024-02-22,ABB,HOLD
2024-02-22,AIAENG,EXIT
2024-02-22,GLAND,REDUCE
2024-02-22,GRAPHITE,HOLD
2024-02-22,KEI,REDUCE
2024-02-22,MMTC,EXIT
2024-02-22,RADICO,REDUCE
2024-02-22,SOLARINDS,HOLD
2024-02-22,TRITURBINE,HOLD
2024-02-22,ULTRACEMCO,REDUCE
2024-02-22,VIJAYA,HOLD
2024-02-23,HINDCOPPER,HOLD
2024-02-23,IOB,EXIT
2024-02-23,JPPOWER,EXIT
2024-02-23,JUBLINGREA,REDUCE
2024-02-23,NBCC,HOLD
2024-02-23,SAMMAANCAP,HOLD
2024-02-26,ABSLAMC,HOLD
2024-02-26,AMBER,EXIT
2024-02-26,APTUS,REDUCE
2024-02-26,CHAMBLFERT,REDUCE
2024-02-26,GESHIP,HOLD
2024-02-26,KEI,HOLD
2024-02-26,NBCC,EXIT
2024-02-26,NLCINDIA,EXIT
2024-02-26,NEWGEN,HOLD
2024-02-26,PFC,REDUCE
2024-02-26,RVNL,HOLD
2024-02-26,TECHM,REDUCE
2024-02-26,UCOBANK,EXIT
2024-02-27,ALKEM,REDUCE
2024-02-27,DATAPATTNS,HOLD
2024-02-27,ELECON,REDUCE
2024-02-27,HINDCOPPER,EXIT
2024-02-27,MUTHOOTFIN,EXIT
2024-02-27,RECLTD,REDUCE
2024-02-27,SCI,EXIT
2024-02-27,TATACOMM,HOLD
2024-02-28,ASHOKLEY,EXIT
2024-02-28,ASTRAL,HOLD
2024-02-28,BAYERCROP,REDUCE
2024-02-28,CESC,REDUCE
2024-02-28,CENTRALBK,EXIT
2024-02-28,LALPATHLAB,EXIT
2024-02-28,GLAND,EXIT
2024-02-28,HAVELLS,HOLD
2024-02-28,INDIACEM,EXIT
2024-02-28,LTF,REDUCE
2024-02-28,MANAPPURAM,REDUCE
2024-02-28,MRPL,EXIT
2024-02-28,PARADEEP,REDUCE
2024-02-28,PATANJALI,REDUCE
2024-02-28,PFC,EXIT
2024-02-28,RECLTD,EXIT
2024-02-28,RVNL,EXIT
2024-02-28,SAMMAANCAP,REDUCE
2024-02-28,SHREECEM,EXIT
2024-02-28,SAIL,EXIT
2024-02-28,NIACL,EXIT
2024-02-28,TRIDENT,EXIT
2024-02-28,IDEA,EXIT
2024-02-29,ALKEM,HOLD
2024-02-29,APTUS,HOLD
2024-02-29,ELECON,HOLD
2024-02-29,FORTIS,REDUCE
2024-02-29,GILLETTE,HOLD
2024-02-29,GRASIM,REDUCE
2024-02-29,HOMEFIRST,EXIT
2024-02-29,JMFINANCIL,EXIT
2024-02-29,LTTS,REDUCE
2024-02-29,MANKIND,HOLD
2024-02-29,MPHASIS,REDUCE
2024-02-29,SBILIFE,REDUCE
2024-02-29,SOLARINDS,REDUCE
2024-02-29,TECHM,REDUCE
2024-02-29,VIJAYA,REDUCE
2024-03-01,APTUS,REDUCE
2024-03-01,GRASIM,HOLD
2024-03-01,HINDCOPPER,HOLD
2024-03-01,PARADEEP,HOLD
2024-03-01,POONAWALLA,REDUCE
2024-03-01,SAPPHIRE,HOLD
2024-03-04,AUROPHARMA,HOLD
2024-03-04,FORTIS,EXIT
2024-03-04,MEDANTA,EXIT
2024-03-04,FLUOROCHEM,REDUCE
2024-03-04,ICICIBANK,REDUCE
2024-03-04,NAUKRI,REDUCE
2024-03-04,KPITTECH,REDUCE
2024-03-04,LTF,HOLD
2024-03-04,MANAPPURAM,HOLD
2024-03-04,PARADEEP,REDUCE
2024-03-04,RECLTD,HOLD
2024-03-04,RAINBOW,EXIT
2024-03-04,SAIL,HOLD
2024-03-04,TEGA,REDUCE
2024-03-04,NIACL,HOLD
2024-03-05,BSOFT,REDUCE
2024-03-05,COFORGE,REDUCE
2024-03-05,ENGINERSIN,HOLD
2024-03-05,FLUOROCHEM,HOLD
2024-03-05,ICICIBANK,HOLD
2024-03-05,IIFL,EXIT
2024-03-05,INFY,REDUCE
2024-03-05,INOXWIND,EXIT
2024-03-05,NSLNISP,EXIT
2024-03-05,NH,REDUCE
2024-03-05,PCBL,EXIT
2024-03-05,SAREGAMA,EXIT
2024-03-05,SOLARINDS,HOLD
2024-03-05,SUZLON,EXIT
2024-03-06,AUROPHARMA,REDUCE
2024-03-06,BLS,EXIT
2024-03-06,CAPLIPOINT,REDUCE
2024-03-06,CENTRALBK,HOLD
2024-03-06,DOMS,REDUCE
2024-03-06,ELECON,REDUCE
2024-03-06,GICRE,EXIT
2024-03-06,GILLETTE,REDUCE
2024-03-06,GLAXO,EXIT
2024-03-06,JBMA,EXIT
2024-03-06,LTF,REDUCE
2024-03-06,MGL,EXIT
2024-03-06,MANAPPURAM,REDUCE
2024-03-06,MRPL,HOLD
2024-03-06,UCOBANK,HOLD
2024-03-06,UTIAMC,REDUCE
2024-03-07,BRIGADE,REDUCE
2024-03-07,CHAMBLFERT,HOLD
2024-03-07,FLUOROCHEM,REDUCE
2024-03-07,JBCHEPHARM,REDUCE
2024-03-07,KIMS,REDUCE
2024-03-07,LT,REDUCE
2024-03-07,NSLNISP,HOLD
2024-03-07,NH,EXIT
2024-03-07,NESTLEIND,REDUCE
2024-03-07,NAM-INDIA,REDUCE
2024-03-07,PIDILITIND,HOLD
2024-03-07,PFC,HOLD
2024-03-07,SBILIFE,REDUCE
2024-03-07,TATACHEM,HOLD
2024-03-07,NIACL,EXIT
2024-03-07,TITAN,REDUCE
2024-03-07,UCOBANK,EXIT
2024-03-11,ABFRL,EXIT
2024-03-11,BRIGADE,EXIT
2024-03-11,CENTRALBK,EXIT
2024-03-11,ENGINERSIN,EXIT
2024-03-11,FSL,REDUCE
2024-03-11,HFCL,EXIT
2024-03-11,HSCL,EXIT
2024-03-11,IRB,EXIT
2024-03-11,JUBLPHARMA,REDUCE
2024-03-11,KARURVYSYA,REDUCE
2024-03-11,LATENTVIEW,REDUCE
2024-03-11,MRPL,EXIT
2024-03-11,NSLNISP,EXIT
2024-03-11,NEULANDLAB,EXIT
2024-03-11,NEWGEN,EXIT
2024-03-11,NAM-INDIA,HOLD
2024-03-11,PFIZER,REDUCE
2024-03-11,SBILIFE,HOLD
2024-03-11,SAMMAANCAP,EXIT
2024-03-11,SHYAMMETL,EXIT
2024-03-12,AARTIIND,REDUCE
2024-03-12,ALKEM,REDUCE
2024-03-12,ASTERDM,REDUCE
2024-03-12,BSE,EXIT
2024-03-12,BDL,REDUCE
2024-03-12,CESC,EXIT
2024-03-12,CAPLIPOINT,EXIT
2024-03-12,CHAMBLFERT,REDUCE
2024-03-12,DATAPATTNS,EXIT
2024-03-12,DEEPAKNTR,EXIT
2024-03-12,EIDPARRY,REDUCE
2024-03-12,ELECON,EXIT
2024-03-12,GESHIP,REDUCE
2024-03-12,J&KBANK,REDUCE
2024-03-12,JUBLINGREA,EXIT
2024-03-12,JWL,EXIT
2024-03-12,KPITTECH,EXIT
2024-03-12,KFINTECH,EXIT
2024-03-12,NHPC,EXIT
2024-03-12,OLECTRA,EXIT
2024-03-12,PATANJALI,EXIT
2024-03-12,POONAWALLA,HOLD
2024-03-12,RAILTEL,EXIT
2024-03-12,SWANCORP,EXIT
2024-03-12,TECHNOE,EXIT
2024-03-13,ACE,EXIT
2024-03-13,ADANIPOWER,REDUCE
2024-03-13,ABREL,EXIT
2024-03-13,ABSLAMC,REDUCE
2024-03-13,ARE&M,REDUCE
2024-03-13,ANANTRAJ,EXIT
2024-03-13,APTUS,EXIT
2024-03-13,BANKINDIA,EXIT
2024-03-13,MAHABANK,EXIT
2024-03-13,BAYERCROP,EXIT
2024-03-13,BDL,EXIT
2024-03-13,BHEL,EXIT
2024-03-13,BIOCON,EXIT
2024-03-13,BSOFT,EXIT
2024-03-13,BBTC,REDUCE
2024-03-13,CDSL,EXIT
2024-03-13,CHALET,EXIT
2024-03-13,CHENNPETRO,EXIT
2024-03-13,CHOICEIN,EXIT
2024-03-13,COCHINSHIP,EXIT
2024-03-13,EIDPARRY,EXIT
2024-03-13,EXIDEIND,REDUCE
2024-03-13,GMRAIRPORT,EXIT
2024-03-13,GODFRYPHLP,EXIT
2024-03-13,GODREJIND,EXIT
2024-03-13,FLUOROCHEM,EXIT
2024-03-13,GSPL,EXIT
2024-03-13,HINDCOPPER,EXIT
2024-03-13,HINDPETRO,EXIT
2024-03-13,HUDCO,EXIT
2024-03-13,IDBI,EXIT
2024-03-13,IOC,EXIT
2024-03-13,IRCTC,REDUCE
2024-03-13,JKTYRE,EXIT
2024-03-13,J&KBANK,EXIT
2024-03-13,KEI,REDUCE
2024-03-13,LTF,EXIT
2024-03-13,LATENTVIEW,EXIT
2024-03-13,LICI,EXIT
2024-03-13,LINDEINDIA,HOLD
2024-03-13,LODHA,EXIT
2024-03-13,MANAPPURAM,EXIT
2024-03-13,MSUMI,EXIT
2024-03-13,MPHASIS,EXIT
2024-03-13,MCX,EXIT
2024-03-13,NCC,EXIT
2024-03-13,NMDC,EXIT
2024-03-13,NATIONALUM,EXIT
2024-03-13,NAVA,EXIT
2024-03-13,NAM-INDIA,EXIT
2024-03-13,PARADEEP,EXIT
2024-03-13,PPLPHARMA,EXIT
2024-03-13,RITES,EXIT
2024-03-13,RKFORGE,EXIT
2024-03-13,SAPPHIRE,EXIT
2024-03-13,SAIL,EXIT
2024-03-13,SPLPETRO,EXIT
2024-03-13,TATACHEM,EXIT
2024-03-13,VEDL,REDUCE
2024-03-13,WELCORP,EXIT
2024-03-14,AXISBANK,REDUCE
2024-03-14,BIKAJI,EXIT
2024-03-14,CGPOWER,HOLD
2024-03-14,CHOLAHLDNG,REDUCE
2024-03-14,CONCOR,REDUCE
2024-03-14,GALLANTT,EXIT
2024-03-14,KARURVYSYA,HOLD
2024-03-14,KAYNES,EXIT
2024-03-14,MINDACORP,REDUCE
2024-03-14,TECHM,REDUCE
2024-03-15,ACE,HOLD
2024-03-15,MAHABANK,HOLD
2024-03-15,EICHERMOT,REDUCE
2024-03-15,FINCABLES,EXIT
2024-03-15,GESHIP,HOLD
2024-03-15,HUDCO,HOLD
2024-03-15,JSWSTEEL,EXIT
2024-03-15,LTTS,HOLD
2024-03-15,NCC,HOLD
2024-03-15,PFC,EXIT
2024-03-15,TVSMOTOR,REDUCE
2024-03-15,TATACHEM,HOLD
2024-03-18,AJANTPHARM,REDUCE
2024-03-18,APOLLOTYRE,EXIT
2024-03-18,COCHINSHIP,HOLD
2024-03-18,CONCOR,EXIT
2024-03-18,GILLETTE,HOLD
2024-03-18,GRANULES,REDUCE
2024-03-18,IDBI,HOLD
2024-03-18,LEMONTREE,REDUCE
2024-03-18,NESTLEIND,REDUCE
2024-03-18,ULTRACEMCO,REDUCE
2024-03-18,VEDL,HOLD
2024-03-19,BAJAJHLDNG,REDUCE
2024-03-19,BPCL,EXIT
2024-03-19,BRITANNIA,EXIT
2024-03-19,CHENNPETRO,HOLD
2024-03-19,COFORGE,EXIT
2024-03-19,INDUSINDBK,EXIT
2024-03-19,KEI,HOLD
2024-03-19,MANKIND,REDUCE
2024-03-19,MFSL,HOLD
2024-03-19,NCC,EXIT
2024-03-19,RECLTD,EXIT
2024-03-19,SAPPHIRE,HOLD
2024-03-19,TEGA,HOLD
2024-03-19,VEDL,REDUCE
2024-03-20,ASTRAL,EXIT
2024-03-20,DMART,HOLD
2024-03-20,CEATLTD,EXIT
2024-03-20,CHOLAHLDNG,EXIT
2024-03-20,ELGIEQUIP,EXIT
2024-03-20,GODREJPROP,REDUCE
2024-03-20,HINDALCO,EXIT
2024-03-20,HUDCO,EXIT
2024-03-20,IDBI,EXIT
2024-03-20,IFCI,EXIT
2024-03-20,INDIANB,EXIT
2024-03-20,IRFC,EXIT
2024-03-20,KPRMILL,HOLD
2024-03-20,LTTS,REDUCE
2024-03-20,LICHSGFIN,REDUCE
2024-03-20,MRF,REDUCE
2024-03-20,NTPC,REDUCE
2024-03-20,SCHNEIDER,EXIT
2024-03-20,SOBHA,EXIT
2024-03-20,TATACHEM,EXIT
2024-03-20,TATACONSUM,REDUCE
2024-03-21,AARTIIND,HOLD
2024-03-21,ABREL,HOLD
2024-03-21,BPCL,HOLD
2024-03-21,CHALET,HOLD
2024-03-21,INFY,REDUCE
2024-03-21,KPIL,HOLD
2024-03-21,LTTS,HOLD
2024-03-21,MAXHEALTH,EXIT
2024-03-21,MAZDOCK,EXIT
2024-03-21,TATAINVEST,EXIT
2024-03-21,TECHM,REDUCE
2024-03-21,TITAN,REDUCE
2024-03-21,TARIL,REDUCE
2024-03-21,VEDL,HOLD
2024-03-22,360ONE,REDUCE
2024-03-22,ASTRAL,HOLD
2024-03-22,BANKINDIA,HOLD
2024-03-22,BHEL,HOLD
2024-03-22,HEG,HOLD
2024-03-22,HUDCO,HOLD
2024-03-22,IOC,HOLD
2024-03-22,JKCEMENT,REDUCE
2024-03-22,LODHA,HOLD
2024-03-22,MANKIND,HOLD
2024-03-22,NCC,HOLD
2024-03-22,PHOENIXLTD,REDUCE
2024-03-22,POONAWALLA,REDUCE
2024-03-22,SRF,HOLD
2024-03-22,SONATSOFTW,EXIT
2024-03-22,SAIL,HOLD
2024-03-22,TARIL,HOLD
2024-03-22,ZENSARTECH,HOLD
2024-03-26,360ONE,EXIT
2024-03-26,AJANTPHARM,HOLD
2024-03-26,CHOLAHLDNG,HOLD
2024-03-26,MEDANTA,HOLD
2024-03-26,GRANULES,HOLD
2024-03-26,NTPC,HOLD
2024-03-26,NATIONALUM,HOLD
2024-03-26,NAVA,HOLD
2024-03-26,NEULANDLAB,HOLD
2024-03-26,POLYMED,HOLD
2024-03-26,SOBHA,HOLD
2024-03-26,SWANCORP,HOLD
2024-03-26,TVSMOTOR,HOLD
2024-03-27,ADANIENT,REDUCE
2024-03-27,ASTERDM,EXIT
2024-03-27,FSL,HOLD
2024-03-27,GVT&D,EXIT
2024-03-27,GILLETTE,REDUCE
2024-03-27,HINDCOPPER,HOLD
2024-03-27,NAUKRI,HOLD
2024-03-27,MAXHEALTH,REDUCE
2024-03-27,MINDACORP,HOLD
2024-03-27,PHOENIXLTD,HOLD
2024-03-28,AIAENG,HOLD
2024-03-28,ADANIENT,HOLD
2024-03-28,BSE,HOLD
2024-03-28,INDIANB,HOLD
2024-03-28,JWL,HOLD
2024-03-28,MAXHEALTH,HOLD
2024-03-28,NHPC,HOLD
2024-03-28,OLECTRA,HOLD
2024-03-28,RADICO,HOLD
2024-04-01,CHOICEIN,HOLD
2024-04-01,GVT&D,HOLD
2024-04-01,GODREJPROP,HOLD
2024-04-01,GSPL,HOLD
2024-04-01,HCLTECH,REDUCE
2024-04-01,JKCEMENT,HOLD
2024-04-01,JSWSTEEL,REDUCE
2024-04-01,JINDALSAW,EXIT
2024-04-01,LICHSGFIN,HOLD
2024-04-01,LATENTVIEW,HOLD
2024-04-01,RAINBOW,HOLD
2024-04-01,TCS,REDUCE
2024-04-02,360ONE,HOLD
2024-04-02,ADANIPOWER,HOLD
2024-04-02,CENTRALBK,HOLD
2024-04-02,DATAPATTNS,HOLD
2024-04-02,GODFRYPHLP,HOLD
2024-04-02,IRB,HOLD
2024-04-02,IRCTC,HOLD
2024-04-02,JSWSTEEL,HOLD
2024-04-02,JUBLPHARMA,HOLD
2024-04-02,KFINTECH,HOLD
2024-04-02,LICI,HOLD
2024-04-02,MANAPPURAM,HOLD
2024-04-02,MSUMI,HOLD
2024-04-02,MCX,HOLD
2024-04-02,MUTHOOTFIN,HOLD
2024-04-02,NSLNISP,HOLD
2024-04-02,RECLTD,HOLD
2024-04-02,SBILIFE,REDUCE
2024-04-02,SPLPETRO,HOLD
2024-04-02,USHAMART,HOLD
2024-04-02,WELCORP,HOLD
2024-04-02,WIPRO,REDUCE
2024-04-03,ABBOTINDIA,REDUCE
2024-04-03,ABCAPITAL,HOLD
2024-04-03,CANFINHOME,HOLD
2024-04-03,LEMONTREE,HOLD
2024-04-03,MRPL,HOLD
2024-04-03,RVNL,HOLD
2024-04-03,SJVN,HOLD
2024-04-03,TECHNOE,HOLD
2024-04-04,BEML,HOLD
2024-04-04,EICHERMOT,HOLD
2024-04-04,ERIS,EXIT
2024-04-04,GALLANTT,HOLD
2024-04-04,GRAVITA,HOLD
2024-04-04,HEROMOTOCO,REDUCE
2024-04-04,IDBI,HOLD
2024-04-04,INOXWIND,HOLD
2024-04-04,LAURUSLABS,HOLD
2024-04-04,PERSISTENT,REDUCE
2024-04-04,PFC,HOLD
2024-04-04,RPOWER,HOLD
2024-04-04,TVSMOTOR,REDUCE
2024-04-04,TORNTPHARM,REDUCE
2024-04-05,CUB,HOLD
2024-04-05,ELGIEQUIP,HOLD
2024-04-05,HINDZINC,HOLD
2024-04-05,INOXWIND,EXIT
2024-04-05,JBCHEPHARM,HOLD
2024-04-05,UTIAMC,HOLD
2024-04-08,AJANTPHARM,REDUCE
2024-04-08,APOLLOHOSP,REDUCE
2024-04-08,EXIDEIND,HOLD
2024-04-08,HDFCAMC,REDUCE
2024-04-08,HEROMOTOCO,HOLD
2024-04-08,MGL,HOLD
2024-04-08,NEULANDLAB,EXIT
2024-04-08,PFC,REDUCE
2024-04-08,RECLTD,REDUCE
2024-04-08,TORNTPHARM,HOLD
2024-04-08,UNOMINDA,HOLD
2024-04-09,ANANTRAJ,HOLD
2024-04-09,ASTERDM,HOLD
2024-04-09,CONCOR,HOLD
2024-04-09,FEDERALBNK,HOLD
2024-04-09,GRANULES,REDUCE
2024-04-09,HEROMOTOCO,REDUCE
2024-04-09,HINDALCO,REDUCE
2024-04-09,ICICIPRULI,HOLD
2024-04-09,IEX,HOLD
2024-04-09,INOXWIND,HOLD
2024-04-09,MRPL,EXIT
2024-04-09,NMDC,HOLD
2024-04-09,PIIND,HOLD
2024-04-09,SBILIFE,HOLD
2024-04-09,SPLPETRO,EXIT
2024-04-09,TORNTPHARM,REDUCE
2024-04-10,CESC,HOLD
2024-04-10,CIPLA,REDUCE
2024-04-10,DRREDDY,REDUCE
2024-04-10,NYKAA,HOLD
2024-04-10,GMRAIRPORT,HOLD
2024-04-10,IREDA,REDUCE
2024-04-10,NAM-INDIA,HOLD
2024-04-10,OBEROIRLTY,HOLD
2024-04-10,RVNL,EXIT
2024-04-10,TATACHEM,HOLD
2024-04-10,WELSPUNLIV,HOLD
2024-04-12,ACC,REDUCE
2024-04-12,CHOLAHLDNG,REDUCE
2024-04-12,GODFRYPHLP,EXIT
2024-04-12,GODREJCP,REDUCE
2024-04-12,GESHIP,REDUCE
2024-04-12,INTELLECT,EXIT
2024-04-12,JUBLINGREA,HOLD
2024-04-12,RPOWER,EXIT
2024-04-12,SWANCORP,REDUCE
2024-04-15,AIAENG,REDUCE
2024-04-15,ADANIENT,REDUCE
2024-04-15,ABSLAMC,HOLD
2024-04-15,CANFINHOME,REDUCE
2024-04-15,CENTRALBK,EXIT
2024-04-15,CDSL,HOLD
2024-04-15,GMRAIRPORT,REDUCE
2024-04-15,HINDALCO,HOLD
2024-04-15,IDBI,REDUCE
2024-04-15,IRCON,REDUCE
2024-04-15,INFY,EXIT
2024-04-15,JKCEMENT,REDUCE
2024-04-15,JWL,REDUCE
2024-04-15,KFINTECH,EXIT
2024-04-15,KIMS,EXIT
2024-04-15,NHPC,REDUCE
2024-04-15,NEULANDLAB,HOLD
2024-04-15,OLECTRA,EXIT
2024-04-15,SBILIFE,REDUCE
2024-04-15,SJVN,EXIT
2024-04-15,SWANCORP,EXIT
2024-04-15,TATACHEM,EXIT
2024-04-15,TECHM,EXIT
2024-04-15,UNIONBANK,REDUCE
2024-04-15,WELSPUNLIV,REDUCE
2024-04-15,WIPRO,EXIT
2024-04-16,BANKINDIA,REDUCE
2024-04-16,BDL,HOLD
2024-04-16,CANFINHOME,EXIT
2024-04-16,CHAMBLFERT,HOLD
2024-04-16,ELGIEQUIP,REDUCE
2024-04-16,GRAVITA,EXIT
2024-04-16,HDFCAMC,HOLD
2024-04-16,LTTS,REDUCE
2024-04-16,LT,REDUCE
2024-04-16,MINDACORP,REDUCE
2024-04-16,NHPC,HOLD
2024-04-16,NAVA,REDUCE
2024-04-16,SHRIRAMFIN,REDUCE
2024-04-16,VIJAYA,HOLD
2024-04-16,WELCORP,REDUCE
2024-04-18,AXISBANK,EXIT
2024-04-18,DELHIVERY,REDUCE
2024-04-18,FSL,REDUCE
2024-04-18,GESHIP,HOLD
2024-04-18,INDIANB,REDUCE
2024-04-18,LEMONTREE,REDUCE
2024-04-18,LICI,REDUCE
2024-04-18,MGL,REDUCE
2024-04-18,MAXHEALTH,REDUCE
2024-04-18,NHPC,REDUCE
2024-04-18,POONAWALLA,HOLD
2024-04-18,RECLTD,EXIT
2024-04-18,SAREGAMA,HOLD
2024-04-19,ALKEM,EXIT
2024-04-19,ASTRAL,REDUCE
2024-04-19,BANKBARODA,REDUCE
2024-04-19,BBTC,EXIT
2024-04-19,CRISIL,EXIT
2024-04-19,CARBORUNIV,HOLD
2024-04-19,CHOLAHLDNG,EXIT
2024-04-19,CONCOR,REDUCE
2024-04-19,HONAUT,HOLD
2024-04-19,LUPIN,REDUCE
2024-04-19,OFSS,EXIT
2024-04-19,TVSMOTOR,EXIT
2024-04-19,TATACOMM,EXIT
2024-04-22,BAJFINANCE,REDUCE
2024-04-22,ELECON,HOLD
2024-04-22,GSPL,EXIT
2024-04-22,HDFCAMC,REDUCE
2024-04-22,LT,HOLD
2024-04-22,MAXHEALTH,EXIT
2024-04-22,PERSISTENT,EXIT
2024-04-22,POLYMED,REDUCE
2024-04-23,ABFRL,HOLD
2024-04-23,AUROPHARMA,HOLD
2024-04-23,BANKINDIA,HOLD
2024-04-23,BPCL,REDUCE
2024-04-23,COALINDIA,REDUCE
2024-04-23,DEEPAKNTR,HOLD
2024-04-23,IOC,REDUCE
2024-04-23,LATENTVIEW,REDUCE
2024-04-23,POLYCAB,HOLD
2024-04-23,PRESTIGE,HOLD
2024-04-23,RELIANCE,REDUCE
2024-04-23,SAPPHIRE,EXIT
2024-04-23,SIGNATURE,REDUCE
2024-04-23,SUNPHARMA,REDUCE
2024-04-23,UBL,HOLD
2024-04-23,WELSPUNLIV,HOLD
2024-04-23,ZENSARTECH,REDUCE
2024-04-24,CONCOR,HOLD
2024-04-24,GRSE,HOLD
2024-04-24,GODFRYPHLP,HOLD
2024-04-24,IRCON,HOLD
2024-04-24,MAZDOCK,HOLD
2024-04-24,TORNTPHARM,HOLD
2024-04-25,ADANIGREEN,REDUCE
2024-04-25,ASTRAL,HOLD
2024-04-25,AXISBANK,REDUCE
2024-04-25,BANKBARODA,HOLD
2024-04-25,FSL,HOLD
2024-04-25,JINDALSAW,HOLD
2024-04-25,JWL,HOLD
2024-04-25,MRPL,HOLD
2024-04-26,AXISBANK,HOLD
2024-04-26,BAJFINANCE,EXIT
2024-04-26,EIDPARRY,HOLD
2024-04-26,FLUOROCHEM,HOLD
2024-04-26,ITC,REDUCE
2024-04-26,IGL,HOLD
2024-04-26,LTTS,EXIT
2024-04-26,LEMONTREE,HOLD
2024-04-26,POLYMED,HOLD
2024-04-26,SHRIRAMFIN,HOLD
2024-04-26,SPLPETRO,HOLD
2024-04-26,ZENSARTECH,HOLD
2024-04-29,AIAENG,EXIT
2024-04-29,BIOCON,HOLD
2024-04-29,HCLTECH,EXIT
2024-04-29,INTELLECT,HOLD
2024-04-29,MFSL,REDUCE
2024-04-29,RKFORGE,HOLD
2024-04-29,SONACOMS,REDUCE
2024-04-29,SUNTV,HOLD
2024-04-29,UNIONBANK,HOLD
2024-04-30,ASTERDM,REDUCE
2024-04-30,CENTRALBK,HOLD
2024-04-30,ENDURANCE,HOLD
2024-04-30,ENGINERSIN,HOLD
2024-04-30,GODREJIND,HOLD
2024-04-30,HDFCAMC,HOLD
2024-04-30,IDBI,HOLD
2024-04-30,ITC,EXIT
2024-04-30,INDIANB,HOLD
2024-04-30,NHPC,HOLD
2024-04-30,NEWGEN,HOLD
2024-04-30,PPLPHARMA,HOLD
2024-04-30,RVNL,HOLD
2024-04-30,TIINDIA,HOLD
2024-04-30,WELSPUNLIV,REDUCE
2024-05-02,BHARATFORG,HOLD
2024-05-02,BPCL,HOLD
2024-05-02,ELGIEQUIP,HOLD
2024-05-02,GABRIEL,HOLD
2024-05-02,HFCL,HOLD
2024-05-02,ITC,REDUCE
2024-05-02,KFINTECH,HOLD
2024-05-02,NAVA,HOLD
2024-05-02,PIIND,REDUCE
2024-05-02,PFC,HOLD
2024-05-02,RECLTD,HOLD
2024-05-02,RAILTEL,HOLD
2024-05-02,SJVN,HOLD
2024-05-02,TITAGARH,HOLD
2024-05-02,VTL,REDUCE
2024-05-02,WELCORP,HOLD
2024-05-03,AJANTPHARM,HOLD
2024-05-03,BRIGADE,HOLD
2024-05-03,CASTROLIND,REDUCE
2024-05-03,DLF,REDUCE
2024-05-03,ESCORTS,HOLD
2024-05-03,FORTIS,HOLD
2024-05-03,ICICIGI,REDUCE
2024-05-03,ITC,EXIT
2024-05-03,PIIND,EXIT
2024-05-03,RAILTEL,EXIT
2024-05-03,SCHAEFFLER,HOLD
2024-05-06,ADANIPORTS,REDUCE
2024-05-06,BANKBARODA,REDUCE
2024-05-06,CARTRADE,HOLD
2024-05-06,FSL,REDUCE
2024-05-06,HFCL,REDUCE
2024-05-06,KALYANKJIL,REDUCE
2024-05-06,LICHSGFIN,REDUCE
2024-05-06,LICI,EXIT
2024-05-06,LUPIN,HOLD
2024-05-06,MRF,EXIT
2024-05-06,MRPL,EXIT
2024-05-06,PNB,REDUCE
2024-05-06,RKFORGE,REDUCE
2024-05-06,SUPREMEIND,HOLD
2024-05-06,TITAN,EXIT
2024-05-06,TARIL,EXIT
2024-05-06,UNIONBANK,REDUCE
2024-05-07,AMBUJACEM,REDUCE
2024-05-07,ASTERDM,EXIT
2024-05-07,BAJAJFINSV,REDUCE
2024-05-07,BPCL,REDUCE
2024-05-07,CANBK,REDUCE
2024-05-07,CENTRALBK,EXIT
2024-05-07,CHENNPETRO,EXIT
2024-05-07,GABRIEL,EXIT
2024-05-07,GODREJCP,HOLD
2024-05-07,HFCL,EXIT
2024-05-07,ICICIGI,HOLD
2024-05-07,IDBI,REDUCE
2024-05-07,ITC,REDUCE
2024-05-07,INDIANB,REDUCE
2024-05-07,IOC,EXIT
2024-05-07,IGL,REDUCE
2024-05-07,LT,REDUCE
2024-05-07,LATENTVIEW,EXIT
2024-05-07,LUPIN,REDUCE
2024-05-07,MANKIND,REDUCE
2024-05-07,MSUMI,REDUCE
2024-05-07,NAVA,REDUCE
2024-05-07,POONAWALLA,REDUCE
2024-05-07,SJVN,EXIT
2024-05-07,SRF,REDUCE
2024-05-07,TORNTPHARM,REDUCE
2024-05-07,WELSPUNLIV,EXIT
2024-05-07,ZYDUSWELL,HOLD
2024-05-08,ASHOKLEY,HOLD
2024-05-08,BRITANNIA,HOLD
2024-05-08,COALINDIA,HOLD
2024-05-08,COROMANDEL,HOLD
2024-05-08,GILLETTE,HOLD
2024-05-08,FLUOROCHEM,EXIT
2024-05-08,HDFCAMC,REDUCE
2024-05-08,IGL,HOLD
2024-05-08,LODHA,REDUCE
2024-05-08,MANAPPURAM,REDUCE
2024-05-08,NATCOPHARM,REDUCE
2024-05-08,REDINGTON,REDUCE
2024-05-08,SRF,EXIT
2024-05-08,TORNTPOWER,EXIT
2024-05-08,WOCKPHARMA,REDUCE
2024-05-08,ZENTEC,EXIT
2024-05-09,AARTIIND,REDUCE
2024-05-09,ADANIENT,EXIT
2024-05-09,ASAHIINDIA,HOLD
2024-05-09,BEML,EXIT
2024-05-09,BSE,EXIT
2024-05-09,BAJAJFINSV,EXIT
2024-05-09,BANKINDIA,REDUCE
2024-05-09,CASTROLIND,EXIT
2024-05-09,CHALET,REDUCE
2024-05-09,CHOLAHLDNG,HOLD
2024-05-09,ELGIEQUIP,REDUCE
2024-05-09,ENGINERSIN,EXIT
2024-05-09,GALLANTT,EXIT
2024-05-09,GRANULES,EXIT
2024-05-09,GRAPHITE,EXIT
2024-05-09,HEROMOTOCO,HOLD
2024-05-09,ICICIGI,REDUCE
2024-05-09,IRCON,REDUCE
2024-05-09,ITC,EXIT
2024-05-09,IEX,REDUCE
2024-05-09,INDHOTEL,REDUCE
2024-05-09,JSWENERGY,EXIT
2024-05-09,JSWSTEEL,REDUCE
2024-05-09,MGL,EXIT
2024-05-09,MANAPPURAM,EXIT
2024-05-09,NSLNISP,EXIT
2024-05-09,ONGC,REDUCE
2024-05-09,PHOENIXLTD,REDUCE
2024-05-09,RADICO,REDUCE
2024-05-09,RVNL,EXIT
2024-05-09,RKFORGE,EXIT
2024-05-09,SHRIRAMFIN,REDUCE
2024-05-10,ELECON,REDUCE
2024-05-10,IRB,REDUCE
2024-05-10,IRCON,HOLD
2024-05-10,INOXWIND,EXIT
2024-05-10,INTELLECT,EXIT
2024-05-10,JSWSTEEL,HOLD
2024-05-10,KALYANKJIL,HOLD
2024-05-10,NCC,REDUCE
2024-05-10,SONACOMS,EXIT
2024-05-10,TEJASNET,HOLD
2024-05-13,ACE,EXIT
2024-05-13,BANKINDIA,EXIT
2024-05-13,COALINDIA,REDUCE
2024-05-13,ENGINERSIN,HOLD
2024-05-13,FSL,EXIT
2024-05-13,GALLANTT,HOLD
2024-05-13,ICICIGI,HOLD
2024-05-13,IRCON,REDUCE
2024-05-13,IGL,REDUCE
2024-05-13,JSWENERGY,HOLD
2024-05-13,LUPIN,HOLD
2024-05-13,NEULANDLAB,EXIT
2024-05-13,PHOENIXLTD,HOLD
2024-05-13,SOBHA,EXIT
2024-05-13,VTL,HOLD
2024-05-14,BEML,HOLD
2024-05-14,CHOLAHLDNG,REDUCE
2024-05-14,ELECON,HOLD
2024-05-14,GODREJIND,EXIT
2024-05-14,IRCON,HOLD
2024-05-14,IGL,HOLD
2024-05-14,LLOYDSME,HOLD
2024-05-14,LODHA,HOLD
2024-05-14,REDINGTON,HOLD
2024-05-14,SARDAEN,HOLD
2024-05-14,UNIONBANK,EXIT
2024-05-15,AARTIIND,EXIT
2024-05-15,ALKEM,HOLD
2024-05-15,CANBK,HOLD
2024-05-15,COALINDIA,HOLD
2024-05-15,GABRIEL,HOLD
2024-05-15,ICICIGI,REDUCE
2024-05-15,IRFC,HOLD
2024-05-15,MFSL,HOLD
2024-05-15,NAVA,HOLD
2024-05-15,RVNL,HOLD
2024-05-15,RAINBOW,EXIT
2024-05-15,SJVN,HOLD
2024-05-15,SOBHA,HOLD
2024-05-15,TATACONSUM,EXIT
2024-05-15,TORNTPOWER,HOLD
2024-05-16,BSE,HOLD
2024-05-16,CANBK,REDUCE
2024-05-16,CHOLAHLDNG,HOLD
2024-05-16,CROMPTON,HOLD
2024-05-16,DIVISLAB,HOLD
2024-05-16,IEX,HOLD
2024-05-16,JSL,REDUCE
2024-05-16,NCC,HOLD
2024-05-16,RADICO,HOLD
2024-05-16,TORNTPOWER,EXIT
2024-05-17,CHOLAFIN,HOLD
2024-05-17,DRREDDY,EXIT
2024-05-17,IRB,HOLD
2024-05-17,ITC,REDUCE
2024-05-17,IGL,REDUCE
2024-05-17,JSL,HOLD
2024-05-17,MAXHEALTH,REDUCE
2024-05-17,NSLNISP,HOLD
2024-05-17,NAVA,REDUCE
2024-05-17,ONGC,HOLD
2024-05-17,REDINGTON,REDUCE
2024-05-17,TARIL,HOLD
2024-05-21,ADANIPORTS,HOLD
2024-05-21,BSE,EXIT
2024-05-21,DELHIVERY,EXIT
2024-05-21,GLAXO,HOLD
2024-05-21,MEDANTA,REDUCE
2024-05-21,GMDCLTD,HOLD
2024-05-21,IFCI,HOLD
2024-05-21,ITC,EXIT
2024-05-21,INDIANB,HOLD
2024-05-21,KALYANKJIL,REDUCE
2024-05-21,MAXHEALTH,HOLD
2024-05-21,NLCINDIA,HOLD
2024-05-21,TORNTPOWER,HOLD
2024-05-21,TARIL,EXIT
2024-05-22,ACE,HOLD
2024-05-22,CUB,REDUCE
2024-05-22,GALLANTT,EXIT
2024-05-22,MEDANTA,EXIT
2024-05-22,ITC,REDUCE
2024-05-22,INOXWIND,HOLD
2024-05-22,KAYNES,HOLD
2024-05-22,MFSL,REDUCE
2024-05-22,NBCC,HOLD
2024-05-22,VTL,REDUCE
2024-05-23,AMBUJACEM,HOLD
2024-05-23,BIKAJI,HOLD
2024-05-23,GRAVITA,HOLD
2024-05-23,GMDCLTD,EXIT
2024-05-23,HEG,EXIT
2024-05-23,ITI,HOLD
2024-05-23,KPRMILL,REDUCE
2024-05-23,SUZLON,HOLD
2024-05-23,TIMKEN,HOLD
2024-05-23,ZENTEC,HOLD
2024-05-24,GLAND,HOLD
2024-05-24,HDFCBANK,REDUCE
2024-05-24,ICICIPRULI,REDUCE
2024-05-24,ITI,EXIT
2024-05-24,IGL,HOLD
2024-05-24,JBCHEPHARM,REDUCE
2024-05-24,JPPOWER,HOLD
2024-05-24,LUPIN,REDUCE
2024-05-24,MAXHEALTH,REDUCE
2024-05-24,NLCINDIA,EXIT
2024-05-24,SCI,HOLD
2024-05-24,ULTRACEMCO,HOLD
2024-05-27,ACE,REDUCE
2024-05-27,ASTERDM,HOLD
2024-05-27,CHENNPETRO,HOLD
2024-05-27,COLPAL,REDUCE
2024-05-27,EIHOTEL,REDUCE
2024-05-27,ITC,EXIT
2024-05-27,JBCHEPHARM,HOLD
2024-05-27,MAXHEALTH,HOLD
2024-05-27,NETWEB,HOLD
2024-05-27,RADICO,REDUCE
2024-05-27,IDEA,HOLD
2024-05-27,ZENTEC,REDUCE
2024-05-28,CHALET,EXIT
2024-05-28,NYKAA,REDUCE
2024-05-28,GMRAIRPORT,HOLD
2024-05-28,GLAND,EXIT
2024-05-28,HDFCAMC,HOLD
2024-05-28,HSCL,HOLD
2024-05-28,HINDPETRO,HOLD
2024-05-28,IFCI,EXIT
2024-05-28,IOB,HOLD
2024-05-28,JBMA,HOLD
2024-05-28,JPPOWER,EXIT
2024-05-28,LEMONTREE,REDUCE
2024-05-28,MAXHEALTH,REDUCE
2024-05-28,NBCC,EXIT
2024-05-28,NSLNISP,REDUCE
2024-05-28,TARIL,HOLD
2024-05-28,UCOBANK,HOLD
2024-05-28,VTL,HOLD
2024-05-28,IDEA,EXIT
2024-05-28,ZENTEC,EXIT
2024-05-29,BALKRISIND,HOLD
2024-05-29,CENTRALBK,HOLD
2024-05-29,NYKAA,EXIT
2024-05-29,FINCABLES,HOLD
2024-05-29,GODREJIND,HOLD
2024-05-29,HDFCBANK,EXIT
2024-05-29,HFCL,HOLD
2024-05-29,NATCOPHARM,HOLD
2024-05-29,NEWGEN,EXIT
2024-05-29,ONGC,REDUCE
2024-05-29,PFIZER,HOLD
2024-05-29,SARDAEN,EXIT
2024-05-29,SUNDARMFIN,REDUCE
2024-05-29,SPLPETRO,REDUCE
2024-05-29,UCOBANK,EXIT
2024-05-29,VBL,REDUCE
2024-05-30,ADANIENT,REDUCE
2024-05-30,ADANIGREEN,HOLD
2024-05-30,ALKEM,REDUCE
2024-05-30,DLF,EXIT
2024-05-30,DEEPAKNTR,EXIT
2024-05-30,ELGIEQUIP,EXIT
2024-05-30,GABRIEL,EXIT
2024-05-30,GLAND,HOLD
2024-05-30,GODREJIND,EXIT
2024-05-30,HDFCAMC,REDUCE
2024-05-30,HSCL,EXIT
2024-05-30,ICICIBANK,REDUCE
2024-05-30,ICICIPRULI,EXIT
2024-05-30,IOB,EXIT
2024-05-30,KFINTECH,EXIT
2024-05-30,LAURUSLABS,REDUCE
2024-05-30,MARICO,HOLD
2024-05-30,MFSL,EXIT
2024-05-30,MINDACORP,HOLD
2024-05-30,NSLNISP,EXIT
2024-05-30,NESTLEIND,EXIT
2024-05-30,PGEL,HOLD
2024-05-30,PTCIL,HOLD
2024-05-30,RAILTEL,HOLD
2024-05-30,SBILIFE,EXIT
2024-05-30,SUNDARMFIN,EXIT
2024-05-30,TIINDIA,REDUCE
2024-05-31,ADANIENT,HOLD
2024-05-31,CANBK,HOLD
2024-05-31,CHOLAHLDNG,REDUCE
2024-05-31,EIHOTEL,EXIT
2024-05-31,GRASIM,REDUCE
2024-05-31,HDFCBANK,REDUCE
2024-05-31,IDBI,HOLD
2024-05-31,IPCALAB,REDUCE
2024-05-31,KPRMILL,EXIT
2024-05-31,MAXHEALTH,EXIT
2024-05-31,PNB,HOLD
2024-05-31,RITES,HOLD
2024-05-31,SPLPETRO,EXIT
2024-05-31,TCS,EXIT
2024-05-31,UNIONBANK,HOLD
2024-06-03,ATGL,HOLD
2024-06-03,ASTERDM,REDUCE
2024-06-03,BANKBARODA,HOLD
2024-06-03,BPCL,HOLD
2024-06-03,BOSCHLTD,REDUCE
2024-06-03,IOB,HOLD
2024-06-03,NAUKRI,REDUCE
2024-06-03,IPCALAB,EXIT
2024-06-03,KFINTECH,HOLD
2024-06-03,LICHSGFIN,HOLD
2024-06-03,LT,HOLD
2024-06-03,LICI,HOLD
2024-06-03,MARUTI,REDUCE
2024-06-03,NEWGEN,HOLD
2024-06-03,SHRIRAMFIN,HOLD
2024-06-03,IDEA,HOLD
2024-06-03,WELCORP,REDUCE
2024-06-03,ZENSARTECH,REDUCE
2024-06-04,ACC,EXIT
2024-06-04,ACE,EXIT
2024-06-04,ADANIGREEN,EXIT
2024-06-04,ADANIPOWER,EXIT
2024-06-04,ATGL,EXIT
2024-06-04,AMBUJACEM,EXIT
2024-06-04,ANANTRAJ,EXIT
2024-06-04,ASTERDM,EXIT
2024-06-04,ASTRAL,REDUCE
2024-06-04,BEML,EXIT
2024-06-04,BANKBARODA,EXIT
2024-06-04,BHEL,EXIT
2024-06-04,BPCL,REDUCE
2024-06-04,CANBK,REDUCE
2024-06-04,CARTRADE,EXIT
2024-06-04,CENTRALBK,EXIT
2024-06-04,CHAMBLFERT,EXIT
2024-06-04,CHENNPETRO,EXIT
2024-06-04,CUB,EXIT
2024-06-04,COLPAL,HOLD
2024-06-04,CONCOR,EXIT
2024-06-04,ENGINERSIN,EXIT
2024-06-04,GAIL,EXIT
2024-06-04,GMRAIRPORT,EXIT
2024-06-04,GLAND,EXIT
2024-06-04,GESHIP,REDUCE
2024-06-04,HDFCAMC,EXIT
2024-06-04,HFCL,EXIT
2024-06-04,HAL,EXIT
2024-06-04,HINDCOPPER,EXIT
2024-06-04,HINDPETRO,EXIT
2024-06-04,HINDUNILVR,REDUCE
2024-06-04,IDBI,EXIT
2024-06-04,IOB,EXIT
2024-06-04,IRCTC,EXIT
2024-06-04,INDUSTOWER,EXIT
2024-06-04,INOXWIND,EXIT
2024-06-04,JBMA,EXIT
2024-06-04,JSWENERGY,EXIT
2024-06-04,JINDALSAW,EXIT
2024-06-04,JWL,EXIT
2024-06-04,KARURVYSYA,REDUCE
2024-06-04,KAYNES,EXIT
2024-06-04,KFINTECH,EXIT
2024-06-04,LICHSGFIN,EXIT
2024-06-04,LEMONTREE,EXIT
2024-06-04,LICI,EXIT
2024-06-04,MAZDOCK,EXIT
2024-06-04,MCX,EXIT
2024-06-04,NATCOPHARM,REDUCE
2024-06-04,NMDC,EXIT
2024-06-04,NATIONALUM,EXIT
2024-06-04,POONAWALLA,EXIT
2024-06-04,PFC,EXIT
2024-06-04,PNB,EXIT
2024-06-04,RECLTD,EXIT
2024-06-04,RITES,EXIT
2024-06-04,RAILTEL,EXIT
2024-06-04,SJVN,EXIT
2024-06-04,SCI,EXIT
2024-06-04,SOLARINDS,REDUCE
2024-06-04,SAIL,EXIT
2024-06-04,SUMICHEM,HOLD
2024-06-04,TATAPOWER,REDUCE
2024-06-04,TITAGARH,EXIT
2024-06-04,TORNTPHARM,HOLD
2024-06-04,TIINDIA,HOLD
2024-06-04,UNIONBANK,EXIT
2024-06-04,IDEA,EXIT
2024-06-04,WELCORP,EXIT
2024-06-05,ADANIENT,EXIT
2024-06-05,ADANIPORTS,REDUCE
2024-06-05,ABREL,EXIT
2024-06-05,ASTRAL,HOLD
2024-06-05,BDL,EXIT
2024-06-05,BEL,EXIT
2024-06-05,CHOLAHLDNG,HOLD
2024-06-05,COCHINSHIP,EXIT
2024-06-05,DATAPATTNS,EXIT
2024-06-05,GRSE,EXIT
2024-06-05,HINDZINC,REDUCE
2024-06-05,NAUKRI,HOLD
2024-06-05,KARURVYSYA,HOLD
2024-06-05,LT,REDUCE
2024-06-05,LINDEINDIA,EXIT
2024-06-05,MAXHEALTH,REDUCE
2024-06-05,MSUMI,EXIT
2024-06-05,NTPC,EXIT
2024-06-05,NAVA,HOLD
2024-06-05,ONGC,EXIT
2024-06-05,OIL,REDUCE
2024-06-05,SHRIRAMFIN,REDUCE
2024-06-05,TVSMOTOR,HOLD
2024-06-05,TECHNOE,EXIT
2024-06-05,TIINDIA,REDUCE
2024-06-06,AAVAS,HOLD
2024-06-06,ANANTRAJ,HOLD
2024-06-06,BEL,REDUCE
2024-06-06,CHAMBLFERT,HOLD
2024-06-06,EMAMILTD,HOLD
2024-06-06,ERIS,HOLD
2024-06-06,GABRIEL,HOLD
2024-06-06,GESHIP,HOLD
2024-06-06,HDFCBANK,REDUCE
2024-06-06,HINDPETRO,HOLD
2024-06-06,HINDUNILVR,REDUCE
2024-06-06,HINDZINC,HOLD
2024-06-06,IRCON,REDUCE
2024-06-06,INDUSTOWER,HOLD
2024-06-06,JSWENERGY,HOLD
2024-06-06,KFINTECH,HOLD
2024-06-06,MARUTI,REDUCE
2024-06-06,MAXHEALTH,HOLD
2024-06-06,NMDC,HOLD
2024-06-06,TATAPOWER,HOLD
2024-06-06,ZENSARTECH,HOLD
2024-06-07,ADANIPOWER,HOLD
2024-06-07,ABREL,HOLD
2024-06-07,ANANDRATHI,REDUCE
2024-06-07,BAYERCROP,HOLD
2024-06-07,BDL,HOLD
2024-06-07,BEL,HOLD
2024-06-07,BHEL,HOLD
2024-06-07,BLUEDART,HOLD
2024-06-07,CENTRALBK,HOLD
2024-06-07,CHENNPETRO,HOLD
2024-06-07,COCHINSHIP,HOLD
2024-06-07,CONCOR,HOLD
2024-06-07,GAIL,HOLD
2024-06-07,GMRAIRPORT,HOLD
2024-06-07,GRSE,HOLD
2024-06-07,GRANULES,HOLD
2024-06-07,HAL,HOLD
2024-06-07,IRCON,HOLD
2024-06-07,INOXWIND,HOLD
2024-06-07,JINDALSAW,HOLD
2024-06-07,JWL,HOLD
2024-06-07,KPITTECH,HOLD
2024-06-07,KAYNES,HOLD
2024-06-07,LICHSGFIN,HOLD
2024-06-07,LATENTVIEW,HOLD
2024-06-07,LAURUSLABS,HOLD
2024-06-07,LICI,HOLD
2024-06-07,LINDEINDIA,HOLD
2024-06-07,MAZDOCK,HOLD
2024-06-07,NATCOPHARM,HOLD
2024-06-07,NTPC,REDUCE
2024-06-07,NATIONALUM,HOLD
2024-06-07,PFC,HOLD
2024-06-07,SCHNEIDER,EXIT
2024-06-07,SCI,HOLD
2024-06-07,SPLPETRO,HOLD
2024-06-07,IDEA,HOLD
2024-06-10,CARTRADE,HOLD
2024-06-10,LALPATHLAB,HOLD
2024-06-10,GALLANTT,HOLD
2024-06-10,GRASIM,HOLD
2024-06-10,JBMA,HOLD
2024-06-10,NTPC,HOLD
2024-06-10,SUNDARMFIN,HOLD
2024-06-10,VBL,HOLD
2024-06-10,WOCKPHARMA,EXIT
2024-06-11,CAPLIPOINT,HOLD
2024-06-11,CARTRADE,EXIT
2024-06-11,FACT,HOLD
2024-06-11,FIVESTAR,HOLD
2024-06-11,GICRE,HOLD
2024-06-11,HSCL,HOLD
2024-06-11,IFCI,HOLD
2024-06-11,MAXHEALTH,REDUCE
2024-06-11,PNBHOUSING,HOLD
2024-06-11,SJVN,HOLD
2024-06-11,SCHNEIDER,HOLD
2024-06-11,TITAGARH,HOLD
2024-06-11,TRITURBINE,REDUCE
2024-06-11,ZENTEC,HOLD
2024-06-12,ENGINERSIN,HOLD
2024-06-12,HFCL,HOLD
2024-06-12,NBCC,HOLD
2024-06-12,OIL,HOLD
2024-06-12,RAILTEL,HOLD
2024-06-12,TECHNOE,HOLD
2024-06-12,WHIRLPOOL,HOLD
2024-06-13,AMBER,HOLD
2024-06-13,APTUS,HOLD
2024-06-13,ASTERDM,HOLD
2024-06-13,CARTRADE,HOLD
2024-06-13,DABUR,HOLD
2024-06-13,MCX,HOLD
2024-06-13,RECLTD,HOLD
2024-06-13,RPOWER,HOLD
2024-06-13,SBFC,EXIT
2024-06-13,SHRIRAMFIN,HOLD
2024-06-13,SOLARINDS,HOLD
2024-06-13,TECHM,REDUCE
2024-06-13,TIINDIA,HOLD
2024-06-14,AFFLE,HOLD
2024-06-14,AMBUJACEM,HOLD
2024-06-14,ANANDRATHI,HOLD
2024-06-14,BEML,HOLD
2024-06-14,DEEPAKNTR,HOLD
2024-06-14,ELGIEQUIP,HOLD
2024-06-14,LTF,HOLD
2024-06-14,LAURUSLABS,REDUCE
2024-06-14,LEMONTREE,HOLD
2024-06-14,MAXHEALTH,HOLD
2024-06-14,MSUMI,HOLD
2024-06-14,OFSS,HOLD
2024-06-14,TECHM,HOLD
2024-06-18,DATAPATTNS,HOLD
2024-06-18,HINDZINC,EXIT
2024-06-18,IRB,REDUCE
2024-06-18,KPIL,REDUCE
2024-06-18,LATENTVIEW,REDUCE
2024-06-18,RKFORGE,HOLD
2024-06-19,ADANIPOWER,EXIT
2024-06-19,IRB,EXIT
2024-06-19,INOXWIND,EXIT
2024-06-19,KFINTECH,EXIT
2024-06-19,NATIONALUM,REDUCE
2024-06-19,SJVN,REDUCE
2024-06-19,SHYAMMETL,HOLD
2024-06-19,TRITURBINE,HOLD
2024-06-20,3MINDIA,HOLD
2024-06-20,ADANIPORTS,HOLD
2024-06-20,ASTERDM,REDUCE
2024-06-20,MAPMYINDIA,HOLD
2024-06-20,CUB,HOLD
2024-06-20,HDFCBANK,HOLD
2024-06-20,NTPC,REDUCE
2024-06-20,NATIONALUM,HOLD
2024-06-20,RECLTD,EXIT
2024-06-21,MAHABANK,REDUCE
2024-06-21,INDUSTOWER,REDUCE
2024-06-21,JBCHEPHARM,REDUCE
2024-06-21,MCX,REDUCE
2024-06-24,ANANDRATHI,REDUCE
2024-06-24,HDFCAMC,HOLD
2024-06-24,HINDZINC,HOLD
2024-06-24,ICICIBANK,HOLD
2024-06-24,INDHOTEL,HOLD
2024-06-24,PNBHOUSING,REDUCE
2024-06-24,PARADEEP,HOLD
2024-06-24,RADICO,HOLD
2024-06-24,TATAPOWER,REDUCE
2024-06-25,BBTC,HOLD
2024-06-25,BOSCHLTD,HOLD
2024-06-25,CANFINHOME,HOLD
2024-06-25,CENTRALBK,REDUCE
2024-06-25,JPPOWER,HOLD
2024-06-25,KPRMILL,HOLD
2024-06-25,NEULANDLAB,HOLD
2024-06-25,RECLTD,HOLD
2024-06-26,CARTRADE,EXIT
2024-06-26,CENTRALBK,EXIT
2024-06-26,CDSL,REDUCE
2024-06-26,COALINDIA,REDUCE
2024-06-26,HINDPETRO,REDUCE
2024-06-26,HINDZINC,EXIT
2024-06-26,INDUSTOWER,HOLD
2024-06-26,JPPOWER,EXIT
2024-06-26,KALYANKJIL,HOLD
2024-06-26,LINDEINDIA,EXIT
2024-06-26,NMDC,REDUCE
2024-06-26,PATANJALI,HOLD
2024-06-26,UBL,REDUCE
2024-06-26,WOCKPHARMA,HOLD
2024-06-27,AJANTPHARM,REDUCE
2024-06-27,FACT,EXIT
2024-06-27,FORCEMOT,REDUCE
2024-06-27,JINDALSAW,REDUCE
2024-06-27,JUBLINGREA,REDUCE
2024-06-27,LEMONTREE,REDUCE
2024-06-27,NATIONALUM,REDUCE
2024-06-28,APOLLOTYRE,HOLD
2024-06-28,CDSL,HOLD
2024-06-28,HINDZINC,HOLD
2024-06-28,ICICIGI,HOLD
2024-06-28,JINDALSAW,HOLD
2024-06-28,LICI,REDUCE
2024-06-28,WIPRO,REDUCE
2024-07-01,CONCOR,REDUCE
2024-07-01,EICHERMOT,REDUCE
2024-07-01,FACT,HOLD
2024-07-01,INFY,REDUCE
2024-07-01,MGL,HOLD
2024-07-01,MANAPPURAM,HOLD
2024-07-01,TORNTPOWER,REDUCE
2024-07-01,WIPRO,HOLD
2024-07-02,ACC,HOLD
2024-07-02,BAJAJHLDNG,HOLD
2024-07-02,BHARTIHEXA,REDUCE
2024-07-02,FSL,HOLD
2024-07-02,FORCEMOT,HOLD
2024-07-02,FORTIS,REDUCE
2024-07-02,HINDPETRO,EXIT
2024-07-02,HINDZINC,EXIT
2024-07-02,JPPOWER,HOLD
2024-07-02,KFINTECH,HOLD
2024-07-02,NHPC,REDUCE
2024-07-02,PERSISTENT,HOLD
2024-07-02,SUNDARMFIN,REDUCE
2024-07-03,BLS,HOLD
2024-07-03,FORCEMOT,REDUCE
2024-07-03,JPPOWER,EXIT
2024-07-03,NHPC,HOLD
2024-07-03,NLCINDIA,HOLD
2024-07-04,CASTROLIND,HOLD
2024-07-04,DEEPAKFERT,HOLD
2024-07-04,HINDZINC,HOLD
2024-07-04,LINDEINDIA,HOLD
2024-07-04,MMTC,HOLD
2024-07-04,RPOWER,EXIT
2024-07-04,WELCORP,HOLD
2024-07-05,ASTERDM,EXIT
2024-07-05,CARTRADE,HOLD
2024-07-05,CHENNPETRO,REDUCE
2024-07-05,CIPLA,HOLD
2024-07-05,COALINDIA,HOLD
2024-07-05,DCMSHRIRAM,HOLD
2024-07-05,HOMEFIRST,HOLD
2024-07-05,JKTYRE,HOLD
2024-07-05,LUPIN,HOLD
2024-07-05,RITES,HOLD
2024-07-05,UBL,HOLD
2024-07-08,CRAFTSMAN,HOLD
2024-07-08,FORCEMOT,EXIT
2024-07-08,INDIANB,REDUCE
2024-07-08,MMTC,EXIT
2024-07-08,RADICO,REDUCE
2024-07-08,SAPPHIRE,HOLD
2024-07-08,NIACL,HOLD
2024-07-09,BALRAMCHIN,HOLD
2024-07-09,JKTYRE,EXIT
2024-07-09,JUBLFOOD,HOLD
2024-07-09,KPIL,HOLD
2024-07-09,KARURVYSYA,REDUCE
2024-07-09,KOTAKBANK,REDUCE
2024-07-09,LAURUSLABS,HOLD
2024-07-09,PAGEIND,HOLD
2024-07-09,SWANCORP,HOLD
2024-07-10,DCMSHRIRAM,REDUCE
2024-07-10,GLAND,HOLD
2024-07-10,ICICIPRULI,HOLD
2024-07-10,JINDALSTEL,REDUCE
2024-07-10,KAJARIACER,HOLD
2024-07-10,M&MFIN,HOLD
2024-07-10,SARDAEN,HOLD
2024-07-10,TATASTEEL,REDUCE
2024-07-11,AIAENG,HOLD
2024-07-11,ABCAPITAL,REDUCE
2024-07-11,HCLTECH,REDUCE
2024-07-11,HDFCLIFE,REDUCE
2024-07-11,JKTYRE,HOLD
2024-07-11,JUBLINGREA,HOLD
2024-07-11,PPLPHARMA,REDUCE
2024-07-11,SBILIFE,REDUCE
2024-07-11,SHREECEM,HOLD
2024-07-12,HINDUNILVR,HOLD
2024-07-12,INFY,HOLD
2024-07-12,JKTYRE,EXIT
2024-07-12,LINDEINDIA,REDUCE
2024-07-12,MMTC,HOLD
2024-07-12,SJVN,HOLD
2024-07-12,SCHAEFFLER,EXIT
2024-07-12,SCHNEIDER,REDUCE
2024-07-12,SONACOMS,HOLD
2024-07-12,TCS,REDUCE
2024-07-12,ZFCVINDIA,HOLD
2024-07-15,ABREL,REDUCE
2024-07-15,ALKEM,HOLD
2024-07-15,FORTIS,HOLD
2024-07-15,INDIACEM,HOLD
2024-07-15,JKCEMENT,HOLD
2024-07-15,KPRMILL,REDUCE
2024-07-15,LATENTVIEW,HOLD
2024-07-15,ONGC,REDUCE
2024-07-15,SBILIFE,HOLD
2024-07-15,SOBHA,REDUCE
2024-07-15,TIMKEN,EXIT
2024-07-16,ABREL,HOLD
2024-07-16,CHENNPETRO,HOLD
2024-07-16,INDHOTEL,REDUCE
2024-07-16,JKTYRE,HOLD
2024-07-16,LICI,HOLD
2024-07-16,ONGC,HOLD
2024-07-16,SCHNEIDER,EXIT
2024-07-16,THERMAX,REDUCE
2024-07-18,ABBOTINDIA,HOLD
2024-07-18,APTUS,REDUCE
2024-07-18,BLS,EXIT
2024-07-18,CARTRADE,REDUCE
2024-07-18,FIVESTAR,REDUCE
2024-07-18,GALLANTT,EXIT
2024-07-18,HINDZINC,EXIT
2024-07-18,POWERINDIA,EXIT
2024-07-18,JBMA,REDUCE
2024-07-18,RELIANCE,HOLD
2024-07-18,SUPREMEIND,REDUCE
2024-07-19,ABB,EXIT
2024-07-19,ASAHIINDIA,REDUCE
2024-07-19,BDL,EXIT
2024-07-19,BHEL,REDUCE
2024-07-19,CEATLTD,HOLD
2024-07-19,CUMMINSIND,REDUCE
2024-07-19,DCMSHRIRAM,EXIT
2024-07-19,ELGIEQUIP,REDUCE
2024-07-19,HCLTECH,HOLD
2024-07-19,HAVELLS,REDUCE
2024-07-19,HINDALCO,REDUCE
2024-07-19,INDIANB,HOLD
2024-07-19,JBMA,EXIT
2024-07-19,JKTYRE,EXIT
2024-07-19,JSWSTEEL,REDUCE
2024-07-19,JSL,REDUCE
2024-07-19,JWL,EXIT
2024-07-19,KEI,EXIT
2024-07-19,KARURVYSYA,HOLD
2024-07-19,KFINTECH,REDUCE
2024-07-19,LAURUSLABS,REDUCE
2024-07-19,LINDEINDIA,EXIT
2024-07-19,LLOYDSME,REDUCE
2024-07-19,MPHASIS,HOLD
2024-07-19,NMDC,EXIT
2024-07-19,POLYCAB,REDUCE
2024-07-19,TORNTPOWER,HOLD
2024-07-19,TIINDIA,REDUCE
2024-07-19,UNOMINDA,EXIT
2024-07-19,USHAMART,REDUCE
2024-07-19,WELSPUNLIV,HOLD
2024-07-19,WOCKPHARMA,EXIT
2024-07-19,ZFCVINDIA,EXIT
2024-07-22,CLEAN,HOLD
2024-07-22,DRREDDY,REDUCE
2024-07-22,KOTAKBANK,EXIT
2024-07-22,SOBHA,EXIT
2024-07-23,ASAHIINDIA,HOLD
2024-07-23,ASTRAL,REDUCE
2024-07-23,BHEL,HOLD
2024-07-23,BRIGADE,EXIT
2024-07-23,CHENNPETRO,EXIT
2024-07-23,CONCORDBIO,HOLD
2024-07-23,DRREDDY,HOLD
2024-07-23,GVT&D,EXIT
2024-07-23,ITC,REDUCE
2024-07-23,INDHOTEL,HOLD
2024-07-23,JINDALSAW,REDUCE
2024-07-23,MUTHOOTFIN,REDUCE
2024-07-23,PIIND,HOLD
2024-07-23,PNBHOUSING,EXIT
2024-07-23,RITES,REDUCE
2024-07-23,RAILTEL,EXIT
2024-07-23,RELIANCE,REDUCE
2024-07-23,SIEMENS,REDUCE
2024-07-23,TATACONSUM,REDUCE
2024-07-23,NIACL,EXIT
2024-07-23,TRITURBINE,REDUCE
2024-07-23,VBL,REDUCE
2024-07-23,VIJAYA,REDUCE
2024-07-23,IDEA,EXIT
2024-07-23,WOCKPHARMA,HOLD
2024-07-24,BAJAJ-AUTO,REDUCE
2024-07-24,HEROMOTOCO,REDUCE
2024-07-24,IDBI,HOLD
2024-07-24,ITC,HOLD
2024-07-24,JUBLPHARMA,REDUCE
2024-07-24,JWL,HOLD
2024-07-24,NHPC,REDUCE
2024-07-24,SCI,EXIT
2024-07-24,TATACONSUM,HOLD
2024-07-24,UNOMINDA,HOLD
2024-07-24,VEDL,REDUCE
2024-07-25,ACC,REDUCE
2024-07-25,AXISBANK,REDUCE
2024-07-25,CHENNPETRO,HOLD
2024-07-25,ELGIEQUIP,HOLD
2024-07-25,FIVESTAR,EXIT
2024-07-25,GVT&D,HOLD
2024-07-25,GRSE,EXIT
2024-07-25,GICRE,EXIT
2024-07-25,IRCON,EXIT
2024-07-25,INDGN,REDUCE
2024-07-25,INDIAMART,HOLD
2024-07-25,IRFC,EXIT
2024-07-25,INOXWIND,HOLD
2024-07-25,KIRLOSENG,REDUCE
2024-07-25,MFSL,HOLD
2024-07-25,MAZDOCK,EXIT
2024-07-25,NTPC,HOLD
2024-07-25,PCBL,HOLD
2024-07-25,RITES,EXIT
2024-07-25,SOLARINDS,EXIT
2024-07-25,TEJASNET,REDUCE
2024-07-25,VBL,HOLD
2024-07-26,AAVAS,REDUCE
2024-07-26,APOLLOHOSP,HOLD
2024-07-26,ENGINERSIN,REDUCE
2024-07-26,HINDPETRO,HOLD
2024-07-26,IOC,HOLD
2024-07-26,JWL,EXIT
2024-07-26,MANKIND,EXIT
2024-07-26,NETWEB,REDUCE
2024-07-26,NUVAMA,HOLD
2024-07-26,RPOWER,HOLD
2024-07-26,SIGNATURE,HOLD
2024-07-26,TCS,HOLD
2024-07-29,APTUS,EXIT
2024-07-29,ATUL,HOLD
2024-07-29,BLUEDART,REDUCE
2024-07-29,GICRE,HOLD
2024-07-29,HONAUT,REDUCE
2024-07-29,PPLPHARMA,HOLD
2024-07-29,SOLARINDS,HOLD
2024-07-29,SUNPHARMA,HOLD
2024-07-29,NIACL,HOLD
2024-07-29,UBL,REDUCE
2024-07-29,IDEA,HOLD
2024-07-30,AARTIIND,HOLD
2024-07-30,BPCL,HOLD
2024-07-30,GRSE,HOLD
2024-07-30,GODREJIND,HOLD
2024-07-30,HAL,REDUCE
2024-07-30,IRCON,HOLD
2024-07-30,IRFC,HOLD
2024-07-30,JBMA,HOLD
2024-07-30,JINDALSAW,HOLD
2024-07-30,LODHA,EXIT
2024-07-30,MAZDOCK,HOLD
2024-07-30,RITES,HOLD
2024-07-30,RAILTEL,HOLD
2024-07-31,AJANTPHARM,HOLD
2024-07-31,BLS,HOLD
2024-07-31,BLUEDART,HOLD
2024-07-31,EXIDEIND,REDUCE
2024-07-31,JBMA,REDUCE
2024-07-31,JSWINFRA,HOLD
2024-07-31,KFINTECH,HOLD
2024-07-31,KIMS,HOLD
2024-07-31,RAILTEL,EXIT
2024-07-31,SYNGENE,HOLD
2024-08-01,ADANIENSOL,HOLD
2024-08-01,BAJAJ-AUTO,HOLD
2024-08-01,JMFINANCIL,HOLD
2024-08-01,JUBLPHARMA,HOLD
2024-08-01,KIRLOSENG,EXIT
2024-08-01,MCX,HOLD
2024-08-01,MUTHOOTFIN,HOLD
2024-08-01,POLYMED,REDUCE
2024-08-01,PRESTIGE,REDUCE
2024-08-01,TEJASNET,EXIT
2024-08-01,TITAGARH,EXIT
2024-08-01,TIINDIA,HOLD
2024-08-01,USHAMART,HOLD
2024-08-02,AMBUJACEM,REDUCE
2024-08-02,ASAHIINDIA,REDUCE
2024-08-02,BEML,REDUCE
2024-08-02,BEL,REDUCE
2024-08-02,BHEL,REDUCE
2024-08-02,CARBORUNIV,REDUCE
2024-08-02,ELECON,REDUCE
2024-08-02,ESCORTS,REDUCE
2024-08-02,NYKAA,HOLD
2024-08-02,GODREJPROP,REDUCE
2024-08-02,HAL,EXIT
2024-08-02,POWERINDIA,HOLD
2024-08-02,IRCON,EXIT
2024-08-02,JBCHEPHARM,HOLD
2024-08-02,JBMA,EXIT
2024-08-02,LLOYDSME,HOLD
2024-08-02,OBEROIRLTY,REDUCE
2024-08-02,PHOENIXLTD,EXIT
2024-08-02,PRESTIGE,EXIT
2024-08-02,SUPREMEIND,EXIT
2024-08-02,TIINDIA,REDUCE
2024-08-02,USHAMART,REDUCE
2024-08-02,ZFCVINDIA,HOLD
2024-08-05,AAVAS,EXIT
2024-08-05,ABCAPITAL,EXIT
2024-08-05,ABREL,REDUCE
2024-08-05,ASIANPAINT,REDUCE
2024-08-05,DMART,REDUCE
2024-08-05,BEML,EXIT
2024-08-05,BLS,EXIT
2024-08-05,BALKRISIND,REDUCE
2024-08-05,BHARATFORG,REDUCE
2024-08-05,CANBK,EXIT
2024-08-05,CHENNPETRO,EXIT
2024-08-05,COCHINSHIP,EXIT
2024-08-05,CONCOR,EXIT
2024-08-05,DATAPATTNS,REDUCE
2024-08-05,ELECON,EXIT
2024-08-05,ELGIEQUIP,EXIT
2024-08-05,ENGINERSIN,EXIT
2024-08-05,EXIDEIND,EXIT
2024-08-05,FACT,EXIT
2024-08-05,GRSE,EXIT
2024-08-05,GICRE,REDUCE
2024-08-05,GODFRYPHLP,EXIT
2024-08-05,GODREJPROP,EXIT
2024-08-05,POWERINDIA,EXIT
2024-08-05,ICICIBANK,REDUCE
2024-08-05,INDIAMART,EXIT
2024-08-05,IRFC,EXIT
2024-08-05,INDIGO,REDUCE
2024-08-05,JSL,EXIT
2024-08-05,LICHSGFIN,EXIT
2024-08-05,LATENTVIEW,REDUCE
2024-08-05,MMTC,EXIT
2024-08-05,M&M,REDUCE
2024-08-05,MAZDOCK,EXIT
2024-08-05,MSUMI,REDUCE
2024-08-05,NHPC,EXIT
2024-08-05,NATIONALUM,EXIT
2024-08-05,NEWGEN,REDUCE
2024-08-05,NAM-INDIA,REDUCE
2024-08-05,PIDILITIND,REDUCE
2024-08-05,POLYMED,EXIT
2024-08-05,RITES,REDUCE
2024-08-05,SRF,HOLD
2024-08-05,MOTHERSON,EXIT
2024-08-05,SHREECEM,REDUCE
2024-08-05,SIEMENS,EXIT
2024-08-05,SOLARINDS,EXIT
2024-08-05,SBIN,REDUCE
2024-08-05,SUNDARMFIN,EXIT
2024-08-05,TATASTEEL,EXIT
2024-08-05,THERMAX,EXIT
2024-08-05,UNOMINDA,EXIT
2024-08-05,USHAMART,EXIT
2024-08-05,VBL,REDUCE
2024-08-05,IDEA,EXIT
2024-08-05,WIPRO,EXIT
2024-08-06,ACC,EXIT
2024-08-06,DMART,HOLD
2024-08-06,MAHABANK,EXIT
2024-08-06,BATAINDIA,HOLD
2024-08-06,MAPMYINDIA,EXIT
2024-08-06,CGPOWER,REDUCE
2024-08-06,CANFINHOME,EXIT
2024-08-06,CAMS,EXIT
2024-08-06,DCMSHRIRAM,HOLD
2024-08-06,DATAPATTNS,EXIT
2024-08-06,HUDCO,EXIT
2024-08-06,IFCI,EXIT
2024-08-06,KPRMILL,HOLD
2024-08-06,KPIL,REDUCE
2024-08-06,LLOYDSME,REDUCE
2024-08-06,MARICO,REDUCE
2024-08-06,NBCC,EXIT
2024-08-06,PFC,EXIT
2024-08-06,SJVN,REDUCE
2024-08-06,SHREECEM,EXIT
2024-08-06,SONACOMS,REDUCE
2024-08-06,NIACL,EXIT
2024-08-06,TRITURBINE,HOLD
2024-08-07,BLS,HOLD
2024-08-07,BATAINDIA,EXIT
2024-08-07,BOSCHLTD,REDUCE
2024-08-07,FINCABLES,REDUCE
2024-08-07,GICRE,HOLD
2024-08-07,HDFCLIFE,HOLD
2024-08-07,MARICO,HOLD
2024-08-07,MAXHEALTH,REDUCE
2024-08-07,NEWGEN,HOLD
2024-08-07,NAM-INDIA,HOLD
2024-08-07,SAREGAMA,REDUCE
2024-08-07,STARHEALTH,HOLD
2024-08-07,TIINDIA,HOLD
2024-08-07,ZFCVINDIA,REDUCE
2024-08-08,CAMS,HOLD
2024-08-08,GRASIM,REDUCE
2024-08-08,IFCI,HOLD
2024-08-08,LEMONTREE,EXIT
2024-08-08,LLOYDSME,HOLD
2024-08-08,MRF,HOLD
2024-08-08,NBCC,HOLD
2024-08-08,NIACL,HOLD
2024-08-08,TIINDIA,REDUCE
2024-08-08,VOLTAS,REDUCE
2024-08-09,ABBOTINDIA,REDUCE
2024-08-09,APOLLOTYRE,REDUCE
2024-08-09,ASTRAL,EXIT
2024-08-09,BIOCON,REDUCE
2024-08-09,BLUESTARCO,REDUCE
2024-08-09,CGPOWER,HOLD
2024-08-09,CARBORUNIV,EXIT
2024-08-09,COFORGE,HOLD
2024-08-09,CONCORDBIO,REDUCE
2024-08-09,IFCI,EXIT
2024-08-09,INDIAMART,HOLD
2024-08-09,LTF,REDUCE
2024-08-09,MAZDOCK,HOLD
2024-08-09,RVNL,EXIT
2024-08-09,SONACOMS,HOLD
2024-08-09,NIACL,EXIT
2024-08-09,TARIL,REDUCE
2024-08-12,AEGISLOG,REDUCE
2024-08-12,FACT,HOLD
2024-08-12,GALLANTT,HOLD
2024-08-12,GODFRYPHLP,HOLD
2024-08-12,PNBHOUSING,HOLD
2024-08-12,MOTHERSON,HOLD
2024-08-12,SCHNEIDER,HOLD
2024-08-12,SONACOMS,REDUCE
2024-08-12,TARIL,EXIT
2024-08-12,VOLTAS,HOLD
2024-08-13,AARTIIND,EXIT
2024-08-13,BALKRISIND,EXIT
2024-08-13,BLUESTARCO,HOLD
2024-08-13,CHOLAFIN,REDUCE
2024-08-13,FACT,EXIT
2024-08-13,HDFCBANK,REDUCE
2024-08-13,INDIAMART,EXIT
2024-08-13,INDIANB,REDUCE
2024-08-13,IOC,REDUCE
2024-08-13,IPCALAB,HOLD
2024-08-13,JINDALSTEL,EXIT
2024-08-13,LATENTVIEW,EXIT
2024-08-13,LICI,REDUCE
2024-08-13,MAZDOCK,EXIT
2024-08-13,RRKABEL,EXIT
2024-08-13,RITES,EXIT
2024-08-13,RVNL,HOLD
2024-08-13,SAPPHIRE,REDUCE
2024-08-13,UNOMINDA,HOLD
2024-08-13,ZFCVINDIA,EXIT
2024-08-13,ECLERX,HOLD
2024-08-14,ADANIPORTS,REDUCE
2024-08-14,ASTERDM,HOLD
2024-08-14,ESCORTS,EXIT
2024-08-14,GICRE,REDUCE
2024-08-14,JKCEMENT,REDUCE
2024-08-14,JMFINANCIL,EXIT
2024-08-14,JSWENERGY,REDUCE
2024-08-14,LTF,EXIT
2024-08-14,NCC,REDUCE
2024-08-14,NETWEB,EXIT
2024-08-14,POWERGRID,REDUCE
2024-08-14,SCHNEIDER,EXIT
2024-08-14,ECLERX,EXIT
2024-08-16,3MINDIA,REDUCE
2024-08-16,ADANIPORTS,HOLD
2024-08-16,ARE&M,HOLD
2024-08-16,CONCORDBIO,HOLD
2024-08-16,DABUR,REDUCE
2024-08-16,GODREJCP,REDUCE
2024-08-16,KPRMILL,REDUCE
2024-08-16,MFSL,REDUCE
2024-08-16,MAZDOCK,HOLD
2024-08-16,POWERGRID,HOLD
2024-08-16,SJVN,HOLD
2024-08-16,VTL,REDUCE
2024-08-16,VBL,EXIT
2024-08-16,WIPRO,REDUCE
2024-08-19,ABFRL,REDUCE
2024-08-19,CCL,HOLD
2024-08-19,CARTRADE,HOLD
2024-08-19,ENDURANCE,REDUCE
2024-08-19,GICRE,HOLD
2024-08-19,INDHOTEL,REDUCE
2024-08-19,IOC,HOLD
2024-08-19,JKCEMENT,HOLD
2024-08-19,LTTS,HOLD
2024-08-19,LICI,HOLD
2024-08-19,MAZDOCK,EXIT
2024-08-19,NCC,HOLD
2024-08-19,PRESTIGE,HOLD
2024-08-19,UNITDSPR,REDUCE
2024-08-19,WIPRO,HOLD
2024-08-19,ECLERX,HOLD
2024-08-20,CUMMINSIND,HOLD
2024-08-20,GODIGIT,REDUCE
2024-08-20,POWERINDIA,HOLD
2024-08-20,INDIAMART,HOLD
2024-08-20,JKCEMENT,REDUCE
2024-08-20,JSWENERGY,HOLD
2024-08-20,MMTC,HOLD
2024-08-20,MANKIND,HOLD
2024-08-20,NCC,REDUCE
2024-08-20,POLYMED,HOLD
2024-08-20,PRESTIGE,REDUCE
2024-08-20,SJVN,REDUCE
2024-08-20,TTML,HOLD
2024-08-20,VIJAYA,HOLD
2024-08-21,ABREL,HOLD
2024-08-21,GRASIM,HOLD
2024-08-21,JYOTICNC,REDUCE
2024-08-21,KEI,HOLD
2024-08-21,KIRLOSENG,HOLD
2024-08-21,MFSL,HOLD
2024-08-21,PRESTIGE,EXIT
2024-08-21,SAPPHIRE,HOLD
2024-08-21,TBOTEK,REDUCE
2024-08-21,NIACL,HOLD
2024-08-22,AADHARHFC,REDUCE
2024-08-22,BAYERCROP,REDUCE
2024-08-22,CHENNPETRO,HOLD
2024-08-22,GLAND,REDUCE
2024-08-22,INDHOTEL,HOLD
2024-08-22,KEC,REDUCE
2024-08-22,POWERGRID,REDUCE
2024-08-22,TEGA,REDUCE
2024-08-22,ULTRACEMCO,REDUCE
2024-08-23,AWL,HOLD
2024-08-23,ADANIPORTS,REDUCE
2024-08-23,ASIANPAINT,HOLD
2024-08-23,DMART,REDUCE
2024-08-23,GMRAIRPORT,REDUCE
2024-08-23,ICICIBANK,HOLD
2024-08-23,INDIGO,HOLD
2024-08-23,KAJARIACER,REDUCE
2024-08-23,LICI,REDUCE
2024-08-23,RADICO,HOLD
2024-08-23,SUNTV,EXIT
2024-08-26,AMBER,REDUCE
2024-08-26,ASAHIINDIA,HOLD
2024-08-26,ELGIEQUIP,HOLD
2024-08-26,MMTC,EXIT
2024-08-26,NETWEB,HOLD
2024-08-26,SONACOMS,HOLD
2024-08-26,TITAN,REDUCE
2024-08-26,ZYDUSLIFE,REDUCE
2024-08-27,ABBOTINDIA,HOLD
2024-08-27,ADANIENSOL,REDUCE
2024-08-27,ASAHIINDIA,REDUCE
2024-08-27,BAJAJFINSV,REDUCE
2024-08-27,CHENNPETRO,EXIT
2024-08-27,CUMMINSIND,REDUCE
2024-08-27,GSPL,HOLD
2024-08-27,JMFINANCIL,HOLD
2024-08-27,JSWINFRA,REDUCE
2024-08-27,KPIL,HOLD
2024-08-27,LTFOODS,HOLD
2024-08-27,LICI,HOLD
2024-08-27,PFC,HOLD
2024-08-28,ADANIENSOL,EXIT
2024-08-28,AMBER,HOLD
2024-08-28,BIOCON,HOLD
2024-08-28,CGPOWER,REDUCE
2024-08-28,CONCORDBIO,REDUCE
2024-08-28,DABUR,HOLD
2024-08-28,GODREJCP,HOLD
2024-08-28,JSWINFRA,HOLD
2024-08-28,SUNTV,HOLD
2024-08-28,SWANCORP,REDUCE
2024-08-28,VTL,HOLD
2024-08-29,AIAENG,REDUCE
2024-08-29,BLUEJET,HOLD
2024-08-29,CONCORDBIO,HOLD
2024-08-29,POWERINDIA,EXIT
2024-08-29,IFCI,HOLD
2024-08-29,KIRLOSENG,REDUCE
2024-08-29,LAURUSLABS,HOLD
2024-08-29,LICI,REDUCE
2024-08-29,MFSL,REDUCE
2024-08-29,RPOWER,EXIT
2024-08-29,VTL,REDUCE
2024-08-30,BLUEDART,REDUCE
2024-08-30,CARTRADE,REDUCE
2024-08-30,MARICO,REDUCE
2024-08-30,MFSL,HOLD
2024-08-30,PARADEEP,REDUCE
2024-08-30,UPL,HOLD
2024-09-02,BLUESTARCO,REDUCE
2024-09-02,CLEAN,REDUCE
2024-09-02,GLAND,EXIT
2024-09-02,IFCI,EXIT
2024-09-02,JSWENERGY,REDUCE
2024-09-02,JSWINFRA,REDUCE
2024-09-02,KEC,HOLD
2024-09-03,BAJAJFINSV,HOLD
2024-09-03,BLUEDART,HOLD
2024-09-03,CHOLAFIN,HOLD
2024-09-03,JKCEMENT,HOLD
2024-09-03,MOTHERSON,REDUCE
2024-09-03,SIGNATURE,REDUCE
2024-09-03,SOLARINDS,HOLD
2024-09-03,SUMICHEM,REDUCE
2024-09-03,SUNTV,REDUCE
2024-09-03,TATACOMM,HOLD
2024-09-03,ULTRACEMCO,HOLD
2024-09-04,BHEL,EXIT
2024-09-04,CARTRADE,HOLD
2024-09-04,GVT&D,REDUCE
2024-09-04,GICRE,REDUCE
2024-09-04,HONASA,HOLD
2024-09-04,WIPRO,REDUCE
2024-09-05,ARE&M,REDUCE
2024-09-05,DMART,HOLD
2024-09-05,BSE,HOLD
2024-09-05,BLUEDART,REDUCE
2024-09-05,CRISIL,HOLD
2024-09-05,HONAUT,EXIT
2024-09-05,SUMICHEM,HOLD
2024-09-05,SWANCORP,EXIT
2024-09-05,TECHNOE,REDUCE
2024-09-06,ADANIGREEN,HOLD
2024-09-06,BEL,EXIT
2024-09-06,BLUEDART,HOLD
2024-09-06,BLUESTARCO,HOLD
2024-09-06,CHALET,HOLD
2024-09-06,CHAMBLFERT,REDUCE
2024-09-06,FEDERALBNK,REDUCE
2024-09-06,FINCABLES,EXIT
2024-09-06,GAIL,REDUCE
2024-09-06,HEROMOTOCO,HOLD
2024-09-06,IDBI,EXIT
2024-09-06,MARICO,HOLD
2024-09-06,OIL,EXIT
2024-09-06,PAGEIND,REDUCE
2024-09-06,SJVN,EXIT
2024-09-06,TTML,EXIT
2024-09-06,NIACL,EXIT
2024-09-06,ULTRACEMCO,REDUCE
2024-09-06,VEDL,HOLD
2024-09-06,ZYDUSLIFE,EXIT
2024-09-09,ASHOKLEY,REDUCE
2024-09-09,BLUEDART,REDUCE
2024-09-09,CLEAN,HOLD
2024-09-09,GICRE,HOLD
2024-09-09,GRASIM,REDUCE
2024-09-09,KEI,REDUCE
2024-09-09,MANAPPURAM,REDUCE
2024-09-09,NTPC,REDUCE
2024-09-09,PIDILITIND,HOLD
2024-09-09,TECHNOE,HOLD
2024-09-09,UNOMINDA,REDUCE
2024-09-09,UBL,HOLD
2024-09-09,ZENSARTECH,REDUCE
2024-09-10,ASAHIINDIA,HOLD
2024-09-10,BERGEPAINT,HOLD
2024-09-10,DRREDDY,REDUCE
2024-09-10,GVT&D,HOLD
2024-09-10,GICRE,REDUCE
2024-09-10,HAVELLS,HOLD
2024-09-10,HOMEFIRST,REDUCE
2024-09-10,NTPC,HOLD
2024-09-10,PARADEEP,HOLD
2024-09-10,PETRONET,REDUCE
2024-09-10,TEGA,HOLD
2024-09-10,ZFCVINDIA,HOLD
2024-09-10,ZENSARTECH,HOLD
2024-09-11,ADANIGREEN,REDUCE
2024-09-11,CUB,REDUCE
2024-09-11,COALINDIA,REDUCE
2024-09-11,INDIANB,EXIT
2024-09-11,IGL,REDUCE
2024-09-11,LLOYDSME,REDUCE
2024-09-11,MINDACORP,EXIT
2024-09-11,ONGC,EXIT
2024-09-11,PVRINOX,HOLD
2024-09-11,PAGEIND,HOLD
2024-09-11,PARADEEP,REDUCE
2024-09-11,PFC,REDUCE
2024-09-11,RECLTD,REDUCE
2024-09-11,REDINGTON,EXIT
2024-09-11,SBICARD,HOLD
2024-09-11,SRF,REDUCE
2024-09-11,SBIN,EXIT
2024-09-11,VEDL,REDUCE
2024-09-11,ZENSARTECH,REDUCE
2024-09-12,EICHERMOT,HOLD
2024-09-12,GICRE,HOLD
2024-09-12,GRANULES,EXIT
2024-09-12,FLUOROCHEM,HOLD
2024-09-12,NLCINDIA,REDUCE
2024-09-12,NH,HOLD
2024-09-12,SUNDARMFIN,HOLD
2024-09-12,TECHNOE,REDUCE
2024-09-13,ASHOKLEY,HOLD
2024-09-13,GESHIP,REDUCE
2024-09-13,HOMEFIRST,HOLD
2024-09-13,JSWENERGY,HOLD
2024-09-13,LLOYDSME,HOLD
2024-09-13,MINDACORP,HOLD
2024-09-13,TTML,HOLD
2024-09-13,ZENSARTECH,HOLD
2024-09-16,ADANIGREEN,HOLD
2024-09-16,CASTROLIND,REDUCE
2024-09-16,EMAMILTD,REDUCE
2024-09-16,HONASA,REDUCE
2024-09-16,IDBI,HOLD
2024-09-16,KPITTECH,REDUCE
2024-09-16,NBCC,REDUCE
2024-09-16,SOLARINDS,REDUCE
2024-09-16,SUNTV,HOLD
2024-09-16,TTML,EXIT
2024-09-16,WHIRLPOOL,REDUCE
2024-09-17,ABDL,REDUCE
2024-09-17,BLUEDART,HOLD
2024-09-17,IOC,REDUCE
2024-09-17,IGL,HOLD
2024-09-17,MAXHEALTH,HOLD
2024-09-17,NAM-INDIA,REDUCE
2024-09-17,RECLTD,EXIT
2024-09-17,RVNL,EXIT
2024-09-17,RPOWER,HOLD
2024-09-17,ZYDUSWELL,REDUCE
2024-09-18,ABBOTINDIA,REDUCE
2024-09-18,BAJFINANCE,REDUCE
2024-09-18,GODREJCP,REDUCE
2024-09-18,OBEROIRLTY,HOLD
2024-09-18,PRESTIGE,HOLD
2024-09-18,SRF,EXIT
2024-09-18,ZENSARTECH,REDUCE
2024-09-19,AWL,EXIT
2024-09-19,ABFRL,HOLD
2024-09-19,DEVYANI,HOLD
2024-09-19,GVT&D,REDUCE
2024-09-19,GICRE,REDUCE
2024-09-19,GESHIP,EXIT
2024-09-19,HDFCBANK,HOLD
2024-09-19,IDBI,EXIT
2024-09-19,INDUSTOWER,REDUCE
2024-09-19,KPRMILL,HOLD
2024-09-19,KAJARIACER,HOLD
2024-09-19,LICI,EXIT
2024-09-19,MINDACORP,EXIT
2024-09-19,NH,EXIT
2024-09-19,PTCIL,REDUCE
2024-09-19,PETRONET,EXIT
2024-09-19,SUNTV,REDUCE
2024-09-19,WELCORP,REDUCE
2024-09-20,AUBANK,HOLD
2024-09-20,AMBER,REDUCE
2024-09-20,ASHOKLEY,REDUCE
2024-09-20,BLS,REDUCE
2024-09-20,COROMANDEL,REDUCE
2024-09-20,DLF,HOLD
2024-09-20,DEEPAKNTR,REDUCE
2024-09-20,INDUSTOWER,EXIT
2024-09-20,JSWSTEEL,HOLD
2024-09-20,M&M,HOLD
2024-09-20,PATANJALI,REDUCE
2024-09-20,UNOMINDA,HOLD
2024-09-20,VTL,EXIT
2024-09-20,WELSPUNLIV,EXIT
2024-09-23,AAVAS,HOLD
2024-09-23,AMBER,HOLD
2024-09-23,CLEAN,REDUCE
2024-09-23,CROMPTON,REDUCE
2024-09-23,MINDACORP,HOLD
2024-09-23,VEDL,HOLD
2024-09-24,BLS,EXIT
2024-09-24,BAJFINANCE,HOLD
2024-09-24,CGPOWER,HOLD
2024-09-24,EMCURE,REDUCE
2024-09-24,ESCORTS,HOLD
2024-09-24,KPIL,REDUCE
2024-09-24,TCS,REDUCE
2024-09-24,TATAPOWER,HOLD
2024-09-24,WELCORP,HOLD
2024-09-24,ZYDUSWELL,EXIT
2024-09-25,BLUEDART,REDUCE
2024-09-25,BOSCHLTD,HOLD
2024-09-25,BRIGADE,HOLD
2024-09-25,DABUR,REDUCE
2024-09-25,HEG,HOLD
2024-09-25,INDIAMART,REDUCE
2024-09-25,IEX,EXIT
2024-09-25,POWERGRID,HOLD
2024-09-25,SAREGAMA,HOLD
2024-09-25,SIGNATURE,HOLD
2024-09-25,TATACONSUM,REDUCE
2024-09-25,ZENSARTECH,EXIT
2024-09-26,CLEAN,HOLD
2024-09-26,CONCORDBIO,EXIT
2024-09-26,DCMSHRIRAM,REDUCE
2024-09-26,GLAXO,REDUCE
2024-09-26,HINDALCO,HOLD
2024-09-26,POWERINDIA,HOLD
2024-09-26,JBCHEPHARM,REDUCE
2024-09-26,MARUTI,HOLD
2024-09-26,NESTLEIND,REDUCE
2024-09-26,MOTHERSON,HOLD
2024-09-26,TITAN,HOLD
2024-09-27,CCL,EXIT
2024-09-27,CLEAN,REDUCE
2024-09-27,ELECON,HOLD
2024-09-27,ELGIEQUIP,REDUCE
2024-09-27,GVT&D,HOLD
2024-09-27,GODFRYPHLP,EXIT
2024-09-27,INDIACEM,REDUCE
2024-09-27,IEX,HOLD
2024-09-27,IOC,HOLD
2024-09-27,JIOFIN,HOLD
2024-09-27,KPIL,HOLD
2024-09-27,POLYCAB,HOLD
2024-09-27,TECHNOE,HOLD
2024-09-27,WHIRLPOOL,HOLD
2024-09-30,3MINDIA,EXIT
2024-09-30,ABBOTINDIA,HOLD
2024-09-30,ABCAPITAL,HOLD
2024-09-30,DMART,REDUCE
2024-09-30,BHARATFORG,EXIT
2024-09-30,CHAMBLFERT,HOLD
2024-09-30,CLEAN,HOLD
2024-09-30,CUMMINSIND,HOLD
2024-09-30,GAIL,HOLD
2024-09-30,HINDCOPPER,HOLD
2024-09-30,JSWINFRA,HOLD
2024-09-30,KARURVYSYA,REDUCE
2024-09-30,NCC,EXIT
2024-09-30,NATIONALUM,HOLD
2024-09-30,SUNTV,HOLD
2024-09-30,TATASTEEL,REDUCE
2024-09-30,TECHM,REDUCE
2024-09-30,TRITURBINE,EXIT
2024-09-30,TIINDIA,HOLD
2024-09-30,ZFCVINDIA,REDUCE
2024-10-01,360ONE,REDUCE
2024-10-01,ADANIENT,REDUCE
2024-10-01,BLUEDART,HOLD
2024-10-01,COROMANDEL,HOLD
2024-10-01,JINDALSTEL,HOLD
2024-10-01,KIRLOSENG,EXIT
2024-10-01,KOTAKBANK,REDUCE
2024-10-01,NLCINDIA,HOLD
2024-10-01,NAVA,EXIT
2024-10-01,NETWEB,REDUCE
2024-10-01,NAM-INDIA,HOLD
2024-10-01,POLICYBZR,REDUCE
2024-10-01,RAINBOW,HOLD
2024-10-01,STARHEALTH,REDUCE
2024-10-01,TECHM,HOLD
2024-10-01,TECHNOE,REDUCE
2024-10-01,WIPRO,HOLD
2024-10-03,360ONE,EXIT
2024-10-03,ABB,HOLD
2024-10-03,ABBOTINDIA,REDUCE
2024-10-03,CANFINHOME,HOLD
2024-10-03,CUMMINSIND,REDUCE
2024-10-03,DEVYANI,EXIT
2024-10-03,EICHERMOT,REDUCE
2024-10-03,FIVESTAR,HOLD
2024-10-03,HINDCOPPER,EXIT
2024-10-03,INDIACEM,HOLD
2024-10-03,IOC,REDUCE
2024-10-03,JBCHEPHARM,EXIT
2024-10-03,JSWENERGY,REDUCE
2024-10-03,JSL,HOLD
2024-10-03,KPIL,REDUCE
2024-10-03,LTTS,EXIT
2024-10-03,LT,EXIT
2024-10-03,MRF,REDUCE
2024-10-03,MANAPPURAM,EXIT
2024-10-03,MPHASIS,REDUCE
2024-10-03,NUVOCO,HOLD
2024-10-03,POLICYBZR,HOLD
2024-10-03,PNBHOUSING,EXIT
2024-10-03,PAGEIND,REDUCE
2024-10-03,PATANJALI,EXIT
2024-10-03,PFC,EXIT
2024-10-03,PRESTIGE,REDUCE
2024-10-03,RELIANCE,EXIT
2024-10-03,SIEMENS,HOLD
2024-10-03,SOLARINDS,HOLD
2024-10-03,SPLPETRO,REDUCE
2024-10-03,TATACHEM,HOLD
2024-10-03,TATASTEEL,HOLD
2024-10-03,TATATECH,EXIT
2024-10-03,UNOMINDA,REDUCE
2024-10-04,ADANIGREEN,EXIT
2024-10-04,ANANDRATHI,HOLD
2024-10-04,BIOCON,REDUCE
2024-10-04,CRISIL,EXIT
2024-10-04,CANFINHOME,REDUCE
2024-10-04,CARTRADE,REDUCE
2024-10-04,CASTROLIND,EXIT
2024-10-04,CHAMBLFERT,REDUCE
2024-10-04,COROMANDEL,REDUCE
2024-10-04,DABUR,EXIT
2024-10-04,ENDURANCE,EXIT
2024-10-04,NYKAA,EXIT
2024-10-04,GABRIEL,REDUCE
2024-10-04,HEROMOTOCO,REDUCE
2024-10-04,HONASA,EXIT
2024-10-04,ITC,REDUCE
2024-10-04,LAURUSLABS,REDUCE
2024-10-04,MRF,EXIT
2024-10-04,M&MFIN,REDUCE
2024-10-04,MSUMI,EXIT
2024-10-04,OFSS,REDUCE
2024-10-04,POWERGRID,REDUCE
2024-10-04,SBICARD,REDUCE
2024-10-04,SONACOMS,REDUCE
2024-10-04,SUNTV,REDUCE
2024-10-04,TATACONSUM,EXIT
2024-10-07,AAVAS,REDUCE
2024-10-07,ADANIENT,EXIT
2024-10-07,ABFRL,REDUCE
2024-10-07,ABSLAMC,REDUCE
2024-10-07,AMBUJACEM,EXIT
2024-10-07,ASHOKLEY,EXIT
2024-10-07,DMART,EXIT
2024-10-07,AXISBANK,EXIT
2024-10-07,CARTRADE,EXIT
2024-10-07,CHALET,REDUCE
2024-10-07,CLEAN,REDUCE
2024-10-07,DCMSHRIRAM,EXIT
2024-10-07,DLF,EXIT
2024-10-07,ELGIEQUIP,EXIT
2024-10-07,ESCORTS,REDUCE
2024-10-07,GAIL,REDUCE
2024-10-07,GMRAIRPORT,EXIT
2024-10-07,GABRIEL,EXIT
2024-10-07,GICRE,EXIT
2024-10-07,GRAVITA,EXIT
2024-10-07,HEG,EXIT
2024-10-07,HDFCBANK,REDUCE
2024-10-07,HFCL,EXIT
2024-10-07,ITC,HOLD
2024-10-07,INDIACEM,REDUCE
2024-10-07,IEX,EXIT
2024-10-07,INOXWIND,EXIT
2024-10-07,JKCEMENT,REDUCE
2024-10-07,JSWINFRA,REDUCE
2024-10-07,KAJARIACER,REDUCE
2024-10-07,LAURUSLABS,EXIT
2024-10-07,NLCINDIA,REDUCE
2024-10-07,NESTLEIND,HOLD
2024-10-07,NAM-INDIA,REDUCE
2024-10-07,PGEL,EXIT
2024-10-07,PRESTIGE,EXIT
2024-10-07,SBICARD,EXIT
2024-10-07,SUZLON,EXIT
2024-10-07,TATACHEM,EXIT
2024-10-07,THERMAX,HOLD
2024-10-07,TIINDIA,REDUCE
2024-10-07,UNOMINDA,EXIT
2024-10-07,ZFCVINDIA,EXIT
2024-10-08,ADANIENT,REDUCE
2024-10-08,ABFRL,HOLD
2024-10-08,CHALET,HOLD
2024-10-08,IGL,REDUCE
2024-10-08,JSWENERGY,HOLD
2024-10-08,MGL,REDUCE
2024-10-08,M&MFIN,EXIT
2024-10-08,OBEROIRLTY,REDUCE
2024-10-08,OFSS,HOLD
2024-10-08,PAGEIND,HOLD
2024-10-08,SBILIFE,REDUCE
2024-10-08,SPLPETRO,EXIT
2024-10-08,TITAN,EXIT
2024-10-09,APTUS,HOLD
2024-10-09,CANFINHOME,HOLD
2024-10-09,CLEAN,HOLD
2024-10-09,GLAXO,HOLD
2024-10-09,GRAVITA,HOLD
2024-10-09,HEG,HOLD
2024-10-09,ITC,REDUCE
2024-10-09,JPPOWER,HOLD
2024-10-09,KEI,HOLD
2024-10-09,NESTLEIND,EXIT
2024-10-09,OBEROIRLTY,HOLD
2024-10-09,PGEL,HOLD
2024-10-09,PARADEEP,HOLD
2024-10-09,PIDILITIND,REDUCE
2024-10-09,SUPREMEIND,HOLD
2024-10-09,TECHNOE,HOLD
2024-10-09,TRITURBINE,HOLD
2024-10-10,BPCL,REDUCE
2024-10-10,EIDPARRY,REDUCE
2024-10-10,HDFCBANK,HOLD
2024-10-10,KOTAKBANK,HOLD
2024-10-10,POLICYBZR,EXIT
2024-10-10,SCHNEIDER,HOLD
2024-10-11,AIAENG,EXIT
2024-10-11,ABBOTINDIA,HOLD
2024-10-11,ABCAPITAL,REDUCE
2024-10-11,ASIANPAINT,REDUCE
2024-10-11,INDIAMART,HOLD
2024-10-11,JSWENERGY,REDUCE
2024-10-11,LAURUSLABS,HOLD
2024-10-11,NETWEB,HOLD
2024-10-11,NAM-INDIA,HOLD
2024-10-11,PRESTIGE,HOLD
2024-10-11,RPOWER,EXIT
2024-10-11,SIGNATURE,REDUCE
2024-10-11,STARHEALTH,EXIT
2024-10-11,SUPREMEIND,EXIT
2024-10-11,TATACHEM,HOLD
2024-10-11,TATACOMM,REDUCE
2024-10-11,TIINDIA,HOLD
2024-10-14,ABCAPITAL,HOLD
2024-10-14,CRISIL,HOLD
2024-10-14,CARTRADE,HOLD
2024-10-14,EXIDEIND,HOLD
2024-10-14,GLAXO,REDUCE
2024-10-14,GODFRYPHLP,EXIT
2024-10-14,ICICIPRULI,REDUCE
2024-10-14,PNBHOUSING,HOLD
2024-10-14,SBFC,HOLD
2024-10-14,SAREGAMA,EXIT
2024-10-14,SIGNATURE,HOLD
2024-10-14,TARIL,HOLD
2024-10-14,USHAMART,HOLD
2024-10-15,AAVAS,HOLD
2024-10-15,BPCL,HOLD
2024-10-15,EIDPARRY,HOLD
2024-10-15,GODREJIND,EXIT
2024-10-15,HDFCLIFE,REDUCE
2024-10-15,JINDALSTEL,REDUCE
2024-10-15,MARUTI,REDUCE
2024-10-15,NATCOPHARM,REDUCE
2024-10-15,RRKABEL,HOLD
2024-10-15,SBFC,EXIT
2024-10-15,SONACOMS,EXIT
2024-10-15,TATACHEM,EXIT
2024-10-16,360ONE,HOLD
2024-10-16,ADANIENT,EXIT
2024-10-16,ABSLAMC,HOLD
2024-10-16,AUROPHARMA,REDUCE
2024-10-16,BAJFINANCE,EXIT
2024-10-16,BERGEPAINT,REDUCE
2024-10-16,CIPLA,REDUCE
2024-10-16,COLPAL,REDUCE
2024-10-16,CUMMINSIND,HOLD
2024-10-16,DLF,HOLD
2024-10-16,DOMS,HOLD
2024-10-16,GODFRYPHLP,HOLD
2024-10-16,GODREJPROP,HOLD
2024-10-16,GRASIM,HOLD
2024-10-16,HINDUNILVR,REDUCE
2024-10-16,LINDEINDIA,HOLD
2024-10-16,NH,HOLD
2024-10-16,PNBHOUSING,EXIT
2024-10-16,PFIZER,REDUCE
2024-10-16,UBL,REDUCE
2024-10-17,ABBOTINDIA,REDUCE
2024-10-17,ACE,HOLD
2024-10-17,ATUL,REDUCE
2024-10-17,BAJAJ-AUTO,EXIT
2024-10-17,DCMSHRIRAM,HOLD
2024-10-17,GODFRYPHLP,EXIT
2024-10-17,HDFCLIFE,HOLD
2024-10-17,HAVELLS,REDUCE
2024-10-17,HEROMOTOCO,EXIT
2024-10-17,JSWINFRA,HOLD
2024-10-17,JIOFIN,EXIT
2024-10-17,JUBLFOOD,REDUCE
2024-10-17,KEI,REDUCE
2024-10-17,KPITTECH,HOLD
2024-10-17,KARURVYSYA,HOLD
2024-10-17,MINDACORP,EXIT
2024-10-17,MPHASIS,HOLD
2024-10-17,NBCC,EXIT
2024-10-17,SUNTV,EXIT
2024-10-17,TATACOMM,EXIT
2024-10-17,TATASTEEL,EXIT
2024-10-17,UPL,REDUCE
2024-10-18,ABBOTINDIA,HOLD
2024-10-18,ASIANPAINT,EXIT
2024-10-18,AXISBANK,REDUCE
2024-10-18,BRITANNIA,REDUCE
2024-10-18,CUMMINSIND,REDUCE
2024-10-18,EMAMILTD,EXIT
2024-10-18,IGL,EXIT
2024-10-18,JSWINFRA,REDUCE
2024-10-18,KEI,EXIT
2024-10-18,MGL,EXIT
2024-10-21,AUBANK,EXIT
2024-10-21,ABCAPITAL,REDUCE
2024-10-21,AFFLE,REDUCE
2024-10-21,AXISBANK,HOLD
2024-10-21,BPCL,REDUCE
2024-10-21,CUB,EXIT
2024-10-21,CROMPTON,EXIT
2024-10-21,ELECON,EXIT
2024-10-21,EXIDEIND,EXIT
2024-10-21,HOMEFIRST,EXIT
2024-10-21,INDIAMART,EXIT
2024-10-21,IOC,EXIT
2024-10-21,JKCEMENT,EXIT
2024-10-21,JPPOWER,EXIT
2024-10-21,JSL,EXIT
2024-10-21,KPITTECH,REDUCE
2024-10-21,LINDEINDIA,EXIT
2024-10-21,MARICO,REDUCE
2024-10-21,PIIND,REDUCE
2024-10-21,SCHNEIDER,REDUCE
2024-10-21,SYNGENE,REDUCE
2024-10-21,TORNTPHARM,REDUCE
2024-10-22,360ONE,REDUCE
2024-10-22,ACE,EXIT
2024-10-22,ADANIPORTS,EXIT
2024-10-22,ABCAPITAL,EXIT
2024-10-22,ABFRL,REDUCE
2024-10-22,AJANTPHARM,REDUCE
2024-10-22,APOLLOTYRE,EXIT
2024-10-22,ASAHIINDIA,EXIT
2024-10-22,BERGEPAINT,EXIT
2024-10-22,BIKAJI,EXIT
2024-10-22,BIOCON,EXIT
2024-10-22,BRIGADE,EXIT
2024-10-22,CLEAN,REDUCE
2024-10-22,CRAFTSMAN,EXIT
2024-10-22,DCMSHRIRAM,REDUCE
2024-10-22,DLF,EXIT
2024-10-22,EIDPARRY,REDUCE
2024-10-22,EICHERMOT,REDUCE
2024-10-22,ESCORTS,EXIT
2024-10-22,GLAXO,EXIT
2024-10-22,GODREJCP,EXIT
2024-10-22,GODREJPROP,REDUCE
2024-10-22,GSPL,EXIT
2024-10-22,HEG,EXIT
2024-10-22,JSWENERGY,EXIT
2024-10-22,JSWINFRA,EXIT
2024-10-22,JINDALSTEL,EXIT
2024-10-22,KAJARIACER,EXIT
2024-10-22,KFINTECH,REDUCE
2024-10-22,NATCOPHARM,EXIT
2024-10-22,NLCINDIA,EXIT
2024-10-22,NEWGEN,EXIT
2024-10-22,NUVOCO,EXIT
2024-10-22,OLAELEC,REDUCE
2024-10-22,PGEL,EXIT
2024-10-22,PVRINOX,EXIT
2024-10-22,PRESTIGE,EXIT
2024-10-22,SCHNEIDER,EXIT
2024-10-22,SUMICHEM,EXIT
2024-10-22,TATACHEM,HOLD
2024-10-22,TECHNOE,REDUCE
2024-10-22,TEJASNET,HOLD
2024-10-22,UPL,EXIT
2024-10-23,AAVAS,REDUCE
2024-10-23,AXISBANK,REDUCE
2024-10-23,BLUEDART,REDUCE
2024-10-23,CHAMBLFERT,EXIT
2024-10-23,CUB,HOLD
2024-10-23,CUMMINSIND,EXIT
2024-10-23,HAVELLS,EXIT
2024-10-23,KOTAKBANK,EXIT
2024-10-23,LUPIN,REDUCE
2024-10-23,MARUTI,EXIT
2024-10-23,NH,EXIT
2024-10-23,PTCIL,EXIT
2024-10-23,RRKABEL,EXIT
2024-10-23,SIEMENS,REDUCE
2024-10-23,SIGNATURE,REDUCE
2024-10-23,TVSMOTOR,REDUCE
2024-10-24,ABB,EXIT
2024-10-24,BLUEDART,EXIT
2024-10-24,FIRSTCRY,REDUCE
2024-10-24,CHOLAFIN,EXIT
2024-10-24,COLPAL,EXIT
2024-10-24,LALPATHLAB,EXIT
2024-10-24,GALLANTT,REDUCE
2024-10-24,ICICIPRULI,HOLD
2024-10-24,JUBLFOOD,EXIT
2024-10-24,JUBLINGREA,EXIT
2024-10-24,KPITTECH,EXIT
2024-10-24,NEWGEN,HOLD
2024-10-24,OFSS,REDUCE
2024-10-24,PGEL,HOLD
2024-10-24,PFIZER,EXIT
2024-10-24,SOLARINDS,EXIT
2024-10-24,SYNGENE,HOLD
2024-10-24,TVSMOTOR,EXIT
2024-10-24,TRITURBINE,REDUCE
2024-10-25,ANANTRAJ,EXIT
2024-10-25,BPCL,EXIT
2024-10-25,CAPLIPOINT,EXIT
2024-10-25,CEATLTD,EXIT
2024-10-25,DCMSHRIRAM,EXIT
2024-10-25,GALLANTT,EXIT
2024-10-25,HINDPETRO,EXIT
2024-10-25,POWERINDIA,EXIT
2024-10-25,ICICIGI,EXIT
2024-10-25,IREDA,EXIT
2024-10-25,JINDALSAW,EXIT
2024-10-25,KPIL,EXIT
2024-10-25,KFINTECH,EXIT
2024-10-25,PGEL,EXIT
2024-10-25,RKFORGE,REDUCE
2024-10-25,SAPPHIRE,EXIT
2024-10-25,SHYAMMETL,EXIT
2024-10-25,SIEMENS,EXIT
2024-10-25,SIGNATURE,EXIT
2024-10-25,TATACHEM,EXIT
2024-10-25,TECHNOE,EXIT
2024-10-25,TORNTPHARM,HOLD
2024-10-25,TRITURBINE,EXIT
2024-10-25,VIJAYA,EXIT
2024-10-28,AXISBANK,REDUCE
2024-10-28,BSE,REDUCE
2024-10-28,BAJAJFINSV,EXIT
2024-10-28,BAYERCROP,HOLD
2024-10-28,CESC,EXIT
2024-10-28,CGPOWER,EXIT
2024-10-28,CHOLAHLDNG,EXIT
2024-10-28,COALINDIA,EXIT
2024-10-28,EICHERMOT,REDUCE
2024-10-28,GVT&D,REDUCE
2024-10-28,LUPIN,HOLD
2024-10-28,POLYCAB,REDUCE
2024-10-28,RKFORGE,EXIT
2024-10-29,ANANTRAJ,HOLD
2024-10-29,BSE,HOLD
2024-10-29,CAMS,REDUCE
2024-10-29,EICHERMOT,HOLD
2024-10-29,FEDERALBNK,HOLD
2024-10-29,INDIANB,HOLD
2024-10-29,NAM-INDIA,REDUCE
2024-10-29,SBIN,REDUCE
2024-10-29,TORNTPHARM,REDUCE
2024-10-30,ARE&M,EXIT
2024-10-30,AXISBANK,REDUCE
2024-10-30,BLUESTARCO,EXIT
2024-10-30,CIPLA,EXIT
2024-10-30,DRREDDY,EXIT
2024-10-30,FIVESTAR,EXIT
2024-10-30,GAIL,EXIT
2024-10-30,GODREJPROP,EXIT
2024-10-30,HINDUNILVR,EXIT
2024-10-30,HOMEFIRST,HOLD
2024-10-30,ITC,REDUCE
2024-10-30,INFY,REDUCE
2024-10-30,INDIGO,EXIT
2024-10-30,JMFINANCIL,REDUCE
2024-10-30,M&M,EXIT
2024-10-30,POWERGRID,REDUCE
2024-10-30,MOTHERSON,REDUCE
2024-10-30,SUMICHEM,HOLD
2024-10-30,ULTRACEMCO,REDUCE
2024-10-30,VIJAYA,HOLD
2024-10-30,WHIRLPOOL,EXIT
2024-10-31,360ONE,HOLD
2024-10-31,ATUL,HOLD
2024-10-31,CAPLIPOINT,HOLD
2024-10-31,DEEPAKNTR,EXIT
2024-10-31,GVT&D,HOLD
2024-10-31,JMFINANCIL,HOLD
2024-10-31,LT,REDUCE
2024-10-31,MPHASIS,REDUCE
2024-10-31,PCBL,EXIT
2024-10-31,PGEL,HOLD
2024-10-31,SBILIFE,EXIT
2024-10-31,MOTHERSON,EXIT
2024-10-31,TATACHEM,HOLD
2024-10-31,UBL,EXIT
2024-11-01,3MINDIA,HOLD
2024-11-01,ASAHIINDIA,HOLD
2024-11-01,BLS,HOLD
2024-11-01,CAMS,HOLD
2024-11-01,POWERINDIA,HOLD
2024-11-01,JBCHEPHARM,HOLD
2024-11-01,LT,HOLD
2024-11-01,NAM-INDIA,HOLD
2024-11-01,NUVOCO,HOLD
2024-11-04,360ONE,REDUCE
2024-11-05,AIIL,REDUCE
2024-11-05,AXISBANK,EXIT
2024-11-05,GRASIM,REDUCE
2024-11-05,GESHIP,HOLD
2024-11-05,ITC,REDUCE
2024-11-05,JMFINANCIL,REDUCE
2024-11-05,KALYANKJIL,EXIT
2024-11-05,POWERGRID,REDUCE
2024-11-05,ULTRACEMCO,REDUCE
2024-11-06,AFFLE,HOLD
2024-11-06,BEL,REDUCE
2024-11-06,CLEAN,HOLD
2024-11-06,COROMANDEL,HOLD
2024-11-06,EIDPARRY,HOLD
2024-11-06,GESHIP,REDUCE
2024-11-06,HDFCLIFE,REDUCE
2024-11-06,ICICIPRULI,REDUCE
2024-11-06,INFY,REDUCE
2024-11-06,JBCHEPHARM,REDUCE
2024-11-06,JMFINANCIL,HOLD
2024-11-06,M&M,REDUCE
2024-11-06,MUTHOOTFIN,REDUCE
2024-11-06,NAVINFLUOR,HOLD
2024-11-06,OFSS,HOLD
2024-11-06,PIIND,HOLD
2024-11-06,PNBHOUSING,HOLD
2024-11-06,PATANJALI,HOLD
2024-11-06,POLYCAB,HOLD
2024-11-06,SHYAMMETL,HOLD
2024-11-06,SONACOMS,HOLD
2024-11-06,TCS,EXIT
2024-11-07,ABBOTINDIA,REDUCE
2024-11-07,ABFRL,EXIT
2024-11-07,ALKEM,REDUCE
2024-11-07,BEL,HOLD
2024-11-07,CHAMBLFERT,HOLD
2024-11-07,GESHIP,HOLD
2024-11-07,HINDALCO,REDUCE
2024-11-07,JUBLINGREA,HOLD
2024-11-07,KALYANKJIL,HOLD
2024-11-07,LUPIN,REDUCE
2024-11-07,NCC,HOLD
2024-11-07,PAYTM,HOLD
2024-11-07,SHRIRAMFIN,REDUCE
2024-11-07,TIINDIA,EXIT
2024-11-08,AJANTPHARM,EXIT
2024-11-08,ASAHIINDIA,EXIT
2024-11-08,AUROPHARMA,EXIT
2024-11-08,CHAMBLFERT,REDUCE
2024-11-08,DCMSHRIRAM,HOLD
2024-11-08,ENDURANCE,HOLD
2024-11-08,GESHIP,EXIT
2024-11-08,HOMEFIRST,EXIT
2024-11-08,M&M,HOLD
2024-11-08,NH,HOLD
2024-11-08,PNBHOUSING,EXIT
2024-11-08,SIEMENS,HOLD
2024-11-08,SUNDARMFIN,EXIT
2024-11-08,TATACHEM,EXIT
2024-11-08,TECHNOE,HOLD
2024-11-11,APTUS,EXIT
2024-11-11,ATUL,REDUCE
2024-11-11,BALRAMCHIN,EXIT
2024-11-11,BRITANNIA,EXIT
2024-11-11,CLEAN,EXIT
2024-11-11,GLENMARK,REDUCE
2024-11-11,GRASIM,REDUCE
2024-11-11,POWERINDIA,EXIT
2024-11-11,JBCHEPHARM,EXIT
2024-11-11,JSWENERGY,HOLD
2024-11-11,JUBLINGREA,EXIT
2024-11-11,LTFOODS,EXIT
2024-11-11,NCC,REDUCE
2024-11-11,NTPC,REDUCE
2024-11-11,POWERGRID,REDUCE
2024-11-11,SHYAMMETL,EXIT
2024-11-11,ULTRACEMCO,REDUCE
2024-11-11,VTL,HOLD
2024-11-12,JMFINANCIL,EXIT
2024-11-12,MARICO,EXIT
2024-11-12,NCC,EXIT
2024-11-12,NAVINFLUOR,EXIT
2024-11-12,TATAPOWER,EXIT
2024-11-12,TORNTPOWER,EXIT
2024-11-13,3MINDIA,EXIT
2024-11-13,ABREL,EXIT
2024-11-13,BLS,EXIT
2024-11-13,CHALET,EXIT
2024-11-13,CHAMBLFERT,EXIT
2024-11-13,ERIS,REDUCE
2024-11-13,GLENMARK,EXIT
2024-11-13,NH,EXIT
2024-11-13,NEWGEN,EXIT
2024-11-13,NUVOCO,EXIT
2024-11-13,PAYTM,EXIT
2024-11-13,PIDILITIND,EXIT
2024-11-13,POLYMED,EXIT
2024-11-13,POLYCAB,EXIT
2024-11-13,SIEMENS,EXIT
2024-11-13,SUMICHEM,EXIT
2024-11-13,TECHNOE,EXIT
2024-11-13,USHAMART,EXIT
2024-11-13,VTL,EXIT
2024-11-14,ABBOTINDIA,EXIT
2024-11-14,BAYERCROP,EXIT
2024-11-14,BEL,EXIT
2024-11-14,ERIS,HOLD
2024-11-14,GRASIM,REDUCE
2024-11-14,HDFCLIFE,REDUCE
2024-11-14,ITC,REDUCE
2024-11-14,KALYANKJIL,EXIT
2024-11-14,POWERGRID,REDUCE
2024-11-14,TARIL,EXIT
2024-11-14,ULTRACEMCO,REDUCE
2024-11-14,WELCORP,EXIT
2024-11-18,AAVAS,EXIT
2024-11-18,ANANTRAJ,EXIT
2024-11-18,EIDPARRY,REDUCE
2024-11-18,INDIANB,EXIT
2024-11-18,POLICYBZR,HOLD
2024-11-18,SONACOMS,REDUCE
2024-11-18,TEGA,EXIT
2024-11-18,RAMCOCEM,HOLD
2024-11-18,ULTRACEMCO,EXIT
2024-11-19,360ONE,HOLD
2024-11-19,EIDPARRY,HOLD
2024-11-19,ENDURANCE,REDUCE
2024-11-19,HINDALCO,EXIT
2024-11-19,JYOTICNC,HOLD
2024-11-19,NTPC,EXIT
2024-11-19,NH,HOLD
2024-11-19,PIIND,REDUCE
2024-11-19,THERMAX,EXIT
2024-11-19,TARIL,HOLD
2024-11-19,USHAMART,HOLD
2024-11-19,VBL,HOLD
2024-11-21,NH,EXIT
2024-11-21,PAYTM,HOLD
2024-11-21,PATANJALI,REDUCE
2024-11-21,PREMIERENE,REDUCE
2024-11-21,UNOMINDA,HOLD
2024-11-21,VOLTAS,REDUCE
2024-11-21,ZENSARTECH,HOLD
2024-11-22,BBTC,REDUCE
2024-11-22,CCL,HOLD
2024-11-22,GRASIM,REDUCE
2024-11-22,FLUOROCHEM,EXIT
2024-11-22,JSWENERGY,REDUCE
2024-11-22,JUBLFOOD,HOLD
2024-11-22,KALYANKJIL,HOLD
2024-11-22,KFINTECH,HOLD
2024-11-22,SYNGENE,REDUCE
2024-11-22,TCS,REDUCE
2024-11-22,ULTRACEMCO,REDUCE
2024-11-22,VEDL,EXIT
2024-11-25,BEL,REDUCE
2024-11-25,ENDURANCE,HOLD
2024-11-25,HDFCLIFE,REDUCE
2024-11-25,ITC,REDUCE
2024-11-25,MPHASIS,HOLD
2024-11-25,SARDAEN,EXIT
2024-11-25,SHRIRAMFIN,EXIT
2024-11-25,SYNGENE,HOLD
2024-11-25,TCS,HOLD
2024-11-25,ULTRACEMCO,HOLD
2024-11-25,VBL,REDUCE
2024-11-26,ASHOKLEY,HOLD
2024-11-26,BEL,HOLD
2024-11-26,CANFINHOME,REDUCE
2024-11-26,CEATLTD,HOLD
2024-11-26,CHALET,HOLD
2024-11-26,GICRE,HOLD
2024-11-26,INDIANB,HOLD
2024-11-26,JSWENERGY,EXIT
2024-11-26,LTTS,HOLD
2024-11-26,MUTHOOTFIN,HOLD
2024-11-26,NAVINFLUOR,HOLD
2024-11-26,PPLPHARMA,EXIT
2024-11-26,POLYMED,HOLD
2024-11-26,PFC,HOLD
2024-11-26,SCHNEIDER,HOLD
2024-11-26,SIEMENS,HOLD
2024-11-26,TRITURBINE,HOLD
2024-11-26,VBL,HOLD
2024-11-26,WELCORP,HOLD
2024-11-27,APOLLOTYRE,HOLD
2024-11-27,JUBLINGREA,HOLD
2024-11-27,POLYCAB,HOLD
2024-11-27,RKFORGE,HOLD
2024-11-27,SUNPHARMA,REDUCE
2024-11-28,BAJAJHFL,REDUCE
2024-11-28,CGPOWER,HOLD
2024-11-28,CHAMBLFERT,HOLD
2024-11-28,DCMSHRIRAM,EXIT
2024-11-28,KEI,HOLD
2024-11-28,PATANJALI,HOLD
2024-11-28,SONACOMS,EXIT
2024-11-28,TATACHEM,HOLD
2024-11-29,ABREL,HOLD
2024-11-29,BBTC,EXIT
2024-11-29,NCC,HOLD
2024-11-29,PETRONET,HOLD
2024-11-29,TORNTPHARM,HOLD
2024-12-02,BIOCON,HOLD
2024-12-02,CANFINHOME,EXIT
2024-12-02,DCMSHRIRAM,HOLD
2024-12-02,FACT,HOLD
2024-12-02,GRASIM,HOLD
2024-12-02,HDFCLIFE,EXIT
2024-12-02,NUVOCO,HOLD
2024-12-02,PPLPHARMA,HOLD
2024-12-03,BLS,HOLD
2024-12-03,ENDURANCE,REDUCE
2024-12-03,JKCEMENT,HOLD
2024-12-03,LTFOODS,HOLD
2024-12-03,NLCINDIA,HOLD
2024-12-03,RKFORGE,REDUCE
2024-12-03,SARDAEN,HOLD
2024-12-03,SYRMA,HOLD
2024-12-03,ZYDUSWELL,HOLD
2024-12-04,APLAPOLLO,HOLD
2024-12-04,ABBOTINDIA,HOLD
2024-12-04,ANANTRAJ,HOLD
2024-12-04,BHARTIARTL,REDUCE
2024-12-04,BRIGADE,HOLD
2024-12-04,DCMSHRIRAM,EXIT
2024-12-04,ELECON,HOLD
2024-12-04,GALLANTT,HOLD
2024-12-04,HEG,HOLD
2024-12-04,JSWINFRA,HOLD
2024-12-04,PIDILITIND,HOLD
2024-12-04,RKFORGE,HOLD
2024-12-04,SAPPHIRE,HOLD
2024-12-04,SUMICHEM,HOLD
2024-12-04,SYRMA,EXIT
2024-12-05,BLUEJET,REDUCE
2024-12-05,CESC,HOLD
2024-12-05,MAZDOCK,HOLD
2024-12-05,NATCOPHARM,HOLD
2024-12-05,NEWGEN,HOLD
2024-12-05,RECLTD,HOLD
2024-12-06,BLUESTARCO,HOLD
2024-12-06,FLUOROCHEM,HOLD
2024-12-06,IREDA,HOLD
2024-12-06,MANKIND,REDUCE
2024-12-06,VEDL,HOLD
2024-12-09,ANGELONE,HOLD
2024-12-09,HINDPETRO,HOLD
2024-12-09,INDIACEM,REDUCE
2024-12-09,KPIL,HOLD
2024-12-09,MANKIND,HOLD
2024-12-09,NH,HOLD
2024-12-09,ZYDUSWELL,EXIT
2024-12-10,IREDA,EXIT
2024-12-10,SAPPHIRE,REDUCE
2024-12-11,ASAHIINDIA,HOLD
2024-12-11,BRIGADE,REDUCE
2024-12-11,CROMPTON,HOLD
2024-12-11,EICHERMOT,REDUCE
2024-12-11,GABRIEL,HOLD
2024-12-11,KOTAKBANK,REDUCE
2024-12-11,LUPIN,HOLD
2024-12-11,SBFC,HOLD
2024-12-11,SYRMA,HOLD
2024-12-11,VTL,HOLD
2024-12-11,VOLTAS,HOLD
2024-12-11,ZYDUSWELL,HOLD
2024-12-12,BEML,HOLD
2024-12-12,BAYERCROP,HOLD
2024-12-12,ENDURANCE,EXIT
2024-12-12,JBCHEPHARM,HOLD
2024-12-12,MFSL,REDUCE
2024-12-12,NCC,EXIT
2024-12-12,PIIND,EXIT
2024-12-12,SAPPHIRE,EXIT
2024-12-12,SUMICHEM,REDUCE
2024-12-12,TATACHEM,EXIT
2024-12-12,ZYDUSWELL,EXIT
2024-12-13,ABREL,REDUCE
2024-12-13,ALKEM,EXIT
2024-12-13,BHARTIARTL,HOLD
2024-12-13,EICHERMOT,HOLD
2024-12-13,ITI,REDUCE
2024-12-13,JUBLPHARMA,REDUCE
2024-12-13,LUPIN,REDUCE
2024-12-13,NLCINDIA,REDUCE
2024-12-13,PPLPHARMA,EXIT
2024-12-13,RKFORGE,REDUCE
2024-12-13,SYNGENE,REDUCE
2024-12-16,BAYERCROP,REDUCE
2024-12-16,KOTAKBANK,HOLD
2024-12-16,NCC,HOLD
2024-12-16,PRESTIGE,HOLD
2024-12-17,ABB,HOLD
2024-12-17,ANGELONE,EXIT
2024-12-17,BAJFINANCE,REDUCE
2024-12-17,BLUEJET,HOLD
2024-12-17,BOSCHLTD,REDUCE
2024-12-17,CROMPTON,EXIT
2024-12-17,GODREJIND,HOLD
2024-12-17,GRASIM,REDUCE
2024-12-17,ICICIPRULI,EXIT
2024-12-17,JSWSTEEL,REDUCE
2024-12-17,PIDILITIND,REDUCE
2024-12-17,PPLPHARMA,HOLD
2024-12-17,SBFC,EXIT
2024-12-18,BEML,EXIT
2024-12-18,BAYERCROP,EXIT
2024-12-18,BHARTIARTL,REDUCE
2024-12-18,ELECON,EXIT
2024-12-18,GODREJPROP,HOLD
2024-12-18,NCC,EXIT
2024-12-18,NLCINDIA,EXIT
2024-12-18,PIDILITIND,EXIT
2024-12-18,RECLTD,EXIT
2024-12-19,ABB,EXIT
2024-12-19,ASHOKLEY,EXIT
2024-12-19,BAJFINANCE,EXIT
2024-12-19,BRIGADE,HOLD
2024-12-19,CYIENT,HOLD
2024-12-19,DRREDDY,REDUCE
2024-12-19,GRASIM,EXIT
2024-12-19,KOTAKBANK,EXIT
2024-12-19,LTTS,EXIT
2024-12-19,LUPIN,HOLD
2024-12-19,POLYMED,EXIT
2024-12-19,SUMICHEM,EXIT
2024-12-19,SWANCORP,REDUCE
2024-12-19,VOLTAS,REDUCE
2024-12-20,CGPOWER,REDUCE
2024-12-20,CYIENT,EXIT
2024-12-20,FACT,EXIT
2024-12-20,GODREJPROP,EXIT
2024-12-20,INDIANB,EXIT
2024-12-20,JSWSTEEL,EXIT
2024-12-20,JUBLPHARMA,EXIT
2024-12-20,MAZDOCK,EXIT
2024-12-20,NAVINFLUOR,EXIT
2024-12-20,PFC,EXIT
2024-12-20,SCHNEIDER,EXIT
2024-12-20,SIEMENS,REDUCE
2024-12-20,TECHNOE,HOLD
2024-12-20,TEJASNET,EXIT
2024-12-20,USHAMART,EXIT
2024-12-23,ABREL,EXIT
2024-12-23,BIOCON,EXIT
2024-12-23,CGPOWER,EXIT
2024-12-23,DOMS,REDUCE
2024-12-23,INDIACEM,HOLD
2024-12-23,INDIGO,REDUCE
2024-12-23,M&M,REDUCE
2024-12-24,APLAPOLLO,EXIT
2024-12-24,DIVISLAB,REDUCE
2024-12-24,HDFCAMC,REDUCE
2024-12-24,ITC,HOLD
2024-12-24,INDIGO,HOLD
2024-12-24,NATIONALUM,EXIT
2024-12-24,POWERGRID,EXIT
2024-12-24,SIEMENS,EXIT
2024-12-24,VEDL,REDUCE
2024-12-26,BIOCON,HOLD
2024-12-26,SUNPHARMA,HOLD
2024-12-27,ITI,EXIT
2024-12-27,KEI,REDUCE
2024-12-27,M&M,HOLD
2024-12-30,ATUL,EXIT
2024-12-30,CIPLA,REDUCE
2024-12-30,DIVISLAB,HOLD
2024-12-30,FLUOROCHEM,REDUCE
2024-12-30,HEG,EXIT
2024-12-30,LT,EXIT
2024-12-30,PTCIL,HOLD
2024-12-30,PRESTIGE,EXIT
2024-12-31,ITI,HOLD
2024-12-31,KOTAKBANK,REDUCE
2024-12-31,LODHA,HOLD
2024-12-31,MARICO,HOLD
2024-12-31,MPHASIS,REDUCE
2024-12-31,SBIN,EXIT
2024-12-31,TCS,EXIT
2024-12-31,VOLTAS,HOLD
2025-01-02,APLAPOLLO,HOLD
2025-01-02,ANANDRATHI,REDUCE
2025-01-02,BAJFINANCE,REDUCE
2025-01-02,FACT,HOLD
2025-01-02,HEG,HOLD
2025-01-02,LT,REDUCE
2025-01-02,MCX,REDUCE
2025-01-02,PETRONET,REDUCE
2025-01-02,SBFC,HOLD
2025-01-03,ASHOKLEY,HOLD
2025-01-03,DCMSHRIRAM,HOLD
2025-01-03,ELECON,HOLD
2025-01-03,POWERINDIA,HOLD
2025-01-03,LT,HOLD
2025-01-03,RPOWER,HOLD
2025-01-03,SBFC,EXIT
2025-01-03,SAPPHIRE,HOLD
2025-01-03,SUMICHEM,HOLD
2025-01-06,ANANDRATHI,EXIT
2025-01-06,APOLLOTYRE,EXIT
2025-01-06,ASAHIINDIA,EXIT
2025-01-06,BEL,EXIT
2025-01-06,CCL,EXIT
2025-01-06,CESC,EXIT
2025-01-06,CIPLA,EXIT
2025-01-06,DCMSHRIRAM,EXIT
2025-01-06,DEVYANI,HOLD
2025-01-06,ELECON,EXIT
2025-01-06,ERIS,EXIT
2025-01-06,FACT,EXIT
2025-01-06,GABRIEL,EXIT
2025-01-06,FLUOROCHEM,EXIT
2025-01-06,HEG,EXIT
2025-01-06,HDFCAMC,EXIT
2025-01-06,HINDPETRO,REDUCE
2025-01-06,KPIL,EXIT
2025-01-06,LODHA,EXIT
2025-01-06,MFSL,EXIT
2025-01-06,NATCOPHARM,EXIT
2025-01-06,PPLPHARMA,EXIT
2025-01-06,POLYMED,HOLD
2025-01-06,RPOWER,EXIT
2025-01-06,SHREECEM,HOLD
2025-01-06,SUMICHEM,EXIT
2025-01-06,TITAN,REDUCE
2025-01-07,AJANTPHARM,HOLD
2025-01-07,BOSCHLTD,EXIT
2025-01-07,HYUNDAI,REDUCE
2025-01-07,ITC,EXIT
2025-01-07,INDIGO,EXIT
2025-01-07,LT,EXIT
2025-01-07,SWANCORP,HOLD
2025-01-08,FACT,HOLD
2025-01-08,GABRIEL,HOLD
2025-01-08,GODREJIND,EXIT
2025-01-08,KARURVYSYA,REDUCE
2025-01-08,KEC,EXIT
2025-01-08,NAVINFLUOR,HOLD
2025-01-08,VBL,EXIT
2025-01-09,ASHOKLEY,EXIT
2025-01-09,BRIGADE,EXIT
2025-01-09,CONCORDBIO,HOLD
2025-01-09,DEVYANI,EXIT
2025-01-09,FACT,EXIT
2025-01-09,GABRIEL,EXIT
2025-01-09,ITI,EXIT
2025-01-09,KPRMILL,EXIT
2025-01-09,KALYANKJIL,EXIT
2025-01-09,NAM-INDIA,EXIT
2025-01-09,TECHNOE,EXIT
2025-01-10,APLAPOLLO,EXIT
2025-01-10,AJANTPHARM,EXIT
2025-01-10,BHARTIARTL,HOLD
2025-01-10,BLUESTARCO,EXIT
2025-01-10,CDSL,EXIT
2025-01-10,CUB,REDUCE
2025-01-10,EIDPARRY,EXIT
2025-01-10,GALLANTT,EXIT
2025-01-10,POWERINDIA,EXIT
2025-01-10,KEI,EXIT
2025-01-10,KARURVYSYA,EXIT
2025-01-10,POLICYBZR,EXIT
2025-01-10,PETRONET,EXIT
2025-01-10,POLYCAB,EXIT
2025-01-10,RKFORGE,HOLD
2025-01-10,SHREECEM,EXIT
2025-01-10,TCS,REDUCE
2025-01-10,TECHM,REDUCE
2025-01-10,TRITURBINE,EXIT
2025-01-10,VTL,EXIT
2025-01-10,VEDL,EXIT
2025-01-10,VOLTAS,REDUCE
2025-01-13,360ONE,EXIT
2025-01-13,ABSLAMC,EXIT
2025-01-13,AFFLE,EXIT
2025-01-13,BAJAJHLDNG,EXIT
2025-01-13,CHALET,EXIT
2025-01-13,CHAMBLFERT,EXIT
2025-01-13,CUB,EXIT
2025-01-13,CAMS,EXIT
2025-01-13,DIXON,EXIT
2025-01-13,GICRE,EXIT
2025-01-13,HINDPETRO,EXIT
2025-01-13,INDHOTEL,EXIT
2025-01-13,NAUKRI,EXIT
2025-01-13,JBCHEPHARM,EXIT
2025-01-13,JSWINFRA,EXIT
2025-01-13,JUBLINGREA,EXIT
2025-01-13,LEMONTREE,HOLD
2025-01-13,NETWEB,EXIT
2025-01-13,NUVAMA,EXIT
2025-01-13,NUVOCO,EXIT
2025-01-13,OFSS,EXIT
2025-01-13,PARADEEP,EXIT
2025-01-13,POLYMED,EXIT
2025-01-13,RADICO,EXIT
2025-01-13,SAPPHIRE,EXIT
2025-01-13,SARDAEN,EXIT
2025-01-13,TCS,HOLD
2025-01-13,RAMCOCEM,EXIT
2025-01-13,UTIAMC,EXIT
2025-01-13,VOLTAS,EXIT
2025-01-13,ECLERX,EXIT
2025-01-14,BAJFINANCE,REDUCE
2025-01-14,BAJAJFINSV,REDUCE
2025-01-14,CARTRADE,EXIT
2025-01-14,DOMS,EXIT
2025-01-14,HDFCBANK,EXIT
2025-01-14,ICICIBANK,REDUCE
2025-01-14,PAYTM,EXIT
2025-01-14,REDINGTON,HOLD
2025-01-14,SUNPHARMA,REDUCE
2025-01-14,SYRMA,EXIT
2025-01-15,ABBOTINDIA,EXIT
2025-01-15,KFINTECH,EXIT
2025-01-15,MINDACORP,HOLD
2025-01-15,RAINBOW,REDUCE
2025-01-15,SAPPHIRE,HOLD
2025-01-15,TECHM,REDUCE
2025-01-16,360ONE,HOLD
2025-01-16,CARTRADE,HOLD
2025-01-16,DIXON,HOLD
2025-01-16,GILLETTE,REDUCE
2025-01-16,INDHOTEL,HOLD
2025-01-16,MANKIND,EXIT
2025-01-16,OBEROIRLTY,EXIT
2025-01-16,PARADEEP,HOLD
2025-01-16,SAPPHIRE,EXIT
2025-01-16,SWANCORP,REDUCE
2025-01-16,WAAREEENER,REDUCE
2025-01-17,APLAPOLLO,HOLD
2025-01-17,CRISIL,EXIT
2025-01-17,CAPLIPOINT,EXIT
2025-01-17,CONCORDBIO,EXIT
2025-01-17,FEDERALBNK,REDUCE
2025-01-17,GICRE,HOLD
2025-01-17,LTTS,HOLD
2025-01-17,MARUTI,REDUCE
2025-01-17,MAXHEALTH,EXIT
2025-01-17,MCX,EXIT
2025-01-17,SWANCORP,HOLD
2025-01-20,SWANCORP,EXIT
2025-01-21,AMBER,EXIT
2025-01-21,COFORGE,EXIT
2025-01-21,DEEPAKFERT,EXIT
2025-01-21,DIXON,EXIT
2025-01-21,ETERNAL,EXIT
2025-01-21,GVT&D,EXIT
2025-01-21,GRAVITA,EXIT
2025-01-21,HSCL,EXIT
2025-01-21,ICICIBANK,EXIT
2025-01-21,KAYNES,EXIT
2025-01-21,KOTAKBANK,REDUCE
2025-01-21,MARUTI,EXIT
2025-01-21,NEULANDLAB,EXIT
2025-01-21,NEWGEN,EXIT
2025-01-21,NUVOCO,HOLD
2025-01-21,PGEL,EXIT
2025-01-21,TCS,EXIT
2025-01-21,TITAN,EXIT
2025-01-21,TARIL,EXIT
2025-01-21,TRENT,EXIT
2025-01-21,UNOMINDA,EXIT
2025-01-21,ULTRACEMCO,EXIT
2025-01-21,ZENTEC,EXIT
2025-01-22,APARINDS,EXIT
2025-01-22,APOLLOHOSP,REDUCE
2025-01-22,BAJAJHLDNG,HOLD
2025-01-22,CARTRADE,EXIT
2025-01-22,CEATLTD,EXIT
2025-01-22,FSL,REDUCE
2025-01-22,GICRE,EXIT
2025-01-22,INDIACEM,EXIT
2025-01-22,KOTAKBANK,HOLD
2025-01-22,RAINBOW,EXIT
2025-01-22,RKFORGE,REDUCE
2025-01-22,VIJAYA,EXIT
2025-01-22,WOCKPHARMA,EXIT
2025-01-23,CHAMBLFERT,HOLD
2025-01-23,KARURVYSYA,HOLD
2025-01-23,RKFORGE,EXIT
2025-01-23,SUNPHARMA,HOLD
2025-01-23,ULTRACEMCO,REDUCE
2025-01-24,COFORGE,HOLD
2025-01-24,DRREDDY,EXIT
2025-01-24,FORTIS,EXIT
2025-01-24,LEMONTREE,EXIT
2025-01-24,MPHASIS,HOLD
2025-01-24,SYNGENE,EXIT
2025-01-24,TECHM,HOLD
2025-01-27,360ONE,EXIT
2025-01-27,APLAPOLLO,EXIT
2025-01-27,ANANTRAJ,EXIT
2025-01-27,BLS,EXIT
2025-01-27,HCLTECH,REDUCE
2025-01-27,IPCALAB,EXIT
2025-01-27,JUBLFOOD,EXIT
2025-01-27,JYOTICNC,EXIT
2025-01-27,LTFOODS,EXIT
2025-01-27,NUVOCO,EXIT
2025-01-28,ACMESOLAR,REDUCE
2025-01-28,BAJFINANCE,HOLD
2025-01-28,CHAMBLFERT,EXIT
2025-01-28,DCMSHRIRAM,HOLD
2025-01-28,DIVISLAB,REDUCE
2025-01-28,FEDERALBNK,EXIT
2025-01-28,FSL,EXIT
2025-01-28,GILLETTE,EXIT
2025-01-28,INDHOTEL,EXIT
2025-01-28,LAURUSLABS,EXIT
2025-01-28,LLOYDSME,EXIT
2025-01-28,LUPIN,EXIT
2025-01-28,MARUTI,REDUCE
2025-01-28,PTCIL,EXIT
2025-01-28,SUNPHARMA,EXIT
2025-01-28,SWIGGY,REDUCE
2025-01-29,AFCONS,REDUCE
2025-01-29,MARUTI,EXIT
2025-01-29,ULTRACEMCO,HOLD
2025-01-30,CARTRADE,HOLD
2025-01-30,INDIANB,HOLD
2025-01-30,JSWSTEEL,REDUCE
2025-01-30,JUBLFOOD,HOLD
2025-01-30,LLOYDSME,HOLD
2025-01-30,MINDACORP,EXIT
2025-01-30,SHREECEM,HOLD
2025-01-31,BEL,REDUCE
2025-01-31,CHOICEIN,REDUCE
2025-01-31,COFORGE,EXIT
2025-01-31,JSWSTEEL,HOLD
2025-01-31,LAURUSLABS,HOLD
2025-01-31,MARUTI,REDUCE
2025-01-31,SARDAEN,HOLD
2025-01-31,TITAN,REDUCE
2025-01-31,UBL,HOLD
2025-02-03,BEL,EXIT
2025-02-03,DCMSHRIRAM,EXIT
2025-02-03,ITC,REDUCE
2025-02-03,INDIANB,EXIT
2025-02-03,INDIGO,REDUCE
2025-02-03,LLOYDSME,EXIT
2025-02-03,MAXHEALTH,REDUCE
2025-02-03,MINDACORP,HOLD
2025-02-03,SRF,HOLD
2025-02-03,TECHM,REDUCE
2025-02-03,WOCKPHARMA,HOLD
2025-02-04,BLUESTARCO,HOLD
2025-02-04,CHAMBLFERT,HOLD
2025-02-04,DIVISLAB,HOLD
2025-02-04,GABRIEL,HOLD
2025-02-04,INDIGO,EXIT
2025-02-04,LEMONTREE,HOLD
2025-02-04,MAXHEALTH,HOLD
2025-02-04,MPHASIS,REDUCE
2025-02-04,SBICARD,HOLD
2025-02-04,TORNTPHARM,EXIT
2025-02-05,AMBER,HOLD
2025-02-05,BLUESTARCO,EXIT
2025-02-05,CUB,HOLD
2025-02-05,CONCORDBIO,HOLD
2025-02-05,ITC,EXIT
2025-02-05,INDIGO,REDUCE
2025-02-06,LUPIN,HOLD
2025-02-06,NUVOCO,HOLD
2025-02-06,SUMICHEM,HOLD
2025-02-06,TITAN,EXIT
2025-02-06,VIJAYA,HOLD
2025-02-07,ABBOTINDIA,HOLD
2025-02-07,BHARTIHEXA,HOLD
2025-02-07,CHOICEIN,HOLD
2025-02-07,ERIS,HOLD
2025-02-07,GALLANTT,HOLD
2025-02-07,NTPCGREEN,REDUCE
2025-02-07,PARADEEP,EXIT
2025-02-07,TITAN,REDUCE
2025-02-10,AIIL,HOLD
2025-02-10,BAJAJFINSV,HOLD
2025-02-10,GALLANTT,EXIT
2025-02-10,INDIGO,EXIT
2025-02-10,LEMONTREE,EXIT
2025-02-10,SUMICHEM,EXIT
2025-02-10,TITAN,EXIT
2025-02-10,UNOMINDA,HOLD
2025-02-11,AMBER,EXIT
2025-02-11,APOLLOHOSP,EXIT
2025-02-11,ASTERDM,EXIT
2025-02-11,CONCORDBIO,EXIT
2025-02-11,MARICO,EXIT
2025-02-11,MAXHEALTH,EXIT
2025-02-11,MINDACORP,EXIT
2025-02-11,MPHASIS,EXIT
2025-02-11,NUVOCO,EXIT
2025-02-11,UNOMINDA,EXIT
2025-02-12,ERIS,REDUCE
2025-02-12,JUBLFOOD,EXIT
2025-02-12,LUPIN,EXIT
2025-02-12,UPL,HOLD
2025-02-12,VIJAYA,EXIT
2025-02-13,CUB,REDUCE
2025-02-13,EICHERMOT,EXIT
2025-02-13,ERIS,EXIT
2025-02-13,LTTS,EXIT
2025-02-13,PAGEIND,EXIT
2025-02-14,ABBOTINDIA,EXIT
2025-02-14,CUB,EXIT
2025-02-14,NIVABUPA,REDUCE
2025-02-14,PERSISTENT,EXIT
2025-02-14,WOCKPHARMA,EXIT
2025-02-17,BIOCON,EXIT
2025-02-17,GABRIEL,EXIT
2025-02-17,KIMS,EXIT
2025-02-17,M&M,EXIT
2025-02-18,ABBOTINDIA,HOLD
2025-02-18,TECHM,HOLD
2025-02-19,AIIL,REDUCE
2025-02-19,CHOICEIN,REDUCE
2025-02-19,INDIGO,REDUCE
2025-02-19,KARURVYSYA,REDUCE
2025-02-20,JUBLFOOD,HOLD
2025-02-20,LAURUSLABS,EXIT
2025-02-20,MANAPPURAM,HOLD
2025-02-20,MINDACORP,HOLD
2025-02-21,CARTRADE,EXIT
2025-02-21,GABRIEL,HOLD
2025-02-21,KARURVYSYA,EXIT
2025-02-21,MINDACORP,EXIT
2025-02-21,ULTRACEMCO,EXIT
2025-02-24,BHARTIHEXA,EXIT
2025-02-24,GODREJIND,HOLD
2025-02-24,HBLENGINE,REDUCE
2025-02-24,HCLTECH,EXIT
2025-02-24,INFY,EXIT
2025-02-24,ZENSARTECH,EXIT
2025-02-27,UBL,EXIT
2025-02-28,AIIL,EXIT
2025-02-28,BSE,EXIT
2025-02-28,CHOICEIN,EXIT
2025-02-28,GABRIEL,EXIT
2025-02-28,HDFCBANK,REDUCE
2025-02-28,INDGN,EXIT
2025-02-28,JKCEMENT,EXIT
2025-02-28,JUBLFOOD,EXIT
2025-02-28,MARUTI,EXIT
2025-02-28,SHRIRAMFIN,REDUCE
2025-02-28,TECHM,EXIT
2025-03-03,COROMANDEL,EXIT
2025-03-04,AADHARHFC,EXIT
2025-03-04,BLUESTARCO,HOLD
2025-03-04,HDFCBANK,HOLD
2025-03-04,TBOTEK,EXIT
2025-03-05,CARTRADE,HOLD
2025-03-05,FSL,HOLD
2025-03-05,IGIL,REDUCE
2025-03-06,DOMS,HOLD
2025-03-06,EICHERMOT,REDUCE
2025-03-06,FORTIS,HOLD
2025-03-06,HINDALCO,REDUCE
2025-03-07,EICHERMOT,HOLD
2025-03-07,IKS,REDUCE
2025-03-07,SAGILITY,REDUCE
2025-03-07,SAILIFE,REDUCE
2025-03-10,FSL,EXIT
2025-03-10,FORTIS,EXIT
2025-03-10,PGEL,HOLD
2025-03-11,BHARTIHEXA,HOLD
2025-03-11,GODIGIT,EXIT
2025-03-11,HDFCBANK,EXIT
2025-03-11,ICICIBANK,REDUCE
2025-03-12,BHARTIHEXA,REDUCE
2025-03-12,HDFCBANK,REDUCE
2025-03-12,ICICIBANK,HOLD
2025-03-12,LAURUSLABS,HOLD
2025-03-12,PGEL,EXIT
2025-03-12,PATANJALI,EXIT
2025-03-12,WIPRO,EXIT
2025-03-13,HDFCBANK,HOLD
2025-03-18,COROMANDEL,HOLD
2025-03-18,KIMS,HOLD
2025-03-18,VIJAYA,HOLD
2025-03-18,VMM,REDUCE
2025-03-19,AEGISLOG,EXIT
2025-03-19,BEL,REDUCE
2025-03-19,HDFCLIFE,REDUCE
2025-03-19,MAXHEALTH,REDUCE
2025-03-19,SUNPHARMA,REDUCE
2025-03-19,SUNDARMFIN,HOLD
2025-03-19,TATASTEEL,REDUCE
2025-03-19,UNITDSPR,EXIT
2025-03-20,ERIS,HOLD
2025-03-20,GABRIEL,HOLD
2025-03-20,INDHOTEL,HOLD
2025-03-20,JKCEMENT,HOLD
2025-03-20,MAXHEALTH,HOLD
2025-03-20,MAZDOCK,HOLD
2025-03-20,VIJAYA,EXIT
2025-03-20,WOCKPHARMA,HOLD
2025-03-21,CIPLA,REDUCE
2025-03-24,PGEL,HOLD
2025-03-25,AAVAS,HOLD
2025-03-25,BHARTIHEXA,HOLD
2025-03-25,GICRE,HOLD
2025-03-25,MINDACORP,HOLD
2025-03-25,RADICO,HOLD
2025-03-25,ULTRACEMCO,REDUCE
2025-03-26,GICRE,EXIT
2025-03-26,MINDACORP,EXIT
2025-03-27,GRASIM,REDUCE
2025-03-27,SUNDARMFIN,EXIT
2025-03-28,AMBER,HOLD
2025-03-28,CHOLAFIN,HOLD
2025-03-28,DIVISLAB,REDUCE
2025-03-28,FORTIS,HOLD
2025-04-01,ASTERDM,HOLD
2025-04-02,AIIL,HOLD
2025-04-02,SBFC,HOLD
2025-04-02,TATACONSUM,REDUCE
2025-04-03,MEDANTA,HOLD
2025-04-03,JUBLFOOD,HOLD
2025-04-03,PARADEEP,HOLD
2025-04-03,PATANJALI,HOLD
2025-04-04,AMBER,EXIT
2025-04-04,BEL,EXIT
2025-04-04,BLUEJET,EXIT
2025-04-04,CIPLA,EXIT
2025-04-04,DIVISLAB,EXIT
2025-04-04,FORCEMOT,REDUCE
2025-04-04,GLAXO,REDUCE
2025-04-04,MEDANTA,EXIT
2025-04-04,GODFRYPHLP,EXIT
2025-04-04,GRASIM,REDUCE
2025-04-04,HDFCLIFE,REDUCE
2025-04-04,HINDALCO,EXIT
2025-04-04,SHRIRAMFIN,REDUCE
2025-04-04,SUNPHARMA,EXIT
2025-04-04,TATACONSUM,REDUCE
2025-04-04,TATASTEEL,EXIT
2025-04-04,ULTRACEMCO,REDUCE
2025-04-04,WOCKPHARMA,EXIT
2025-04-07,AIIL,EXIT
2025-04-07,BLUESTARCO,EXIT
2025-04-07,CARTRADE,EXIT
2025-04-07,CHOLAFIN,EXIT
2025-04-07,ERIS,EXIT
2025-04-07,FORCEMOT,EXIT
2025-04-07,GLAXO,EXIT
2025-04-07,GODREJIND,EXIT
2025-04-07,GRASIM,EXIT
2025-04-07,INDHOTEL,EXIT
2025-04-07,JSWSTEEL,EXIT
2025-04-07,KIMS,REDUCE
2025-04-07,MAZDOCK,EXIT
2025-04-07,PGEL,EXIT
2025-04-07,REDINGTON,EXIT
2025-04-07,SBFC,EXIT
2025-04-07,SARDAEN,EXIT
2025-04-07,TATACONSUM,EXIT
2025-04-07,ULTRACEMCO,EXIT
2025-04-08,APOLLOHOSP,REDUCE
2025-04-08,TATACONSUM,REDUCE
2025-04-09,CHOLAFIN,HOLD
2025-04-09,DOMS,EXIT
2025-04-09,ERIS,HOLD
2025-04-09,GODREJIND,HOLD
2025-04-09,KIMS,HOLD
2025-04-09,LAURUSLABS,REDUCE
2025-04-09,ONESOURCE,REDUCE
2025-04-09,SUNDARMFIN,HOLD
2025-04-09,ULTRACEMCO,REDUCE
2025-04-09,WELCORP,REDUCE
2025-04-11,CHOICEIN,HOLD
2025-04-11,GRASIM,REDUCE
2025-04-11,INDHOTEL,HOLD
2025-04-11,LAURUSLABS,HOLD
2025-04-11,MUTHOOTFIN,EXIT
2025-04-11,NESTLEIND,REDUCE
2025-04-11,SHRIRAMFIN,HOLD
2025-04-15,BSE,HOLD
2025-04-15,BEL,REDUCE
2025-04-15,MEDANTA,HOLD
2025-04-15,GODFRYPHLP,HOLD
2025-04-15,JSWSTEEL,REDUCE
2025-04-15,MAZDOCK,HOLD
2025-04-15,PGEL,HOLD
2025-04-15,RAMCOCEM,HOLD
2025-04-15,TARIL,HOLD
2025-04-16,AIIL,HOLD
2025-04-16,AXISBANK,REDUCE
2025-04-16,BLUESTARCO,HOLD
2025-04-16,FORCEMOT,HOLD
2025-04-16,SBFC,HOLD
2025-04-16,SARDAEN,HOLD
2025-04-16,SHYAMMETL,HOLD
2025-04-16,WELCORP,HOLD
2025-04-17,DOMS,HOLD
2025-04-17,DEEPAKFERT,HOLD
2025-04-17,GLAXO,HOLD
2025-04-17,LLOYDSME,HOLD
2025-04-17,SBIN,REDUCE
2025-04-21,DIVISLAB,HOLD
2025-04-21,LEMONTREE,HOLD
2025-04-21,POWERGRID,REDUCE
2025-04-21,TATACONSUM,REDUCE
2025-04-22,CIPLA,REDUCE
2025-04-22,GICRE,HOLD
2025-04-22,GRASIM,REDUCE
2025-04-22,PAYTM,HOLD
2025-04-22,VIJAYA,HOLD
2025-04-23,BLUESTARCO,EXIT
2025-04-23,CHOLAHLDNG,HOLD
2025-04-23,FSL,HOLD
2025-04-23,GICRE,EXIT
2025-04-24,ABDL,EXIT
2025-04-24,REDINGTON,HOLD
2025-04-24,SUNPHARMA,REDUCE
2025-04-24,ULTRACEMCO,REDUCE
2025-04-25,GICRE,HOLD
2025-04-25,MEDANTA,EXIT
2025-04-25,LEMONTREE,REDUCE
2025-04-25,SBILIFE,REDUCE
2025-04-25,TARIL,EXIT
2025-04-25,VIJAYA,EXIT
2025-04-28,ABBOTINDIA,REDUCE
2025-04-28,APOLLOHOSP,REDUCE
2025-04-28,RELIANCE,REDUCE
2025-04-28,SARDAEN,REDUCE
2025-04-28,SOLARINDS,REDUCE
2025-04-28,WELCORP,REDUCE
2025-04-29,ANURAS,HOLD
2025-04-29,LLOYDSME,EXIT
2025-04-29,SARDAEN,EXIT
2025-04-30,CARTRADE,HOLD
2025-04-30,FSL,EXIT
2025-04-30,GICRE,EXIT
2025-04-30,LEMONTREE,HOLD
2025-04-30,PAYTM,EXIT
2025-04-30,SOLARINDS,HOLD
2025-05-02,AAVAS,EXIT
2025-05-02,ABBOTINDIA,HOLD
2025-05-02,BDL,HOLD
2025-05-05,APLAPOLLO,HOLD
2025-05-05,AADHARHFC,HOLD
2025-05-05,AXISBANK,REDUCE
2025-05-05,EMCURE,EXIT
2025-05-06,INDHOTEL,EXIT
2025-05-06,KPRMILL,HOLD
2025-05-06,LEMONTREE,EXIT
2025-05-06,MARICO,HOLD
2025-05-06,MFSL,HOLD
2025-05-07,BDL,EXIT
2025-05-07,BEL,REDUCE
2025-05-07,CIPLA,EXIT
2025-05-07,DOMS,REDUCE
2025-05-07,M&M,REDUCE
2025-05-07,POWERGRID,REDUCE
2025-05-07,UBL,HOLD
2025-05-08,ABBOTINDIA,REDUCE
2025-05-08,BAJAJHLDNG,REDUCE
2025-05-08,CARTRADE,REDUCE
2025-05-08,PATANJALI,EXIT
2025-05-09,APOLLOHOSP,EXIT
2025-05-09,AXISBANK,REDUCE
2025-05-09,BAJFINANCE,REDUCE
2025-05-09,CHOLAHLDNG,EXIT
2025-05-09,DOMS,EXIT
2025-05-09,HEXT,REDUCE
2025-05-09,POWERINDIA,HOLD
2025-05-09,SHREECEM,REDUCE
2025-05-09,TITAN,REDUCE
2025-05-09,WELCORP,EXIT
2025-05-12,ADANIPORTS,REDUCE
2025-05-12,APOLLOHOSP,REDUCE
2025-05-12,BDL,HOLD
2025-05-12,CEATLTD,HOLD
2025-05-12,GLAXO,REDUCE
2025-05-12,HDFCLIFE,REDUCE
2025-05-12,JSWSTEEL,EXIT
2025-05-12,LT,REDUCE
2025-05-12,NESTLEIND,EXIT
2025-05-12,PNBHOUSING,HOLD
2025-05-13,CARTRADE,HOLD
2025-05-13,DOMS,HOLD
2025-05-13,GLAXO,HOLD
2025-05-13,HDFCLIFE,HOLD
2025-05-13,SHRIRAMFIN,REDUCE
2025-05-13,UPL,REDUCE
2025-05-14,BERGEPAINT,HOLD
2025-05-14,HOMEFIRST,HOLD
2025-05-14,INDIANB,HOLD
2025-05-14,LTF,HOLD
2025-05-14,SHRIRAMFIN,HOLD
2025-05-14,TATASTEEL,REDUCE
2025-05-15,CHOLAHLDNG,HOLD
2025-05-15,DALBHARAT,HOLD
2025-05-15,LLOYDSME,HOLD
2025-05-15,POWERGRID,EXIT
2025-05-16,AEGISLOG,HOLD
2025-05-16,TATACONSUM,HOLD
2025-05-19,ADANIPORTS,REDUCE
2025-05-19,BAJAJHLDNG,HOLD
2025-05-19,CARTRADE,REDUCE
2025-05-19,GRSE,HOLD
2025-05-19,GRASIM,HOLD
2025-05-19,SHREECEM,HOLD
2025-05-19,TVSMOTOR,HOLD
2025-05-19,ULTRACEMCO,HOLD
2025-05-20,BANKINDIA,HOLD
2025-05-20,DOMS,EXIT
2025-05-20,GICRE,HOLD
2025-05-20,GLAXO,REDUCE
2025-05-20,LAURUSLABS,REDUCE
2025-05-20,TATASTEEL,HOLD
2025-05-20,UBL,REDUCE
2025-05-21,AXISBANK,HOLD
2025-05-21,CHAMBLFERT,EXIT
2025-05-21,CUB,HOLD
2025-05-21,NYKAA,HOLD
2025-05-21,PAGEIND,HOLD
2025-05-22,GICRE,EXIT
2025-05-22,GLAXO,HOLD
2025-05-22,UBL,EXIT
2025-05-23,AADHARHFC,REDUCE
2025-05-23,ADANIPORTS,REDUCE
2025-05-23,EIDPARRY,HOLD
2025-05-23,HDFCAMC,HOLD
2025-05-23,HAL,HOLD
2025-05-23,JUBLFOOD,REDUCE
2025-05-23,LODHA,HOLD
2025-05-23,PTCIL,HOLD
2025-05-26,GMRAIRPORT,HOLD
2025-05-26,JUBLFOOD,EXIT
2025-05-26,RPOWER,HOLD
2025-05-26,SHYAMMETL,REDUCE
2025-05-26,UNITDSPR,HOLD
2025-05-27,CARTRADE,EXIT
2025-05-27,MRF,HOLD
2025-05-27,NAVINFLUOR,REDUCE
2025-05-28,AUBANK,HOLD
2025-05-28,ADANIPORTS,REDUCE
2025-05-28,GMRAIRPORT,EXIT
2025-05-28,POONAWALLA,HOLD
2025-05-28,SHREECEM,REDUCE
2025-05-28,UNIONBANK,HOLD
2025-05-29,AADHARHFC,EXIT
2025-05-29,ABCAPITAL,HOLD
2025-05-29,AEGISLOG,REDUCE
2025-05-29,BALRAMCHIN,HOLD
2025-05-29,FEDERALBNK,HOLD
2025-05-29,FSL,HOLD
2025-05-29,INDUSTOWER,HOLD
2025-05-29,MCX,HOLD
2025-05-29,SYRMA,HOLD
2025-05-30,ADANIPORTS,REDUCE
2025-05-30,BPCL,HOLD
2025-05-30,CHALET,HOLD
2025-05-30,HEG,HOLD
2025-05-30,HINDPETRO,HOLD
2025-05-30,IDBI,HOLD
2025-05-30,INDUSTOWER,EXIT
2025-05-30,PAYTM,HOLD
2025-05-30,SCHAEFFLER,HOLD
2025-05-30,SHRIRAMFIN,REDUCE
2025-06-02,AFFLE,HOLD
2025-06-02,APTUS,HOLD
2025-06-02,ASAHIINDIA,HOLD
2025-06-02,IEX,HOLD
2025-06-02,WELCORP,HOLD
2025-06-02,WOCKPHARMA,HOLD
2025-06-03,ADANIPORTS,HOLD
2025-06-03,APTUS,EXIT
2025-06-03,BANKBARODA,HOLD
2025-06-03,INTELLECT,HOLD
2025-06-03,NESTLEIND,REDUCE
2025-06-03,NUVAMA,HOLD
2025-06-03,OLAELEC,EXIT
2025-06-03,SUNDARMFIN,REDUCE
2025-06-04,APOLLOHOSP,EXIT
2025-06-04,ASHOKLEY,HOLD
2025-06-04,BRITANNIA,HOLD
2025-06-04,CHOLAFIN,REDUCE
2025-06-04,NESTLEIND,HOLD
2025-06-04,PTCIL,EXIT
2025-06-04,SBIN,HOLD
2025-06-05,FIRSTCRY,EXIT
2025-06-05,CCL,HOLD
2025-06-05,IEX,EXIT
2025-06-05,NBCC,HOLD
2025-06-05,TARIL,HOLD
2025-06-05,VTL,HOLD
2025-06-06,AEGISLOG,EXIT
2025-06-06,BAJAJFINSV,REDUCE
2025-06-06,CANBK,HOLD
2025-06-06,DATAPATTNS,HOLD
2025-06-06,DRREDDY,REDUCE
2025-06-06,EICHERMOT,REDUCE
2025-06-06,GRASIM,EXIT
2025-06-06,JUBLFOOD,HOLD
2025-06-06,NAM-INDIA,HOLD
2025-06-06,SAREGAMA,HOLD
2025-06-06,TARIL,EXIT
2025-06-09,ELECON,HOLD
2025-06-09,IEX,HOLD
2025-06-09,INDUSTOWER,HOLD
2025-06-09,KARURVYSYA,HOLD
2025-06-09,KOTAKBANK,REDUCE
2025-06-09,SAREGAMA,EXIT
2025-06-10,AADHARHFC,HOLD
2025-06-10,ABDL,HOLD
2025-06-10,ANGELONE,HOLD
2025-06-10,APTUS,HOLD
2025-06-10,GVT&D,HOLD
2025-06-10,JYOTICNC,HOLD
2025-06-10,MUTHOOTFIN,HOLD
2025-06-10,TECHM,REDUCE
2025-06-10,ULTRACEMCO,EXIT
2025-06-11,APTUS,EXIT
2025-06-11,GMDCLTD,HOLD
2025-06-11,IDFCFIRSTB,HOLD
2025-06-11,IEX,EXIT
2025-06-11,INDUSTOWER,EXIT
2025-06-11,JUBLFOOD,REDUCE
2025-06-11,JYOTICNC,EXIT
2025-06-11,LAURUSLABS,HOLD
2025-06-11,MARICO,REDUCE
2025-06-12,AADHARHFC,REDUCE
2025-06-12,APOLLOHOSP,REDUCE
2025-06-12,BLUEJET,HOLD
2025-06-12,HEG,EXIT
2025-06-12,IDFCFIRSTB,EXIT
2025-06-12,J&KBANK,HOLD
2025-06-12,KPRMILL,EXIT
2025-06-12,M&M,HOLD
2025-06-12,SYRMA,EXIT
2025-06-12,UNITDSPR,REDUCE
2025-06-12,ZENSARTECH,HOLD
2025-06-13,HINDPETRO,REDUCE
2025-06-13,INDIGO,REDUCE
2025-06-13,MARUTI,REDUCE
2025-06-13,NAVINFLUOR,HOLD
2025-06-13,SUNPHARMA,EXIT
2025-06-13,UNITDSPR,EXIT
2025-06-16,HCLTECH,REDUCE
2025-06-16,ITCHOTELS,REDUCE
2025-06-16,MAZDOCK,EXIT
2025-06-16,SCHAEFFLER,EXIT
2025-06-16,VTL,EXIT
2025-06-17,INDUSTOWER,HOLD
2025-06-17,LTFOODS,HOLD
2025-06-17,PAYTM,EXIT
2025-06-18,BEML,HOLD
2025-06-18,CHOLAFIN,HOLD
2025-06-18,COFORGE,HOLD
2025-06-18,MARUTI,HOLD
2025-06-18,MAZDOCK,HOLD
2025-06-18,PAGEIND,REDUCE
2025-06-18,SHYAMMETL,EXIT
2025-06-19,ANGELONE,EXIT
2025-06-19,BEML,EXIT
2025-06-19,BANKBARODA,REDUCE
2025-06-19,BANKINDIA,REDUCE
2025-06-19,BERGEPAINT,REDUCE
2025-06-19,CHOLAFIN,REDUCE
2025-06-19,INDUSTOWER,EXIT
2025-06-19,KPRMILL,HOLD
2025-06-19,KIMS,REDUCE
2025-06-19,PNBHOUSING,REDUCE
2025-06-20,ADANIPORTS,REDUCE
2025-06-20,ASAHIINDIA,REDUCE
2025-06-20,CRISIL,HOLD
2025-06-20,ENDURANCE,HOLD
2025-06-20,IIFL,HOLD
2025-06-20,KPRMILL,EXIT
2025-06-23,ADANIPORTS,HOLD
2025-06-23,BEML,HOLD
2025-06-23,CDSL,HOLD
2025-06-23,FACT,HOLD
2025-06-23,GILLETTE,HOLD
2025-06-23,HCLTECH,EXIT
2025-06-23,HINDALCO,REDUCE
2025-06-23,ICICIBANK,REDUCE
2025-06-23,LTFOODS,EXIT
2025-06-23,NAVA,HOLD
2025-06-23,POLICYBZR,HOLD
2025-06-23,RBLBANK,HOLD
2025-06-23,SBIN,REDUCE
2025-06-24,ANGELONE,HOLD
2025-06-24,ASAHIINDIA,EXIT
2025-06-24,GRAPHITE,HOLD
2025-06-24,KPRMILL,HOLD
2025-06-24,POLICYBZR,EXIT
2025-06-24,PNBHOUSING,HOLD
2025-06-24,SPLPETRO,HOLD
2025-06-24,TATACONSUM,REDUCE
2025-06-24,ZEEL,HOLD
2025-06-24,ECLERX,HOLD
2025-06-25,ANGELONE,EXIT
2025-06-25,DATAPATTNS,EXIT
2025-06-25,HCLTECH,REDUCE
2025-06-25,IDFCFIRSTB,HOLD
2025-06-25,JMFINANCIL,HOLD
2025-06-25,LTFOODS,HOLD
2025-06-25,LT,HOLD
2025-06-25,NESTLEIND,EXIT
2025-06-25,PFIZER,HOLD
2025-06-25,PREMIERENE,EXIT
2025-06-26,ATUL,HOLD
2025-06-26,COROMANDEL,REDUCE
2025-06-26,DELHIVERY,HOLD
2025-06-26,HINDPETRO,HOLD
2025-06-26,MAZDOCK,EXIT
2025-06-26,PNB,HOLD
2025-06-26,UNOMINDA,HOLD
2025-06-27,ABBOTINDIA,HOLD
2025-06-27,ANGELONE,HOLD
2025-06-27,CANFINHOME,HOLD
2025-06-27,COROMANDEL,HOLD
2025-06-27,INDIGO,HOLD
2025-06-27,PAGEIND,HOLD
2025-06-27,SYRMA,HOLD
2025-06-30,AXISBANK,REDUCE
2025-06-30,BANDHANBNK,HOLD
2025-06-30,BERGEPAINT,HOLD
2025-06-30,ICICIGI,HOLD
2025-06-30,MARUTI,REDUCE
2025-06-30,NUVOCO,HOLD
2025-06-30,PERSISTENT,HOLD
2025-07-01,ASAHIINDIA,HOLD
2025-07-01,MAHABANK,HOLD
2025-07-01,COROMANDEL,REDUCE
2025-07-01,DCMSHRIRAM,HOLD
2025-07-01,DATAPATTNS,HOLD
2025-07-01,DRREDDY,HOLD
2025-07-01,FSL,REDUCE
2025-07-01,KPRMILL,EXIT
2025-07-01,MAZDOCK,HOLD
2025-07-01,MOTILALOFS,HOLD
2025-07-01,SAIL,HOLD
2025-07-02,BEML,EXIT
2025-07-02,CESC,HOLD
2025-07-02,CASTROLIND,HOLD
2025-07-02,CRAFTSMAN,HOLD
2025-07-02,CREDITACC,HOLD
2025-07-02,DLF,HOLD
2025-07-02,GODIGIT,HOLD
2025-07-02,GODREJIND,REDUCE
2025-07-02,JUBLPHARMA,HOLD
2025-07-02,LODHA,REDUCE
2025-07-02,MARUTI,HOLD
2025-07-02,MOTILALOFS,EXIT
2025-07-02,RADICO,REDUCE
2025-07-02,SBICARD,REDUCE
2025-07-02,TECHNOE,HOLD
2025-07-03,360ONE,HOLD
2025-07-03,AMBER,HOLD
2025-07-03,APOLLOHOSP,HOLD
2025-07-03,BANDHANBNK,EXIT
2025-07-03,CASTROLIND,EXIT
2025-07-03,GRSE,EXIT
2025-07-03,SCHAEFFLER,HOLD
2025-07-03,TATAINVEST,HOLD
2025-07-04,APLAPOLLO,REDUCE
2025-07-04,ABSLAMC,HOLD
2025-07-04,ANGELONE,EXIT
2025-07-04,BEML,HOLD
2025-07-04,NYKAA,REDUCE
2025-07-04,FACT,EXIT
2025-07-04,GODIGIT,EXIT
2025-07-04,KPRMILL,HOLD
2025-07-04,MOTILALOFS,HOLD
2025-07-04,PIIND,HOLD
2025-07-04,RADICO,HOLD
2025-07-04,SCHAEFFLER,EXIT
2025-07-04,UTIAMC,HOLD
2025-07-07,CHALET,REDUCE
2025-07-07,CLEAN,HOLD
2025-07-07,GLENMARK,HOLD
2025-07-07,HINDALCO,HOLD
2025-07-07,JIOFIN,HOLD
2025-07-07,PTCIL,HOLD
2025-07-08,AMBUJACEM,HOLD
2025-07-08,ANANDRATHI,HOLD
2025-07-08,BSE,EXIT
2025-07-08,BAJAJHFL,EXIT
2025-07-08,CHALET,EXIT
2025-07-08,GODREJIND,EXIT
2025-07-08,INDIACEM,HOLD
2025-07-08,MARUTI,REDUCE
2025-07-08,PRESTIGE,HOLD
2025-07-08,SCHAEFFLER,HOLD
2025-07-08,SHRIRAMFIN,HOLD
2025-07-08,TITAN,REDUCE
2025-07-09,NYKAA,HOLD
2025-07-09,HCLTECH,EXIT
2025-07-09,JUBLINGREA,HOLD
2025-07-09,MSUMI,HOLD
2025-07-09,PTCIL,EXIT
2025-07-09,PERSISTENT,REDUCE
2025-07-09,VTL,HOLD
2025-07-10,AMBUJACEM,EXIT
2025-07-10,BAJFINANCE,HOLD
2025-07-10,MAHABANK,EXIT
2025-07-10,BOSCHLTD,HOLD
2025-07-10,ENGINERSIN,HOLD
2025-07-10,MEDANTA,HOLD
2025-07-10,IEX,HOLD
2025-07-10,JPPOWER,HOLD
2025-07-10,KPIL,HOLD
2025-07-10,KIMS,HOLD
2025-07-10,PERSISTENT,EXIT
2025-07-10,SBICARD,HOLD
2025-07-10,SCHNEIDER,HOLD
2025-07-10,TECHM,HOLD
2025-07-10,ULTRACEMCO,REDUCE
2025-07-11,APTUS,HOLD
2025-07-11,BAYERCROP,HOLD
2025-07-11,CARTRADE,HOLD
2025-07-11,CUMMINSIND,HOLD
2025-07-11,DATAPATTNS,EXIT
2025-07-11,ELECON,EXIT
2025-07-11,GLAND,HOLD
2025-07-11,GODIGIT,HOLD
2025-07-11,HDFCLIFE,REDUCE
2025-07-11,HINDUNILVR,REDUCE
2025-07-11,INDUSTOWER,HOLD
2025-07-11,JSWINFRA,HOLD
2025-07-11,JSWSTEEL,REDUCE
2025-07-11,LEMONTREE,HOLD
2025-07-11,MAZDOCK,EXIT
2025-07-11,PAYTM,HOLD
2025-07-11,SBICARD,REDUCE
2025-07-11,SHREECEM,HOLD
2025-07-11,TVSMOTOR,REDUCE
2025-07-11,TITAN,EXIT
2025-07-11,ULTRACEMCO,HOLD
2025-07-14,AAVAS,HOLD
2025-07-14,AMBUJACEM,HOLD
2025-07-14,BERGEPAINT,REDUCE
2025-07-14,BHARTIHEXA,REDUCE
2025-07-14,BIOCON,HOLD
2025-07-14,COROMANDEL,HOLD
2025-07-14,EMCURE,HOLD
2025-07-14,FSL,EXIT
2025-07-14,FIVESTAR,HOLD
2025-07-14,HINDUNILVR,EXIT
2025-07-14,JSWSTEEL,HOLD
2025-07-14,KOTAKBANK,HOLD
2025-07-14,LODHA,HOLD
2025-07-14,TECHM,EXIT
2025-07-14,VEDL,HOLD
2025-07-15,BANKBARODA,HOLD
2025-07-15,BANKINDIA,HOLD
2025-07-15,ETERNAL,HOLD
2025-07-15,FIVESTAR,EXIT
2025-07-15,HEG,HOLD
2025-07-15,HINDUNILVR,REDUCE
2025-07-15,INDIAMART,HOLD
2025-07-15,JINDALSTEL,HOLD
2025-07-15,LT,REDUCE
2025-07-15,SBIN,HOLD
2025-07-16,AADHARHFC,HOLD
2025-07-16,MAHABANK,HOLD
2025-07-16,FACT,HOLD
2025-07-16,HINDUNILVR,EXIT
2025-07-16,JSL,HOLD
2025-07-16,JINDALSTEL,REDUCE
2025-07-16,SAPPHIRE,HOLD
2025-07-16,TECHM,REDUCE
2025-07-17,BERGEPAINT,HOLD
2025-07-17,CHALET,HOLD
2025-07-17,COHANCE,REDUCE
2025-07-17,DATAPATTNS,HOLD
2025-07-17,ENGINERSIN,EXIT
2025-07-17,GMRAIRPORT,HOLD
2025-07-17,JPPOWER,EXIT
2025-07-17,JINDALSTEL,HOLD
2025-07-17,LT,EXIT
2025-07-17,POLYCAB,HOLD
2025-07-17,TATAPOWER,HOLD
2025-07-17,TECHM,EXIT
2025-07-18,ATUL,REDUCE
2025-07-18,AXISBANK,EXIT
2025-07-18,MAHABANK,EXIT
2025-07-18,BDL,EXIT
2025-07-18,CLEAN,EXIT
2025-07-18,COROMANDEL,REDUCE
2025-07-18,DATAPATTNS,EXIT
2025-07-18,ETERNAL,EXIT
2025-07-18,HAL,REDUCE
2025-07-18,ICICIGI,EXIT
2025-07-18,PAGEIND,REDUCE
2025-07-18,RAINBOW,HOLD
2025-07-18,SUMICHEM,HOLD
2025-07-18,TATAPOWER,EXIT
2025-07-18,TORNTPHARM,HOLD
2025-07-18,ZYDUSWELL,HOLD
2025-07-21,CEATLTD,REDUCE
2025-07-21,INDIAMART,EXIT
2025-07-21,IEX,EXIT
2025-07-21,KPIL,EXIT
2025-07-21,NMDC,HOLD
2025-07-21,NESTLEIND,REDUCE
2025-07-21,RELIANCE,REDUCE
2025-07-21,SHRIRAMFIN,REDUCE
2025-07-21,UPL,HOLD
2025-07-22,AUBANK,REDUCE
2025-07-22,ATUL,EXIT
2025-07-22,BANKINDIA,REDUCE
2025-07-22,BHARTIHEXA,HOLD
2025-07-22,ETERNAL,HOLD
2025-07-22,ICICIGI,HOLD
2025-07-22,INDUSTOWER,REDUCE
2025-07-22,JUBLFOOD,EXIT
2025-07-22,SOLARINDS,EXIT
2025-07-22,TEGA,HOLD
2025-07-22,VTL,REDUCE
2025-07-23,MAHABANK,HOLD
2025-07-23,BLUEJET,EXIT
2025-07-23,DRREDDY,REDUCE
2025-07-23,ENGINERSIN,HOLD
2025-07-23,ICICIBANK,HOLD
2025-07-23,JSL,REDUCE
2025-07-23,LODHA,REDUCE
2025-07-23,MSUMI,EXIT
2025-07-23,PNBHOUSING,REDUCE
2025-07-23,TECHNOE,EXIT
2025-07-23,ZEEL,REDUCE
2025-07-24,AAVAS,EXIT
2025-07-24,CANFINHOME,EXIT
2025-07-24,CASTROLIND,HOLD
2025-07-24,COFORGE,REDUCE
2025-07-24,ICICIGI,EXIT
2025-07-24,JSL,EXIT
2025-07-24,KPIL,HOLD
2025-07-24,PREMIERENE,HOLD
2025-07-24,RPOWER,EXIT
2025-07-24,VTL,HOLD
2025-07-25,360ONE,EXIT
2025-07-25,APLAPOLLO,EXIT
2025-07-25,ASTERDM,REDUCE
2025-07-25,BERGEPAINT,REDUCE
2025-07-25,CRISIL,EXIT
2025-07-25,CASTROLIND,EXIT
2025-07-25,CDSL,EXIT
2025-07-25,CIPLA,REDUCE
2025-07-25,LALPATHLAB,HOLD
2025-07-25,HDFCLIFE,REDUCE
2025-07-25,INTELLECT,EXIT
2025-07-25,KPIL,EXIT
2025-07-25,LODHA,EXIT
2025-07-25,NBCC,EXIT
2025-07-25,SCHAEFFLER,REDUCE
2025-07-25,SHRIRAMFIN,EXIT
2025-07-25,TEGA,EXIT
2025-07-25,VTL,EXIT
2025-07-25,ZEEL,EXIT
2025-07-28,ADANIPORTS,REDUCE
2025-07-28,BEML,EXIT
2025-07-28,BAJAJHLDNG,REDUCE
2025-07-28,CEATLTD,EXIT
2025-07-28,CHALET,REDUCE
2025-07-28,CIPLA,HOLD
2025-07-28,LALPATHLAB,EXIT
2025-07-28,ENGINERSIN,EXIT
2025-07-28,GRAPHITE,REDUCE
2025-07-28,GRASIM,REDUCE
2025-07-28,INDUSTOWER,EXIT
2025-07-28,KOTAKBANK,REDUCE
2025-07-28,PREMIERENE,EXIT
2025-07-28,PRESTIGE,EXIT
2025-07-28,SBICARD,EXIT
2025-07-28,SHYAMMETL,HOLD
2025-07-28,SAIL,EXIT
2025-07-28,VEDL,EXIT
2025-07-28,ZYDUSWELL,EXIT
2025-07-29,ASTERDM,HOLD
2025-07-29,BAJFINANCE,REDUCE
2025-07-29,BAJAJHLDNG,HOLD
2025-07-29,BERGEPAINT,HOLD
2025-07-29,COROMANDEL,HOLD
2025-07-29,GRAPHITE,HOLD
2025-07-29,KPRMILL,REDUCE
2025-07-29,MPHASIS,HOLD
2025-07-29,NESTLEIND,EXIT
2025-07-29,PGEL,EXIT
2025-07-29,SAPPHIRE,REDUCE
2025-07-29,SHREECEM,REDUCE
2025-07-29,SBIN,REDUCE
2025-07-29,TEGA,HOLD
2025-07-29,UNIONBANK,REDUCE
2025-07-29,ZENSARTECH,REDUCE
2025-07-30,BEL,REDUCE
2025-07-30,GRASIM,HOLD
2025-07-30,KOTAKBANK,EXIT
2025-07-30,LT,REDUCE
2025-07-30,PAGEIND,HOLD
2025-07-30,REDINGTON,EXIT
2025-07-30,SBFC,REDUCE
2025-07-30,SAPPHIRE,EXIT
2025-07-31,APTUS,REDUCE
2025-07-31,ASHOKLEY,REDUCE
2025-07-31,MAHABANK,EXIT
2025-07-31,BERGEPAINT,REDUCE
2025-07-31,CESC,EXIT
2025-07-31,CHALET,HOLD
2025-07-31,DIVISLAB,REDUCE
2025-07-31,LALPATHLAB,HOLD
2025-07-31,FEDERALBNK,REDUCE
2025-07-31,HINDUNILVR,REDUCE
2025-07-31,HOMEFIRST,EXIT
2025-07-31,JSL,HOLD
2025-07-31,LT,HOLD
2025-07-31,MCX,EXIT
2025-07-31,PFIZER,EXIT
2025-07-31,SUNDARMFIN,EXIT
2025-07-31,TATASTEEL,REDUCE
2025-07-31,UNOMINDA,REDUCE
2025-08-01,APTUS,HOLD
2025-08-01,BALRAMCHIN,EXIT
2025-08-01,CHOLAHLDNG,EXIT
2025-08-01,CHOLAFIN,EXIT
2025-08-01,DLF,EXIT
2025-08-01,DRREDDY,EXIT
2025-08-01,EICHERMOT,HOLD
2025-08-01,FEDERALBNK,EXIT
2025-08-01,GLAXO,EXIT
2025-08-01,GMDCLTD,EXIT
2025-08-01,HINDPETRO,REDUCE
2025-08-01,HINDUNILVR,HOLD
2025-08-01,IDBI,REDUCE
2025-08-01,IIFL,EXIT
2025-08-01,JMFINANCIL,EXIT
2025-08-01,JINDALSTEL,REDUCE
2025-08-01,KPRMILL,EXIT
2025-08-01,MARICO,HOLD
2025-08-01,NUVAMA,EXIT
2025-08-01,PNBHOUSING,EXIT
2025-08-01,PAGEIND,REDUCE
2025-08-01,PNB,EXIT
2025-08-01,SCHAEFFLER,HOLD
2025-08-01,TVSMOTOR,HOLD
2025-08-04,ASHOKLEY,HOLD
2025-08-04,BAJAJHLDNG,REDUCE
2025-08-04,CHALET,REDUCE
2025-08-04,JINDALSTEL,HOLD
2025-08-04,TATASTEEL,HOLD
2025-08-04,ZYDUSWELL,HOLD
2025-08-05,BERGEPAINT,HOLD
2025-08-05,GMDCLTD,HOLD
2025-08-05,JUBLPHARMA,REDUCE
2025-08-05,MARUTI,HOLD
2025-08-05,MFSL,REDUCE
2025-08-05,TEGA,EXIT
2025-08-05,TARIL,HOLD
2025-08-05,UNOMINDA,HOLD
2025-08-05,WOCKPHARMA,EXIT
2025-08-05,ZYDUSWELL,EXIT
2025-08-06,BRITANNIA,EXIT
2025-08-06,COFORGE,EXIT
2025-08-06,JUBLINGREA,EXIT
2025-08-06,MPHASIS,EXIT
2025-08-06,SHREECEM,HOLD
2025-08-06,TARIL,EXIT
2025-08-07,BAYERCROP,EXIT
2025-08-07,BERGEPAINT,REDUCE
2025-08-07,BPCL,REDUCE
2025-08-07,BHARTIHEXA,REDUCE
2025-08-07,DEEPAKFERT,REDUCE
2025-08-07,GRAPHITE,REDUCE
2025-08-07,HINDUNILVR,EXIT
2025-08-07,ICICIBANK,REDUCE
2025-08-07,PIDILITIND,HOLD
2025-08-07,SCHAEFFLER,REDUCE
2025-08-07,WELCORP,REDUCE
2025-08-08,ASHOKLEY,REDUCE
2025-08-08,BIOCON,EXIT
2025-08-08,CANBK,REDUCE
2025-08-08,DEEPAKFERT,EXIT
2025-08-08,DIVISLAB,EXIT
2025-08-08,HEG,EXIT
2025-08-08,JSWINFRA,EXIT
2025-08-08,PIIND,EXIT
2025-08-08,PAGEIND,EXIT
2025-08-08,SPLPETRO,EXIT
2025-08-11,BAJAJHLDNG,HOLD
2025-08-11,HINDUNILVR,REDUCE
2025-08-11,JMFINANCIL,HOLD
2025-08-11,J&KBANK,REDUCE
2025-08-11,THELEELA,REDUCE
2025-08-11,MFSL,HOLD
2025-08-11,SBIN,HOLD
2025-08-12,AEGISVOPAK,REDUCE
2025-08-12,AMBER,EXIT
2025-08-12,FACT,REDUCE
2025-08-12,HINDUNILVR,EXIT
2025-08-12,HYUNDAI,HOLD
2025-08-12,KPIL,HOLD
2025-08-12,LLOYDSME,REDUCE
2025-08-12,MCX,HOLD
2025-08-12,SCHNEIDER,EXIT
2025-08-13,COROMANDEL,EXIT
2025-08-13,HDFCLIFE,HOLD
2025-08-14,CHALET,HOLD
2025-08-14,JUBLPHARMA,EXIT
2025-08-14,LTFOODS,REDUCE
2025-08-14,MRF,REDUCE
2025-08-14,TITAN,REDUCE
2025-08-18,ASHOKLEY,HOLD
2025-08-18,DIXON,HOLD
2025-08-18,GRAPHITE,HOLD
2025-08-18,HINDUNILVR,REDUCE
2025-08-18,ICICIBANK,HOLD
2025-08-18,IDFCFIRSTB,REDUCE
2025-08-18,JBCHEPHARM,HOLD
2025-08-18,MRF,HOLD
2025-08-18,SRF,REDUCE
2025-08-18,TITAN,HOLD
2025-08-19,ADANIPOWER,HOLD
2025-08-19,AMBER,HOLD
2025-08-19,BAJAJHLDNG,REDUCE
2025-08-19,CGCL,HOLD
2025-08-19,COROMANDEL,HOLD
2025-08-19,HINDUNILVR,HOLD
2025-08-19,PFIZER,HOLD
2025-08-19,SARDAEN,HOLD
2025-08-19,SPLPETRO,HOLD
2025-08-19,WAAREEENER,HOLD
2025-08-19,ZYDUSWELL,HOLD
2025-08-20,3MINDIA,HOLD
2025-08-20,DMART,HOLD
2025-08-20,HEROMOTOCO,HOLD
2025-08-20,JSWINFRA,HOLD
2025-08-20,MSUMI,HOLD
2025-08-20,MPHASIS,HOLD
2025-08-20,POLICYBZR,HOLD
2025-08-21,ICICIGI,HOLD
2025-08-21,IDBI,HOLD
2025-08-21,INDIAMART,HOLD
2025-08-21,SBFC,HOLD
2025-08-21,SUNDARMFIN,HOLD
2025-08-22,BERGEPAINT,EXIT
2025-08-22,BHARTIHEXA,HOLD
2025-08-22,GPIL,HOLD
2025-08-22,HEROMOTOCO,EXIT
2025-08-22,ICICIGI,EXIT
2025-08-22,SAPPHIRE,HOLD
2025-08-22,TATACONSUM,HOLD
2025-08-25,AFFLE,REDUCE
2025-08-25,EIHOTEL,HOLD
2025-08-25,GILLETTE,REDUCE
2025-08-25,JSWINFRA,REDUCE
2025-08-25,LTFOODS,EXIT
2025-08-25,LLOYDSME,EXIT
2025-08-25,MAXHEALTH,REDUCE
2025-08-25,OLECTRA,HOLD
2025-08-25,TECHNOE,HOLD
2025-08-25,TEGA,HOLD
2025-08-25,RAMCOCEM,REDUCE
2025-08-25,USHAMART,HOLD
2025-08-26,AFCONS,EXIT
2025-08-26,BANKBARODA,REDUCE
2025-08-26,BRITANNIA,HOLD
2025-08-26,GRAPHITE,REDUCE
2025-08-26,HEROMOTOCO,HOLD
2025-08-26,JSWINFRA,EXIT
2025-08-26,POLICYBZR,EXIT
2025-08-26,PFIZER,REDUCE
2025-08-26,SAPPHIRE,EXIT
2025-08-26,SUNDARMFIN,REDUCE
2025-08-26,TEGA,EXIT
2025-08-28,APTUS,EXIT
2025-08-28,COROMANDEL,EXIT
2025-08-28,INDIAMART,EXIT
2025-08-28,MCX,EXIT
2025-08-28,PFIZER,EXIT
2025-08-28,SBFC,REDUCE
2025-08-28,SUNDARMFIN,EXIT
2025-08-28,SPLPETRO,REDUCE
2025-08-28,UNIONBANK,EXIT
2025-08-29,HAL,EXIT
2025-08-29,IDBI,EXIT
2025-08-29,MOTILALOFS,EXIT
2025-08-29,TATACONSUM,REDUCE
2025-08-29,TECHNOE,EXIT
2025-08-29,ZENSARTECH,EXIT
2025-09-01,ANURAS,REDUCE
2025-09-01,BEL,EXIT
2025-09-01,HDFCBANK,REDUCE
2025-09-01,NESTLEIND,REDUCE
2025-09-01,RELIANCE,REDUCE
2025-09-02,AUBANK,EXIT
2025-09-02,BHARTIARTL,REDUCE
2025-09-02,BHARTIHEXA,REDUCE
2025-09-02,GODIGIT,REDUCE
2025-09-02,KAYNES,HOLD
2025-09-02,NESTLEIND,HOLD
2025-09-02,TATACONSUM,HOLD
2025-09-02,TECHNOE,HOLD
2025-09-02,TEGA,HOLD
2025-09-02,VEDL,HOLD
2025-09-02,ZYDUSLIFE,HOLD
2025-09-03,ABLBL,REDUCE
2025-09-03,CGPOWER,HOLD
2025-09-03,GODREJCP,HOLD
2025-09-03,ICICIBANK,REDUCE
2025-09-04,BAJFINANCE,HOLD
2025-09-04,BAJAJFINSV,HOLD
2025-09-04,CUB,EXIT
2025-09-04,GODIGIT,HOLD
2025-09-04,GODREJCP,EXIT
2025-09-04,HDFCLIFE,REDUCE
2025-09-04,POWERINDIA,REDUCE
2025-09-04,IDFCFIRSTB,HOLD
2025-09-04,KEI,HOLD
2025-09-04,MANKIND,HOLD
2025-09-04,MFSL,REDUCE
2025-09-04,NETWEB,HOLD
2025-09-04,POONAWALLA,REDUCE
2025-09-04,TECHNOE,EXIT
2025-09-04,VIJAYA,HOLD
2025-09-05,ACMESOLAR,HOLD
2025-09-05,APOLLOTYRE,HOLD
2025-09-05,SAGILITY,EXIT
2025-09-05,SAIL,HOLD
2025-09-05,SWIGGY,HOLD
2025-09-05,TATACONSUM,REDUCE
2025-09-05,YESBANK,HOLD
2025-09-08,ABBOTINDIA,REDUCE
2025-09-08,ESCORTS,HOLD
2025-09-08,FACT,HOLD
2025-09-08,FORCEMOT,EXIT
2025-09-08,NATIONALUM,HOLD
2025-09-08,PARADEEP,EXIT
2025-09-08,YESBANK,EXIT
2025-09-09,AFFLE,HOLD
2025-09-09,APTUS,HOLD
2025-09-09,DRREDDY,REDUCE
2025-09-09,GODIGIT,REDUCE
2025-09-09,GODREJIND,HOLD
2025-09-09,INDIGO,REDUCE
2025-09-09,JIOFIN,REDUCE
2025-09-09,KARURVYSYA,REDUCE
2025-09-09,LT,REDUCE
2025-09-09,MFSL,HOLD
2025-09-09,NATIONALUM,EXIT
2025-09-10,BANKINDIA,HOLD
2025-09-10,DRREDDY,HOLD
2025-09-10,ESCORTS,EXIT
2025-09-10,GODIGIT,HOLD
2025-09-10,JSWINFRA,HOLD
2025-09-10,PATANJALI,HOLD
2025-09-10,RAINBOW,REDUCE
2025-09-10,SHREECEM,REDUCE
2025-09-10,TATACONSUM,HOLD
2025-09-10,VIJAYA,EXIT
2025-09-10,YESBANK,HOLD
2025-09-11,AMBUJACEM,REDUCE
2025-09-11,EIDPARRY,REDUCE
2025-09-11,NLCINDIA,HOLD
2025-09-11,NAVINFLUOR,REDUCE
2025-09-11,SAGILITY,HOLD
2025-09-11,SAPPHIRE,HOLD
2025-09-11,ZENSARTECH,HOLD
2025-09-12,ALKEM,HOLD
2025-09-12,CAPLIPOINT,HOLD
2025-09-12,ESCORTS,HOLD
2025-09-12,FSL,HOLD
2025-09-12,HEG,HOLD
2025-09-12,HDBFS,REDUCE
2025-09-12,HDFCLIFE,HOLD
2025-09-12,POWERINDIA,HOLD
2025-09-12,LT,HOLD
2025-09-12,MOTILALOFS,HOLD
2025-09-12,NATIONALUM,HOLD
2025-09-12,NEULANDLAB,HOLD
2025-09-12,PATANJALI,EXIT
2025-09-15,CARTRADE,EXIT
2025-09-15,DCMSHRIRAM,EXIT
2025-09-15,ERIS,REDUCE
2025-09-15,ESCORTS,EXIT
2025-09-15,HDFCBANK,REDUCE
2025-09-15,ICICIBANK,REDUCE
2025-09-15,JBCHEPHARM,EXIT
2025-09-15,NHPC,HOLD
2025-09-15,NSLNISP,HOLD
2025-09-15,SUMICHEM,EXIT
2025-09-15,WELCORP,HOLD
2025-09-16,APLAPOLLO,HOLD
2025-09-16,BANKBARODA,HOLD
2025-09-16,CHOLAFIN,HOLD
2025-09-16,FSL,REDUCE
2025-09-16,FORCEMOT,HOLD
2025-09-16,MFSL,REDUCE
2025-09-16,NSLNISP,EXIT
2025-09-16,SAPPHIRE,REDUCE
2025-09-16,SCHAEFFLER,HOLD
2025-09-16,TBOTEK,HOLD
2025-09-17,CANBK,HOLD
2025-09-17,CARTRADE,HOLD
2025-09-17,GRAPHITE,HOLD
2025-09-17,JKTYRE,HOLD
2025-09-17,MARICO,REDUCE
2025-09-17,NTPCGREEN,EXIT
2025-09-17,NAVINFLUOR,HOLD
2025-09-17,SAPPHIRE,EXIT
2025-09-17,SCHNEIDER,HOLD
2025-09-18,APTUS,REDUCE
2025-09-18,MAHABANK,HOLD
2025-09-18,CCL,REDUCE
2025-09-18,FSL,HOLD
2025-09-18,MARICO,HOLD
2025-09-18,NAVINFLUOR,REDUCE
2025-09-18,PTCIL,HOLD
2025-09-18,POONAWALLA,HOLD
2025-09-18,PNB,HOLD
2025-09-18,RAINBOW,EXIT
2025-09-18,SPLPETRO,HOLD
2025-09-19,3MINDIA,EXIT
2025-09-19,CCL,HOLD
2025-09-19,ESCORTS,HOLD
2025-09-19,POWERINDIA,REDUCE
2025-09-19,ICICIBANK,REDUCE
2025-09-19,INDIGO,REDUCE
2025-09-19,PATANJALI,HOLD
2025-09-22,ABBOTINDIA,EXIT
2025-09-22,ADANIPORTS,HOLD
2025-09-22,ABSLAMC,REDUCE
2025-09-22,AMBUJACEM,HOLD
2025-09-22,APTUS,EXIT
2025-09-22,BHARTIARTL,HOLD
2025-09-22,ESCORTS,EXIT
2025-09-22,FORCEMOT,EXIT
2025-09-22,HUDCO,HOLD
2025-09-22,IDFCFIRSTB,REDUCE
2025-09-22,JBCHEPHARM,HOLD
2025-09-22,MARICO,REDUCE
2025-09-22,NSLNISP,HOLD
2025-09-22,PATANJALI,EXIT
2025-09-22,TARIL,HOLD
2025-09-22,UNIONBANK,HOLD
2025-09-23,ACMESOLAR,REDUCE
2025-09-23,GLENMARK,REDUCE
2025-09-23,HINDCOPPER,HOLD
2025-09-23,MANKIND,REDUCE
2025-09-23,MFSL,HOLD
2025-09-23,MPHASIS,REDUCE
2025-09-23,NBCC,HOLD
2025-09-23,NEULANDLAB,EXIT
2025-09-23,PIDILITIND,REDUCE
2025-09-23,SAGILITY,REDUCE
2025-09-23,SCHNEIDER,EXIT
2025-09-23,SCI,HOLD
2025-09-23,WELCORP,REDUCE
2025-09-24,ADANIPOWER,EXIT
2025-09-24,AMBUJACEM,REDUCE
2025-09-24,EMCURE,REDUCE
2025-09-24,ESCORTS,HOLD
2025-09-24,FSL,EXIT
2025-09-24,GMRAIRPORT,REDUCE
2025-09-24,HINDPETRO,HOLD
2025-09-24,ICICIBANK,REDUCE
2025-09-24,MANKIND,EXIT
2025-09-24,NATIONALUM,EXIT
2025-09-24,NIVABUPA,EXIT
2025-09-24,PIDILITIND,HOLD
2025-09-24,SAGILITY,EXIT
2025-09-24,TARIL,EXIT
2025-09-25,DMART,EXIT
2025-09-25,AXISBANK,REDUCE
2025-09-25,BEL,REDUCE
2025-09-25,CAPLIPOINT,EXIT
2025-09-25,CUB,HOLD
2025-09-25,ESCORTS,EXIT
2025-09-25,HINDUNILVR,REDUCE
2025-09-25,INDIGO,REDUCE
2025-09-25,JBCHEPHARM,EXIT
2025-09-25,JMFINANCIL,REDUCE
2025-09-25,JIOFIN,EXIT
2025-09-25,TBOTEK,EXIT
2025-09-26,ADANIPOWER,HOLD
2025-09-26,MAHABANK,REDUCE
2025-09-26,BEL,HOLD
2025-09-26,BHARTIHEXA,EXIT
2025-09-26,DEEPAKFERT,HOLD
2025-09-26,EIDPARRY,EXIT
2025-09-26,EIHOTEL,EXIT
2025-09-26,HEG,REDUCE
2025-09-26,JKCEMENT,EXIT
2025-09-26,JKTYRE,EXIT
2025-09-26,JMFINANCIL,EXIT
2025-09-26,MPHASIS,EXIT
2025-09-26,NBCC,EXIT
2025-09-26,NSLNISP,EXIT
2025-09-26,SCHAEFFLER,REDUCE
2025-09-26,SHREECEM,EXIT
2025-09-26,RAMCOCEM,EXIT
2025-09-26,UPL,REDUCE
2025-09-26,UTIAMC,REDUCE
2025-09-26,ZENSARTECH,EXIT
2025-09-29,APOLLOTYRE,EXIT
2025-09-29,BAJAJHLDNG,EXIT
2025-09-29,BPCL,HOLD
2025-09-29,CCL,REDUCE
2025-09-29,EMCURE,EXIT
2025-09-29,FACT,REDUCE
2025-09-29,GILLETTE,EXIT
2025-09-29,GODIGIT,REDUCE
2025-09-29,HAL,HOLD
2025-09-29,ICICIBANK,EXIT
2025-09-29,KIMS,REDUCE
2025-09-29,MRF,REDUCE
2025-09-29,MAXHEALTH,EXIT
2025-09-29,PIDILITIND,EXIT
2025-09-29,SCHAEFFLER,HOLD
2025-09-29,SCI,EXIT
2025-09-30,ADANIPOWER,EXIT
2025-09-30,MAHABANK,HOLD
2025-09-30,FACT,EXIT
2025-09-30,HEG,EXIT
2025-09-30,POWERINDIA,EXIT
2025-09-30,LICI,HOLD
2025-09-30,SAMMAANCAP,HOLD
2025-09-30,TEGA,REDUCE
2025-10-01,ACMESOLAR,HOLD
2025-10-01,AXISBANK,REDUCE
2025-10-01,HINDZINC,HOLD
2025-10-01,MRF,HOLD
2025-10-01,MOTILALOFS,REDUCE
2025-10-01,NATIONALUM,HOLD
2025-10-01,ONGC,REDUCE
2025-10-01,SHRIRAMFIN,REDUCE
2025-10-01,TITAN,EXIT
2025-10-01,ULTRACEMCO,REDUCE
2025-10-03,AADHARHFC,REDUCE
2025-10-03,ADANIPOWER,HOLD
2025-10-03,BEML,HOLD
2025-10-03,BHARTIARTL,REDUCE
2025-10-03,DALBHARAT,REDUCE
2025-10-03,DRREDDY,EXIT
2025-10-03,GODIGIT,EXIT
2025-10-03,HBLENGINE,HOLD
2025-10-03,JKTYRE,HOLD
2025-10-03,MCX,HOLD
2025-10-03,NSLNISP,HOLD
2025-10-03,NEULANDLAB,HOLD
2025-10-03,SCI,HOLD
2025-10-03,TEGA,HOLD
2025-10-06,AUBANK,HOLD
2025-10-06,AADHARHFC,HOLD
2025-10-06,CANFINHOME,HOLD
2025-10-06,CEATLTD,HOLD
2025-10-06,DATAPATTNS,HOLD
2025-10-06,GLAND,REDUCE
2025-10-06,GODREJIND,EXIT
2025-10-06,IOC,HOLD
2025-10-06,JSWINFRA,REDUCE
2025-10-06,MOTILALOFS,HOLD
2025-10-06,NSLNISP,EXIT
2025-10-06,TBOTEK,HOLD
2025-10-07,APOLLOTYRE,HOLD
2025-10-07,BHARTIARTL,HOLD
2025-10-07,CHENNPETRO,HOLD
2025-10-07,EIHOTEL,HOLD
2025-10-07,ICICIGI,HOLD
2025-10-07,M&MFIN,HOLD
2025-10-07,NESTLEIND,REDUCE
2025-10-07,SHYAMMETL,REDUCE
2025-10-07,TBOTEK,EXIT
2025-10-08,CIPLA,REDUCE
2025-10-08,LALPATHLAB,REDUCE
2025-10-08,HDFCAMC,REDUCE
2025-10-08,ICICIGI,REDUCE
2025-10-08,IDFCFIRSTB,HOLD
2025-10-08,KARURVYSYA,HOLD
2025-10-08,NBCC,HOLD
2025-10-08,NESTLEIND,HOLD
2025-10-08,SAGILITY,HOLD
2025-10-08,SPLPETRO,REDUCE
2025-10-08,TITAN,REDUCE
2025-10-08,TORNTPHARM,REDUCE
2025-10-09,ACMESOLAR,REDUCE
2025-10-09,ESCORTS,HOLD
2025-10-09,HEG,HOLD
2025-10-09,HDFCLIFE,REDUCE
2025-10-09,JMFINANCIL,HOLD
2025-10-09,KOTAKBANK,REDUCE
2025-10-09,LAURUSLABS,REDUCE
2025-10-09,MPHASIS,HOLD
2025-10-09,SBILIFE,REDUCE
2025-10-09,TBOTEK,HOLD
2025-10-09,TITAN,HOLD
2025-10-09,VMM,HOLD
2025-10-09,ZYDUSLIFE,REDUCE
2025-10-10,ADANIENSOL,HOLD
2025-10-10,AFFLE,REDUCE
2025-10-10,BOSCHLTD,REDUCE
2025-10-10,MEDANTA,REDUCE
2025-10-10,IKS,EXIT
2025-10-10,J&KBANK,HOLD
2025-10-10,MPHASIS,REDUCE
2025-10-10,NSLNISP,HOLD
2025-10-10,SBFC,HOLD
2025-10-13,AXISBANK,REDUCE
2025-10-13,CHENNPETRO,EXIT
2025-10-13,CRAFTSMAN,REDUCE
2025-10-13,EIHOTEL,REDUCE
2025-10-13,FEDERALBNK,HOLD
2025-10-13,MEDANTA,HOLD
2025-10-13,ICICIGI,EXIT
2025-10-13,IGIL,EXIT
2025-10-13,KAJARIACER,HOLD
2025-10-13,MINDACORP,HOLD
2025-10-13,NUVOCO,REDUCE
2025-10-13,OLECTRA,EXIT
2025-10-13,SBFC,REDUCE
2025-10-13,SAILIFE,HOLD
2025-10-13,ENRIN,REDUCE
2025-10-13,TATACOMM,HOLD
2025-10-13,UTIAMC,HOLD
2025-10-14,360ONE,HOLD
2025-10-14,CGCL,REDUCE
2025-10-14,CHALET,REDUCE
2025-10-14,DEEPAKFERT,EXIT
2025-10-14,DIXON,REDUCE
2025-10-14,NSLNISP,EXIT
2025-10-14,NAVA,EXIT
2025-10-14,PFIZER,HOLD
2025-10-14,SAGILITY,EXIT
2025-10-14,SCHAEFFLER,REDUCE
2025-10-14,TBOTEK,EXIT
2025-10-14,WELCORP,EXIT
2025-10-15,AADHARHFC,REDUCE
2025-10-15,ABSLAMC,HOLD
2025-10-15,CGCL,HOLD
2025-10-15,CIPLA,HOLD
2025-10-15,COFORGE,HOLD
2025-10-15,MEDANTA,REDUCE
2025-10-15,HINDUNILVR,EXIT
2025-10-15,IIFL,HOLD
2025-10-15,SBFC,HOLD
2025-10-15,TEGA,REDUCE
2025-10-15,VMM,REDUCE
2025-10-16,ANTHEM,REDUCE
2025-10-16,CESC,HOLD
2025-10-16,CHOLAHLDNG,HOLD
2025-10-16,DELHIVERY,REDUCE
2025-10-16,GLENMARK,EXIT
2025-10-16,MEDANTA,HOLD
2025-10-16,GRANULES,HOLD
2025-10-16,ICICIGI,HOLD
2025-10-16,NUVAMA,HOLD
2025-10-16,PRESTIGE,HOLD
2025-10-16,SRF,HOLD
2025-10-16,SHRIRAMFIN,HOLD
2025-10-16,TBOTEK,HOLD
2025-10-16,VMM,HOLD
2025-10-16,ECLERX,REDUCE
2025-10-17,JINDALSTEL,REDUCE
2025-10-17,LAURUSLABS,HOLD
2025-10-17,LICI,REDUCE
2025-10-17,NUVAMA,EXIT
2025-10-17,SARDAEN,EXIT
2025-10-17,STARHEALTH,HOLD
2025-10-17,TATAINVEST,EXIT
2025-10-17,IDEA,HOLD
2025-10-20,CHOLAHLDNG,REDUCE
2025-10-20,DIXON,EXIT
2025-10-20,DRREDDY,REDUCE
2025-10-20,IDBI,HOLD
2025-10-20,JSWINFRA,EXIT
2025-10-20,KAJARIACER,REDUCE
2025-10-20,MFSL,REDUCE
2025-10-20,RELIANCE,HOLD
2025-10-20,SUNPHARMA,REDUCE
2025-10-20,UTIAMC,REDUCE
2025-10-20,VMM,REDUCE
2025-10-20,ZYDUSLIFE,HOLD
2025-10-20,ECLERX,HOLD
2025-10-21,ACMESOLAR,HOLD
2025-10-21,CREDITACC,REDUCE
2025-10-21,DRREDDY,HOLD
2025-10-21,NSLNISP,HOLD
2025-10-21,NAVINFLUOR,HOLD
2025-10-21,SPLPETRO,HOLD
2025-10-23,ACMESOLAR,REDUCE
2025-10-23,DIVISLAB,HOLD
2025-10-23,GVT&D,REDUCE
2025-10-23,MEDANTA,REDUCE
2025-10-23,NMDC,REDUCE
2025-10-24,ABSLAMC,REDUCE
2025-10-24,BAJAJ-AUTO,REDUCE
2025-10-24,BHARATFORG,HOLD
2025-10-24,CHOLAHLDNG,HOLD
2025-10-24,CREDITACC,HOLD
2025-10-24,DALBHARAT,EXIT
2025-10-24,KPIL,REDUCE
2025-10-24,KOTAKBANK,HOLD
2025-10-24,MPHASIS,HOLD
2025-10-24,NUVAMA,HOLD
2025-10-24,PHOENIXLTD,HOLD
2025-10-27,BAJAJ-AUTO,HOLD
2025-10-27,BLUESTARCO,HOLD
2025-10-27,HYUNDAI,REDUCE
2025-10-27,INDIACEM,REDUCE
2025-10-27,JMFINANCIL,REDUCE
2025-10-27,SBICARD,HOLD
2025-10-27,SAGILITY,HOLD
2025-10-28,ALKEM,REDUCE
2025-10-28,AIIL,REDUCE
2025-10-28,BHARTIHEXA,HOLD
2025-10-28,BLUESTARCO,EXIT
2025-10-28,JINDALSTEL,HOLD
2025-10-28,MRPL,HOLD
2025-10-28,SBILIFE,HOLD
2025-10-28,ZYDUSLIFE,REDUCE
2025-10-29,AFCONS,HOLD
2025-10-29,BHEL,HOLD
2025-10-29,CHENNPETRO,HOLD
2025-10-29,DRREDDY,REDUCE
2025-10-29,GVT&D,HOLD
2025-10-29,HYUNDAI,EXIT
2025-10-29,INDIACEM,HOLD
2025-10-29,JSWCEMENT,REDUCE
2025-10-29,KIRLOSENG,HOLD
2025-10-29,NMDC,HOLD
2025-10-29,SPLPETRO,REDUCE
2025-10-29,SWIGGY,REDUCE
2025-10-30,BAJAJ-AUTO,REDUCE
2025-10-30,CIPLA,REDUCE
2025-10-30,DRREDDY,EXIT
2025-10-30,ENDURANCE,REDUCE
2025-10-30,GAIL,HOLD
2025-10-30,GMRAIRPORT,HOLD
2025-10-30,GESHIP,HOLD
2025-10-30,HAL,REDUCE
2025-10-30,IGL,HOLD
2025-10-30,JUBLPHARMA,HOLD
2025-10-30,RRKABEL,HOLD
2025-10-30,TBOTEK,EXIT
2025-10-30,TATAPOWER,HOLD
2025-10-30,TIMKEN,HOLD
2025-10-30,UNOMINDA,REDUCE
2025-10-30,UPL,HOLD
2025-10-31,360ONE,EXIT
2025-10-31,APOLLOHOSP,REDUCE
2025-10-31,BELRISE,REDUCE
2025-10-31,INTELLECT,HOLD
2025-10-31,JMFINANCIL,EXIT
2025-10-31,JSL,REDUCE
2025-10-31,KEI,REDUCE
2025-10-31,KIRLOSENG,EXIT
2025-10-31,MPHASIS,REDUCE
2025-10-31,ONGC,HOLD
2025-10-31,PFIZER,REDUCE
2025-10-31,SOBHA,HOLD
2025-10-31,WELCORP,HOLD
2025-11-03,ALKEM,HOLD
2025-11-03,BIOCON,HOLD
2025-11-03,BRITANNIA,REDUCE
2025-11-03,HAL,HOLD
2025-11-03,LATENTVIEW,HOLD
2025-11-03,POONAWALLA,REDUCE
2025-11-03,SCHAEFFLER,HOLD
2025-11-03,SPLPETRO,EXIT
2025-11-03,TEGA,HOLD
2025-11-04,COALINDIA,REDUCE
2025-11-04,DELHIVERY,HOLD
2025-11-04,GESHIP,EXIT
2025-11-04,KIRLOSENG,HOLD
2025-11-04,LEMONTREE,REDUCE
2025-11-04,NETWEB,EXIT
2025-11-04,NUVOCO,EXIT
2025-11-04,UTIAMC,EXIT
2025-11-06,3MINDIA,HOLD
2025-11-06,AFFLE,EXIT
2025-11-06,ASIANPAINT,REDUCE
2025-11-06,AIIL,EXIT
2025-11-06,BEML,EXIT
2025-11-06,BRITANNIA,HOLD
2025-11-06,CCL,HOLD
2025-11-06,CHOICEIN,REDUCE
2025-11-06,CREDITACC,REDUCE
2025-11-06,DATAPATTNS,EXIT
2025-11-06,DELHIVERY,REDUCE
2025-11-06,GRASIM,REDUCE
2025-11-06,J&KBANK,REDUCE
2025-11-06,KEI,EXIT
2025-11-06,KAYNES,EXIT
2025-11-06,KIRLOSENG,EXIT
2025-11-06,SBICARD,EXIT
2025-11-06,SHYAMMETL,EXIT
2025-11-06,TBOTEK,HOLD
2025-11-06,TEGA,REDUCE
2025-11-06,ZYDUSLIFE,EXIT
2025-11-06,ZYDUSWELL,EXIT
2025-11-07,AMBER,EXIT
2025-11-07,ASIANPAINT,HOLD
2025-11-07,ESCORTS,REDUCE
2025-11-07,INDIACEM,REDUCE
2025-11-07,J&KBANK,HOLD
2025-11-07,LATENTVIEW,EXIT
2025-11-07,LICI,HOLD
2025-11-07,NHPC,EXIT
2025-11-07,NAM-INDIA,REDUCE
2025-11-07,REDINGTON,HOLD
2025-11-07,SAILIFE,REDUCE
2025-11-07,ECLERX,REDUCE
2025-11-10,ABSLAMC,EXIT
2025-11-10,AFCONS,EXIT
2025-11-10,BSE,HOLD
2025-11-10,CHALET,EXIT
2025-11-10,COALINDIA,HOLD
2025-11-10,MEDANTA,EXIT
2025-11-10,GRAPHITE,EXIT
2025-11-10,GESHIP,HOLD
2025-11-10,POWERINDIA,HOLD
2025-11-10,IGL,REDUCE
2025-11-10,NAM-INDIA,HOLD
2025-11-10,POONAWALLA,EXIT
2025-11-10,SAILIFE,HOLD
2025-11-10,TORNTPHARM,HOLD
2025-11-10,ULTRACEMCO,EXIT
2025-11-10,WAAREEENER,REDUCE
2025-11-11,BAJAJFINSV,REDUCE
2025-11-11,BRITANNIA,REDUCE
2025-11-11,JBCHEPHARM,HOLD
2025-11-11,KIMS,EXIT
2025-11-11,LATENTVIEW,HOLD
2025-11-12,DATAPATTNS,HOLD
2025-11-12,GRAPHITE,HOLD
2025-11-12,MFSL,HOLD
2025-11-12,OIL,HOLD
2025-11-12,SBFC,REDUCE
2025-11-12,TVSMOTOR,REDUCE
2025-11-12,TATAPOWER,REDUCE
2025-11-12,TRAVELFOOD,REDUCE
2025-11-12,ECLERX,HOLD
2025-11-13,CGPOWER,REDUCE
2025-11-13,ERIS,EXIT
2025-11-13,FORTIS,REDUCE
2025-11-13,KIRLOSENG,HOLD
2025-11-13,NBCC,EXIT
2025-11-13,SAILIFE,REDUCE
2025-11-13,MOTHERSON,HOLD
2025-11-14,BAJAJFINSV,HOLD
2025-11-14,BERGEPAINT,HOLD
2025-11-14,PERSISTENT,HOLD
2025-11-17,HEG,REDUCE
2025-11-17,NBCC,HOLD
2025-11-17,NSLNISP,REDUCE
2025-11-17,TATASTEEL,REDUCE
2025-11-18,ACMESOLAR,EXIT
2025-11-18,ANANDRATHI,REDUCE
2025-11-18,FORTIS,EXIT
2025-11-18,MPHASIS,EXIT
2025-11-18,NMDC,REDUCE
2025-11-18,ONESOURCE,EXIT
2025-11-19,APLAPOLLO,REDUCE
2025-11-19,ASTERDM,REDUCE
2025-11-19,BAJAJFINSV,REDUCE
2025-11-19,COALINDIA,REDUCE
2025-11-19,GLAND,EXIT
2025-11-19,GMDCLTD,EXIT
2025-11-19,HCLTECH,REDUCE
2025-11-19,INDIACEM,HOLD
2025-11-19,JUBLPHARMA,REDUCE
2025-11-19,KPRMILL,HOLD
2025-11-19,KAJARIACER,EXIT
2025-11-19,LEMONTREE,EXIT
2025-11-19,MRF,REDUCE
2025-11-19,SAMMAANCAP,EXIT
2025-11-19,SUNPHARMA,REDUCE
2025-11-19,WAAREEENER,EXIT
2025-11-20,360ONE,HOLD
2025-11-20,AIAENG,HOLD
2025-11-20,ANURAS,HOLD
2025-11-20,GPIL,REDUCE
2025-11-20,ITCHOTELS,EXIT
2025-11-20,KPRMILL,EXIT
2025-11-20,MARUTI,REDUCE
2025-11-21,AMBUJACEM,EXIT
2025-11-21,BHARTIHEXA,REDUCE
2025-11-21,CGCL,REDUCE
2025-11-21,GRANULES,REDUCE
2025-11-21,HEG,EXIT
2025-11-21,HAL,REDUCE
2025-11-21,IGL,EXIT
2025-11-21,JSWSTEEL,REDUCE
2025-11-21,JINDALSTEL,REDUCE
2025-11-21,LUPIN,HOLD
2025-11-21,MARUTI,HOLD
2025-11-21,NLCINDIA,REDUCE
2025-11-21,OIL,EXIT
2025-11-21,SCHAEFFLER,REDUCE
2025-11-21,SAIL,REDUCE
2025-11-21,SWIGGY,EXIT
2025-11-21,WELCORP,REDUCE
2025-11-24,CEMPRO,REDUCE
2025-11-24,CHOLAHLDNG,EXIT
2025-11-24,CREDITACC,HOLD
2025-11-24,DELHIVERY,EXIT
2025-11-24,GPIL,EXIT
2025-11-24,HBLENGINE,REDUCE
2025-11-24,HDFCBANK,HOLD
2025-11-24,HAL,EXIT
2025-11-24,INDIGO,HOLD
2025-11-24,LICI,REDUCE
2025-11-24,LUPIN,EXIT
2025-11-24,MRF,HOLD
2025-11-24,NSLNISP,EXIT
2025-11-24,SOBHA,REDUCE
2025-11-24,SYRMA,REDUCE
2025-11-24,TATAPOWER,EXIT
2025-11-25,AUROPHARMA,HOLD
2025-11-25,BHARTIHEXA,HOLD
2025-11-25,COROMANDEL,HOLD
2025-11-25,CRAFTSMAN,HOLD
2025-11-25,EMCURE,HOLD
2025-11-25,INDUSTOWER,HOLD
2025-11-25,MSUMI,REDUCE
2025-11-25,NLCINDIA,EXIT
2025-11-26,BAJFINANCE,REDUCE
2025-11-26,CHENNPETRO,EXIT
2025-11-26,GRASIM,EXIT
2025-11-26,HEG,HOLD
2025-11-26,HINDZINC,REDUCE
2025-11-26,KOTAKBANK,REDUCE
2025-11-26,SAIL,HOLD
2025-11-26,SYRMA,HOLD
2025-11-27,ESCORTS,HOLD
2025-11-27,GVT&D,REDUCE
2025-11-27,GRAPHITE,REDUCE
2025-11-27,JSWSTEEL,HOLD
2025-11-27,KOTAKBANK,HOLD
2025-11-27,MOTILALOFS,EXIT
2025-11-27,SCI,EXIT
2025-11-28,BAJFINANCE,HOLD
2025-11-28,BHARTIHEXA,REDUCE
2025-11-28,CGPOWER,EXIT
2025-11-28,CREDITACC,REDUCE
2025-11-28,GAIL,EXIT
2025-11-28,GRANULES,HOLD
2025-11-28,HINDZINC,HOLD
2025-11-28,INDIACEM,REDUCE
2025-11-28,MRF,REDUCE
2025-11-28,POLYCAB,REDUCE
2025-11-28,SAIL,REDUCE
2025-11-28,SYRMA,REDUCE
2025-12-01,MAHABANK,REDUCE
2025-12-01,HEG,REDUCE
2025-12-01,LUPIN,HOLD
2025-12-01,PRESTIGE,REDUCE
2025-12-01,TVSMOTOR,HOLD
2025-12-01,URBANCO,REDUCE
2025-12-02,BAJFINANCE,REDUCE
2025-12-02,BEL,REDUCE
2025-12-02,NAM-INDIA,REDUCE
2025-12-02,WELCORP,EXIT
2025-12-02,ZFCVINDIA,HOLD
2025-12-03,APLAPOLLO,HOLD
2025-12-03,ADANIPOWER,EXIT
2025-12-03,CHENNPETRO,HOLD
2025-12-03,HUDCO,REDUCE
2025-12-03,INDIGO,REDUCE
2025-12-03,J&KBANK,REDUCE
2025-12-03,REDINGTON,REDUCE
2025-12-03,USHAMART,REDUCE
2025-12-04,CHENNPETRO,EXIT
2025-12-04,INDIACEM,HOLD
2025-12-04,NBCC,REDUCE
2025-12-04,TECHM,REDUCE
2025-12-05,APOLLOHOSP,EXIT
2025-12-05,BAJFINANCE,HOLD
2025-12-05,DATAPATTNS,REDUCE
2025-12-05,GRAPHITE,EXIT
2025-12-05,POWERINDIA,EXIT
2025-12-05,INDIGO,EXIT
2025-12-05,IKS,HOLD
2025-12-05,MRPL,EXIT
2025-12-05,MARICO,HOLD
2025-12-05,MARUTI,REDUCE
2025-12-05,MPHASIS,HOLD
2025-12-05,NAM-INDIA,EXIT
2025-12-05,PRESTIGE,HOLD
2025-12-05,REDINGTON,EXIT
2025-12-05,STARHEALTH,REDUCE
2025-12-08,BAJAJ-AUTO,HOLD
2025-12-08,BERGEPAINT,EXIT
2025-12-08,CARTRADE,EXIT
2025-12-08,CREDITACC,EXIT
2025-12-08,DATAPATTNS,EXIT
2025-12-08,HUDCO,EXIT
2025-12-08,INTELLECT,EXIT
2025-12-08,J&KBANK,EXIT
2025-12-08,JUBLPHARMA,EXIT
2025-12-08,LICI,EXIT
2025-12-08,MINDACORP,REDUCE
2025-12-08,NBCC,EXIT
2025-12-08,POLICYBZR,HOLD
2025-12-08,SCHAEFFLER,EXIT
2025-12-08,TIMKEN,REDUCE
2025-12-08,VMM,EXIT
2025-12-09,BAJFINANCE,REDUCE
2025-12-09,CIPLA,EXIT
2025-12-09,LALPATHLAB,EXIT
2025-12-09,HEG,HOLD
2025-12-09,IKS,EXIT
2025-12-09,JSWSTEEL,REDUCE
2025-12-09,SOBHA,EXIT
2025-12-09,SYRMA,EXIT
2025-12-09,TATACONSUM,REDUCE
2025-12-09,TECHM,REDUCE
2025-12-10,BHARTIHEXA,EXIT
2025-12-10,CHOLAHLDNG,HOLD
2025-12-10,COROMANDEL,EXIT
2025-12-10,ENDURANCE,EXIT
2025-12-10,ESCORTS,REDUCE
2025-12-10,ICICIGI,REDUCE
2025-12-10,ICICIPRULI,HOLD
2025-12-10,SAILIFE,HOLD
2025-12-11,APLAPOLLO,REDUCE
2025-12-11,CHOICEIN,EXIT
2025-12-11,ESCORTS,HOLD
2025-12-11,HEXT,EXIT
2025-12-11,HINDPETRO,REDUCE
2025-12-11,JSL,HOLD
2025-12-11,ONGC,REDUCE
2025-12-12,DCMSHRIRAM,HOLD
2025-12-12,DRREDDY,REDUCE
2025-12-12,HINDPETRO,HOLD
2025-12-12,YESBANK,REDUCE
2025-12-15,CHOLAHLDNG,REDUCE
2025-12-15,EIHOTEL,EXIT
2025-12-15,IKS,HOLD
2025-12-15,ONGC,EXIT
2025-12-15,RAMCOCEM,HOLD
2025-12-15,UNITDSPR,HOLD
2025-12-16,ASTERDM,EXIT
2025-12-16,CHOLAHLDNG,EXIT
2025-12-16,INDIANB,REDUCE
2025-12-16,KEI,HOLD
2025-12-16,MARUTI,HOLD
2025-12-16,POLICYBZR,EXIT
2025-12-16,PNB,REDUCE
2025-12-16,SBFC,EXIT
2025-12-16,TATACONSUM,HOLD
2025-12-17,BRITANNIA,HOLD
2025-12-17,COALINDIA,HOLD
2025-12-17,DRREDDY,HOLD
2025-12-17,NYKAA,REDUCE
2025-12-17,HEG,REDUCE
2025-12-17,KEI,REDUCE
2025-12-17,MINDACORP,HOLD
2025-12-17,NMDC,HOLD
2025-12-17,TIMKEN,HOLD
2025-12-18,APLAPOLLO,HOLD
2025-12-18,ALKEM,REDUCE
2025-12-18,AXISBANK,REDUCE
2025-12-18,BAJAJ-AUTO,REDUCE
2025-12-18,CGCL,EXIT
2025-12-18,DCMSHRIRAM,EXIT
2025-12-18,HBLENGINE,EXIT
2025-12-18,HDFCBANK,REDUCE
2025-12-18,KPIL,EXIT
2025-12-18,MINDACORP,REDUCE
2025-12-18,NEULANDLAB,REDUCE
2025-12-18,PRESTIGE,EXIT
2025-12-18,TIMKEN,REDUCE
2025-12-18,UNITDSPR,EXIT
2025-12-19,ESCORTS,REDUCE
2025-12-19,HEG,HOLD
2025-12-19,HDFCLIFE,HOLD
2025-12-19,MINDACORP,HOLD
2025-12-19,MSUMI,HOLD
2025-12-19,NAM-INDIA,HOLD
2025-12-22,BAJAJ-AUTO,HOLD
2025-12-22,CESC,REDUCE
2025-12-22,CHOLAFIN,REDUCE
2025-12-22,GLENMARK,HOLD
2025-12-22,INFY,REDUCE
2025-12-22,KEI,HOLD
2025-12-22,PNB,HOLD
2025-12-22,TEGA,HOLD
2025-12-22,TIMKEN,HOLD
2025-12-22,UNOMINDA,HOLD
2025-12-22,WIPRO,REDUCE
2025-12-23,ANANDRATHI,HOLD
2025-12-23,BHARTIHEXA,HOLD
2025-12-23,DCMSHRIRAM,HOLD
2025-12-23,DIVISLAB,REDUCE
2025-12-23,ESCORTS,HOLD
2025-12-23,GVT&D,HOLD
2025-12-23,INFY,HOLD
2025-12-23,MSUMI,REDUCE
2025-12-23,NBCC,HOLD
2025-12-23,NEULANDLAB,EXIT
2025-12-23,SRF,REDUCE
2025-12-23,TATACOMM,REDUCE
2025-12-23,TIMKEN,REDUCE
2025-12-23,UNITDSPR,HOLD
2025-12-24,COFORGE,REDUCE
2025-12-24,EIDPARRY,HOLD
2025-12-24,HDFCLIFE,REDUCE
2025-12-24,POLICYBZR,HOLD
2025-12-24,TIMKEN,HOLD
2025-12-24,UNITDSPR,EXIT
2025-12-26,COFORGE,EXIT
2025-12-26,GRAPHITE,HOLD
2025-12-26,HEROMOTOCO,REDUCE
2025-12-26,IKS,EXIT
2025-12-26,LGEINDIA,REDUCE
2025-12-26,NAM-INDIA,REDUCE
2025-12-26,STARHEALTH,EXIT
2025-12-26,TIMKEN,EXIT
2025-12-26,WIPRO,HOLD
2025-12-29,AADHARHFC,EXIT
2025-12-29,GPIL,HOLD
2025-12-29,HDFCLIFE,EXIT
2025-12-29,MINDACORP,REDUCE
2025-12-29,MPHASIS,REDUCE
2025-12-29,PFIZER,EXIT
2025-12-29,TMPV,REDUCE
2025-12-29,UNITDSPR,HOLD
2025-12-30,ADANIPORTS,REDUCE
2025-12-30,MAHABANK,HOLD
2025-12-30,CEATLTD,REDUCE
2025-12-30,EIDPARRY,EXIT
2025-12-30,FORCEMOT,HOLD
2025-12-30,MSUMI,HOLD
2025-12-30,POLICYBZR,EXIT
2025-12-30,SAIL,HOLD
2025-12-30,TATASTEEL,HOLD
2025-12-31,AXISBANK,HOLD
2025-12-31,CHOICEIN,HOLD
2025-12-31,NYKAA,HOLD
2025-12-31,GMDCLTD,HOLD
2025-12-31,HONASA,HOLD
2025-12-31,INDIANB,HOLD
2025-12-31,JINDALSTEL,HOLD
2025-12-31,PAYTM,REDUCE
2025-12-31,POLYCAB,HOLD
2026-01-02,ACUTAAS,REDUCE
2026-01-02,AJANTPHARM,HOLD
2026-01-02,ABDL,EXIT
2026-01-02,APOLLOTYRE,REDUCE
2026-01-02,CHOLAFIN,HOLD
2026-01-02,HEROMOTOCO,HOLD
2026-01-02,INFY,REDUCE
2026-01-02,JSWSTEEL,HOLD
2026-01-02,MINDACORP,HOLD
2026-01-02,NSLNISP,HOLD
2026-01-02,NTPC,REDUCE
2026-01-02,OIL,HOLD
2026-01-02,PAYTM,HOLD
2026-01-02,RADICO,REDUCE
2026-01-02,UNITDSPR,EXIT
2026-01-02,VIJAYA,HOLD
2026-01-02,WIPRO,REDUCE
2026-01-05,ADANIPORTS,HOLD
2026-01-05,ATHERENERG,REDUCE
2026-01-05,DABUR,HOLD
2026-01-05,DRREDDY,REDUCE
2026-01-05,HDFCLIFE,REDUCE
2026-01-05,INFY,EXIT
2026-01-05,TEGA,REDUCE
2026-01-05,WIPRO,EXIT
2026-01-06,CPPLUS,REDUCE
2026-01-06,ALKEM,HOLD
2026-01-06,APOLLOTYRE,HOLD
2026-01-06,ASTRAL,HOLD
2026-01-06,CHOLAHLDNG,HOLD
2026-01-06,DCMSHRIRAM,REDUCE
2026-01-06,DIVISLAB,HOLD
2026-01-06,HBLENGINE,HOLD
2026-01-06,HDFCLIFE,HOLD
2026-01-06,ICICIBANK,REDUCE
2026-01-06,ICICIGI,HOLD
2026-01-06,NLCINDIA,HOLD
2026-01-06,REDINGTON,HOLD
2026-01-06,TIMKEN,HOLD
2026-01-06,VIJAYA,EXIT
2026-01-07,AIIL,HOLD
2026-01-07,BHARTIHEXA,REDUCE
2026-01-07,BOSCHLTD,HOLD
2026-01-07,CHOLAHLDNG,EXIT
2026-01-07,CUMMINSIND,REDUCE
2026-01-07,DOMS,HOLD
2026-01-07,DRREDDY,EXIT
2026-01-07,HCLTECH,REDUCE
2026-01-07,ICICIGI,REDUCE
2026-01-07,INFY,REDUCE
2026-01-07,JAINREC,REDUCE
2026-01-07,MPHASIS,HOLD
2026-01-07,SUNDARMFIN,HOLD
2026-01-07,TBOTEK,REDUCE
2026-01-07,ULTRACEMCO,REDUCE
2026-01-07,WIPRO,REDUCE
2026-01-07,YESBANK,HOLD
2026-01-08,BAJAJFINSV,EXIT
2026-01-08,BEL,HOLD
2026-01-08,DCMSHRIRAM,EXIT
2026-01-08,HBLENGINE,EXIT
2026-01-08,HCLTECH,HOLD
2026-01-08,HDFCBANK,EXIT
2026-01-08,ICICIGI,EXIT
2026-01-08,INFY,EXIT
2026-01-08,IPCALAB,HOLD
2026-01-08,JINDALSTEL,REDUCE
2026-01-08,MPHASIS,REDUCE
2026-01-08,OIL,EXIT
2026-01-08,RBLBANK,REDUCE
2026-01-08,RELIANCE,REDUCE
2026-01-08,SOBHA,HOLD
2026-01-08,TIMKEN,EXIT
2026-01-09,DOMS,EXIT
2026-01-09,GVT&D,REDUCE
2026-01-09,HDFCAMC,EXIT
2026-01-09,INDIANB,REDUCE
2026-01-09,JSL,REDUCE
2026-01-09,MPHASIS,HOLD
2026-01-09,NSLNISP,REDUCE
2026-01-09,REDINGTON,EXIT
2026-01-12,ASAHIINDIA,REDUCE
2026-01-12,BAJFINANCE,EXIT
2026-01-12,BHARTIARTL,REDUCE
2026-01-12,BHARTIHEXA,EXIT
2026-01-12,CESC,EXIT
2026-01-12,NYKAA,REDUCE
2026-01-12,HDFCLIFE,EXIT
2026-01-12,HINDPETRO,REDUCE
2026-01-12,MSUMI,REDUCE
2026-01-12,NBCC,EXIT
2026-01-12,OIL,HOLD
2026-01-12,PAYTM,REDUCE
2026-01-12,RADICO,EXIT
2026-01-12,SAILIFE,REDUCE
2026-01-12,TBOTEK,EXIT
2026-01-13,ADANIENSOL,REDUCE
2026-01-13,ADANIPORTS,REDUCE
2026-01-13,ASTRAL,REDUCE
2026-01-13,DIVISLAB,REDUCE
2026-01-13,JSL,HOLD
2026-01-13,LT,REDUCE
2026-01-13,NAM-INDIA,HOLD
2026-01-13,SAGILITY,REDUCE
2026-01-13,SOBHA,REDUCE
2026-01-13,UNOMINDA,REDUCE
2026-01-14,ASTRAL,HOLD
2026-01-14,ESCORTS,REDUCE
2026-01-14,IOC,REDUCE
2026-01-14,IKS,HOLD
2026-01-14,LATENTVIEW,REDUCE
2026-01-14,NSLNISP,HOLD
2026-01-14,ONGC,REDUCE
2026-01-14,PAYTM,HOLD
2026-01-14,POLYCAB,REDUCE
2026-01-14,WIPRO,EXIT
2026-01-16,COROMANDEL,HOLD
2026-01-16,DIVISLAB,EXIT
2026-01-16,GVT&D,EXIT
2026-01-16,INDUSINDBK,HOLD
2026-01-16,INFY,REDUCE
2026-01-16,KOTAKBANK,EXIT
2026-01-16,MRF,EXIT
2026-01-16,MINDACORP,REDUCE
2026-01-16,NSLNISP,REDUCE
2026-01-16,RBLBANK,HOLD
2026-01-16,SAGILITY,HOLD
2026-01-16,WIPRO,REDUCE
2026-01-19,3MINDIA,REDUCE
2026-01-19,APOLLOTYRE,REDUCE
2026-01-19,ASTRAL,REDUCE
2026-01-19,BHEL,REDUCE
2026-01-19,BOSCHLTD,REDUCE
2026-01-19,CHOLAFIN,REDUCE
2026-01-19,COROMANDEL,EXIT
2026-01-19,GPIL,REDUCE
2026-01-19,GMDCLTD,REDUCE
2026-01-19,HINDUNILVR,REDUCE
2026-01-19,ICICIBANK,EXIT
2026-01-19,INFY,HOLD
2026-01-19,KOTAKBANK,REDUCE
2026-01-19,LATENTVIEW,EXIT
2026-01-19,RBLBANK,REDUCE
2026-01-19,RELIANCE,EXIT
2026-01-19,SUNPHARMA,EXIT
2026-01-19,UNOMINDA,EXIT
2026-01-19,ECLERX,REDUCE
2026-01-20,ADANIENSOL,EXIT
2026-01-20,ASAHIINDIA,EXIT
2026-01-20,ASTRAL,EXIT
2026-01-20,AUROPHARMA,EXIT
2026-01-20,BHEL,EXIT
2026-01-20,BIOCON,REDUCE
2026-01-20,DABUR,REDUCE
2026-01-20,ESCORTS,EXIT
2026-01-20,GPIL,EXIT
2026-01-20,HONASA,EXIT
2026-01-20,IDBI,EXIT
2026-01-20,INDIANB,HOLD
2026-01-20,INDUSINDBK,EXIT
2026-01-20,JINDALSTEL,HOLD
2026-01-20,MINDACORP,EXIT
2026-01-20,MSUMI,EXIT
2026-01-20,NSLNISP,EXIT
2026-01-20,SAILIFE,EXIT
2026-01-20,SOBHA,EXIT
2026-01-20,TEGA,EXIT
2026-01-20,YESBANK,REDUCE
2026-01-21,ADANIPORTS,EXIT
2026-01-21,BPCL,REDUCE
2026-01-21,BOSCHLTD,EXIT
2026-01-21,BRITANNIA,REDUCE
2026-01-21,CCL,REDUCE
2026-01-21,CEATLTD,EXIT
2026-01-21,DABUR,HOLD
2026-01-21,GRANULES,REDUCE
2026-01-21,HINDUNILVR,EXIT
2026-01-21,KIRLOSENG,EXIT
2026-01-21,LTF,REDUCE
2026-01-21,M&M,REDUCE
2026-01-21,ONGC,HOLD
2026-01-21,PAYTM,REDUCE
2026-01-21,TATACOMM,EXIT
2026-01-21,UPL,EXIT
2026-01-21,IDEA,EXIT
2026-01-22,AIIL,EXIT
2026-01-22,CREDITACC,HOLD
2026-01-22,GRASIM,REDUCE
2026-01-22,IIFL,EXIT
2026-01-22,KEI,EXIT
2026-01-22,KOTAKBANK,REDUCE
2026-01-22,NAM-INDIA,REDUCE
2026-01-22,NUVAMA,REDUCE
2026-01-23,CHOICEIN,REDUCE
2026-01-23,GMRAIRPORT,EXIT
2026-01-23,GMDCLTD,EXIT
2026-01-23,HEG,EXIT
2026-01-23,HEROMOTOCO,EXIT
2026-01-23,HINDPETRO,EXIT
2026-01-23,J&KBANK,HOLD
2026-01-23,NUVAMA,EXIT
2026-01-23,POLYCAB,EXIT
2026-01-23,USHAMART,EXIT
2026-01-27,ANANDRATHI,REDUCE
2026-01-27,ASIANPAINT,REDUCE
2026-01-27,CHOICEIN,EXIT
2026-01-27,GRANULES,HOLD
2026-01-27,GRASIM,HOLD
2026-01-27,IKS,EXIT
2026-01-27,MFSL,REDUCE
2026-01-27,NLCINDIA,REDUCE
2026-01-27,NAM-INDIA,EXIT
2026-01-27,PAYTM,EXIT
2026-01-27,RRKABEL,REDUCE
2026-01-28,ASIANPAINT,EXIT
2026-01-28,CREDITACC,REDUCE
2026-01-28,IOC,HOLD
2026-01-28,MARUTI,REDUCE
2026-01-28,NLCINDIA,HOLD
2026-01-28,SONACOMS,HOLD
2026-01-29,BPCL,HOLD
2026-01-29,BRITANNIA,EXIT
2026-01-29,CREDITACC,EXIT
2026-01-29,FORCEMOT,EXIT
2026-01-29,HEG,HOLD
2026-01-29,MARUTI,EXIT
2026-01-29,NSLNISP,HOLD
2026-01-29,PINELABS,REDUCE
2026-01-29,SAGILITY,REDUCE
2026-01-29,TATACONSUM,EXIT
2026-01-29,ECLERX,HOLD
2026-01-30,GVT&D,HOLD
2026-01-30,GMDCLTD,HOLD
2026-01-30,LAURUSLABS,REDUCE
2026-01-30,MARICO,REDUCE
2026-01-30,PHOENIXLTD,REDUCE
2026-02-02,ASAHIINDIA,HOLD
2026-02-02,BSE,REDUCE
2026-02-02,GROWW,REDUCE
2026-02-02,CHOLAFIN,EXIT
2026-02-02,DABUR,EXIT
2026-02-02,EMMVEE,REDUCE
2026-02-02,FORCEMOT,HOLD
2026-02-02,HEG,EXIT
2026-02-02,HINDCOPPER,EXIT
2026-02-02,HINDZINC,EXIT
2026-02-02,J&KBANK,EXIT
2026-02-02,KOTAKBANK,EXIT
2026-02-02,LAURUSLABS,EXIT
2026-02-02,MRPL,HOLD
2026-02-02,MUTHOOTFIN,REDUCE
2026-02-02,NTPC,REDUCE
2026-02-02,PHOENIXLTD,EXIT
2026-02-02,PWL,REDUCE
2026-02-02,ULTRACEMCO,REDUCE
2026-02-03,ADANIPORTS,REDUCE
2026-02-03,AUROPHARMA,HOLD
2026-02-03,BSE,HOLD
2026-02-03,BANKBARODA,REDUCE
2026-02-03,CANBK,REDUCE
2026-02-03,GPIL,HOLD
2026-02-03,KIRLOSENG,HOLD
2026-02-03,LT,HOLD
2026-02-03,MFSL,HOLD
2026-02-03,NAM-INDIA,HOLD
2026-02-03,POWERGRID,REDUCE
2026-02-03,IDEA,HOLD
2026-02-03,WIPRO,EXIT
2026-02-04,3MINDIA,HOLD
2026-02-04,ADANIPORTS,HOLD
2026-02-04,APARINDS,HOLD
2026-02-04,APOLLOTYRE,HOLD
2026-02-04,ASAHIINDIA,REDUCE
2026-02-04,BOSCHLTD,HOLD
2026-02-04,CCL,HOLD
2026-02-04,CEATLTD,HOLD
2026-02-04,CREDITACC,HOLD
2026-02-04,HINDZINC,HOLD
2026-02-04,ICICIBANK,REDUCE
2026-02-04,INDUSINDBK,HOLD
2026-02-04,INFY,EXIT
2026-02-04,IPCALAB,REDUCE
2026-02-04,KEI,HOLD
2026-02-04,MPHASIS,EXIT
2026-02-04,NTPC,HOLD
2026-02-04,PERSISTENT,REDUCE
2026-02-04,RRKABEL,HOLD
2026-02-04,TIMKEN,HOLD
2026-02-04,WELSPUNLIV,HOLD
2026-02-05,ADANIENSOL,HOLD
2026-02-05,ADANIPOWER,HOLD
2026-02-05,AUROPHARMA,REDUCE
2026-02-05,CHOLAFIN,HOLD
2026-02-05,CREDITACC,REDUCE
2026-02-05,CUMMINSIND,HOLD
2026-02-05,HINDZINC,EXIT
2026-02-05,ICICIBANK,EXIT
2026-02-05,IDBI,HOLD
2026-02-05,INDUSINDBK,EXIT
2026-02-05,MARICO,HOLD
2026-02-05,POLYCAB,HOLD
2026-02-05,VOLTAS,HOLD
2026-02-06,360ONE,REDUCE
2026-02-06,APOLLOTYRE,REDUCE
2026-02-06,BIOCON,EXIT
2026-02-06,EICHERMOT,REDUCE
2026-02-06,ESCORTS,HOLD
2026-02-06,NYKAA,HOLD
2026-02-06,HINDUNILVR,REDUCE
2026-02-06,ICICIBANK,REDUCE
2026-02-06,IKS,HOLD
2026-02-06,MINDACORP,HOLD
2026-02-06,NATIONALUM,EXIT
2026-02-06,PTCIL,REDUCE
2026-02-06,SYRMA,HOLD
2026-02-06,ECLERX,EXIT
2026-02-09,BOSCHLTD,EXIT
2026-02-09,CREDITACC,EXIT
2026-02-09,DRREDDY,REDUCE
2026-02-09,HINDPETRO,HOLD
2026-02-09,POWERINDIA,HOLD
2026-02-09,ICICIBANK,EXIT
2026-02-09,KOTAKBANK,REDUCE
2026-02-09,PTCIL,HOLD
2026-02-09,SBILIFE,REDUCE
2026-02-10,360ONE,HOLD
2026-02-10,AUROPHARMA,EXIT
2026-02-10,BLUESTARCO,HOLD
2026-02-10,DABUR,HOLD
2026-02-10,EICHERMOT,HOLD
2026-02-10,HCLTECH,REDUCE
2026-02-10,ICICIBANK,REDUCE
2026-02-10,INDUSINDBK,HOLD
2026-02-10,KOTAKBANK,HOLD
2026-02-10,M&M,HOLD
2026-02-10,MUTHOOTFIN,HOLD
2026-02-10,NATIONALUM,HOLD
2026-02-10,POONAWALLA,HOLD
2026-02-10,SAILIFE,HOLD
2026-02-10,SCI,HOLD
2026-02-10,ULTRACEMCO,HOLD
2026-02-11,360ONE,REDUCE
2026-02-11,ABCAPITAL,REDUCE
2026-02-11,ABSLAMC,HOLD
2026-02-11,ANANDRATHI,HOLD
2026-02-11,APOLLOHOSP,REDUCE
2026-02-11,ASTRAL,HOLD
2026-02-11,BSOFT,HOLD
2026-02-11,HCLTECH,EXIT
2026-02-11,PERSISTENT,EXIT
2026-02-12,BSOFT,EXIT
2026-02-12,BRITANNIA,HOLD
2026-02-12,ESCORTS,REDUCE
2026-02-12,HINDUNILVR,EXIT
2026-02-12,HINDZINC,HOLD
2026-02-12,IKS,REDUCE
2026-02-12,IPCALAB,HOLD
2026-02-12,M&M,REDUCE
2026-02-12,NSLNISP,REDUCE
2026-02-12,PNB,REDUCE
2026-02-12,RBLBANK,HOLD
2026-02-13,ADANIPOWER,EXIT
2026-02-13,ALKEM,REDUCE
2026-02-13,BAJFINANCE,REDUCE
2026-02-13,HINDZINC,EXIT
2026-02-13,MRF,HOLD
2026-02-13,MUTHOOTFIN,REDUCE
2026-02-13,NSLNISP,EXIT
2026-02-13,NATIONALUM,EXIT
2026-02-13,PETRONET,HOLD
2026-02-13,SBILIFE,HOLD
2026-02-13,TIMKEN,EXIT
2026-02-13,YESBANK,EXIT
2026-02-16,APOLLOTYRE,EXIT
2026-02-16,BAJFINANCE,HOLD
2026-02-16,BAJAJFINSV,REDUCE
2026-02-16,IKS,EXIT
2026-02-16,MRF,EXIT
2026-02-16,PTCIL,REDUCE
2026-02-16,POONAWALLA,EXIT
2026-02-16,SAGILITY,EXIT
2026-02-16,TECHM,EXIT
2026-02-17,BANKBARODA,HOLD
2026-02-17,ESCORTS,EXIT
2026-02-17,JSL,REDUCE
2026-02-17,KOTAKBANK,REDUCE
2026-02-17,PTCIL,HOLD
2026-02-17,PNB,HOLD
2026-02-17,TORNTPOWER,HOLD
2026-02-18,CANBK,HOLD
2026-02-18,GODREJCP,HOLD
2026-02-18,KOTAKBANK,HOLD
2026-02-18,LTF,HOLD
2026-02-18,MUTHOOTFIN,EXIT
2026-02-18,POONAWALLA,HOLD
2026-02-18,STARHEALTH,HOLD
2026-02-18,TATACONSUM,REDUCE
2026-02-19,BSE,REDUCE
2026-02-19,CEATLTD,REDUCE
2026-02-19,CHOICEIN,HOLD
2026-02-19,CHOLAFIN,REDUCE
2026-02-19,DABUR,EXIT
2026-02-19,GODREJCP,EXIT
2026-02-19,HSCL,HOLD
2026-02-19,HINDPETRO,REDUCE
2026-02-19,ICICIBANK,EXIT
2026-02-19,KOTAKBANK,EXIT
2026-02-19,LTF,REDUCE
2026-02-19,PTCIL,REDUCE
2026-02-19,UPL,HOLD
2026-02-19,VTL,HOLD
2026-02-20,360ONE,EXIT
2026-02-20,ATHERENERG,HOLD
2026-02-20,CANFINHOME,REDUCE
2026-02-20,LTF,HOLD
2026-02-20,STARHEALTH,EXIT
2026-02-23,ANURAS,REDUCE
2026-02-23,BIOCON,HOLD
2026-02-23,DABUR,HOLD
2026-02-23,GMRAIRPORT,HOLD
2026-02-23,GODREJCP,HOLD
2026-02-23,IDFCFIRSTB,EXIT
2026-02-23,JSL,HOLD
2026-02-23,KOTAKBANK,REDUCE
2026-02-23,TATACONSUM,HOLD
2026-02-23,UPL,EXIT
2026-02-24,BALKRISIND,HOLD
2026-02-24,BHARTIARTL,EXIT
2026-02-24,CHOICEIN,EXIT
2026-02-24,CHOLAFIN,HOLD
2026-02-24,COHANCE,EXIT
2026-02-24,HEG,HOLD
2026-02-24,KOTAKBANK,HOLD
2026-02-24,MEESHO,REDUCE
2026-02-24,MINDACORP,REDUCE
2026-02-25,ABCAPITAL,HOLD
2026-02-25,ALKEM,HOLD
2026-02-25,BSE,HOLD
2026-02-25,KOTAKBANK,REDUCE
2026-02-25,LAURUSLABS,HOLD
2026-02-25,POONAWALLA,EXIT
2026-02-25,IDEA,REDUCE
2026-02-25,WELSPUNLIV,EXIT
2026-02-26,AUROPHARMA,HOLD
2026-02-26,CENTRALBK,HOLD
2026-02-26,ICICIBANK,REDUCE
2026-02-26,NATCOPHARM,HOLD
2026-02-26,STARHEALTH,HOLD
2026-02-26,SUNPHARMA,REDUCE
2026-02-27,ASAHIINDIA,EXIT
2026-02-27,BALKRISIND,EXIT
2026-02-27,CEATLTD,EXIT
2026-02-27,FORTIS,HOLD
2026-02-27,HEROMOTOCO,HOLD
2026-02-27,JSL,REDUCE
2026-02-27,LTF,REDUCE
2026-03-02,BSE,EXIT
2026-03-02,CANFINHOME,EXIT
2026-03-02,CENTRALBK,EXIT
2026-03-02,CHENNPETRO,HOLD
2026-03-02,FORTIS,EXIT
2026-03-02,GMRAIRPORT,REDUCE
2026-03-02,GODREJCP,EXIT
2026-03-02,HEROMOTOCO,REDUCE
2026-03-02,HSCL,EXIT
2026-03-02,HINDPETRO,EXIT
2026-03-02,INDIACEM,EXIT
2026-03-02,MINDACORP,EXIT
2026-03-02,PTCIL,HOLD
2026-03-02,SUNPHARMA,HOLD
2026-03-04,AIAENG,REDUCE
2026-03-04,ABCAPITAL,REDUCE
2026-03-04,BLUESTARCO,EXIT
2026-03-04,DABUR,EXIT
2026-03-04,FORCEMOT,EXIT
2026-03-04,GMDCLTD,EXIT
2026-03-04,ICICIPRULI,EXIT
2026-03-04,LTF,EXIT
2026-03-04,NATIONALUM,HOLD
2026-03-04,PETRONET,EXIT
2026-03-04,SUNTV,HOLD
2026-03-04,SYRMA,EXIT
2026-03-04,IDEA,EXIT
2026-03-05,ABB,HOLD
2026-03-05,ADANIPORTS,REDUCE
2026-03-05,J&KBANK,HOLD
2026-03-05,M&M,EXIT
2026-03-05,NAM-INDIA,REDUCE
2026-03-05,TIMKEN,HOLD
2026-03-05,ZFCVINDIA,REDUCE
2026-03-06,BLUESTARCO,HOLD
2026-03-06,HEG,EXIT
2026-03-09,ADANIPORTS,EXIT
2026-03-09,APOLLOHOSP,REDUCE
2026-03-09,BPCL,REDUCE
2026-03-09,CHOLAFIN,EXIT
2026-03-09,GMRAIRPORT,EXIT
2026-03-09,INDUSINDBK,EXIT
2026-03-09,JSL,EXIT
2026-03-09,M&MFIN,REDUCE
2026-03-09,NLCINDIA,EXIT
2026-03-09,NAM-INDIA,EXIT
2026-03-09,SBILIFE,REDUCE
2026-03-09,STARHEALTH,EXIT
2026-03-09,RAMCOCEM,EXIT
2026-03-10,ANURAS,HOLD
2026-03-10,BPCL,EXIT
2026-03-10,CHENNPETRO,EXIT
2026-03-10,DATAPATTNS,HOLD
2026-03-10,HEROMOTOCO,HOLD
2026-03-11,APARINDS,EXIT
2026-03-11,BSE,HOLD
2026-03-11,KEI,EXIT
2026-03-11,PFC,HOLD
2026-03-12,AARTIIND,HOLD
2026-03-12,APOLLOHOSP,REDUCE
2026-03-12,ASHOKLEY,EXIT
2026-03-12,BAJFINANCE,EXIT
2026-03-12,BAJAJFINSV,EXIT
2026-03-12,BRITANNIA,EXIT
2026-03-12,CUB,EXIT
2026-03-12,DRREDDY,REDUCE
2026-03-12,ETERNAL,EXIT
2026-03-12,GABRIEL,EXIT
2026-03-12,GALLANTT,EXIT
2026-03-12,GODFRYPHLP,EXIT
2026-03-12,GRASIM,EXIT
2026-03-12,ICICIBANK,EXIT
2026-03-12,JKTYRE,EXIT
2026-03-12,KOTAKBANK,EXIT
2026-03-12,LT,EXIT
2026-03-12,MANAPPURAM,EXIT
2026-03-12,NH,EXIT
2026-03-12,NESTLEIND,EXIT
2026-03-12,SRF,EXIT
2026-03-12,TATACONSUM,EXIT
2026-03-12,ULTRACEMCO,EXIT
2026-03-13,APLAPOLLO,EXIT
2026-03-13,AUBANK,REDUCE
2026-03-13,ADANIPOWER,HOLD
2026-03-13,AXISBANK,EXIT
2026-03-13,BAJAJ-AUTO,EXIT
2026-03-13,BANKINDIA,EXIT
2026-03-13,MAHABANK,EXIT
2026-03-13,BLUESTARCO,EXIT
2026-03-13,CANBK,EXIT
2026-03-13,CRAFTSMAN,EXIT
2026-03-13,EICHERMOT,EXIT
2026-03-13,NYKAA,EXIT
2026-03-13,HEROMOTOCO,EXIT
2026-03-13,IDBI,EXIT
2026-03-13,IOC,EXIT
2026-03-13,KARURVYSYA,EXIT
2026-03-13,M&MFIN,EXIT
2026-03-13,NLCINDIA,HOLD
2026-03-13,PTCIL,REDUCE
2026-03-13,POLYCAB,EXIT
2026-03-13,PNB,EXIT
2026-03-13,RRKABEL,EXIT
2026-03-13,SBILIFE,EXIT
2026-03-13,MOTHERSON,EXIT
2026-03-13,SUNTV,EXIT
2026-03-13,TVSMOTOR,EXIT
2026-03-13,ZFCVINDIA,EXIT
2026-03-16,ALKEM,EXIT
2026-03-16,GRAPHITE,EXIT
2026-03-16,LAURUSLABS,REDUCE
2026-03-17,CHENNPETRO,HOLD
2026-03-17,LINDEINDIA,HOLD
2026-03-18,BELRISE,HOLD
2026-03-18,TATACAP,REDUCE
2026-03-19,AARTIIND,EXIT
2026-03-19,APARINDS,HOLD
2026-03-19,APOLLOHOSP,EXIT
2026-03-19,BANKBARODA,EXIT
2026-03-19,BIOCON,EXIT
2026-03-19,LAURUSLABS,EXIT
2026-03-19,MFSL,EXIT
2026-03-19,SCI,EXIT
2026-03-19,SUNTV,HOLD
2026-03-19,SUNDARMFIN,EXIT
2026-03-19,VOLTAS,EXIT
2026-03-20,AIAENG,EXIT
2026-03-20,ACUTAAS,HOLD
2026-03-20,AEGISVOPAK,EXIT
2026-03-20,THELEELA,EXIT
2026-03-20,SHRIRAMFIN,EXIT
2026-03-23,3MINDIA,EXIT
2026-03-23,AUBANK,EXIT
2026-03-23,ABCAPITAL,EXIT
2026-03-23,BEL,EXIT
2026-03-23,DRREDDY,EXIT
2026-03-23,FEDERALBNK,EXIT
2026-03-23,GMDCLTD,HOLD
2026-03-23,HINDALCO,EXIT
2026-03-23,INDIANB,EXIT
2026-03-23,JSWSTEEL,EXIT
2026-03-23,MARICO,EXIT
2026-03-23,NATIONALUM,EXIT
2026-03-23,SBIN,EXIT
2026-03-23,TIMKEN,EXIT
2026-03-23,UNIONBANK,EXIT
2026-03-23,VEDL,EXIT
2026-03-24,APOLLOHOSP,REDUCE
2026-03-25,AARTIIND,HOLD
2026-03-25,DRREDDY,REDUCE
2026-03-25,SYRMA,HOLD
2026-03-27,PTCIL,EXIT
2026-03-27,STARHEALTH,HOLD
2026-03-27,TIMKEN,HOLD
2026-03-27,TORNTPOWER,EXIT
2026-03-30,AARTIIND,EXIT
2026-03-30,APOLLOHOSP,EXIT
2026-03-30,BSE,EXIT
2026-03-30,DRREDDY,EXIT
2026-03-30,HEG,HOLD
2026-03-30,HONASA,HOLD
2026-03-30,NATIONALUM,HOLD
2026-03-30,PFC,EXIT
2026-03-30,SUNTV,EXIT
2026-04-01,LAURUSLABS,HOLD
2026-04-02,BSE,HOLD
2026-04-02,GICRE,HOLD
2026-04-02,PFC,HOLD
2026-04-02,SUNTV,HOLD
2026-04-02,TMCV,REDUCE
2026-04-06,SCHNEIDER,HOLD
2026-04-06,VEDL,HOLD
2026-04-07,MAHABANK,HOLD
2026-04-07,HINDALCO,REDUCE
2026-04-07,INDIANB,HOLD
2026-04-08,ADANIPORTS,REDUCE
2026-04-08,AXISBANK,REDUCE
2026-04-08,HINDALCO,HOLD
2026-04-08,LT,REDUCE
2026-04-08,PIRAMALFIN,REDUCE
2026-04-08,SHRIRAMFIN,REDUCE
2026-04-09,AUBANK,HOLD
2026-04-09,APOLLOHOSP,REDUCE
2026-04-09,AXISBANK,HOLD
2026-04-09,BAJAJ-AUTO,REDUCE
2026-04-09,BANDHANBNK,HOLD
2026-04-09,BEL,REDUCE
2026-04-09,BHEL,HOLD
2026-04-09,NYKAA,HOLD
2026-04-09,FEDERALBNK,HOLD
2026-04-09,FORCEMOT,HOLD
2026-04-09,JSWSTEEL,REDUCE
2026-04-09,NAM-INDIA,HOLD
2026-04-09,PHOENIXLTD,HOLD
2026-04-09,POLYCAB,HOLD
2026-04-09,SARDAEN,HOLD
2026-04-09,SIEMENS,HOLD
2026-04-09,TVSMOTOR,HOLD
2026-04-09,TORNTPOWER,HOLD
2026-04-09,UNIONBANK,HOLD
2026-04-10,ADANIPORTS,HOLD
2026-04-10,APOLLOHOSP,HOLD
2026-04-10,ASTERDM,HOLD
2026-04-10,BAJAJ-AUTO,HOLD
2026-04-10,BEL,HOLD
2026-04-10,EICHERMOT,REDUCE
2026-04-10,FINCABLES,HOLD
2026-04-10,GMRAIRPORT,HOLD
2026-04-10,JSWSTEEL,HOLD
2026-04-10,LT,HOLD
2026-04-10,THELEELA,HOLD
2026-04-10,MRPL,EXIT
2026-04-10,MARICO,HOLD
2026-04-10,SHRIRAMFIN,HOLD
2026-04-10,SUNPHARMA,EXIT
2026-04-13,KEI,HOLD
2026-04-13,SCI,HOLD
2026-04-13,ENRIN,EXIT
2026-04-15,AIAENG,HOLD
2026-04-15,ABCAPITAL,HOLD
2026-04-15,CGPOWER,HOLD
2026-04-15,ELGIEQUIP,HOLD
2026-04-15,MOTHERSON,HOLD
2026-04-16,AARTIIND,HOLD
2026-04-16,ABLBL,EXIT
2026-04-16,ALKEM,HOLD
2026-04-16,ATUL,HOLD
2026-04-16,CRAFTSMAN,HOLD
2026-04-16,GRAPHITE,HOLD
2026-04-16,INDUSTOWER,REDUCE
2026-04-16,MFSL,HOLD
2026-04-16,NESTLEIND,REDUCE
2026-04-16,SBILIFE,REDUCE
2026-04-17,BLUESTARCO,HOLD
2026-04-17,NETWEB,HOLD
2026-04-17,RRKABEL,HOLD
2026-04-20,APLAPOLLO,HOLD
2026-04-20,AJANTPHARM,REDUCE
2026-04-20,HFCL,HOLD
2026-04-20,INDUSTOWER,EXIT
2026-04-20,LTF,HOLD
2026-04-20,SCHAEFFLER,HOLD
2026-04-20,USHAMART,HOLD
2026-04-20,VOLTAS,HOLD
