date,symbol
2021-05-12,MAXHEALTH
2021-07-16,RELIANCE
2021-08-18,AXISBANK
2021-08-25,AXISBANK
2021-09-07,ADANIPORTS
2021-09-20,KOTAKBANK
2021-09-28,POWERGRID
2021-10-06,HDFCLIFE
2021-10-19,GRASIM
2021-10-27,SHRIRAMFIN
2021-11-09,ITC
2021-11-16,HCLTECH
2021-11-22,HDFCBANK
2021-11-22,BAJFINANCE
2021-11-25,ULTRACEMCO
2021-12-03,BEL
2021-12-13,ULTRACEMCO
2021-12-13,BAJFINANCE
2021-12-16,ULTRACEMCO
2021-12-16,TCS
2021-12-17,HDFCLIFE
2021-12-24,ULTRACEMCO
2022-01-18,EICHERMOT
2022-01-20,JSWSTEEL
2022-02-11,AXISBANK
2022-02-17,CIPLA
2022-02-21,HDFCBANK
2022-02-23,INFY
2022-02-23,BEL
2022-03-03,APOLLOHOSP
2022-03-04,INFY
2022-04-13,TATACONSUM
2022-04-19,BAJAJ-AUTO
2022-04-22,M&M
2022-04-29,BAJAJ-AUTO
2022-07-07,HINDUNILVR
2022-07-07,SHRIRAMFIN
2022-07-07,ICICIBANK
2022-07-07,NESTLEIND
2022-07-07,SBIN
2022-07-07,TRENT
2022-07-08,SBILIFE
2022-07-08,TATACONSUM
2022-07-11,DRREDDY
2022-07-13,CIPLA
2022-07-13,MAXHEALTH
2022-07-13,SUNPHARMA
2022-07-21,LT
2022-07-21,ADANIPORTS
2022-07-22,AXISBANK
2022-07-26,ASIANPAINT
2022-07-28,BAJFINANCE
2022-08-01,JSWSTEEL
2022-08-01,HDFCBANK
2022-08-01,TITAN
2022-08-11,BAJAJFINSV
2022-08-22,ASIANPAINT
2022-08-26,BAJFINANCE
2022-09-06,GRASIM
2022-09-16,BAJAJFINSV
2022-09-21,APOLLOHOSP
2022-09-26,HDFCBANK
2022-09-29,NESTLEIND
2022-10-07,TATACONSUM
2022-10-11,APOLLOHOSP
2022-11-02,HCLTECH
2023-01-04,HINDALCO
2023-01-10,RELIANCE
2023-01-24,TECHM
2023-02-09,BAJAJ-AUTO
2023-02-21,BAJAJ-AUTO
2023-02-24,INFY
2023-02-24,BHARTIARTL
2023-03-09,TRENT
2023-03-13,APOLLOHOSP
2023-03-20,SUNPHARMA
2023-04-05,TRENT
2023-04-05,TITAN
2023-04-05,TECHM
2023-04-05,ICICIBANK
2023-04-05,NESTLEIND
2023-04-05,SHRIRAMFIN
2023-04-05,GRASIM
2023-04-05,HINDUNILVR
2023-04-05,BEL
2023-04-05,AXISBANK
2023-04-10,BHARTIARTL
2023-04-11,KOTAKBANK
2023-04-11,JSWSTEEL
2023-04-13,APOLLOHOSP
2023-04-24,HDFCLIFE
2023-04-24,SBIN
2023-05-12,TITAN
2023-05-17,EICHERMOT
2023-05-17,BEL
2023-05-17,HDFCLIFE
2023-05-17,SBIN
2023-05-17,KOTAKBANK
2023-05-17,BAJFINANCE
2023-05-17,ASIANPAINT
2023-05-17,GRASIM
2023-05-17,TATACONSUM
2023-05-17,HINDUNILVR
2023-05-17,BHARTIARTL
2023-05-17,MARUTI
2023-05-17,LT
2023-05-17,DRREDDY
2023-05-17,HDFCBANK
2023-05-17,APOLLOHOSP
2023-05-17,HCLTECH
2023-05-26,EICHERMOT
2023-05-26,HDFCLIFE
2023-05-26,BAJFINANCE
2023-05-26,TATACONSUM
2023-05-26,ASIANPAINT
2023-05-26,MARUTI
2023-05-26,RELIANCE
2023-05-26,HINDUNILVR
2023-05-26,SBIN
2023-05-26,APOLLOHOSP
2023-05-26,GRASIM
2023-05-26,BHARTIARTL
2023-05-26,HCLTECH
2023-05-26,HDFCBANK
2023-05-26,LT
2023-05-26,NTPC
2023-06-19,ETERNAL
2023-06-22,SBILIFE
2023-06-30,SBILIFE
2023-06-30,BAJAJFINSV
2023-06-30,RELIANCE
2023-06-30,HINDUNILVR
2023-06-30,ICICIBANK
2023-06-30,HDFCBANK
2023-06-30,GRASIM
2023-06-30,COALINDIA
2023-06-30,ONGC
2023-07-03,BAJAJFINSV
2023-07-03,SBILIFE
2023-07-03,HINDUNILVR
2023-07-03,GRASIM
2023-07-03,ICICIBANK
2023-07-03,HDFCBANK
2023-07-03,ONGC
2023-07-03,COALINDIA
2023-07-04,BAJAJFINSV
2023-07-04,HINDUNILVR
2023-07-04,ICICIBANK
2023-07-04,GRASIM
2023-07-04,EICHERMOT
2023-07-04,HDFCBANK
2023-07-04,ONGC
2023-07-04,COALINDIA
2023-07-05,BAJAJFINSV
2023-07-05,HINDUNILVR
2023-07-05,ICICIBANK
2023-07-05,GRASIM
2023-07-05,ONGC
2023-07-05,HDFCBANK
2023-07-05,COALINDIA
2023-07-07,ETERNAL
2023-07-10,BAJAJFINSV
2023-07-10,TATASTEEL
2023-07-10,HINDUNILVR
2023-07-10,HCLTECH
2023-07-10,ICICIBANK
2023-07-10,GRASIM
2023-07-10,ONGC
2023-07-10,COALINDIA
2023-07-10,HDFCBANK
2023-07-11,BAJAJFINSV
2023-07-11,CIPLA
2023-07-11,HCLTECH
2023-07-11,ONGC
2023-07-11,ICICIBANK
2023-07-11,GRASIM
2023-07-11,COALINDIA
2023-07-11,HDFCBANK
2023-07-12,BAJAJFINSV
2023-07-12,CIPLA
2023-07-12,SUNPHARMA
2023-07-12,HCLTECH
2023-07-12,ICICIBANK
2023-07-12,GRASIM
2023-07-12,ONGC
2023-07-12,COALINDIA
2023-07-12,HDFCBANK
2023-07-17,INFY
2023-07-17,CIPLA
2023-07-17,HCLTECH
2023-07-17,TCS
2023-07-17,ICICIBANK
2023-07-17,HDFCBANK
2023-07-17,ONGC
2023-07-17,GRASIM
2023-07-17,POWERGRID
2023-07-17,COALINDIA
2023-07-24,CIPLA
2023-07-24,SBIN
2023-07-24,WIPRO
2023-07-24,ICICIBANK
2023-07-24,TCS
2023-07-24,GRASIM
2023-07-24,ONGC
2023-07-24,HCLTECH
2023-07-24,POWERGRID
2023-07-24,HDFCBANK
2023-07-24,HINDUNILVR
2023-07-24,COALINDIA
2023-07-26,CIPLA
2023-07-26,HINDALCO
2023-07-26,SBIN
2023-07-26,GRASIM
2023-07-26,ICICIBANK
2023-07-26,TCS
2023-07-26,POWERGRID
2023-07-26,WIPRO
2023-07-26,HCLTECH
2023-07-26,ONGC
2023-07-26,HDFCBANK
2023-07-26,HINDUNILVR
2023-07-26,COALINDIA
2023-07-28,CIPLA
2023-07-28,ADANIPORTS
2023-07-28,HINDALCO
2023-07-28,POWERGRID
2023-07-28,SBIN
2023-07-28,GRASIM
2023-07-28,TECHM
2023-07-28,TCS
2023-07-28,ICICIBANK
2023-07-28,WIPRO
2023-07-28,AXISBANK
2023-07-28,NESTLEIND
2023-07-28,ONGC
2023-07-28,HCLTECH
2023-07-28,HDFCBANK
2023-07-28,HINDUNILVR
2023-07-28,COALINDIA
2023-07-31,CIPLA
2023-07-31,HINDALCO
2023-07-31,SBIN
2023-07-31,GRASIM
2023-07-31,ONGC
2023-07-31,TCS
2023-07-31,TECHM
2023-07-31,WIPRO
2023-07-31,ICICIBANK
2023-07-31,NESTLEIND
2023-07-31,AXISBANK
2023-07-31,HCLTECH
2023-07-31,HDFCBANK
2023-07-31,COALINDIA
2023-08-01,CIPLA
2023-08-01,HINDALCO
2023-08-01,APOLLOHOSP
2023-08-01,SBIN
2023-08-01,GRASIM
2023-08-01,ONGC
2023-08-01,TECHM
2023-08-01,TCS
2023-08-01,NESTLEIND
2023-08-01,AXISBANK
2023-08-01,ICICIBANK
2023-08-01,MAXHEALTH
2023-08-01,WIPRO
2023-08-01,HCLTECH
2023-08-01,HDFCBANK
2023-08-01,COALINDIA
2023-08-02,HINDALCO
2023-08-02,APOLLOHOSP
2023-08-02,SBILIFE
2023-08-02,TECHM
2023-08-02,GRASIM
2023-08-02,NESTLEIND
2023-08-02,BAJFINANCE
2023-08-02,ONGC
2023-08-02,TCS
2023-08-02,SBIN
2023-08-02,ICICIBANK
2023-08-02,AXISBANK
2023-08-02,MAXHEALTH
2023-08-02,HCLTECH
2023-08-02,WIPRO
2023-08-02,HDFCBANK
2023-08-02,COALINDIA
2023-08-03,ETERNAL
2023-08-03,HINDALCO
2023-08-03,APOLLOHOSP
2023-08-03,ADANIPORTS
2023-08-03,INDIGO
2023-08-03,GRASIM
2023-08-03,ITC
2023-08-03,TITAN
2023-08-03,ULTRACEMCO
2023-08-03,TECHM
2023-08-03,SBILIFE
2023-08-03,BAJFINANCE
2023-08-03,NESTLEIND
2023-08-03,TCS
2023-08-03,ONGC
2023-08-03,SBIN
2023-08-03,ICICIBANK
2023-08-03,HCLTECH
2023-08-03,AXISBANK
2023-08-03,HDFCBANK
2023-08-03,WIPRO
2023-08-03,MAXHEALTH
2023-08-03,COALINDIA
2023-08-04,ETERNAL
2023-08-04,HINDALCO
2023-08-04,APOLLOHOSP
2023-08-04,INDIGO
2023-08-04,SBILIFE
2023-08-04,TITAN
2023-08-04,ULTRACEMCO
2023-08-04,GRASIM
2023-08-04,TATACONSUM
2023-08-04,TCS
2023-08-04,ITC
2023-08-04,BAJFINANCE
2023-08-04,NESTLEIND
2023-08-04,ONGC
2023-08-04,WIPRO
2023-08-04,AXISBANK
2023-08-04,HCLTECH
2023-08-04,ICICIBANK
2023-08-04,MARUTI
2023-08-04,HDFCBANK
2023-08-04,SBIN
2023-08-04,MAXHEALTH
2023-08-04,COALINDIA
2023-08-07,ETERNAL
2023-08-07,HINDALCO
2023-08-07,ADANIPORTS
2023-08-07,INDIGO
2023-08-07,APOLLOHOSP
2023-08-07,MAXHEALTH
2023-08-07,ULTRACEMCO
2023-08-07,TITAN
2023-08-07,TATACONSUM
2023-08-07,TCS
2023-08-07,ONGC
2023-08-07,ITC
2023-08-07,BAJAJ-AUTO
2023-08-07,NESTLEIND
2023-08-07,BAJFINANCE
2023-08-07,ICICIBANK
2023-08-07,WIPRO
2023-08-07,AXISBANK
2023-08-07,MARUTI
2023-08-07,HDFCBANK
2023-08-07,HCLTECH
2023-08-07,SBIN
2023-08-07,COALINDIA
2023-08-08,HINDALCO
2023-08-08,APOLLOHOSP
2023-08-08,TATACONSUM
2023-08-08,TCS
2023-08-08,POWERGRID
2023-08-08,ULTRACEMCO
2023-08-08,TITAN
2023-08-08,MAXHEALTH
2023-08-08,WIPRO
2023-08-08,BAJFINANCE
2023-08-08,BAJAJ-AUTO
2023-08-08,ICICIBANK
2023-08-08,MARUTI
2023-08-08,ITC
2023-08-08,AXISBANK
2023-08-08,NESTLEIND
2023-08-08,HCLTECH
2023-08-08,HDFCBANK
2023-08-08,SBIN
2023-08-08,COALINDIA
2023-08-09,ETERNAL
2023-08-09,HINDALCO
2023-08-09,ADANIPORTS
2023-08-09,APOLLOHOSP
2023-08-09,ASIANPAINT
2023-08-09,TITAN
2023-08-09,TCS
2023-08-09,BAJAJ-AUTO
2023-08-09,POWERGRID
2023-08-09,WIPRO
2023-08-09,ICICIBANK
2023-08-09,ULTRACEMCO
2023-08-09,NESTLEIND
2023-08-09,MAXHEALTH
2023-08-09,BAJFINANCE
2023-08-09,ITC
2023-08-09,MARUTI
2023-08-09,HCLTECH
2023-08-09,AXISBANK
2023-08-09,HDFCBANK
2023-08-09,SBIN
2023-08-09,COALINDIA
2023-08-10,ETERNAL
2023-08-10,HINDALCO
2023-08-10,APOLLOHOSP
2023-08-10,TITAN
2023-08-10,TCS
2023-08-10,POWERGRID
2023-08-10,BAJAJ-AUTO
2023-08-10,WIPRO
2023-08-10,ULTRACEMCO
2023-08-10,AXISBANK
2023-08-10,BAJFINANCE
2023-08-10,ICICIBANK
2023-08-10,ASIANPAINT
2023-08-10,HDFCBANK
2023-08-10,NESTLEIND
2023-08-10,ITC
2023-08-10,MARUTI
2023-08-10,HCLTECH
2023-08-10,SBIN
2023-08-10,MAXHEALTH
2023-08-10,COALINDIA
2023-08-11,ETERNAL
2023-08-11,HINDALCO
2023-08-11,ADANIPORTS
2023-08-11,POWERGRID
2023-08-11,TATACONSUM
2023-08-11,TCS
2023-08-11,ULTRACEMCO
2023-08-11,HCLTECH
2023-08-11,ICICIBANK
2023-08-11,BAJAJ-AUTO
2023-08-11,ITC
2023-08-11,AXISBANK
2023-08-11,COALINDIA
2023-08-11,APOLLOHOSP
2023-08-11,WIPRO
2023-08-11,MARUTI
2023-08-11,HDFCBANK
2023-08-11,BAJFINANCE
2023-08-11,NESTLEIND
2023-08-11,MAXHEALTH
2023-08-11,ASIANPAINT
2023-08-11,SBIN
2023-08-14,ETERNAL
2023-08-14,HINDALCO
2023-08-14,POWERGRID
2023-08-14,TATACONSUM
2023-08-14,TCS
2023-08-14,HCLTECH
2023-08-14,ICICIBANK
2023-08-14,ULTRACEMCO
2023-08-14,WIPRO
2023-08-14,BAJAJ-AUTO
2023-08-14,AXISBANK
2023-08-14,ITC
2023-08-14,COALINDIA
2023-08-14,BAJFINANCE
2023-08-14,ASIANPAINT
2023-08-14,NESTLEIND
2023-08-14,MARUTI
2023-08-14,APOLLOHOSP
2023-08-16,ETERNAL
2023-08-16,TCS
2023-08-16,TATACONSUM
2023-08-16,ULTRACEMCO
2023-08-16,HCLTECH
2023-08-16,WIPRO
2023-08-16,BHARTIARTL
2023-08-16,INDIGO
2023-08-16,ITC
2023-08-16,ICICIBANK
2023-08-16,COALINDIA
2023-08-16,BAJAJ-AUTO
2023-08-16,NESTLEIND
2023-08-16,ASIANPAINT
2023-08-16,APOLLOHOSP
2023-08-16,BAJFINANCE
2023-08-16,MARUTI
2023-08-16,AXISBANK
2023-08-17,ETERNAL
2023-08-17,ADANIPORTS
2023-08-17,TATACONSUM
2023-08-17,POWERGRID
2023-08-17,HCLTECH
2023-08-17,SBILIFE
2023-08-17,WIPRO
2023-08-17,BHARTIARTL
2023-08-17,INDIGO
2023-08-17,COALINDIA
2023-08-17,ICICIBANK
2023-08-17,ULTRACEMCO
2023-08-17,BAJAJ-AUTO
2023-08-17,NESTLEIND
2023-08-17,ASIANPAINT
2023-08-17,ITC
2023-08-17,APOLLOHOSP
2023-08-17,BAJFINANCE
2023-08-17,MARUTI
2023-08-17,AXISBANK
2023-08-18,ETERNAL
2023-08-18,SBILIFE
2023-08-18,POWERGRID
2023-08-18,TATACONSUM
2023-08-18,WIPRO
2023-08-18,ICICIBANK
2023-08-18,BHARTIARTL
2023-08-18,INDIGO
2023-08-18,ULTRACEMCO
2023-08-18,COALINDIA
2023-08-18,BAJAJ-AUTO
2023-08-18,ITC
2023-08-18,ASIANPAINT
2023-08-18,MARUTI
2023-08-18,NESTLEIND
2023-08-18,BAJFINANCE
2023-08-18,AXISBANK
2023-08-18,APOLLOHOSP
2023-08-21,ETERNAL
2023-08-21,HDFCLIFE
2023-08-21,TATACONSUM
2023-08-21,BHARTIARTL
2023-08-21,POWERGRID
2023-08-21,WIPRO
2023-08-21,SBILIFE
2023-08-21,ICICIBANK
2023-08-21,COALINDIA
2023-08-21,ULTRACEMCO
2023-08-21,ITC
2023-08-21,BAJFINANCE
2023-08-21,APOLLOHOSP
2023-08-21,INDIGO
2023-08-21,ASIANPAINT
2023-08-21,NESTLEIND
2023-08-21,AXISBANK
2023-08-21,BAJAJ-AUTO
2023-08-21,MARUTI
2023-08-22,ETERNAL
2023-08-22,ADANIENT
2023-08-22,HDFCLIFE
2023-08-22,TATACONSUM
2023-08-22,BHARTIARTL
2023-08-22,WIPRO
2023-08-22,SBILIFE
2023-08-22,ITC
2023-08-22,POWERGRID
2023-08-22,COALINDIA
2023-08-22,ICICIBANK
2023-08-22,ULTRACEMCO
2023-08-22,BAJFINANCE
2023-08-22,BAJAJ-AUTO
2023-08-22,INDIGO
2023-08-22,APOLLOHOSP
2023-08-22,ASIANPAINT
2023-08-22,NESTLEIND
2023-08-22,MARUTI
2023-08-22,AXISBANK
2023-08-23,ETERNAL
2023-08-23,HDFCLIFE
2023-08-23,TATACONSUM
2023-08-23,POWERGRID
2023-08-23,WIPRO
2023-08-23,SBILIFE
2023-08-23,BHARTIARTL
2023-08-23,ICICIBANK
2023-08-23,INDIGO
2023-08-23,ITC
2023-08-23,COALINDIA
2023-08-23,MARUTI
2023-08-23,BAJAJ-AUTO
2023-08-23,BAJFINANCE
2023-08-23,AXISBANK
2023-08-23,APOLLOHOSP
2023-08-23,ULTRACEMCO
2023-08-23,NESTLEIND
2023-08-23,ASIANPAINT
2023-08-24,ETERNAL
2023-08-24,INFY
2023-08-24,HDFCLIFE
2023-08-24,INDIGO
2023-08-24,BHARTIARTL
2023-08-24,JSWSTEEL
2023-08-24,WIPRO
2023-08-24,SBILIFE
2023-08-24,POWERGRID
2023-08-24,ICICIBANK
2023-08-24,TATACONSUM
2023-08-24,GRASIM
2023-08-24,COALINDIA
2023-08-24,MARUTI
2023-08-24,ITC
2023-08-24,BAJAJ-AUTO
2023-08-24,BAJFINANCE
2023-08-24,ULTRACEMCO
2023-08-24,AXISBANK
2023-08-24,APOLLOHOSP
2023-08-24,NESTLEIND
2023-08-24,ASIANPAINT
2023-08-25,ETERNAL
2023-08-25,INFY
2023-08-25,HDFCLIFE
2023-08-25,SBILIFE
2023-08-25,INDIGO
2023-08-25,ICICIBANK
2023-08-25,WIPRO
2023-08-25,BAJFINANCE
2023-08-25,COALINDIA
2023-08-25,MARUTI
2023-08-25,AXISBANK
2023-08-25,JSWSTEEL
2023-08-25,GRASIM
2023-08-25,POWERGRID
2023-08-25,BAJAJ-AUTO
2023-08-25,ITC
2023-08-25,ASIANPAINT
2023-08-25,NESTLEIND
2023-08-25,APOLLOHOSP
2023-08-25,ULTRACEMCO
2023-08-25,TATACONSUM
2023-08-28,ETERNAL
2023-08-28,INFY
2023-08-28,ADANIPORTS
2023-08-28,HDFCLIFE
2023-08-28,WIPRO
2023-08-28,RELIANCE
2023-08-28,SBILIFE
2023-08-28,INDIGO
2023-08-28,POWERGRID
2023-08-28,COALINDIA
2023-08-28,BAJFINANCE
2023-08-28,AXISBANK
2023-08-28,GRASIM
2023-08-28,HCLTECH
2023-08-28,MARUTI
2023-08-28,JSWSTEEL
2023-08-28,BAJAJ-AUTO
2023-08-28,ASIANPAINT
2023-08-28,ITC
2023-08-28,ULTRACEMCO
2023-08-28,TATACONSUM
2023-08-28,NESTLEIND
2023-08-28,APOLLOHOSP
2023-08-29,ETERNAL
2023-08-29,INFY
2023-08-29,HDFCLIFE
2023-08-29,POWERGRID
2023-08-29,BAJAJ-AUTO
2023-08-29,BHARTIARTL
2023-08-29,COALINDIA
2023-08-29,INDIGO
2023-08-29,RELIANCE
2023-08-29,GRASIM
2023-08-29,HCLTECH
2023-08-29,BAJFINANCE
2023-08-29,JSWSTEEL
2023-08-29,SBILIFE
2023-08-29,MARUTI
2023-08-29,AXISBANK
2023-08-29,ASIANPAINT
2023-08-29,ULTRACEMCO
2023-08-29,TATACONSUM
2023-08-29,ITC
2023-08-29,NESTLEIND
2023-08-29,APOLLOHOSP
2023-08-30,ETERNAL
2023-08-30,INFY
2023-08-30,BAJAJ-AUTO
2023-08-30,BHARTIARTL
2023-08-30,HCLTECH
2023-08-30,MARUTI
2023-08-30,POWERGRID
2023-08-30,GRASIM
2023-08-30,RELIANCE
2023-08-30,COALINDIA
2023-08-30,JSWSTEEL
2023-08-30,AXISBANK
2023-08-30,HDFCLIFE
2023-08-30,SBILIFE
2023-08-30,INDIGO
2023-08-30,ULTRACEMCO
2023-08-30,ASIANPAINT
2023-08-30,TATACONSUM
2023-08-30,BAJFINANCE
2023-08-30,ITC
2023-08-30,NESTLEIND
2023-08-30,APOLLOHOSP
2023-08-31,ETERNAL
2023-08-31,INFY
2023-08-31,ADANIPORTS
2023-08-31,TCS
2023-08-31,BHARTIARTL
2023-08-31,COALINDIA
2023-08-31,RELIANCE
2023-08-31,BAJAJ-AUTO
2023-08-31,GRASIM
2023-08-31,JSWSTEEL
2023-08-31,HCLTECH
2023-08-31,ULTRACEMCO
2023-08-31,POWERGRID
2023-08-31,HDFCLIFE
2023-08-31,AXISBANK
2023-08-31,INDIGO
2023-08-31,SBILIFE
2023-08-31,BAJFINANCE
2023-08-31,ASIANPAINT
2023-08-31,TATACONSUM
2023-08-31,ITC
2023-08-31,NESTLEIND
2023-08-31,APOLLOHOSP
2023-09-01,ETERNAL
2023-09-01,INFY
2023-09-01,TCS
2023-09-01,BHARTIARTL
2023-09-01,BAJAJ-AUTO
2023-09-01,AXISBANK
2023-09-01,GRASIM
2023-09-01,RELIANCE
2023-09-01,HCLTECH
2023-09-01,BAJFINANCE
2023-09-01,SBILIFE
2023-09-01,ULTRACEMCO
2023-09-01,HDFCLIFE
2023-09-01,POWERGRID
2023-09-01,INDIGO
2023-09-01,ITC
2023-09-01,ASIANPAINT
2023-09-01,TATACONSUM
2023-09-01,NESTLEIND
2023-09-01,APOLLOHOSP
2023-09-04,ETERNAL
2023-09-04,INFY
2023-09-04,ADANIPORTS
2023-09-04,TCS
2023-09-04,GRASIM
2023-09-04,ULTRACEMCO
2023-09-04,SBILIFE
2023-09-04,BAJFINANCE
2023-09-04,BAJAJ-AUTO
2023-09-04,RELIANCE
2023-09-04,BHARTIARTL
2023-09-04,POWERGRID
2023-09-04,AXISBANK
2023-09-04,TATACONSUM
2023-09-04,HDFCLIFE
2023-09-04,ASIANPAINT
2023-09-04,INDIGO
2023-09-04,ITC
2023-09-04,NESTLEIND
2023-09-04,APOLLOHOSP
2023-09-05,ETERNAL
2023-09-05,INFY
2023-09-05,TCS
2023-09-05,BAJFINANCE
2023-09-05,ULTRACEMCO
2023-09-05,BAJAJ-AUTO
2023-09-05,RELIANCE
2023-09-05,SBILIFE
2023-09-05,POWERGRID
2023-09-05,AXISBANK
2023-09-05,HDFCLIFE
2023-09-05,BHARTIARTL
2023-09-05,TATACONSUM
2023-09-05,ITC
2023-09-05,INDIGO
2023-09-05,APOLLOHOSP
2023-09-05,ASIANPAINT
2023-09-05,NESTLEIND
2023-09-06,ETERNAL
2023-09-06,INFY
2023-09-06,ADANIPORTS
2023-09-06,BAJFINANCE
2023-09-06,RELIANCE
2023-09-06,ULTRACEMCO
2023-09-06,BAJAJ-AUTO
2023-09-06,POWERGRID
2023-09-06,SBILIFE
2023-09-06,ICICIBANK
2023-09-06,BHARTIARTL
2023-09-06,HDFCLIFE
2023-09-06,TATACONSUM
2023-09-06,AXISBANK
2023-09-06,ITC
2023-09-06,APOLLOHOSP
2023-09-06,INDIGO
2023-09-06,ASIANPAINT
2023-09-06,NESTLEIND
2023-09-07,ETERNAL
2023-09-07,INFY
2023-09-07,RELIANCE
2023-09-07,BAJFINANCE
2023-09-07,BAJAJ-AUTO
2023-09-07,POWERGRID
2023-09-07,SBILIFE
2023-09-07,ICICIBANK
2023-09-07,ULTRACEMCO
2023-09-07,BHARTIARTL
2023-09-07,AXISBANK
2023-09-07,TATACONSUM
2023-09-07,ITC
2023-09-07,HDFCLIFE
2023-09-07,APOLLOHOSP
2023-09-07,ASIANPAINT
2023-09-07,NESTLEIND
2023-09-07,INDIGO
2023-09-08,ETERNAL
2023-09-08,INFY
2023-09-08,ADANIPORTS
2023-09-08,POWERGRID
2023-09-08,RELIANCE
2023-09-08,BAJFINANCE
2023-09-08,ICICIBANK
2023-09-08,BAJAJ-AUTO
2023-09-08,SBILIFE
2023-09-08,ULTRACEMCO
2023-09-08,BHARTIARTL
2023-09-08,HDFCLIFE
2023-09-08,AXISBANK
2023-09-08,TATACONSUM
2023-09-08,ITC
2023-09-08,APOLLOHOSP
2023-09-08,ASIANPAINT
2023-09-08,NESTLEIND
2023-09-08,INDIGO
2023-09-11,ETERNAL
2023-09-11,INFY
2023-09-11,ADANIENT
2023-09-11,POWERGRID
2023-09-11,ICICIBANK
2023-09-11,RELIANCE
2023-09-11,SBILIFE
2023-09-11,BAJFINANCE
2023-09-11,HDFCLIFE
2023-09-11,ULTRACEMCO
2023-09-11,BAJAJ-AUTO
2023-09-11,BHARTIARTL
2023-09-11,AXISBANK
2023-09-11,TATACONSUM
2023-09-11,APOLLOHOSP
2023-09-11,ITC
2023-09-11,ASIANPAINT
2023-09-11,NESTLEIND
2023-09-11,INDIGO
2023-09-12,INFY
2023-09-12,BAJAJ-AUTO
2023-09-12,POWERGRID
2023-09-12,SBILIFE
2023-09-12,AXISBANK
2023-09-12,BHARTIARTL
2023-09-12,ULTRACEMCO
2023-09-12,HDFCLIFE
2023-09-12,RELIANCE
2023-09-12,BAJFINANCE
2023-09-12,TATACONSUM
2023-09-12,NESTLEIND
2023-09-12,APOLLOHOSP
2023-09-12,ITC
2023-09-12,ASIANPAINT
2023-09-12,INDIGO
2023-09-13,INFY
2023-09-13,POWERGRID
2023-09-13,AXISBANK
2023-09-13,SBILIFE
2023-09-13,BAJAJ-AUTO
2023-09-13,TATACONSUM
2023-09-13,ULTRACEMCO
2023-09-13,RELIANCE
2023-09-13,HDFCLIFE
2023-09-13,APOLLOHOSP
2023-09-13,NESTLEIND
2023-09-13,ASIANPAINT
2023-09-13,ITC
2023-09-13,BAJFINANCE
2023-09-13,INDIGO
2023-09-14,INFY
2023-09-14,AXISBANK
2023-09-14,POWERGRID
2023-09-14,SBILIFE
2023-09-14,TATACONSUM
2023-09-14,ULTRACEMCO
2023-09-14,RELIANCE
2023-09-14,APOLLOHOSP
2023-09-14,BAJAJ-AUTO
2023-09-14,NESTLEIND
2023-09-14,ASIANPAINT
2023-09-14,HDFCLIFE
2023-09-14,BAJFINANCE
2023-09-14,ITC
2023-09-14,INDIGO
2023-09-15,INFY
2023-09-15,EICHERMOT
2023-09-15,AXISBANK
2023-09-15,BAJAJ-AUTO
2023-09-15,ULTRACEMCO
2023-09-15,TATACONSUM
2023-09-15,RELIANCE
2023-09-15,POWERGRID
2023-09-15,NESTLEIND
2023-09-15,HDFCLIFE
2023-09-15,APOLLOHOSP
2023-09-15,BAJFINANCE
2023-09-15,ITC
2023-09-15,ASIANPAINT
2023-09-15,INDIGO
2023-09-18,ETERNAL
2023-09-18,TATACONSUM
2023-09-18,AXISBANK
2023-09-18,ULTRACEMCO
2023-09-18,RELIANCE
2023-09-18,HDFCLIFE
2023-09-18,NESTLEIND
2023-09-18,BAJFINANCE
2023-09-18,APOLLOHOSP
2023-09-18,ITC
2023-09-18,ASIANPAINT
2023-09-18,INDIGO
2023-09-20,ETERNAL
2023-09-20,TATACONSUM
2023-09-20,ULTRACEMCO
2023-09-20,NESTLEIND
2023-09-20,BAJFINANCE
2023-09-20,JSWSTEEL
2023-09-20,APOLLOHOSP
2023-09-20,ITC
2023-09-20,HDFCLIFE
2023-09-20,ASIANPAINT
2023-09-20,RELIANCE
2023-09-20,INDIGO
2023-09-21,ADANIPORTS
2023-09-21,TATACONSUM
2023-09-21,ICICIBANK
2023-09-21,BAJFINANCE
2023-09-21,ULTRACEMCO
2023-09-21,NESTLEIND
2023-09-21,JSWSTEEL
2023-09-21,HDFCLIFE
2023-09-21,APOLLOHOSP
2023-09-21,ASIANPAINT
2023-09-21,ITC
2023-09-21,RELIANCE
2023-09-21,INDIGO
2023-09-22,ICICIBANK
2023-09-22,BAJFINANCE
2023-09-22,ULTRACEMCO
2023-09-22,NESTLEIND
2023-09-22,HDFCLIFE
2023-09-22,ASIANPAINT
2023-09-22,JSWSTEEL
2023-09-22,APOLLOHOSP
2023-09-22,ITC
2023-09-22,RELIANCE
2023-09-22,INDIGO
2023-09-25,ICICIBANK
2023-09-25,ULTRACEMCO
2023-09-25,NESTLEIND
2023-09-25,APOLLOHOSP
2023-09-25,SBILIFE
2023-09-25,ASIANPAINT
2023-09-25,JSWSTEEL
2023-09-25,HDFCLIFE
2023-09-25,ITC
2023-09-25,RELIANCE
2023-09-25,INDIGO
2023-09-26,ETERNAL
2023-09-26,WIPRO
2023-09-26,ULTRACEMCO
2023-09-26,ICICIBANK
2023-09-26,NESTLEIND
2023-09-26,APOLLOHOSP
2023-09-26,SBILIFE
2023-09-26,JSWSTEEL
2023-09-26,HDFCLIFE
2023-09-26,ASIANPAINT
2023-09-26,ITC
2023-09-26,RELIANCE
2023-09-26,INDIGO
2023-09-27,ETERNAL
2023-09-27,ULTRACEMCO
2023-09-27,WIPRO
2023-09-27,NESTLEIND
2023-09-27,SBILIFE
2023-09-27,ICICIBANK
2023-09-27,APOLLOHOSP
2023-09-27,JSWSTEEL
2023-09-27,HDFCLIFE
2023-09-27,ASIANPAINT
2023-09-27,ITC
2023-09-27,RELIANCE
2023-09-27,INDIGO
2023-09-28,ULTRACEMCO
2023-09-28,NESTLEIND
2023-09-28,SBILIFE
2023-09-28,ICICIBANK
2023-09-28,APOLLOHOSP
2023-09-28,WIPRO
2023-09-28,JSWSTEEL
2023-09-28,HDFCLIFE
2023-09-28,ITC
2023-09-28,ASIANPAINT
2023-09-28,RELIANCE
2023-09-28,INDIGO
2023-09-29,ETERNAL
2023-09-29,SBILIFE
2023-09-29,ULTRACEMCO
2023-09-29,APOLLOHOSP
2023-09-29,ICICIBANK
2023-09-29,JSWSTEEL
2023-09-29,NESTLEIND
2023-09-29,WIPRO
2023-09-29,HDFCLIFE
2023-09-29,ITC
2023-09-29,ASIANPAINT
2023-09-29,RELIANCE
2023-09-29,INDIGO
2023-10-03,ETERNAL
2023-10-03,TECHM
2023-10-03,M&M
2023-10-03,APOLLOHOSP
2023-10-03,SBILIFE
2023-10-03,WIPRO
2023-10-03,NESTLEIND
2023-10-03,JSWSTEEL
2023-10-03,HDFCLIFE
2023-10-03,ICICIBANK
2023-10-03,ASIANPAINT
2023-10-03,ITC
2023-10-03,RELIANCE
2023-10-03,INDIGO
2023-10-04,ETERNAL
2023-10-04,SHRIRAMFIN
2023-10-04,TECHM
2023-10-04,ULTRACEMCO
2023-10-04,WIPRO
2023-10-04,NESTLEIND
2023-10-04,M&M
2023-10-04,SBILIFE
2023-10-04,APOLLOHOSP
2023-10-04,HDFCLIFE
2023-10-04,JSWSTEEL
2023-10-04,ICICIBANK
2023-10-04,RELIANCE
2023-10-04,ASIANPAINT
2023-10-04,INDIGO
2023-10-04,ITC
2023-10-05,ETERNAL
2023-10-05,TECHM
2023-10-05,SHRIRAMFIN
2023-10-05,WIPRO
2023-10-05,NESTLEIND
2023-10-05,DRREDDY
2023-10-05,ULTRACEMCO
2023-10-05,M&M
2023-10-05,APOLLOHOSP
2023-10-05,JSWSTEEL
2023-10-05,SBILIFE
2023-10-05,ICICIBANK
2023-10-05,HDFCLIFE
2023-10-05,RELIANCE
2023-10-05,INDIGO
2023-10-05,ITC
2023-10-05,ASIANPAINT
2023-10-06,TECHM
2023-10-06,WIPRO
2023-10-06,SHRIRAMFIN
2023-10-06,NESTLEIND
2023-10-06,DRREDDY
2023-10-06,M&M
2023-10-06,SBILIFE
2023-10-06,INDIGO
2023-10-06,ULTRACEMCO
2023-10-06,APOLLOHOSP
2023-10-06,HDFCLIFE
2023-10-06,ICICIBANK
2023-10-06,ITC
2023-10-06,JSWSTEEL
2023-10-06,ASIANPAINT
2023-10-06,RELIANCE
2023-10-09,ETERNAL
2023-10-09,TECHM
2023-10-09,WIPRO
2023-10-09,NESTLEIND
2023-10-09,DRREDDY
2023-10-09,SHRIRAMFIN
2023-10-09,SBILIFE
2023-10-09,M&M
2023-10-09,APOLLOHOSP
2023-10-09,ULTRACEMCO
2023-10-09,INDIGO
2023-10-09,ICICIBANK
2023-10-09,JSWSTEEL
2023-10-09,ASIANPAINT
2023-10-09,HDFCLIFE
2023-10-09,ITC
2023-10-10,M&M
2023-10-10,WIPRO
2023-10-10,SBILIFE
2023-10-10,SUNPHARMA
2023-10-10,DRREDDY
2023-10-10,CIPLA
2023-10-10,INDIGO
2023-10-10,ULTRACEMCO
2023-10-10,APOLLOHOSP
2023-10-10,JSWSTEEL
2023-10-10,ICICIBANK
2023-10-10,ITC
2023-10-10,HDFCLIFE
2023-10-10,ASIANPAINT
2023-10-11,ETERNAL
2023-10-11,BAJAJFINSV
2023-10-11,SBILIFE
2023-10-11,ULTRACEMCO
2023-10-11,DRREDDY
2023-10-11,CIPLA
2023-10-11,SUNPHARMA
2023-10-11,INDIGO
2023-10-11,JSWSTEEL
2023-10-11,ICICIBANK
2023-10-11,ITC
2023-10-11,APOLLOHOSP
2023-10-11,HDFCLIFE
2023-10-11,ASIANPAINT
2023-10-12,ULTRACEMCO
2023-10-12,INDIGO
2023-10-12,SUNPHARMA
2023-10-12,CIPLA
2023-10-12,DRREDDY
2023-10-12,ITC
2023-10-12,APOLLOHOSP
2023-10-12,HDFCLIFE
2023-10-12,ICICIBANK
2023-10-12,JSWSTEEL
2023-10-12,ASIANPAINT
2023-10-13,MAXHEALTH
2023-10-13,INDIGO
2023-10-13,ULTRACEMCO
2023-10-13,WIPRO
2023-10-13,SUNPHARMA
2023-10-13,APOLLOHOSP
2023-10-13,CIPLA
2023-10-13,HDFCLIFE
2023-10-13,ITC
2023-10-13,ICICIBANK
2023-10-13,DRREDDY
2023-10-13,JSWSTEEL
2023-10-13,ASIANPAINT
2023-10-16,SHRIRAMFIN
2023-10-16,WIPRO
2023-10-16,INDIGO
2023-10-16,MAXHEALTH
2023-10-16,APOLLOHOSP
2023-10-16,ULTRACEMCO
2023-10-16,SUNPHARMA
2023-10-16,CIPLA
2023-10-16,JSWSTEEL
2023-10-16,HDFCLIFE
2023-10-16,ITC
2023-10-16,ICICIBANK
2023-10-16,DRREDDY
2023-10-16,ASIANPAINT
2023-10-17,ETERNAL
2023-10-17,ADANIPORTS
2023-10-17,SHRIRAMFIN
2023-10-17,MAXHEALTH
2023-10-17,WIPRO
2023-10-17,ULTRACEMCO
2023-10-17,HDFCLIFE
2023-10-17,APOLLOHOSP
2023-10-17,CIPLA
2023-10-17,ICICIBANK
2023-10-17,SUNPHARMA
2023-10-17,ITC
2023-10-17,JSWSTEEL
2023-10-17,DRREDDY
2023-10-17,ASIANPAINT
2023-10-18,ETERNAL
2023-10-18,ADANIPORTS
2023-10-18,SHRIRAMFIN
2023-10-18,ULTRACEMCO
2023-10-18,TCS
2023-10-18,SUNPHARMA
2023-10-18,TECHM
2023-10-18,DRREDDY
2023-10-18,HDFCLIFE
2023-10-18,APOLLOHOSP
2023-10-18,CIPLA
2023-10-18,WIPRO
2023-10-18,ITC
2023-10-18,ICICIBANK
2023-10-18,JSWSTEEL
2023-10-18,ASIANPAINT
2023-10-19,ETERNAL
2023-10-19,SHRIRAMFIN
2023-10-19,ADANIPORTS
2023-10-19,DRREDDY
2023-10-19,CIPLA
2023-10-19,APOLLOHOSP
2023-10-19,TCS
2023-10-19,TECHM
2023-10-19,ITC
2023-10-19,HDFCLIFE
2023-10-19,SUNPHARMA
2023-10-19,ICICIBANK
2023-10-19,JSWSTEEL
2023-10-19,ASIANPAINT
2023-10-20,ETERNAL
2023-10-20,ADANIPORTS
2023-10-20,TCS
2023-10-20,SHRIRAMFIN
2023-10-20,SUNPHARMA
2023-10-20,APOLLOHOSP
2023-10-20,HDFCLIFE
2023-10-20,DRREDDY
2023-10-20,TECHM
2023-10-20,ITC
2023-10-20,JSWSTEEL
2023-10-20,ICICIBANK
2023-10-20,INDIGO
2023-10-20,CIPLA
2023-10-20,ASIANPAINT
2023-10-23,ETERNAL
2023-10-23,SHRIRAMFIN
2023-10-23,APOLLOHOSP
2023-10-23,TCS
2023-10-23,HINDALCO
2023-10-23,ADANIPORTS
2023-10-23,SUNPHARMA
2023-10-23,HDFCLIFE
2023-10-23,ICICIBANK
2023-10-23,ITC
2023-10-23,DRREDDY
2023-10-23,TECHM
2023-10-23,CIPLA
2023-10-23,INDIGO
2023-10-23,ASIANPAINT
2023-10-23,JSWSTEEL
2023-10-25,ETERNAL
2023-10-25,HINDALCO
2023-10-25,APOLLOHOSP
2023-10-25,TCS
2023-10-25,SBILIFE
2023-10-25,SHRIRAMFIN
2023-10-25,SUNPHARMA
2023-10-25,HDFCLIFE
2023-10-25,ADANIPORTS
2023-10-25,ITC
2023-10-25,INDIGO
2023-10-25,ICICIBANK
2023-10-25,DRREDDY
2023-10-25,TECHM
2023-10-25,CIPLA
2023-10-25,JSWSTEEL
2023-10-26,ETERNAL
2023-10-26,SBILIFE
2023-10-26,SHRIRAMFIN
2023-10-26,HINDALCO
2023-10-26,BEL
2023-10-26,SUNPHARMA
2023-10-26,M&M
2023-10-26,APOLLOHOSP
2023-10-26,TCS
2023-10-26,ITC
2023-10-26,ADANIPORTS
2023-10-26,INDIGO
2023-10-26,HDFCLIFE
2023-10-26,DRREDDY
2023-10-26,CIPLA
2023-10-26,TECHM
2023-10-27,ETERNAL
2023-10-27,BEL
2023-10-27,HINDALCO
2023-10-27,SBILIFE
2023-10-27,APOLLOHOSP
2023-10-27,ADANIPORTS
2023-10-27,SUNPHARMA
2023-10-27,M&M
2023-10-27,TCS
2023-10-27,INDIGO
2023-10-27,ITC
2023-10-27,HDFCLIFE
2023-10-27,CIPLA
2023-10-27,DRREDDY
2023-10-27,TECHM
2023-10-30,ETERNAL
2023-10-30,HINDALCO
2023-10-30,ADANIPORTS
2023-10-30,BEL
2023-10-30,APOLLOHOSP
2023-10-30,TCS
2023-10-30,SUNPHARMA
2023-10-30,HDFCLIFE
2023-10-30,CIPLA
2023-10-30,ITC
2023-10-30,M&M
2023-10-30,TECHM
2023-10-30,DRREDDY
2023-10-31,ETERNAL
2023-10-31,BEL
2023-10-31,HINDALCO
2023-10-31,INDIGO
2023-10-31,APOLLOHOSP
2023-10-31,HDFCLIFE
2023-10-31,TCS
2023-10-31,ITC
2023-10-31,ADANIPORTS
2023-10-31,CIPLA
2023-10-31,SUNPHARMA
2023-10-31,M&M
2023-10-31,TECHM
2023-10-31,DRREDDY
2023-11-01,ETERNAL
2023-11-01,HINDALCO
2023-11-01,BEL
2023-11-01,TCS
2023-11-01,HDFCLIFE
2023-11-01,APOLLOHOSP
2023-11-01,INDIGO
2023-11-01,SUNPHARMA
2023-11-01,CIPLA
2023-11-01,ITC
2023-11-01,M&M
2023-11-01,TECHM
2023-11-01,ADANIPORTS
2023-11-01,DRREDDY
2023-11-02,ETERNAL
2023-11-02,BEL
2023-11-02,SUNPHARMA
2023-11-02,APOLLOHOSP
2023-11-02,HDFCLIFE
2023-11-02,TCS
2023-11-02,CIPLA
2023-11-02,ITC
2023-11-02,M&M
2023-11-02,TECHM
2023-11-02,DRREDDY
2023-11-02,ADANIPORTS
2023-11-03,ETERNAL
2023-11-03,EICHERMOT
2023-11-03,BEL
2023-11-03,SUNPHARMA
2023-11-03,TATASTEEL
2023-11-03,TCS
2023-11-03,CIPLA
2023-11-03,HDFCLIFE
2023-11-03,ITC
2023-11-03,M&M
2023-11-03,TECHM
2023-11-03,ADANIPORTS
2023-11-03,DRREDDY
2023-11-06,ETERNAL
2023-11-06,TATASTEEL
2023-11-06,TCS
2023-11-06,HDFCLIFE
2023-11-06,CIPLA
2023-11-06,ADANIPORTS
2023-11-06,ITC
2023-11-06,M&M
2023-11-06,TECHM
2023-11-06,DRREDDY
2023-11-07,ETERNAL
2023-11-07,TATASTEEL
2023-11-07,TCS
2023-11-07,CIPLA
2023-11-07,HDFCLIFE
2023-11-07,ADANIPORTS
2023-11-07,TECHM
2023-11-07,ITC
2023-11-07,M&M
2023-11-07,DRREDDY
2023-11-08,ETERNAL
2023-11-08,TATASTEEL
2023-11-08,ADANIPORTS
2023-11-08,TCS
2023-11-08,ITC
2023-11-08,HDFCLIFE
2023-11-08,M&M
2023-11-08,TECHM
2023-11-08,DRREDDY
2023-11-09,ETERNAL
2023-11-09,TATASTEEL
2023-11-09,M&M
2023-11-09,ADANIPORTS
2023-11-09,TCS
2023-11-09,HDFCLIFE
2023-11-09,ITC
2023-11-09,TECHM
2023-11-09,DRREDDY
2023-11-10,ETERNAL
2023-11-10,TATASTEEL
2023-11-10,ITC
2023-11-10,TCS
2023-11-10,HDFCLIFE
2023-11-10,ADANIPORTS
2023-11-10,M&M
2023-11-10,TECHM
2023-11-10,DRREDDY
2023-11-13,ETERNAL
2023-11-13,SBIN
2023-11-13,BAJFINANCE
2023-11-13,TATASTEEL
2023-11-13,ADANIPORTS
2023-11-13,ITC
2023-11-13,HDFCLIFE
2023-11-13,M&M
2023-11-13,DRREDDY
2023-11-13,TECHM
2023-11-15,ETERNAL
2023-11-15,ADANIPORTS
2023-11-15,TATASTEEL
2023-11-15,BAJFINANCE
2023-11-15,ITC
2023-11-15,TECHM
2023-11-15,HDFCLIFE
2023-11-15,M&M
2023-11-15,DRREDDY
2023-11-16,ETERNAL
2023-11-16,TCS
2023-11-16,ADANIPORTS
2023-11-16,BAJFINANCE
2023-11-16,ITC
2023-11-16,DRREDDY
2023-11-16,TECHM
2023-11-16,HDFCLIFE
2023-11-16,M&M
2023-11-16,TATASTEEL
2023-11-17,ETERNAL
2023-11-17,HDFCLIFE
2023-11-17,AXISBANK
2023-11-17,ADANIPORTS
2023-11-17,M&M
2023-11-17,ITC
2023-11-17,BAJFINANCE
2023-11-17,DRREDDY
2023-11-17,TECHM
2023-11-17,TATASTEEL
2023-11-20,ETERNAL
2023-11-20,HDFCLIFE
2023-11-20,AXISBANK
2023-11-20,DRREDDY
2023-11-20,ADANIPORTS
2023-11-20,M&M
2023-11-20,ITC
2023-11-20,TECHM
2023-11-20,BAJFINANCE
2023-11-20,TATASTEEL
2023-11-21,ETERNAL
2023-11-21,AXISBANK
2023-11-21,DRREDDY
2023-11-21,ADANIPORTS
2023-11-21,M&M
2023-11-21,ITC
2023-11-21,TECHM
2023-11-21,TATASTEEL
2023-11-21,BAJFINANCE
2023-11-22,ETERNAL
2023-11-22,AXISBANK
2023-11-22,DRREDDY
2023-11-22,ITC
2023-11-22,M&M
2023-11-22,ADANIPORTS
2023-11-22,TATASTEEL
2023-11-22,BAJFINANCE
2023-11-22,TECHM
2023-11-23,ETERNAL
2023-11-23,AXISBANK
2023-11-23,ITC
2023-11-23,M&M
2023-11-23,TATASTEEL
2023-11-23,TECHM
2023-11-23,ADANIPORTS
2023-11-23,BAJFINANCE
2023-11-23,CIPLA
2023-11-24,ETERNAL
2023-11-24,TCS
2023-11-24,M&M
2023-11-24,ITC
2023-11-24,CIPLA
2023-11-24,TATASTEEL
2023-11-24,TECHM
2023-11-24,BAJFINANCE
2023-11-24,ADANIPORTS
2023-11-28,ETERNAL
2023-11-28,M&M
2023-11-28,TATASTEEL
2023-11-28,ADANIPORTS
2023-11-28,TCS
2023-11-28,ITC
2023-11-28,CIPLA
2023-11-28,TECHM
2023-11-28,BAJFINANCE
2023-11-29,ETERNAL
2023-11-29,TCS
2023-11-29,TATASTEEL
2023-11-29,ADANIPORTS
2023-11-29,TECHM
2023-11-29,CIPLA
2023-11-29,ITC
2023-11-29,BAJFINANCE
2023-11-30,ETERNAL
2023-11-30,HINDUNILVR
2023-11-30,CIPLA
2023-11-30,TCS
2023-11-30,ADANIPORTS
2023-11-30,TATASTEEL
2023-11-30,ITC
2023-11-30,TECHM
2023-11-30,BAJFINANCE
2023-12-01,ETERNAL
2023-12-01,HINDUNILVR
2023-12-01,ITC
2023-12-01,TATASTEEL
2023-12-01,ADANIPORTS
2023-12-01,TCS
2023-12-01,CIPLA
2023-12-01,BAJFINANCE
2023-12-01,TECHM
2023-12-04,ETERNAL
2023-12-04,HINDUNILVR
2023-12-04,ITC
2023-12-04,TATASTEEL
2023-12-04,BAJFINANCE
2023-12-04,CIPLA
2023-12-04,TCS
2023-12-04,TECHM
2023-12-05,ADANIENT
2023-12-05,ETERNAL
2023-12-05,HINDUNILVR
2023-12-05,TATASTEEL
2023-12-05,ITC
2023-12-05,CIPLA
2023-12-05,TCS
2023-12-05,BAJFINANCE
2023-12-05,TECHM
2023-12-06,ETERNAL
2023-12-06,HINDUNILVR
2023-12-06,ITC
2023-12-06,TATASTEEL
2023-12-06,TCS
2023-12-06,CIPLA
2023-12-06,BAJFINANCE
2023-12-06,TECHM
2023-12-07,ETERNAL
2023-12-07,ADANIENT
2023-12-07,ITC
2023-12-07,CIPLA
2023-12-07,TATASTEEL
2023-12-07,TCS
2023-12-07,BAJFINANCE
2023-12-07,TECHM
2023-12-08,ETERNAL
2023-12-08,CIPLA
2023-12-08,TCS
2023-12-08,ITC
2023-12-08,TATASTEEL
2023-12-08,TECHM
2023-12-08,BAJFINANCE
2023-12-11,ETERNAL
2023-12-11,ADANIENT
2023-12-11,CIPLA
2023-12-11,ITC
2023-12-11,TCS
2023-12-11,TATASTEEL
2023-12-11,DRREDDY
2023-12-11,TECHM
2023-12-11,BAJFINANCE
2023-12-12,ETERNAL
2023-12-12,JSWSTEEL
2023-12-12,TCS
2023-12-12,CIPLA
2023-12-12,TATASTEEL
2023-12-12,ITC
2023-12-12,DRREDDY
2023-12-12,MARUTI
2023-12-12,TECHM
2023-12-12,BAJFINANCE
2023-12-13,ETERNAL
2023-12-13,ADANIENT
2023-12-13,CIPLA
2023-12-13,TATASTEEL
2023-12-13,ITC
2023-12-13,DRREDDY
2023-12-13,TCS
2023-12-13,TECHM
2023-12-13,MARUTI
2023-12-13,BAJFINANCE
2023-12-14,ETERNAL
2023-12-14,TECHM
2023-12-14,TCS
2023-12-14,ITC
2023-12-14,TATASTEEL
2023-12-14,CIPLA
2023-12-14,DRREDDY
2023-12-14,MARUTI
2023-12-14,BAJFINANCE
2023-12-15,ADANIENT
2023-12-15,ETERNAL
2023-12-15,INFY
2023-12-15,TCS
2023-12-15,TECHM
2023-12-15,TATASTEEL
2023-12-15,ITC
2023-12-15,DRREDDY
2023-12-15,CIPLA
2023-12-15,MARUTI
2023-12-15,BAJFINANCE
2023-12-18,ETERNAL
2023-12-18,INFY
2023-12-18,TCS
2023-12-18,TATASTEEL
2023-12-18,TECHM
2023-12-18,CIPLA
2023-12-18,ITC
2023-12-18,DRREDDY
2023-12-18,MARUTI
2023-12-18,BAJFINANCE
2023-12-19,ETERNAL
2023-12-19,ADANIENT
2023-12-19,TATASTEEL
2023-12-19,INFY
2023-12-19,TECHM
2023-12-19,TCS
2023-12-19,CIPLA
2023-12-19,ITC
2023-12-19,DRREDDY
2023-12-19,MARUTI
2023-12-19,BAJFINANCE
2023-12-20,ETERNAL
2023-12-20,RELIANCE
2023-12-20,CIPLA
2023-12-20,INFY
2023-12-20,TCS
2023-12-20,TECHM
2023-12-20,TATASTEEL
2023-12-20,DRREDDY
2023-12-20,HDFCLIFE
2023-12-20,ITC
2023-12-20,MARUTI
2023-12-20,BAJFINANCE
2023-12-21,ETERNAL
2023-12-21,ADANIENT
2023-12-21,HDFCBANK
2023-12-21,TATASTEEL
2023-12-21,INFY
2023-12-21,CIPLA
2023-12-21,HDFCLIFE
2023-12-21,TCS
2023-12-21,TECHM
2023-12-21,ITC
2023-12-21,DRREDDY
2023-12-21,MARUTI
2023-12-21,BAJFINANCE
2023-12-22,ETERNAL
2023-12-22,WIPRO
2023-12-22,HDFCBANK
2023-12-22,CIPLA
2023-12-22,TATASTEEL
2023-12-22,INFY
2023-12-22,TCS
2023-12-22,TECHM
2023-12-22,HDFCLIFE
2023-12-22,DRREDDY
2023-12-22,ITC
2023-12-22,MARUTI
2023-12-22,BAJFINANCE
2023-12-26,ADANIENT
2023-12-26,ETERNAL
2023-12-26,HDFCBANK
2023-12-26,TATASTEEL
2023-12-26,CIPLA
2023-12-26,TCS
2023-12-26,TECHM
2023-12-26,INFY
2023-12-26,HDFCLIFE
2023-12-26,ITC
2023-12-26,DRREDDY
2023-12-26,MARUTI
2023-12-26,BAJFINANCE
2023-12-27,ETERNAL
2023-12-27,HDFCBANK
2023-12-27,TATASTEEL
2023-12-27,INFY
2023-12-27,TECHM
2023-12-27,TCS
2023-12-27,CIPLA
2023-12-27,DRREDDY
2023-12-27,HDFCLIFE
2023-12-27,ITC
2023-12-27,MARUTI
2023-12-27,BAJFINANCE
2023-12-28,ADANIENT
2023-12-28,SBIN
2023-12-28,HDFCBANK
2023-12-28,ETERNAL
2023-12-28,INFY
2023-12-28,TATASTEEL
2023-12-28,TECHM
2023-12-28,CIPLA
2023-12-28,DRREDDY
2023-12-28,TCS
2023-12-28,HDFCLIFE
2023-12-28,ITC
2023-12-28,MARUTI
2023-12-28,BAJFINANCE
2023-12-29,HDFCBANK
2023-12-29,SBIN
2023-12-29,ETERNAL
2023-12-29,TATASTEEL
2023-12-29,INFY
2023-12-29,TECHM
2023-12-29,TCS
2023-12-29,CIPLA
2023-12-29,DRREDDY
2023-12-29,ITC
2023-12-29,HDFCLIFE
2023-12-29,MARUTI
2023-12-29,BAJFINANCE
2024-01-02,ADANIENT
2024-01-02,ETERNAL
2024-01-02,SBIN
2024-01-02,HDFCBANK
2024-01-02,TATASTEEL
2024-01-02,CIPLA
2024-01-02,TCS
2024-01-02,TECHM
2024-01-02,INFY
2024-01-02,DRREDDY
2024-01-02,ITC
2024-01-02,HDFCLIFE
2024-01-02,MARUTI
2024-01-02,BAJFINANCE
2024-01-03,ETERNAL
2024-01-03,HDFCBANK
2024-01-03,CIPLA
2024-01-03,TATASTEEL
2024-01-03,TCS
2024-01-03,TECHM
2024-01-03,ITC
2024-01-03,INFY
2024-01-03,DRREDDY
2024-01-03,HDFCLIFE
2024-01-03,BAJFINANCE
2024-01-03,MARUTI
2024-01-04,ADANIENT
2024-01-04,ETERNAL
2024-01-04,HDFCBANK
2024-01-04,TECHM
2024-01-04,INFY
2024-01-04,TATASTEEL
2024-01-04,TCS
2024-01-04,CIPLA
2024-01-04,ITC
2024-01-04,DRREDDY
2024-01-04,HDFCLIFE
2024-01-04,BAJFINANCE
2024-01-04,MARUTI
2024-01-05,ETERNAL
2024-01-05,HDFCBANK
2024-01-05,INFY
2024-01-05,TATASTEEL
2024-01-05,ITC
2024-01-05,TECHM
2024-01-05,CIPLA
2024-01-05,TCS
2024-01-05,DRREDDY
2024-01-05,HDFCLIFE
2024-01-05,BAJFINANCE
2024-01-05,MARUTI
2024-01-08,ADANIENT
2024-01-08,ETERNAL
2024-01-08,HDFCBANK
2024-01-08,TATASTEEL
2024-01-08,INFY
2024-01-08,TCS
2024-01-08,TECHM
2024-01-08,CIPLA
2024-01-08,ITC
2024-01-08,DRREDDY
2024-01-08,HDFCLIFE
2024-01-08,BAJFINANCE
2024-01-08,MARUTI
2024-01-09,ETERNAL
2024-01-09,INFY
2024-01-09,CIPLA
2024-01-09,HDFCBANK
2024-01-09,TATASTEEL
2024-01-09,TECHM
2024-01-09,TCS
2024-01-09,ITC
2024-01-09,DRREDDY
2024-01-09,HDFCLIFE
2024-01-09,BAJFINANCE
2024-01-09,MARUTI
2024-01-10,ADANIENT
2024-01-10,ETERNAL
2024-01-10,CIPLA
2024-01-10,HDFCBANK
2024-01-10,TECHM
2024-01-10,TATASTEEL
2024-01-10,INFY
2024-01-10,TCS
2024-01-10,DRREDDY
2024-01-10,ITC
2024-01-10,HDFCLIFE
2024-01-10,BAJFINANCE
2024-01-10,MARUTI
2024-01-11,ETERNAL
2024-01-11,CIPLA
2024-01-11,TECHM
2024-01-11,TATASTEEL
2024-01-11,HDFCBANK
2024-01-11,TCS
2024-01-11,INFY
2024-01-11,ITC
2024-01-11,HDFCLIFE
2024-01-11,DRREDDY
2024-01-11,BAJFINANCE
2024-01-11,MARUTI
2024-01-12,ADANIENT
2024-01-12,ETERNAL
2024-01-12,TECHM
2024-01-12,INFY
2024-01-12,TCS
2024-01-12,TATASTEEL
2024-01-12,HDFCBANK
2024-01-12,CIPLA
2024-01-12,ITC
2024-01-12,DRREDDY
2024-01-12,BAJAJFINSV
2024-01-12,HDFCLIFE
2024-01-12,BAJFINANCE
2024-01-12,MARUTI
2024-01-15,ETERNAL
2024-01-15,EICHERMOT
2024-01-15,TCS
2024-01-15,TATASTEEL
2024-01-15,HDFCBANK
2024-01-15,CIPLA
2024-01-15,ITC
2024-01-15,DRREDDY
2024-01-15,BAJAJFINSV
2024-01-15,BAJFINANCE
2024-01-15,MARUTI
2024-01-16,ADANIENT
2024-01-16,ETERNAL
2024-01-16,TATASTEEL
2024-01-16,TCS
2024-01-16,EICHERMOT
2024-01-16,HDFCBANK
2024-01-16,ITC
2024-01-16,CIPLA
2024-01-16,DRREDDY
2024-01-16,SBILIFE
2024-01-16,BAJAJFINSV
2024-01-16,BAJFINANCE
2024-01-16,MARUTI
2024-01-17,EICHERMOT
2024-01-17,TATASTEEL
2024-01-17,JSWSTEEL
2024-01-17,M&M
2024-01-17,ITC
2024-01-17,CIPLA
2024-01-17,DRREDDY
2024-01-17,SBILIFE
2024-01-17,BAJAJFINSV
2024-01-17,BAJFINANCE
2024-01-17,MARUTI
2024-01-18,ADANIENT
2024-01-18,TATASTEEL
2024-01-18,M&M
2024-01-18,CIPLA
2024-01-18,JSWSTEEL
2024-01-18,EICHERMOT
2024-01-18,ITC
2024-01-18,DRREDDY
2024-01-18,SBILIFE
2024-01-18,NESTLEIND
2024-01-18,BAJAJFINSV
2024-01-18,BAJFINANCE
2024-01-18,MARUTI
2024-01-19,TATASTEEL
2024-01-19,M&M
2024-01-19,CIPLA
2024-01-19,ETERNAL
2024-01-19,JSWSTEEL
2024-01-19,ITC
2024-01-19,SBILIFE
2024-01-19,DRREDDY
2024-01-19,EICHERMOT
2024-01-19,NESTLEIND
2024-01-19,BAJAJFINSV
2024-01-19,MARUTI
2024-01-19,BAJFINANCE
2024-01-23,ADANIENT
2024-01-23,HINDALCO
2024-01-23,TATASTEEL
2024-01-23,M&M
2024-01-23,ETERNAL
2024-01-23,ITC
2024-01-23,JSWSTEEL
2024-01-23,DRREDDY
2024-01-23,SBIN
2024-01-23,EICHERMOT
2024-01-23,SBILIFE
2024-01-23,NESTLEIND
2024-01-23,BAJAJFINSV
2024-01-23,MARUTI
2024-01-24,M&M
2024-01-24,ETERNAL
2024-01-24,DRREDDY
2024-01-24,JSWSTEEL
2024-01-24,SBIN
2024-01-24,ITC
2024-01-24,SBILIFE
2024-01-24,AXISBANK
2024-01-24,NESTLEIND
2024-01-24,BAJAJFINSV
2024-01-24,EICHERMOT
2024-01-24,MARUTI
2024-01-25,ADANIENT
2024-01-25,ETERNAL
2024-01-25,JSWSTEEL
2024-01-25,DRREDDY
2024-01-25,SBIN
2024-01-25,M&M
2024-01-25,ITC
2024-01-25,BAJAJFINSV
2024-01-25,NESTLEIND
2024-01-25,SBILIFE
2024-01-25,EICHERMOT
2024-01-25,AXISBANK
2024-01-25,MARUTI
2024-01-29,ETERNAL
2024-01-29,DRREDDY
2024-01-29,M&M
2024-01-29,JSWSTEEL
2024-01-29,SBIN
2024-01-29,SBILIFE
2024-01-29,EICHERMOT
2024-01-29,NESTLEIND
2024-01-29,AXISBANK
2024-01-29,ITC
2024-01-29,BAJAJFINSV
2024-01-29,MARUTI
2024-01-30,ADANIENT
2024-01-30,ETERNAL
2024-01-30,SBIN
2024-01-30,DRREDDY
2024-01-30,JSWSTEEL
2024-01-30,SBILIFE
2024-01-30,M&M
2024-01-30,NESTLEIND
2024-01-30,AXISBANK
2024-01-30,EICHERMOT
2024-01-30,BAJAJFINSV
2024-01-30,MARUTI
2024-01-31,ETERNAL
2024-01-31,DRREDDY
2024-01-31,SBIN
2024-01-31,M&M
2024-01-31,JSWSTEEL
2024-01-31,NESTLEIND
2024-01-31,SBILIFE
2024-01-31,BAJAJFINSV
2024-01-31,AXISBANK
2024-01-31,EICHERMOT
2024-01-31,MARUTI
2024-02-01,ETERNAL
2024-02-01,LT
2024-02-01,SBIN
2024-02-01,DRREDDY
2024-02-01,AXISBANK
2024-02-01,SBILIFE
2024-02-01,M&M
2024-02-01,JSWSTEEL
2024-02-01,EICHERMOT
2024-02-01,NESTLEIND
2024-02-01,MARUTI
2024-02-01,BAJAJFINSV
2024-02-02,ETERNAL
2024-02-02,LT
2024-02-02,TITAN
2024-02-02,DRREDDY
2024-02-02,AXISBANK
2024-02-02,JSWSTEEL
2024-02-02,M&M
2024-02-02,BAJAJFINSV
2024-02-02,NESTLEIND
2024-02-02,SBILIFE
2024-02-02,MARUTI
2024-02-02,EICHERMOT
2024-02-05,ETERNAL
2024-02-05,M&M
2024-02-05,DRREDDY
2024-02-05,LT
2024-02-05,AXISBANK
2024-02-05,JSWSTEEL
2024-02-05,TITAN
2024-02-05,SBILIFE
2024-02-05,NESTLEIND
2024-02-05,BAJAJFINSV
2024-02-05,EICHERMOT
2024-02-05,MARUTI
2024-02-06,ETERNAL
2024-02-06,LT
2024-02-06,M&M
2024-02-06,DRREDDY
2024-02-06,AXISBANK
2024-02-06,JSWSTEEL
2024-02-06,GRASIM
2024-02-06,TITAN
2024-02-06,MARUTI
2024-02-06,SBILIFE
2024-02-06,EICHERMOT
2024-02-06,NESTLEIND
2024-02-06,BAJAJFINSV
2024-02-07,ETERNAL
2024-02-07,M&M
2024-02-07,LT
2024-02-07,DRREDDY
2024-02-07,JSWSTEEL
2024-02-07,GRASIM
2024-02-07,AXISBANK
2024-02-07,TITAN
2024-02-07,MARUTI
2024-02-07,SBILIFE
2024-02-07,NESTLEIND
2024-02-07,EICHERMOT
2024-02-07,BAJAJFINSV
2024-02-08,ETERNAL
2024-02-08,LT
2024-02-08,DRREDDY
2024-02-08,M&M
2024-02-08,JSWSTEEL
2024-02-08,GRASIM
2024-02-08,TITAN
2024-02-08,AXISBANK
2024-02-08,SBILIFE
2024-02-08,MARUTI
2024-02-08,NESTLEIND
2024-02-08,EICHERMOT
2024-02-08,BAJAJFINSV
2024-02-09,ETERNAL
2024-02-09,GRASIM
2024-02-09,DRREDDY
2024-02-09,LT
2024-02-09,M&M
2024-02-09,TITAN
2024-02-09,AXISBANK
2024-02-09,JSWSTEEL
2024-02-09,SBILIFE
2024-02-09,MARUTI
2024-02-09,NESTLEIND
2024-02-09,EICHERMOT
2024-02-09,BAJAJFINSV
2024-02-12,ETERNAL
2024-02-12,GRASIM
2024-02-12,LT
2024-02-12,M&M
2024-02-12,TITAN
2024-02-12,JSWSTEEL
2024-02-12,AXISBANK
2024-02-12,SBILIFE
2024-02-12,MARUTI
2024-02-12,NESTLEIND
2024-02-12,EICHERMOT
2024-02-13,ETERNAL
2024-02-13,LT
2024-02-13,SBILIFE
2024-02-13,TITAN
2024-02-13,GRASIM
2024-02-13,JSWSTEEL
2024-02-13,NESTLEIND
2024-02-13,MARUTI
2024-02-13,M&M
2024-02-13,EICHERMOT
2024-02-13,AXISBANK
2024-02-14,ETERNAL
2024-02-14,ULTRACEMCO
2024-02-14,LT
2024-02-14,GRASIM
2024-02-14,MARUTI
2024-02-14,TITAN
2024-02-14,NESTLEIND
2024-02-14,AXISBANK
2024-02-14,JSWSTEEL
2024-02-14,SBILIFE
2024-02-14,M&M
2024-02-14,EICHERMOT
2024-02-15,ETERNAL
2024-02-15,ULTRACEMCO
2024-02-15,M&M
2024-02-15,MARUTI
2024-02-15,GRASIM
2024-02-15,TITAN
2024-02-15,LT
2024-02-15,SBILIFE
2024-02-15,NESTLEIND
2024-02-15,EICHERMOT
2024-02-15,JSWSTEEL
2024-02-15,AXISBANK
2024-02-16,ETERNAL
2024-02-16,MARUTI
2024-02-16,ULTRACEMCO
2024-02-16,TITAN
2024-02-16,SBILIFE
2024-02-16,GRASIM
2024-02-16,NESTLEIND
2024-02-16,LT
2024-02-16,JSWSTEEL
2024-02-16,AXISBANK
2024-02-16,EICHERMOT
2024-02-20,ETERNAL
2024-02-20,ULTRACEMCO
2024-02-20,MARUTI
2024-02-20,GRASIM
2024-02-20,TITAN
2024-02-20,SBILIFE
2024-02-20,NESTLEIND
2024-02-20,LT
2024-02-20,JSWSTEEL
2024-02-20,AXISBANK
2024-02-20,EICHERMOT
2024-02-21,ETERNAL
2024-02-21,GRASIM
2024-02-21,SBILIFE
2024-02-21,TITAN
2024-02-21,NESTLEIND
2024-02-21,JSWSTEEL
2024-02-21,LT
2024-02-21,AXISBANK
2024-02-21,EICHERMOT
2024-02-22,ETERNAL
2024-02-22,ULTRACEMCO
2024-02-22,GRASIM
2024-02-22,SBILIFE
2024-02-22,NESTLEIND
2024-02-22,TITAN
2024-02-22,JSWSTEEL
2024-02-22,LT
2024-02-22,AXISBANK
2024-02-22,EICHERMOT
2024-02-23,ETERNAL
2024-02-23,GRASIM
2024-02-23,ULTRACEMCO
2024-02-23,SBILIFE
2024-02-23,NESTLEIND
2024-02-23,TITAN
2024-02-23,LT
2024-02-23,JSWSTEEL
2024-02-23,AXISBANK
2024-02-23,EICHERMOT
2024-02-26,ETERNAL
2024-02-26,SBILIFE
2024-02-26,GRASIM
2024-02-26,TECHM
2024-02-26,NESTLEIND
2024-02-26,ULTRACEMCO
2024-02-26,LT
2024-02-26,TITAN
2024-02-26,EICHERMOT
2024-02-26,AXISBANK
2024-02-26,JSWSTEEL
2024-02-27,ETERNAL
2024-02-27,GRASIM
2024-02-27,TECHM
2024-02-27,LT
2024-02-27,NESTLEIND
2024-02-27,SBILIFE
2024-02-27,TITAN
2024-02-27,EICHERMOT
2024-02-27,ULTRACEMCO
2024-02-27,JSWSTEEL
2024-02-27,AXISBANK
2024-02-28,ETERNAL
2024-02-28,TECHM
2024-02-28,GRASIM
2024-02-28,SBILIFE
2024-02-28,NESTLEIND
2024-02-28,LT
2024-02-28,ULTRACEMCO
2024-02-28,TITAN
2024-02-28,AXISBANK
2024-02-28,EICHERMOT
2024-02-28,JSWSTEEL
2024-02-29,ETERNAL
2024-02-29,SBILIFE
2024-02-29,NESTLEIND
2024-02-29,GRASIM
2024-02-29,LT
2024-02-29,TITAN
2024-02-29,TECHM
2024-02-29,ULTRACEMCO
2024-02-29,AXISBANK
2024-02-29,JSWSTEEL
2024-02-29,EICHERMOT
2024-03-01,ETERNAL
2024-03-01,SBILIFE
2024-03-01,TITAN
2024-03-01,LT
2024-03-01,ULTRACEMCO
2024-03-01,AXISBANK
2024-03-01,TECHM
2024-03-01,JSWSTEEL
2024-03-01,EICHERMOT
2024-03-04,ETERNAL
2024-03-04,ICICIBANK
2024-03-04,SBILIFE
2024-03-04,LT
2024-03-04,TITAN
2024-03-04,ULTRACEMCO
2024-03-04,AXISBANK
2024-03-04,TECHM
2024-03-04,JSWSTEEL
2024-03-04,EICHERMOT
2024-03-05,ETERNAL
2024-03-05,SBILIFE
2024-03-05,TITAN
2024-03-05,LT
2024-03-05,INFY
2024-03-05,TECHM
2024-03-05,AXISBANK
2024-03-05,ULTRACEMCO
2024-03-05,JSWSTEEL
2024-03-05,EICHERMOT
2024-03-06,ETERNAL
2024-03-06,SBILIFE
2024-03-06,TITAN
2024-03-06,LT
2024-03-06,INFY
2024-03-06,TECHM
2024-03-06,AXISBANK
2024-03-06,NESTLEIND
2024-03-06,ULTRACEMCO
2024-03-06,EICHERMOT
2024-03-06,JSWSTEEL
2024-03-07,ETERNAL
2024-03-07,SBILIFE
2024-03-07,LT
2024-03-07,TITAN
2024-03-07,INFY
2024-03-07,TECHM
2024-03-07,NESTLEIND
2024-03-07,AXISBANK
2024-03-07,JSWSTEEL
2024-03-07,ULTRACEMCO
2024-03-07,EICHERMOT
2024-03-11,ETERNAL
2024-03-11,LT
2024-03-11,TITAN
2024-03-11,NESTLEIND
2024-03-11,INFY
2024-03-11,AXISBANK
2024-03-11,TECHM
2024-03-11,ULTRACEMCO
2024-03-11,JSWSTEEL
2024-03-11,EICHERMOT
2024-03-12,ETERNAL
2024-03-12,INFY
2024-03-12,LT
2024-03-12,TITAN
2024-03-12,NESTLEIND
2024-03-12,TECHM
2024-03-12,AXISBANK
2024-03-12,ULTRACEMCO
2024-03-12,JSWSTEEL
2024-03-12,EICHERMOT
2024-03-13,ETERNAL
2024-03-13,INFY
2024-03-13,NESTLEIND
2024-03-13,LT
2024-03-13,TECHM
2024-03-13,TITAN
2024-03-13,AXISBANK
2024-03-13,ULTRACEMCO
2024-03-13,EICHERMOT
2024-03-13,JSWSTEEL
2024-03-14,ETERNAL
2024-03-14,LT
2024-03-14,TECHM
2024-03-14,NESTLEIND
2024-03-14,TITAN
2024-03-14,AXISBANK
2024-03-14,ULTRACEMCO
2024-03-14,EICHERMOT
2024-03-15,ETERNAL
2024-03-15,TECHM
2024-03-15,LT
2024-03-15,TITAN
2024-03-15,NESTLEIND
2024-03-15,AXISBANK
2024-03-15,ULTRACEMCO
2024-03-15,EICHERMOT
2024-03-18,ETERNAL
2024-03-18,TECHM
2024-03-18,AXISBANK
2024-03-18,TITAN
2024-03-18,NESTLEIND
2024-03-18,EICHERMOT
2024-03-18,ULTRACEMCO
2024-03-19,ETERNAL
2024-03-19,TECHM
2024-03-19,TITAN
2024-03-19,AXISBANK
2024-03-19,EICHERMOT
2024-03-19,NESTLEIND
2024-03-19,ULTRACEMCO
2024-03-20,ETERNAL
2024-03-20,TECHM
2024-03-20,EICHERMOT
2024-03-20,NTPC
2024-03-20,TATACONSUM
2024-03-20,TITAN
2024-03-20,ULTRACEMCO
2024-03-20,NESTLEIND
2024-03-20,AXISBANK
2024-03-21,ETERNAL
2024-03-21,NTPC
2024-03-21,TECHM
2024-03-21,INFY
2024-03-21,EICHERMOT
2024-03-21,TATACONSUM
2024-03-21,TITAN
2024-03-21,NESTLEIND
2024-03-21,ULTRACEMCO
2024-03-21,AXISBANK
2024-03-22,ETERNAL
2024-03-22,NTPC
2024-03-22,TECHM
2024-03-22,EICHERMOT
2024-03-22,TATACONSUM
2024-03-22,TITAN
2024-03-22,INFY
2024-03-22,NESTLEIND
2024-03-22,ULTRACEMCO
2024-03-22,AXISBANK
2024-03-26,ETERNAL
2024-03-26,TECHM
2024-03-26,EICHERMOT
2024-03-26,TITAN
2024-03-26,TATACONSUM
2024-03-26,NESTLEIND
2024-03-26,INFY
2024-03-26,ULTRACEMCO
2024-03-26,AXISBANK
2024-03-27,ETERNAL
2024-03-27,MAXHEALTH
2024-03-27,EICHERMOT
2024-03-27,TITAN
2024-03-27,TECHM
2024-03-27,ADANIENT
2024-03-27,NESTLEIND
2024-03-27,ULTRACEMCO
2024-03-27,TATACONSUM
2024-03-27,INFY
2024-03-27,AXISBANK
2024-03-28,ETERNAL
2024-03-28,EICHERMOT
2024-03-28,NESTLEIND
2024-03-28,TITAN
2024-03-28,INFY
2024-03-28,TECHM
2024-03-28,ULTRACEMCO
2024-03-28,TATACONSUM
2024-03-28,AXISBANK
2024-04-01,ETERNAL
2024-04-01,JSWSTEEL
2024-04-01,EICHERMOT
2024-04-01,HCLTECH
2024-04-01,NESTLEIND
2024-04-01,TCS
2024-04-01,ULTRACEMCO
2024-04-01,TITAN
2024-04-01,TECHM
2024-04-01,AXISBANK
2024-04-01,TATACONSUM
2024-04-01,INFY
2024-04-02,ETERNAL
2024-04-02,NESTLEIND
2024-04-02,SBILIFE
2024-04-02,EICHERMOT
2024-04-02,ULTRACEMCO
2024-04-02,TCS
2024-04-02,TITAN
2024-04-02,TATACONSUM
2024-04-02,WIPRO
2024-04-02,HCLTECH
2024-04-02,AXISBANK
2024-04-02,TECHM
2024-04-02,INFY
2024-04-03,ETERNAL
2024-04-03,SBILIFE
2024-04-03,EICHERMOT
2024-04-03,TCS
2024-04-03,NESTLEIND
2024-04-03,ULTRACEMCO
2024-04-03,WIPRO
2024-04-03,HCLTECH
2024-04-03,TATACONSUM
2024-04-03,TITAN
2024-04-03,TECHM
2024-04-03,AXISBANK
2024-04-03,INFY
2024-04-04,ETERNAL
2024-04-04,TCS
2024-04-04,SBILIFE
2024-04-04,ULTRACEMCO
2024-04-04,WIPRO
2024-04-04,NESTLEIND
2024-04-04,TITAN
2024-04-04,HCLTECH
2024-04-04,AXISBANK
2024-04-04,TATACONSUM
2024-04-04,TECHM
2024-04-04,INFY
2024-04-05,SBILIFE
2024-04-05,TCS
2024-04-05,NESTLEIND
2024-04-05,WIPRO
2024-04-05,TITAN
2024-04-05,HCLTECH
2024-04-05,ULTRACEMCO
2024-04-05,TATACONSUM
2024-04-05,AXISBANK
2024-04-05,TECHM
2024-04-05,INFY
2024-04-08,ETERNAL
2024-04-08,SBILIFE
2024-04-08,APOLLOHOSP
2024-04-08,TCS
2024-04-08,NESTLEIND
2024-04-08,WIPRO
2024-04-08,TITAN
2024-04-08,HCLTECH
2024-04-08,TATACONSUM
2024-04-08,ULTRACEMCO
2024-04-08,AXISBANK
2024-04-08,TECHM
2024-04-08,INFY
2024-04-09,ETERNAL
2024-04-09,HINDALCO
2024-04-09,APOLLOHOSP
2024-04-09,TCS
2024-04-09,NESTLEIND
2024-04-09,WIPRO
2024-04-09,HCLTECH
2024-04-09,ULTRACEMCO
2024-04-09,AXISBANK
2024-04-09,TITAN
2024-04-09,TATACONSUM
2024-04-09,TECHM
2024-04-09,INFY
2024-04-10,ETERNAL
2024-04-10,HINDALCO
2024-04-10,APOLLOHOSP
2024-04-10,DRREDDY
2024-04-10,TCS
2024-04-10,AXISBANK
2024-04-10,NESTLEIND
2024-04-10,CIPLA
2024-04-10,WIPRO
2024-04-10,TATACONSUM
2024-04-10,TITAN
2024-04-10,ULTRACEMCO
2024-04-10,HCLTECH
2024-04-10,TECHM
2024-04-10,INFY
2024-04-12,ETERNAL
2024-04-12,HINDALCO
2024-04-12,TCS
2024-04-12,APOLLOHOSP
2024-04-12,DRREDDY
2024-04-12,AXISBANK
2024-04-12,NESTLEIND
2024-04-12,CIPLA
2024-04-12,TATACONSUM
2024-04-12,WIPRO
2024-04-12,HCLTECH
2024-04-12,ULTRACEMCO
2024-04-12,TITAN
2024-04-12,TECHM
2024-04-12,INFY
2024-04-15,ETERNAL
2024-04-15,TCS
2024-04-15,SBILIFE
2024-04-15,CIPLA
2024-04-15,DRREDDY
2024-04-15,ADANIENT
2024-04-15,NESTLEIND
2024-04-15,AXISBANK
2024-04-15,APOLLOHOSP
2024-04-15,TATACONSUM
2024-04-15,HCLTECH
2024-04-15,TITAN
2024-04-15,ULTRACEMCO
2024-04-16,ETERNAL
2024-04-16,SBILIFE
2024-04-16,CIPLA
2024-04-16,DRREDDY
2024-04-16,NESTLEIND
2024-04-16,TCS
2024-04-16,TATACONSUM
2024-04-16,ADANIENT
2024-04-16,APOLLOHOSP
2024-04-16,AXISBANK
2024-04-16,SHRIRAMFIN
2024-04-16,TITAN
2024-04-16,LT
2024-04-16,ULTRACEMCO
2024-04-16,HCLTECH
2024-04-18,ETERNAL
2024-04-18,SBILIFE
2024-04-18,LT
2024-04-18,TATACONSUM
2024-04-18,TCS
2024-04-18,CIPLA
2024-04-18,MAXHEALTH
2024-04-18,NESTLEIND
2024-04-18,DRREDDY
2024-04-18,SHRIRAMFIN
2024-04-18,ADANIENT
2024-04-18,APOLLOHOSP
2024-04-18,TITAN
2024-04-18,HCLTECH
2024-04-18,ULTRACEMCO
2024-04-19,ETERNAL
2024-04-19,LT
2024-04-19,SBILIFE
2024-04-19,TATACONSUM
2024-04-19,TCS
2024-04-19,DRREDDY
2024-04-19,SHRIRAMFIN
2024-04-19,NESTLEIND
2024-04-19,TITAN
2024-04-19,APOLLOHOSP
2024-04-19,CIPLA
2024-04-19,MAXHEALTH
2024-04-19,ADANIENT
2024-04-19,ULTRACEMCO
2024-04-19,HCLTECH
2024-04-22,ETERNAL
2024-04-22,BAJFINANCE
2024-04-22,SBILIFE
2024-04-22,SHRIRAMFIN
2024-04-22,TATACONSUM
2024-04-22,DRREDDY
2024-04-22,TITAN
2024-04-22,NESTLEIND
2024-04-22,APOLLOHOSP
2024-04-22,TCS
2024-04-22,CIPLA
2024-04-22,ADANIENT
2024-04-22,ULTRACEMCO
2024-04-22,HCLTECH
2024-04-23,ETERNAL
2024-04-23,BAJFINANCE
2024-04-23,SBILIFE
2024-04-23,SHRIRAMFIN
2024-04-23,TITAN
2024-04-23,SUNPHARMA
2024-04-23,TATACONSUM
2024-04-23,NESTLEIND
2024-04-23,RELIANCE
2024-04-23,COALINDIA
2024-04-23,APOLLOHOSP
2024-04-23,DRREDDY
2024-04-23,TCS
2024-04-23,ADANIENT
2024-04-23,ULTRACEMCO
2024-04-23,HCLTECH
2024-04-23,CIPLA
2024-04-24,ETERNAL
2024-04-24,BAJFINANCE
2024-04-24,SHRIRAMFIN
2024-04-24,NESTLEIND
2024-04-24,RELIANCE
2024-04-24,APOLLOHOSP
2024-04-24,TITAN
2024-04-24,SUNPHARMA
2024-04-24,COALINDIA
2024-04-24,SBILIFE
2024-04-24,CIPLA
2024-04-24,DRREDDY
2024-04-24,ULTRACEMCO
2024-04-24,TATACONSUM
2024-04-24,ADANIENT
2024-04-24,TCS
2024-04-24,HCLTECH
2024-04-25,ETERNAL
2024-04-25,BAJFINANCE
2024-04-25,AXISBANK
2024-04-25,APOLLOHOSP
2024-04-25,SHRIRAMFIN
2024-04-25,NESTLEIND
2024-04-25,SUNPHARMA
2024-04-25,RELIANCE
2024-04-25,COALINDIA
2024-04-25,DRREDDY
2024-04-25,TITAN
2024-04-25,SBILIFE
2024-04-25,CIPLA
2024-04-25,ADANIENT
2024-04-25,TATACONSUM
2024-04-25,ULTRACEMCO
2024-04-25,TCS
2024-04-25,HCLTECH
2024-04-26,ETERNAL
2024-04-26,ITC
2024-04-26,NESTLEIND
2024-04-26,DRREDDY
2024-04-26,SUNPHARMA
2024-04-26,TITAN
2024-04-26,APOLLOHOSP
2024-04-26,COALINDIA
2024-04-26,RELIANCE
2024-04-26,CIPLA
2024-04-26,ADANIENT
2024-04-26,SBILIFE
2024-04-26,ULTRACEMCO
2024-04-26,TATACONSUM
2024-04-26,TCS
2024-04-26,HCLTECH
2024-04-29,ETERNAL
2024-04-29,ITC
2024-04-29,NESTLEIND
2024-04-29,DRREDDY
2024-04-29,COALINDIA
2024-04-29,TITAN
2024-04-29,RELIANCE
2024-04-29,ULTRACEMCO
2024-04-29,SUNPHARMA
2024-04-29,SBILIFE
2024-04-29,CIPLA
2024-04-29,TATACONSUM
2024-04-29,ADANIENT
2024-04-29,TCS
2024-04-29,APOLLOHOSP
2024-04-30,ETERNAL
2024-04-30,COALINDIA
2024-04-30,NESTLEIND
2024-04-30,RELIANCE
2024-04-30,SBILIFE
2024-04-30,TITAN
2024-04-30,ULTRACEMCO
2024-04-30,TATACONSUM
2024-04-30,DRREDDY
2024-04-30,SUNPHARMA
2024-04-30,CIPLA
2024-04-30,ADANIENT
2024-04-30,TCS
2024-04-30,APOLLOHOSP
2024-05-02,ETERNAL
2024-05-02,ITC
2024-05-02,NESTLEIND
2024-05-02,COALINDIA
2024-05-02,ULTRACEMCO
2024-05-02,TITAN
2024-05-02,RELIANCE
2024-05-02,SBILIFE
2024-05-02,DRREDDY
2024-05-02,SUNPHARMA
2024-05-02,CIPLA
2024-05-02,TATACONSUM
2024-05-02,ADANIENT
2024-05-02,TCS
2024-05-02,APOLLOHOSP
2024-05-03,ETERNAL
2024-05-03,COALINDIA
2024-05-03,DRREDDY
2024-05-03,ULTRACEMCO
2024-05-03,CIPLA
2024-05-03,SBILIFE
2024-05-03,SUNPHARMA
2024-05-03,NESTLEIND
2024-05-03,TITAN
2024-05-03,RELIANCE
2024-05-03,TATACONSUM
2024-05-03,TCS
2024-05-03,ADANIENT
2024-05-03,APOLLOHOSP
2024-05-06,ETERNAL
2024-05-06,ADANIPORTS
2024-05-06,SUNPHARMA
2024-05-06,DRREDDY
2024-05-06,NESTLEIND
2024-05-06,CIPLA
2024-05-06,ULTRACEMCO
2024-05-06,SBILIFE
2024-05-06,COALINDIA
2024-05-06,TATACONSUM
2024-05-06,RELIANCE
2024-05-06,TCS
2024-05-06,APOLLOHOSP
2024-05-06,ADANIENT
2024-05-07,ETERNAL
2024-05-07,ITC
2024-05-07,BAJAJFINSV
2024-05-07,LT
2024-05-07,NESTLEIND
2024-05-07,SUNPHARMA
2024-05-07,DRREDDY
2024-05-07,ADANIPORTS
2024-05-07,ULTRACEMCO
2024-05-07,TCS
2024-05-07,SBILIFE
2024-05-07,CIPLA
2024-05-07,COALINDIA
2024-05-07,RELIANCE
2024-05-07,TATACONSUM
2024-05-07,APOLLOHOSP
2024-05-07,ADANIENT
2024-05-08,ETERNAL
2024-05-08,ITC
2024-05-08,LT
2024-05-08,BAJAJFINSV
2024-05-08,NESTLEIND
2024-05-08,SUNPHARMA
2024-05-08,TCS
2024-05-08,ADANIPORTS
2024-05-08,TATACONSUM
2024-05-08,RELIANCE
2024-05-08,ULTRACEMCO
2024-05-08,CIPLA
2024-05-08,DRREDDY
2024-05-08,SBILIFE
2024-05-08,ADANIENT
2024-05-08,APOLLOHOSP
2024-05-09,ETERNAL
2024-05-09,JSWSTEEL
2024-05-09,SHRIRAMFIN
2024-05-09,LT
2024-05-09,TCS
2024-05-09,NESTLEIND
2024-05-09,ONGC
2024-05-09,SUNPHARMA
2024-05-09,ADANIPORTS
2024-05-09,RELIANCE
2024-05-09,SBILIFE
2024-05-09,ULTRACEMCO
2024-05-09,CIPLA
2024-05-09,TATACONSUM
2024-05-09,DRREDDY
2024-05-09,APOLLOHOSP
2024-05-10,ETERNAL
2024-05-10,NESTLEIND
2024-05-10,ONGC
2024-05-10,SHRIRAMFIN
2024-05-10,LT
2024-05-10,SUNPHARMA
2024-05-10,ADANIPORTS
2024-05-10,ULTRACEMCO
2024-05-10,TCS
2024-05-10,SBILIFE
2024-05-10,RELIANCE
2024-05-10,TATACONSUM
2024-05-10,DRREDDY
2024-05-10,CIPLA
2024-05-10,APOLLOHOSP
2024-05-13,ETERNAL
2024-05-13,COALINDIA
2024-05-13,ADANIPORTS
2024-05-13,ONGC
2024-05-13,SUNPHARMA
2024-05-13,NESTLEIND
2024-05-13,TCS
2024-05-13,LT
2024-05-13,CIPLA
2024-05-13,ULTRACEMCO
2024-05-13,TATACONSUM
2024-05-13,SHRIRAMFIN
2024-05-13,RELIANCE
2024-05-13,SBILIFE
2024-05-13,DRREDDY
2024-05-13,APOLLOHOSP
2024-05-14,ETERNAL
2024-05-14,COALINDIA
2024-05-14,ONGC
2024-05-14,ADANIPORTS
2024-05-14,SUNPHARMA
2024-05-14,TCS
2024-05-14,LT
2024-05-14,ULTRACEMCO
2024-05-14,NESTLEIND
2024-05-14,RELIANCE
2024-05-14,SHRIRAMFIN
2024-05-14,SBILIFE
2024-05-14,CIPLA
2024-05-14,TATACONSUM
2024-05-14,DRREDDY
2024-05-14,APOLLOHOSP
2024-05-15,ETERNAL
2024-05-15,ONGC
2024-05-15,ADANIPORTS
2024-05-15,SHRIRAMFIN
2024-05-15,LT
2024-05-15,ULTRACEMCO
2024-05-15,SUNPHARMA
2024-05-15,RELIANCE
2024-05-15,NESTLEIND
2024-05-15,CIPLA
2024-05-15,TCS
2024-05-15,SBILIFE
2024-05-15,DRREDDY
2024-05-15,APOLLOHOSP
2024-05-16,ETERNAL
2024-05-16,ONGC
2024-05-16,ADANIPORTS
2024-05-16,LT
2024-05-16,SHRIRAMFIN
2024-05-16,ULTRACEMCO
2024-05-16,RELIANCE
2024-05-16,SUNPHARMA
2024-05-16,CIPLA
2024-05-16,NESTLEIND
2024-05-16,TCS
2024-05-16,SBILIFE
2024-05-16,APOLLOHOSP
2024-05-16,DRREDDY
2024-05-17,ETERNAL
2024-05-17,ITC
2024-05-17,MAXHEALTH
2024-05-17,ADANIPORTS
2024-05-17,ULTRACEMCO
2024-05-17,LT
2024-05-17,RELIANCE
2024-05-17,APOLLOHOSP
2024-05-17,SHRIRAMFIN
2024-05-17,SUNPHARMA
2024-05-17,CIPLA
2024-05-17,TCS
2024-05-17,NESTLEIND
2024-05-17,SBILIFE
2024-05-21,ETERNAL
2024-05-21,SUNPHARMA
2024-05-21,CIPLA
2024-05-21,APOLLOHOSP
2024-05-21,SHRIRAMFIN
2024-05-21,ULTRACEMCO
2024-05-21,RELIANCE
2024-05-21,LT
2024-05-21,NESTLEIND
2024-05-21,TCS
2024-05-21,SBILIFE
2024-05-22,ETERNAL
2024-05-22,ITC
2024-05-22,CIPLA
2024-05-22,SUNPHARMA
2024-05-22,ULTRACEMCO
2024-05-22,APOLLOHOSP
2024-05-22,RELIANCE
2024-05-22,SHRIRAMFIN
2024-05-22,NESTLEIND
2024-05-22,LT
2024-05-22,TCS
2024-05-22,SBILIFE
2024-05-23,ETERNAL
2024-05-23,ITC
2024-05-23,ULTRACEMCO
2024-05-23,CIPLA
2024-05-23,LT
2024-05-23,RELIANCE
2024-05-23,SHRIRAMFIN
2024-05-23,APOLLOHOSP
2024-05-23,TCS
2024-05-23,NESTLEIND
2024-05-23,SBILIFE
2024-05-23,SUNPHARMA
2024-05-24,ETERNAL
2024-05-24,ITC
2024-05-24,HDFCBANK
2024-05-24,MAXHEALTH
2024-05-24,SHRIRAMFIN
2024-05-24,CIPLA
2024-05-24,LT
2024-05-24,RELIANCE
2024-05-24,APOLLOHOSP
2024-05-24,NESTLEIND
2024-05-24,TCS
2024-05-24,SBILIFE
2024-05-24,SUNPHARMA
2024-05-27,ETERNAL
2024-05-27,HDFCBANK
2024-05-27,CIPLA
2024-05-27,LT
2024-05-27,RELIANCE
2024-05-27,APOLLOHOSP
2024-05-27,SHRIRAMFIN
2024-05-27,NESTLEIND
2024-05-27,TCS
2024-05-27,SBILIFE
2024-05-27,SUNPHARMA
2024-05-28,ETERNAL
2024-05-28,HDFCBANK
2024-05-28,MAXHEALTH
2024-05-28,LT
2024-05-28,RELIANCE
2024-05-28,CIPLA
2024-05-28,SHRIRAMFIN
2024-05-28,APOLLOHOSP
2024-05-28,SBILIFE
2024-05-28,NESTLEIND
2024-05-28,TCS
2024-05-28,SUNPHARMA
2024-05-29,ETERNAL
2024-05-29,MAXHEALTH
2024-05-29,ICICIBANK
2024-05-29,CIPLA
2024-05-29,ONGC
2024-05-29,LT
2024-05-29,SHRIRAMFIN
2024-05-29,RELIANCE
2024-05-29,APOLLOHOSP
2024-05-29,NESTLEIND
2024-05-29,SUNPHARMA
2024-05-29,SBILIFE
2024-05-29,TCS
2024-05-30,ETERNAL
2024-05-30,ADANIENT
2024-05-30,MAXHEALTH
2024-05-30,ONGC
2024-05-30,ICICIBANK
2024-05-30,LT
2024-05-30,CIPLA
2024-05-30,RELIANCE
2024-05-30,SHRIRAMFIN
2024-05-30,APOLLOHOSP
2024-05-30,SUNPHARMA
2024-05-30,TCS
2024-05-31,ETERNAL
2024-05-31,HDFCBANK
2024-05-31,GRASIM
2024-05-31,ICICIBANK
2024-05-31,SHRIRAMFIN
2024-05-31,LT
2024-05-31,ONGC
2024-05-31,RELIANCE
2024-05-31,APOLLOHOSP
2024-05-31,CIPLA
2024-05-31,SUNPHARMA
2024-06-03,ONGC
2024-06-03,HDFCBANK
2024-06-03,ETERNAL
2024-06-03,MARUTI
2024-06-03,GRASIM
2024-06-03,ICICIBANK
2024-06-03,RELIANCE
2024-06-03,APOLLOHOSP
2024-06-03,CIPLA
2024-06-03,SUNPHARMA
2024-06-04,ETERNAL
2024-06-04,HINDUNILVR
2024-06-04,MARUTI
2024-06-04,GRASIM
2024-06-04,ICICIBANK
2024-06-04,CIPLA
2024-06-04,SHRIRAMFIN
2024-06-04,RELIANCE
2024-06-04,LT
2024-06-04,APOLLOHOSP
2024-06-04,SUNPHARMA
2024-06-05,BEL
2024-06-05,ETERNAL
2024-06-05,HINDUNILVR
2024-06-05,MAXHEALTH
2024-06-05,ADANIPORTS
2024-06-05,HDFCBANK
2024-06-05,MARUTI
2024-06-05,GRASIM
2024-06-05,SHRIRAMFIN
2024-06-05,CIPLA
2024-06-05,ICICIBANK
2024-06-05,RELIANCE
2024-06-05,LT
2024-06-05,APOLLOHOSP
2024-06-05,SUNPHARMA
2024-06-06,HINDUNILVR
2024-06-06,ETERNAL
2024-06-06,HDFCBANK
2024-06-06,ADANIPORTS
2024-06-06,GRASIM
2024-06-06,SHRIRAMFIN
2024-06-06,MARUTI
2024-06-06,CIPLA
2024-06-06,ICICIBANK
2024-06-06,LT
2024-06-06,RELIANCE
2024-06-06,APOLLOHOSP
2024-06-06,SUNPHARMA
2024-06-07,HINDUNILVR
2024-06-07,NTPC
2024-06-07,HDFCBANK
2024-06-07,ADANIPORTS
2024-06-07,ETERNAL
2024-06-07,SHRIRAMFIN
2024-06-07,GRASIM
2024-06-07,MARUTI
2024-06-07,ICICIBANK
2024-06-07,CIPLA
2024-06-07,RELIANCE
2024-06-07,LT
2024-06-07,APOLLOHOSP
2024-06-07,SUNPHARMA
2024-06-10,HINDUNILVR
2024-06-10,HDFCBANK
2024-06-10,SHRIRAMFIN
2024-06-10,ADANIPORTS
2024-06-10,ETERNAL
2024-06-10,CIPLA
2024-06-10,MARUTI
2024-06-10,ICICIBANK
2024-06-10,RELIANCE
2024-06-10,LT
2024-06-10,APOLLOHOSP
2024-06-10,SUNPHARMA
2024-06-11,HINDUNILVR
2024-06-11,HDFCBANK
2024-06-11,ADANIPORTS
2024-06-11,SHRIRAMFIN
2024-06-11,MARUTI
2024-06-11,CIPLA
2024-06-11,MAXHEALTH
2024-06-11,ICICIBANK
2024-06-11,RELIANCE
2024-06-11,ETERNAL
2024-06-11,LT
2024-06-11,APOLLOHOSP
2024-06-11,SUNPHARMA
2024-06-12,HINDUNILVR
2024-06-12,HDFCBANK
2024-06-12,MAXHEALTH
2024-06-12,SHRIRAMFIN
2024-06-12,ADANIPORTS
2024-06-12,CIPLA
2024-06-12,ICICIBANK
2024-06-12,MARUTI
2024-06-12,ETERNAL
2024-06-12,APOLLOHOSP
2024-06-12,RELIANCE
2024-06-12,LT
2024-06-12,SUNPHARMA
2024-06-13,TECHM
2024-06-13,HDFCBANK
2024-06-13,HINDUNILVR
2024-06-13,MAXHEALTH
2024-06-13,ADANIPORTS
2024-06-13,CIPLA
2024-06-13,MARUTI
2024-06-13,ETERNAL
2024-06-13,ICICIBANK
2024-06-13,RELIANCE
2024-06-13,LT
2024-06-13,APOLLOHOSP
2024-06-13,SUNPHARMA
2024-06-14,HDFCBANK
2024-06-14,HINDUNILVR
2024-06-14,ADANIPORTS
2024-06-14,CIPLA
2024-06-14,MARUTI
2024-06-14,ETERNAL
2024-06-14,ICICIBANK
2024-06-14,RELIANCE
2024-06-14,APOLLOHOSP
2024-06-14,LT
2024-06-14,SUNPHARMA
2024-06-18,HDFCBANK
2024-06-18,HINDUNILVR
2024-06-18,CIPLA
2024-06-18,ICICIBANK
2024-06-18,ADANIPORTS
2024-06-18,ETERNAL
2024-06-18,MARUTI
2024-06-18,RELIANCE
2024-06-18,APOLLOHOSP
2024-06-18,LT
2024-06-18,SUNPHARMA
2024-06-19,HDFCBANK
2024-06-19,ETERNAL
2024-06-19,HINDUNILVR
2024-06-19,ICICIBANK
2024-06-19,CIPLA
2024-06-19,ADANIPORTS
2024-06-19,RELIANCE
2024-06-19,MARUTI
2024-06-19,APOLLOHOSP
2024-06-19,LT
2024-06-19,SUNPHARMA
2024-06-20,HINDUNILVR
2024-06-20,ICICIBANK
2024-06-20,CIPLA
2024-06-20,ETERNAL
2024-06-20,NTPC
2024-06-20,RELIANCE
2024-06-20,MARUTI
2024-06-20,APOLLOHOSP
2024-06-20,LT
2024-06-20,SUNPHARMA
2024-06-21,HINDUNILVR
2024-06-21,ICICIBANK
2024-06-21,CIPLA
2024-06-21,ETERNAL
2024-06-21,NTPC
2024-06-21,RELIANCE
2024-06-21,MARUTI
2024-06-21,APOLLOHOSP
2024-06-21,LT
2024-06-21,SUNPHARMA
2024-06-24,HINDUNILVR
2024-06-24,ETERNAL
2024-06-24,CIPLA
2024-06-24,NTPC
2024-06-24,APOLLOHOSP
2024-06-24,RELIANCE
2024-06-24,MARUTI
2024-06-24,LT
2024-06-24,SUNPHARMA
2024-06-25,HINDUNILVR
2024-06-25,ETERNAL
2024-06-25,CIPLA
2024-06-25,NTPC
2024-06-25,RELIANCE
2024-06-25,APOLLOHOSP
2024-06-25,LT
2024-06-25,MARUTI
2024-06-25,SUNPHARMA
2024-06-26,HINDUNILVR
2024-06-26,CIPLA
2024-06-26,COALINDIA
2024-06-26,RELIANCE
2024-06-26,NTPC
2024-06-26,ETERNAL
2024-06-26,LT
2024-06-26,MARUTI
2024-06-26,SUNPHARMA
2024-06-26,APOLLOHOSP
2024-06-27,HINDUNILVR
2024-06-27,CIPLA
2024-06-27,RELIANCE
2024-06-27,NTPC
2024-06-27,ETERNAL
2024-06-27,COALINDIA
2024-06-27,MARUTI
2024-06-27,SUNPHARMA
2024-06-27,LT
2024-06-27,APOLLOHOSP
2024-06-28,HINDUNILVR
2024-06-28,WIPRO
2024-06-28,CIPLA
2024-06-28,RELIANCE
2024-06-28,ETERNAL
2024-06-28,COALINDIA
2024-06-28,NTPC
2024-06-28,LT
2024-06-28,SUNPHARMA
2024-06-28,APOLLOHOSP
2024-06-28,MARUTI
2024-07-01,INFY
2024-07-01,HINDUNILVR
2024-07-01,ETERNAL
2024-07-01,CIPLA
2024-07-01,RELIANCE
2024-07-01,EICHERMOT
2024-07-01,COALINDIA
2024-07-01,NTPC
2024-07-01,LT
2024-07-01,SUNPHARMA
2024-07-01,APOLLOHOSP
2024-07-01,MARUTI
2024-07-02,INFY
2024-07-02,HINDUNILVR
2024-07-02,ETERNAL
2024-07-02,CIPLA
2024-07-02,COALINDIA
2024-07-02,RELIANCE
2024-07-02,EICHERMOT
2024-07-02,NTPC
2024-07-02,LT
2024-07-02,SUNPHARMA
2024-07-02,APOLLOHOSP
2024-07-02,MARUTI
2024-07-03,INFY
2024-07-03,HINDUNILVR
2024-07-03,COALINDIA
2024-07-03,CIPLA
2024-07-03,ETERNAL
2024-07-03,EICHERMOT
2024-07-03,NTPC
2024-07-03,RELIANCE
2024-07-03,LT
2024-07-03,SUNPHARMA
2024-07-03,APOLLOHOSP
2024-07-03,MARUTI
2024-07-04,INFY
2024-07-04,HINDUNILVR
2024-07-04,COALINDIA
2024-07-04,CIPLA
2024-07-04,NTPC
2024-07-04,ETERNAL
2024-07-04,RELIANCE
2024-07-04,EICHERMOT
2024-07-04,SUNPHARMA
2024-07-04,APOLLOHOSP
2024-07-04,LT
2024-07-04,MARUTI
2024-07-05,INFY
2024-07-05,HINDUNILVR
2024-07-05,ETERNAL
2024-07-05,NTPC
2024-07-05,RELIANCE
2024-07-05,SUNPHARMA
2024-07-05,EICHERMOT
2024-07-05,APOLLOHOSP
2024-07-05,LT
2024-07-05,MARUTI
2024-07-08,INFY
2024-07-08,HINDUNILVR
2024-07-08,ETERNAL
2024-07-08,RELIANCE
2024-07-08,NTPC
2024-07-08,EICHERMOT
2024-07-08,SUNPHARMA
2024-07-08,LT
2024-07-08,APOLLOHOSP
2024-07-08,MARUTI
2024-07-09,INFY
2024-07-09,HINDUNILVR
2024-07-09,ETERNAL
2024-07-09,KOTAKBANK
2024-07-09,RELIANCE
2024-07-09,NTPC
2024-07-09,EICHERMOT
2024-07-09,SUNPHARMA
2024-07-09,LT
2024-07-09,MARUTI
2024-07-09,APOLLOHOSP
2024-07-10,HINDUNILVR
2024-07-10,INFY
2024-07-10,KOTAKBANK
2024-07-10,ETERNAL
2024-07-10,RELIANCE
2024-07-10,NTPC
2024-07-10,SUNPHARMA
2024-07-10,EICHERMOT
2024-07-10,TATASTEEL
2024-07-10,LT
2024-07-10,APOLLOHOSP
2024-07-10,MARUTI
2024-07-11,HINDUNILVR
2024-07-11,INFY
2024-07-11,KOTAKBANK
2024-07-11,ETERNAL
2024-07-11,HDFCLIFE
2024-07-11,HCLTECH
2024-07-11,SBILIFE
2024-07-11,RELIANCE
2024-07-11,APOLLOHOSP
2024-07-11,EICHERMOT
2024-07-11,SUNPHARMA
2024-07-11,NTPC
2024-07-11,TATASTEEL
2024-07-11,LT
2024-07-11,MARUTI
2024-07-12,HCLTECH
2024-07-12,ETERNAL
2024-07-12,KOTAKBANK
2024-07-12,TCS
2024-07-12,HDFCLIFE
2024-07-12,RELIANCE
2024-07-12,SBILIFE
2024-07-12,APOLLOHOSP
2024-07-12,EICHERMOT
2024-07-12,SUNPHARMA
2024-07-12,TATASTEEL
2024-07-12,NTPC
2024-07-12,LT
2024-07-12,MARUTI
2024-07-15,ETERNAL
2024-07-15,KOTAKBANK
2024-07-15,HCLTECH
2024-07-15,ONGC
2024-07-15,HDFCLIFE
2024-07-15,RELIANCE
2024-07-15,TCS
2024-07-15,APOLLOHOSP
2024-07-15,EICHERMOT
2024-07-15,SUNPHARMA
2024-07-15,NTPC
2024-07-15,LT
2024-07-15,TATASTEEL
2024-07-15,MARUTI
2024-07-16,HCLTECH
2024-07-16,KOTAKBANK
2024-07-16,HDFCLIFE
2024-07-16,ETERNAL
2024-07-16,RELIANCE
2024-07-16,TCS
2024-07-16,APOLLOHOSP
2024-07-16,EICHERMOT
2024-07-16,SUNPHARMA
2024-07-16,LT
2024-07-16,NTPC
2024-07-16,TATASTEEL
2024-07-16,MARUTI
2024-07-18,HCLTECH
2024-07-18,HDFCLIFE
2024-07-18,ETERNAL
2024-07-18,KOTAKBANK
2024-07-18,TCS
2024-07-18,APOLLOHOSP
2024-07-18,EICHERMOT
2024-07-18,LT
2024-07-18,NTPC
2024-07-18,SUNPHARMA
2024-07-18,MARUTI
2024-07-18,TATASTEEL
2024-07-19,HDFCLIFE
2024-07-19,ETERNAL
2024-07-19,KOTAKBANK
2024-07-19,TCS
2024-07-19,APOLLOHOSP
2024-07-19,HINDALCO
2024-07-19,LT
2024-07-19,EICHERMOT
2024-07-19,JSWSTEEL
2024-07-19,NTPC
2024-07-19,SUNPHARMA
2024-07-19,MARUTI
2024-07-19,TATASTEEL
2024-07-22,HDFCLIFE
2024-07-22,ETERNAL
2024-07-22,DRREDDY
2024-07-22,APOLLOHOSP
2024-07-22,TCS
2024-07-22,HINDALCO
2024-07-22,EICHERMOT
2024-07-22,LT
2024-07-22,NTPC
2024-07-22,SUNPHARMA
2024-07-22,JSWSTEEL
2024-07-22,MARUTI
2024-07-22,TATASTEEL
2024-07-23,HDFCLIFE
2024-07-23,ITC
2024-07-23,TATACONSUM
2024-07-23,ETERNAL
2024-07-23,NTPC
2024-07-23,APOLLOHOSP
2024-07-23,TCS
2024-07-23,LT
2024-07-23,JSWSTEEL
2024-07-23,EICHERMOT
2024-07-23,SUNPHARMA
2024-07-23,RELIANCE
2024-07-23,HINDALCO
2024-07-23,MARUTI
2024-07-23,TATASTEEL
2024-07-24,HDFCLIFE
2024-07-24,TCS
2024-07-24,ETERNAL
2024-07-24,NTPC
2024-07-24,APOLLOHOSP
2024-07-24,LT
2024-07-24,SUNPHARMA
2024-07-24,RELIANCE
2024-07-24,EICHERMOT
2024-07-24,HINDALCO
2024-07-24,JSWSTEEL
2024-07-24,BAJAJ-AUTO
2024-07-24,TATASTEEL
2024-07-24,MARUTI
2024-07-25,HDFCLIFE
2024-07-25,ETERNAL
2024-07-25,LT
2024-07-25,TCS
2024-07-25,SUNPHARMA
2024-07-25,APOLLOHOSP
2024-07-25,RELIANCE
2024-07-25,EICHERMOT
2024-07-25,BAJAJ-AUTO
2024-07-25,AXISBANK
2024-07-25,JSWSTEEL
2024-07-25,HINDALCO
2024-07-25,MARUTI
2024-07-25,TATASTEEL
2024-07-26,HDFCLIFE
2024-07-26,ETERNAL
2024-07-26,SUNPHARMA
2024-07-26,LT
2024-07-26,RELIANCE
2024-07-26,EICHERMOT
2024-07-26,BAJAJ-AUTO
2024-07-26,AXISBANK
2024-07-26,HINDALCO
2024-07-26,JSWSTEEL
2024-07-26,TATASTEEL
2024-07-26,MARUTI
2024-07-29,HDFCLIFE
2024-07-29,ETERNAL
2024-07-29,LT
2024-07-29,BAJAJ-AUTO
2024-07-29,RELIANCE
2024-07-29,EICHERMOT
2024-07-29,JSWSTEEL
2024-07-29,AXISBANK
2024-07-29,HINDALCO
2024-07-29,TATASTEEL
2024-07-29,MARUTI
2024-07-30,HDFCLIFE
2024-07-30,ETERNAL
2024-07-30,LT
2024-07-30,BAJAJ-AUTO
2024-07-30,RELIANCE
2024-07-30,EICHERMOT
2024-07-30,MARUTI
2024-07-30,AXISBANK
2024-07-30,JSWSTEEL
2024-07-30,HINDALCO
2024-07-30,TATASTEEL
2024-07-31,HDFCLIFE
2024-07-31,ETERNAL
2024-07-31,LT
2024-07-31,BAJAJ-AUTO
2024-07-31,EICHERMOT
2024-07-31,RELIANCE
2024-07-31,MARUTI
2024-07-31,JSWSTEEL
2024-07-31,AXISBANK
2024-07-31,HINDALCO
2024-07-31,TATASTEEL
2024-08-01,HDFCLIFE
2024-08-01,ETERNAL
2024-08-01,LT
2024-08-01,MARUTI
2024-08-01,EICHERMOT
2024-08-01,RELIANCE
2024-08-01,AXISBANK
2024-08-01,JSWSTEEL
2024-08-01,HINDALCO
2024-08-01,TATASTEEL
2024-08-02,ETERNAL
2024-08-02,HDFCLIFE
2024-08-02,BEL
2024-08-02,LT
2024-08-02,AXISBANK
2024-08-02,RELIANCE
2024-08-02,MARUTI
2024-08-02,EICHERMOT
2024-08-02,JSWSTEEL
2024-08-02,HINDALCO
2024-08-02,TATASTEEL
2024-08-05,ETERNAL
2024-08-05,HDFCLIFE
2024-08-05,ASIANPAINT
2024-08-05,M&M
2024-08-05,ICICIBANK
2024-08-05,BEL
2024-08-05,LT
2024-08-05,SBIN
2024-08-05,RELIANCE
2024-08-05,AXISBANK
2024-08-05,EICHERMOT
2024-08-05,INDIGO
2024-08-05,MARUTI
2024-08-05,JSWSTEEL
2024-08-05,HINDALCO
2024-08-06,ETERNAL
2024-08-06,HDFCLIFE
2024-08-06,ASIANPAINT
2024-08-06,ICICIBANK
2024-08-06,M&M
2024-08-06,INDIGO
2024-08-06,LT
2024-08-06,RELIANCE
2024-08-06,JSWSTEEL
2024-08-06,BEL
2024-08-06,SBIN
2024-08-06,AXISBANK
2024-08-06,EICHERMOT
2024-08-06,MARUTI
2024-08-06,HINDALCO
2024-08-07,ETERNAL
2024-08-07,ASIANPAINT
2024-08-07,MAXHEALTH
2024-08-07,M&M
2024-08-07,ICICIBANK
2024-08-07,BEL
2024-08-07,INDIGO
2024-08-07,JSWSTEEL
2024-08-07,LT
2024-08-07,RELIANCE
2024-08-07,SBIN
2024-08-07,EICHERMOT
2024-08-07,MARUTI
2024-08-07,AXISBANK
2024-08-07,HINDALCO
2024-08-08,ETERNAL
2024-08-08,MAXHEALTH
2024-08-08,M&M
2024-08-08,GRASIM
2024-08-08,ASIANPAINT
2024-08-08,ICICIBANK
2024-08-08,BEL
2024-08-08,INDIGO
2024-08-08,RELIANCE
2024-08-08,JSWSTEEL
2024-08-08,LT
2024-08-08,SBIN
2024-08-08,EICHERMOT
2024-08-08,AXISBANK
2024-08-08,MARUTI
2024-08-08,HINDALCO
2024-08-09,ETERNAL
2024-08-09,MAXHEALTH
2024-08-09,M&M
2024-08-09,GRASIM
2024-08-09,INDIGO
2024-08-09,ICICIBANK
2024-08-09,ASIANPAINT
2024-08-09,BEL
2024-08-09,EICHERMOT
2024-08-09,RELIANCE
2024-08-09,JSWSTEEL
2024-08-09,SBIN
2024-08-09,LT
2024-08-09,AXISBANK
2024-08-09,MARUTI
2024-08-09,HINDALCO
2024-08-12,ETERNAL
2024-08-12,MAXHEALTH
2024-08-12,GRASIM
2024-08-12,M&M
2024-08-12,ASIANPAINT
2024-08-12,ICICIBANK
2024-08-12,JSWSTEEL
2024-08-12,BEL
2024-08-12,EICHERMOT
2024-08-12,RELIANCE
2024-08-12,INDIGO
2024-08-12,AXISBANK
2024-08-12,LT
2024-08-12,SBIN
2024-08-12,MARUTI
2024-08-12,HINDALCO
2024-08-13,ETERNAL
2024-08-13,MAXHEALTH
2024-08-13,M&M
2024-08-13,GRASIM
2024-08-13,ASIANPAINT
2024-08-13,ICICIBANK
2024-08-13,HDFCBANK
2024-08-13,JSWSTEEL
2024-08-13,EICHERMOT
2024-08-13,RELIANCE
2024-08-13,INDIGO
2024-08-13,BEL
2024-08-13,AXISBANK
2024-08-13,MARUTI
2024-08-13,LT
2024-08-13,SBIN
2024-08-13,HINDALCO
2024-08-14,ETERNAL
2024-08-14,MAXHEALTH
2024-08-14,ASIANPAINT
2024-08-14,GRASIM
2024-08-14,M&M
2024-08-14,EICHERMOT
2024-08-14,HDFCBANK
2024-08-14,ICICIBANK
2024-08-14,POWERGRID
2024-08-14,MARUTI
2024-08-14,JSWSTEEL
2024-08-14,INDIGO
2024-08-14,RELIANCE
2024-08-14,AXISBANK
2024-08-14,ADANIPORTS
2024-08-14,BEL
2024-08-14,LT
2024-08-14,HINDALCO
2024-08-14,SBIN
2024-08-16,ETERNAL
2024-08-16,BEL
2024-08-16,WIPRO
2024-08-16,GRASIM
2024-08-16,MAXHEALTH
2024-08-16,ICICIBANK
2024-08-16,M&M
2024-08-16,HDFCBANK
2024-08-16,JSWSTEEL
2024-08-16,EICHERMOT
2024-08-16,ASIANPAINT
2024-08-16,RELIANCE
2024-08-16,LT
2024-08-16,INDIGO
2024-08-16,SBIN
2024-08-16,AXISBANK
2024-08-16,MARUTI
2024-08-16,HINDALCO
2024-08-19,ETERNAL
2024-08-19,BEL
2024-08-19,GRASIM
2024-08-19,ICICIBANK
2024-08-19,MAXHEALTH
2024-08-19,EICHERMOT
2024-08-19,JSWSTEEL
2024-08-19,HDFCBANK
2024-08-19,RELIANCE
2024-08-19,LT
2024-08-19,ASIANPAINT
2024-08-19,SBIN
2024-08-19,M&M
2024-08-19,MARUTI
2024-08-19,AXISBANK
2024-08-19,INDIGO
2024-08-19,HINDALCO
2024-08-20,ETERNAL
2024-08-20,GRASIM
2024-08-20,BEL
2024-08-20,ASIANPAINT
2024-08-20,ICICIBANK
2024-08-20,MAXHEALTH
2024-08-20,HDFCBANK
2024-08-20,RELIANCE
2024-08-20,EICHERMOT
2024-08-20,JSWSTEEL
2024-08-20,M&M
2024-08-20,LT
2024-08-20,SBIN
2024-08-20,INDIGO
2024-08-20,HINDALCO
2024-08-20,AXISBANK
2024-08-20,MARUTI
2024-08-21,ETERNAL
2024-08-21,ASIANPAINT
2024-08-21,BEL
2024-08-21,ICICIBANK
2024-08-21,MAXHEALTH
2024-08-21,EICHERMOT
2024-08-21,HDFCBANK
2024-08-21,LT
2024-08-21,RELIANCE
2024-08-21,JSWSTEEL
2024-08-21,HINDALCO
2024-08-21,AXISBANK
2024-08-21,INDIGO
2024-08-21,SBIN
2024-08-21,M&M
2024-08-21,MARUTI
2024-08-22,ETERNAL
2024-08-22,ASIANPAINT
2024-08-22,BEL
2024-08-22,MAXHEALTH
2024-08-22,ICICIBANK
2024-08-22,POWERGRID
2024-08-22,ULTRACEMCO
2024-08-22,HDFCBANK
2024-08-22,EICHERMOT
2024-08-22,JSWSTEEL
2024-08-22,LT
2024-08-22,RELIANCE
2024-08-22,HINDALCO
2024-08-22,SBIN
2024-08-22,INDIGO
2024-08-22,M&M
2024-08-22,AXISBANK
2024-08-22,MARUTI
2024-08-23,ETERNAL
2024-08-23,BEL
2024-08-23,POWERGRID
2024-08-23,ADANIPORTS
2024-08-23,MAXHEALTH
2024-08-23,ULTRACEMCO
2024-08-23,JSWSTEEL
2024-08-23,EICHERMOT
2024-08-23,HDFCBANK
2024-08-23,RELIANCE
2024-08-23,HINDALCO
2024-08-23,LT
2024-08-23,M&M
2024-08-23,AXISBANK
2024-08-23,SBIN
2024-08-23,MARUTI
2024-08-26,TITAN
2024-08-26,ADANIPORTS
2024-08-26,HINDALCO
2024-08-26,JSWSTEEL
2024-08-26,BEL
2024-08-26,POWERGRID
2024-08-26,HDFCBANK
2024-08-26,RELIANCE
2024-08-26,ULTRACEMCO
2024-08-26,EICHERMOT
2024-08-26,LT
2024-08-26,M&M
2024-08-26,MAXHEALTH
2024-08-26,AXISBANK
2024-08-26,SBIN
2024-08-26,MARUTI
2024-08-27,BAJAJFINSV
2024-08-27,ADANIPORTS
2024-08-27,POWERGRID
2024-08-27,HINDALCO
2024-08-27,JSWSTEEL
2024-08-27,HDFCBANK
2024-08-27,RELIANCE
2024-08-27,TITAN
2024-08-27,EICHERMOT
2024-08-27,ULTRACEMCO
2024-08-27,LT
2024-08-27,AXISBANK
2024-08-27,BEL
2024-08-27,MARUTI
2024-08-27,M&M
2024-08-27,SBIN
2024-08-27,MAXHEALTH
2024-08-28,ETERNAL
2024-08-28,BAJAJFINSV
2024-08-28,POWERGRID
2024-08-28,JSWSTEEL
2024-08-28,HINDALCO
2024-08-28,ADANIPORTS
2024-08-28,HDFCBANK
2024-08-28,RELIANCE
2024-08-28,EICHERMOT
2024-08-28,LT
2024-08-28,ULTRACEMCO
2024-08-28,TITAN
2024-08-28,AXISBANK
2024-08-28,BEL
2024-08-28,MARUTI
2024-08-28,SBIN
2024-08-28,M&M
2024-08-28,MAXHEALTH
2024-08-29,ETERNAL
2024-08-29,BAJAJFINSV
2024-08-29,HINDALCO
2024-08-29,RELIANCE
2024-08-29,JSWSTEEL
2024-08-29,ADANIPORTS
2024-08-29,HDFCBANK
2024-08-29,ULTRACEMCO
2024-08-29,POWERGRID
2024-08-29,EICHERMOT
2024-08-29,LT
2024-08-29,MARUTI
2024-08-29,TITAN
2024-08-29,AXISBANK
2024-08-29,SBIN
2024-08-29,MAXHEALTH
2024-08-29,M&M
2024-08-29,BEL
2024-08-30,ETERNAL
2024-08-30,BAJAJFINSV
2024-08-30,HINDALCO
2024-08-30,LT
2024-08-30,POWERGRID
2024-08-30,RELIANCE
2024-08-30,JSWSTEEL
2024-08-30,ULTRACEMCO
2024-08-30,TITAN
2024-08-30,EICHERMOT
2024-08-30,ADANIPORTS
2024-08-30,MARUTI
2024-08-30,HDFCBANK
2024-08-30,BEL
2024-08-30,M&M
2024-08-30,MAXHEALTH
2024-08-30,AXISBANK
2024-08-30,SBIN
2024-09-02,ETERNAL
2024-09-02,BAJAJFINSV
2024-09-02,ULTRACEMCO
2024-09-02,TITAN
2024-09-02,POWERGRID
2024-09-02,MARUTI
2024-09-02,RELIANCE
2024-09-02,LT
2024-09-02,JSWSTEEL
2024-09-02,EICHERMOT
2024-09-02,ADANIPORTS
2024-09-02,HINDALCO
2024-09-02,HDFCBANK
2024-09-02,SBIN
2024-09-02,M&M
2024-09-02,AXISBANK
2024-09-02,BEL
2024-09-02,MAXHEALTH
2024-09-03,ETERNAL
2024-09-03,TITAN
2024-09-03,LT
2024-09-03,RELIANCE
2024-09-03,POWERGRID
2024-09-03,MARUTI
2024-09-03,EICHERMOT
2024-09-03,JSWSTEEL
2024-09-03,HINDALCO
2024-09-03,ADANIPORTS
2024-09-03,M&M
2024-09-03,SBIN
2024-09-03,HDFCBANK
2024-09-03,BEL
2024-09-03,AXISBANK
2024-09-03,MAXHEALTH
2024-09-04,ETERNAL
2024-09-04,TITAN
2024-09-04,WIPRO
2024-09-04,RELIANCE
2024-09-04,LT
2024-09-04,MARUTI
2024-09-04,POWERGRID
2024-09-04,ADANIPORTS
2024-09-04,JSWSTEEL
2024-09-04,EICHERMOT
2024-09-04,MAXHEALTH
2024-09-04,HDFCBANK
2024-09-04,SBIN
2024-09-04,HINDALCO
2024-09-04,BEL
2024-09-04,AXISBANK
2024-09-04,M&M
2024-09-05,ETERNAL
2024-09-05,TITAN
2024-09-05,WIPRO
2024-09-05,RELIANCE
2024-09-05,MARUTI
2024-09-05,POWERGRID
2024-09-05,EICHERMOT
2024-09-05,LT
2024-09-05,ADANIPORTS
2024-09-05,JSWSTEEL
2024-09-05,MAXHEALTH
2024-09-05,HINDALCO
2024-09-05,SBIN
2024-09-05,HDFCBANK
2024-09-05,M&M
2024-09-05,BEL
2024-09-05,AXISBANK
2024-09-06,ETERNAL
2024-09-06,TITAN
2024-09-06,WIPRO
2024-09-06,ULTRACEMCO
2024-09-06,MAXHEALTH
2024-09-06,JSWSTEEL
2024-09-06,POWERGRID
2024-09-06,EICHERMOT
2024-09-06,MARUTI
2024-09-06,HINDALCO
2024-09-06,LT
2024-09-06,ADANIPORTS
2024-09-06,RELIANCE
2024-09-06,HDFCBANK
2024-09-06,M&M
2024-09-06,SBIN
2024-09-06,AXISBANK
2024-09-09,ETERNAL
2024-09-09,TITAN
2024-09-09,NTPC
2024-09-09,GRASIM
2024-09-09,EICHERMOT
2024-09-09,WIPRO
2024-09-09,MARUTI
2024-09-09,LT
2024-09-09,POWERGRID
2024-09-09,JSWSTEEL
2024-09-09,ULTRACEMCO
2024-09-09,HDFCBANK
2024-09-09,ADANIPORTS
2024-09-09,HINDALCO
2024-09-09,MAXHEALTH
2024-09-09,RELIANCE
2024-09-09,M&M
2024-09-09,SBIN
2024-09-09,AXISBANK
2024-09-10,ETERNAL
2024-09-10,TITAN
2024-09-10,DRREDDY
2024-09-10,MARUTI
2024-09-10,EICHERMOT
2024-09-10,WIPRO
2024-09-10,POWERGRID
2024-09-10,GRASIM
2024-09-10,JSWSTEEL
2024-09-10,LT
2024-09-10,ULTRACEMCO
2024-09-10,ADANIPORTS
2024-09-10,HDFCBANK
2024-09-10,HINDALCO
2024-09-10,M&M
2024-09-10,AXISBANK
2024-09-10,RELIANCE
2024-09-10,MAXHEALTH
2024-09-10,SBIN
2024-09-11,ETERNAL
2024-09-11,TITAN
2024-09-11,DRREDDY
2024-09-11,EICHERMOT
2024-09-11,COALINDIA
2024-09-11,MARUTI
2024-09-11,POWERGRID
2024-09-11,LT
2024-09-11,JSWSTEEL
2024-09-11,GRASIM
2024-09-11,WIPRO
2024-09-11,ULTRACEMCO
2024-09-11,ADANIPORTS
2024-09-11,HDFCBANK
2024-09-11,HINDALCO
2024-09-11,AXISBANK
2024-09-11,RELIANCE
2024-09-11,M&M
2024-09-11,MAXHEALTH
2024-09-12,ETERNAL
2024-09-12,TITAN
2024-09-12,DRREDDY
2024-09-12,COALINDIA
2024-09-12,MARUTI
2024-09-12,POWERGRID
2024-09-12,JSWSTEEL
2024-09-12,GRASIM
2024-09-12,MAXHEALTH
2024-09-12,LT
2024-09-12,ADANIPORTS
2024-09-12,ULTRACEMCO
2024-09-12,WIPRO
2024-09-12,HINDALCO
2024-09-12,M&M
2024-09-12,HDFCBANK
2024-09-12,AXISBANK
2024-09-12,RELIANCE
2024-09-13,ETERNAL
2024-09-13,TITAN
2024-09-13,DRREDDY
2024-09-13,MARUTI
2024-09-13,WIPRO
2024-09-13,COALINDIA
2024-09-13,GRASIM
2024-09-13,POWERGRID
2024-09-13,JSWSTEEL
2024-09-13,LT
2024-09-13,ULTRACEMCO
2024-09-13,MAXHEALTH
2024-09-13,HINDALCO
2024-09-13,ADANIPORTS
2024-09-13,M&M
2024-09-13,AXISBANK
2024-09-13,RELIANCE
2024-09-13,HDFCBANK
2024-09-16,ETERNAL
2024-09-16,TITAN
2024-09-16,WIPRO
2024-09-16,JSWSTEEL
2024-09-16,DRREDDY
2024-09-16,MARUTI
2024-09-16,LT
2024-09-16,POWERGRID
2024-09-16,COALINDIA
2024-09-16,MAXHEALTH
2024-09-16,GRASIM
2024-09-16,HINDALCO
2024-09-16,ULTRACEMCO
2024-09-16,HDFCBANK
2024-09-16,AXISBANK
2024-09-16,ADANIPORTS
2024-09-16,M&M
2024-09-16,RELIANCE
2024-09-17,ETERNAL
2024-09-17,TITAN
2024-09-17,WIPRO
2024-09-17,DRREDDY
2024-09-17,MARUTI
2024-09-17,LT
2024-09-17,JSWSTEEL
2024-09-17,HDFCBANK
2024-09-17,GRASIM
2024-09-17,COALINDIA
2024-09-17,ULTRACEMCO
2024-09-17,POWERGRID
2024-09-17,HINDALCO
2024-09-17,M&M
2024-09-17,AXISBANK
2024-09-17,ADANIPORTS
2024-09-17,RELIANCE
2024-09-18,ETERNAL
2024-09-18,TITAN
2024-09-18,BAJFINANCE
2024-09-18,HDFCBANK
2024-09-18,LT
2024-09-18,JSWSTEEL
2024-09-18,MARUTI
2024-09-18,DRREDDY
2024-09-18,ULTRACEMCO
2024-09-18,COALINDIA
2024-09-18,GRASIM
2024-09-18,WIPRO
2024-09-18,POWERGRID
2024-09-18,HINDALCO
2024-09-18,M&M
2024-09-18,ADANIPORTS
2024-09-18,AXISBANK
2024-09-18,RELIANCE
2024-09-19,ETERNAL
2024-09-19,TITAN
2024-09-19,BAJFINANCE
2024-09-19,JSWSTEEL
2024-09-19,LT
2024-09-19,ULTRACEMCO
2024-09-19,GRASIM
2024-09-19,DRREDDY
2024-09-19,POWERGRID
2024-09-19,WIPRO
2024-09-19,COALINDIA
2024-09-19,HINDALCO
2024-09-19,MARUTI
2024-09-19,AXISBANK
2024-09-19,M&M
2024-09-19,ADANIPORTS
2024-09-19,RELIANCE
2024-09-20,ETERNAL
2024-09-20,TITAN
2024-09-20,BAJFINANCE
2024-09-20,LT
2024-09-20,ULTRACEMCO
2024-09-20,COALINDIA
2024-09-20,HINDALCO
2024-09-20,WIPRO
2024-09-20,DRREDDY
2024-09-20,MARUTI
2024-09-20,POWERGRID
2024-09-20,ADANIPORTS
2024-09-20,AXISBANK
2024-09-20,GRASIM
2024-09-20,RELIANCE
2024-09-23,ETERNAL
2024-09-23,TITAN
2024-09-23,BAJFINANCE
2024-09-23,LT
2024-09-23,ULTRACEMCO
2024-09-23,DRREDDY
2024-09-23,COALINDIA
2024-09-23,MARUTI
2024-09-23,POWERGRID
2024-09-23,WIPRO
2024-09-23,HINDALCO
2024-09-23,ADANIPORTS
2024-09-23,AXISBANK
2024-09-23,GRASIM
2024-09-23,RELIANCE
2024-09-24,ETERNAL
2024-09-24,TITAN
2024-09-24,HINDALCO
2024-09-24,LT
2024-09-24,POWERGRID
2024-09-24,COALINDIA
2024-09-24,MARUTI
2024-09-24,TCS
2024-09-24,ULTRACEMCO
2024-09-24,DRREDDY
2024-09-24,ADANIPORTS
2024-09-24,WIPRO
2024-09-24,AXISBANK
2024-09-24,RELIANCE
2024-09-24,GRASIM
2024-09-25,ETERNAL
2024-09-25,TITAN
2024-09-25,LT
2024-09-25,TATACONSUM
2024-09-25,HINDALCO
2024-09-25,TCS
2024-09-25,COALINDIA
2024-09-25,MARUTI
2024-09-25,ULTRACEMCO
2024-09-25,DRREDDY
2024-09-25,ADANIPORTS
2024-09-25,AXISBANK
2024-09-25,WIPRO
2024-09-25,GRASIM
2024-09-25,RELIANCE
2024-09-26,ETERNAL
2024-09-26,NESTLEIND
2024-09-26,ULTRACEMCO
2024-09-26,LT
2024-09-26,TATACONSUM
2024-09-26,TCS
2024-09-26,DRREDDY
2024-09-26,COALINDIA
2024-09-26,ADANIPORTS
2024-09-26,AXISBANK
2024-09-26,GRASIM
2024-09-26,WIPRO
2024-09-26,RELIANCE
2024-09-27,ETERNAL
2024-09-27,NESTLEIND
2024-09-27,ULTRACEMCO
2024-09-27,COALINDIA
2024-09-27,TATACONSUM
2024-09-27,LT
2024-09-27,DRREDDY
2024-09-27,GRASIM
2024-09-27,TCS
2024-09-27,ADANIPORTS
2024-09-27,AXISBANK
2024-09-27,RELIANCE
2024-09-27,WIPRO
2024-09-30,ETERNAL
2024-09-30,TATASTEEL
2024-09-30,TECHM
2024-09-30,COALINDIA
2024-09-30,ULTRACEMCO
2024-09-30,NESTLEIND
2024-09-30,GRASIM
2024-09-30,TATACONSUM
2024-09-30,DRREDDY
2024-09-30,LT
2024-09-30,TCS
2024-09-30,ADANIPORTS
2024-09-30,WIPRO
2024-09-30,AXISBANK
2024-09-30,RELIANCE
2024-10-01,ETERNAL
2024-10-01,KOTAKBANK
2024-10-01,ADANIENT
2024-10-01,NESTLEIND
2024-10-01,COALINDIA
2024-10-01,TATASTEEL
2024-10-01,ULTRACEMCO
2024-10-01,TATACONSUM
2024-10-01,LT
2024-10-01,GRASIM
2024-10-01,TCS
2024-10-01,ADANIPORTS
2024-10-01,DRREDDY
2024-10-01,RELIANCE
2024-10-01,AXISBANK
2024-10-03,ETERNAL
2024-10-03,COALINDIA
2024-10-03,ADANIENT
2024-10-03,NESTLEIND
2024-10-03,KOTAKBANK
2024-10-03,ULTRACEMCO
2024-10-03,TCS
2024-10-03,GRASIM
2024-10-03,EICHERMOT
2024-10-03,DRREDDY
2024-10-03,ADANIPORTS
2024-10-03,AXISBANK
2024-10-03,TATACONSUM
2024-10-04,ETERNAL
2024-10-04,ADANIENT
2024-10-04,KOTAKBANK
2024-10-04,NESTLEIND
2024-10-04,ITC
2024-10-04,COALINDIA
2024-10-04,POWERGRID
2024-10-04,ULTRACEMCO
2024-10-04,TCS
2024-10-04,GRASIM
2024-10-04,DRREDDY
2024-10-04,EICHERMOT
2024-10-04,ADANIPORTS
2024-10-04,AXISBANK
2024-10-07,ETERNAL
2024-10-07,KOTAKBANK
2024-10-07,HDFCBANK
2024-10-07,TCS
2024-10-07,ULTRACEMCO
2024-10-07,COALINDIA
2024-10-07,POWERGRID
2024-10-07,GRASIM
2024-10-07,DRREDDY
2024-10-07,EICHERMOT
2024-10-07,ADANIPORTS
2024-10-08,ETERNAL
2024-10-08,ADANIENT
2024-10-08,HDFCBANK
2024-10-08,KOTAKBANK
2024-10-08,SBILIFE
2024-10-08,ULTRACEMCO
2024-10-08,COALINDIA
2024-10-08,TCS
2024-10-08,DRREDDY
2024-10-08,GRASIM
2024-10-08,POWERGRID
2024-10-08,EICHERMOT
2024-10-08,ADANIPORTS
2024-10-09,ETERNAL
2024-10-09,ADANIENT
2024-10-09,HDFCBANK
2024-10-09,KOTAKBANK
2024-10-09,SBILIFE
2024-10-09,ITC
2024-10-09,DRREDDY
2024-10-09,POWERGRID
2024-10-09,TCS
2024-10-09,GRASIM
2024-10-09,ULTRACEMCO
2024-10-09,COALINDIA
2024-10-09,EICHERMOT
2024-10-09,ADANIPORTS
2024-10-10,ETERNAL
2024-10-10,ADANIENT
2024-10-10,SBILIFE
2024-10-10,ITC
2024-10-10,GRASIM
2024-10-10,TCS
2024-10-10,ULTRACEMCO
2024-10-10,DRREDDY
2024-10-10,POWERGRID
2024-10-10,EICHERMOT
2024-10-10,COALINDIA
2024-10-10,ADANIPORTS
2024-10-11,ETERNAL
2024-10-11,ADANIENT
2024-10-11,SBILIFE
2024-10-11,ITC
2024-10-11,GRASIM
2024-10-11,ASIANPAINT
2024-10-11,DRREDDY
2024-10-11,EICHERMOT
2024-10-11,ULTRACEMCO
2024-10-11,POWERGRID
2024-10-11,COALINDIA
2024-10-11,TCS
2024-10-11,ADANIPORTS
2024-10-14,ETERNAL
2024-10-14,ITC
2024-10-14,GRASIM
2024-10-14,SBILIFE
2024-10-14,ASIANPAINT
2024-10-14,EICHERMOT
2024-10-14,DRREDDY
2024-10-14,ADANIENT
2024-10-14,ULTRACEMCO
2024-10-14,TCS
2024-10-14,COALINDIA
2024-10-14,POWERGRID
2024-10-14,ADANIPORTS
2024-10-15,ETERNAL
2024-10-15,ITC
2024-10-15,GRASIM
2024-10-15,EICHERMOT
2024-10-15,HDFCLIFE
2024-10-15,SBILIFE
2024-10-15,ASIANPAINT
2024-10-15,ADANIENT
2024-10-15,MARUTI
2024-10-15,ULTRACEMCO
2024-10-15,TCS
2024-10-15,COALINDIA
2024-10-15,DRREDDY
2024-10-15,POWERGRID
2024-10-15,ADANIPORTS
2024-10-16,ETERNAL
2024-10-16,CIPLA
2024-10-16,HINDUNILVR
2024-10-16,HDFCLIFE
2024-10-16,MARUTI
2024-10-16,ITC
2024-10-16,EICHERMOT
2024-10-16,SBILIFE
2024-10-16,ASIANPAINT
2024-10-16,ULTRACEMCO
2024-10-16,COALINDIA
2024-10-16,TCS
2024-10-16,DRREDDY
2024-10-16,POWERGRID
2024-10-16,ADANIPORTS
2024-10-17,ETERNAL
2024-10-17,CIPLA
2024-10-17,SBILIFE
2024-10-17,ITC
2024-10-17,EICHERMOT
2024-10-17,MARUTI
2024-10-17,HINDUNILVR
2024-10-17,COALINDIA
2024-10-17,ASIANPAINT
2024-10-17,TCS
2024-10-17,DRREDDY
2024-10-17,POWERGRID
2024-10-17,ULTRACEMCO
2024-10-17,ADANIPORTS
2024-10-18,AXISBANK
2024-10-18,EICHERMOT
2024-10-18,SBILIFE
2024-10-18,CIPLA
2024-10-18,HINDUNILVR
2024-10-18,ITC
2024-10-18,TCS
2024-10-18,MARUTI
2024-10-18,DRREDDY
2024-10-18,ETERNAL
2024-10-18,ULTRACEMCO
2024-10-18,POWERGRID
2024-10-18,COALINDIA
2024-10-18,ADANIPORTS
2024-10-21,EICHERMOT
2024-10-21,KOTAKBANK
2024-10-21,SBILIFE
2024-10-21,ETERNAL
2024-10-21,MARUTI
2024-10-21,HINDUNILVR
2024-10-21,TCS
2024-10-21,ITC
2024-10-21,POWERGRID
2024-10-21,CIPLA
2024-10-21,ULTRACEMCO
2024-10-21,DRREDDY
2024-10-21,COALINDIA
2024-10-21,ADANIPORTS
2024-10-22,EICHERMOT
2024-10-22,SBILIFE
2024-10-22,HINDUNILVR
2024-10-22,ITC
2024-10-22,ETERNAL
2024-10-22,CIPLA
2024-10-22,ULTRACEMCO
2024-10-22,DRREDDY
2024-10-22,POWERGRID
2024-10-22,COALINDIA
2024-10-23,SBILIFE
2024-10-23,ETERNAL
2024-10-23,AXISBANK
2024-10-23,EICHERMOT
2024-10-23,ITC
2024-10-23,HINDUNILVR
2024-10-23,DRREDDY
2024-10-23,ULTRACEMCO
2024-10-23,POWERGRID
2024-10-23,CIPLA
2024-10-23,COALINDIA
2024-10-24,AXISBANK
2024-10-24,ETERNAL
2024-10-24,ULTRACEMCO
2024-10-24,EICHERMOT
2024-10-24,ITC
2024-10-24,POWERGRID
2024-10-24,DRREDDY
2024-10-24,CIPLA
2024-10-24,COALINDIA
2024-10-25,MAXHEALTH
2024-10-25,AXISBANK
2024-10-25,ULTRACEMCO
2024-10-25,M&M
2024-10-25,ITC
2024-10-25,ETERNAL
2024-10-25,EICHERMOT
2024-10-25,DRREDDY
2024-10-25,POWERGRID
2024-10-25,CIPLA
2024-10-28,AXISBANK
2024-10-28,ULTRACEMCO
2024-10-28,EICHERMOT
2024-10-28,M&M
2024-10-28,DRREDDY
2024-10-28,ITC
2024-10-28,ETERNAL
2024-10-28,CIPLA
2024-10-28,POWERGRID
2024-10-29,AXISBANK
2024-10-29,SBIN
2024-10-29,M&M
2024-10-29,ULTRACEMCO
2024-10-29,ITC
2024-10-29,POWERGRID
2024-10-29,DRREDDY
2024-10-30,AXISBANK
2024-10-30,ULTRACEMCO
2024-10-30,ITC
2024-10-30,INFY
2024-10-30,POWERGRID
2024-10-31,LT
2024-10-31,ULTRACEMCO
2024-10-31,AXISBANK
2024-10-31,ITC
2024-10-31,POWERGRID
2024-10-31,INFY
2024-10-31,ETERNAL
2024-11-01,AXISBANK
2024-11-01,ULTRACEMCO
2024-11-01,ITC
2024-11-01,ETERNAL
2024-11-01,POWERGRID
2024-11-01,INFY
2024-11-04,ULTRACEMCO
2024-11-04,ITC
2024-11-04,INFY
2024-11-04,GRASIM
2024-11-04,POWERGRID
2024-11-05,ULTRACEMCO
2024-11-05,GRASIM
2024-11-05,ITC
2024-11-05,INFY
2024-11-05,POWERGRID
2024-11-06,M&M
2024-11-06,BEL
2024-11-06,ULTRACEMCO
2024-11-06,GRASIM
2024-11-06,INFY
2024-11-06,ITC
2024-11-06,HDFCLIFE
2024-11-06,POWERGRID
2024-11-07,M&M
2024-11-07,ETERNAL
2024-11-07,ULTRACEMCO
2024-11-07,SHRIRAMFIN
2024-11-07,ITC
2024-11-07,HDFCLIFE
2024-11-07,GRASIM
2024-11-07,INFY
2024-11-07,POWERGRID
2024-11-07,HINDALCO
2024-11-08,ETERNAL
2024-11-08,ULTRACEMCO
2024-11-08,HDFCLIFE
2024-11-08,INFY
2024-11-08,GRASIM
2024-11-08,POWERGRID
2024-11-08,ITC
2024-11-08,HINDALCO
2024-11-11,ETERNAL
2024-11-11,POWERGRID
2024-11-11,ULTRACEMCO
2024-11-11,INFY
2024-11-11,HDFCLIFE
2024-11-11,ITC
2024-11-11,NTPC
2024-11-11,HINDALCO
2024-11-11,GRASIM
2024-11-12,ETERNAL
2024-11-12,INFY
2024-11-12,POWERGRID
2024-11-12,ULTRACEMCO
2024-11-12,HINDALCO
2024-11-12,HDFCLIFE
2024-11-12,GRASIM
2024-11-12,NTPC
2024-11-12,ITC
2024-11-13,ETERNAL
2024-11-13,INFY
2024-11-13,POWERGRID
2024-11-13,NTPC
2024-11-13,ULTRACEMCO
2024-11-13,ITC
2024-11-13,GRASIM
2024-11-13,HDFCLIFE
2024-11-14,ETERNAL
2024-11-14,INFY
2024-11-14,POWERGRID
2024-11-14,ULTRACEMCO
2024-11-14,ITC
2024-11-14,GRASIM
2024-11-14,HDFCLIFE
2024-11-18,ETERNAL
2024-11-18,POWERGRID
2024-11-18,INFY
2024-11-18,HDFCLIFE
2024-11-18,GRASIM
2024-11-18,ITC
2024-11-19,ETERNAL
2024-11-19,INFY
2024-11-19,POWERGRID
2024-11-19,ITC
2024-11-19,GRASIM
2024-11-19,HDFCLIFE
2024-11-21,ETERNAL
2024-11-21,POWERGRID
2024-11-21,INFY
2024-11-21,GRASIM
2024-11-21,HDFCLIFE
2024-11-21,ITC
2024-11-22,SBIN
2024-11-22,LT
2024-11-22,ETERNAL
2024-11-22,ULTRACEMCO
2024-11-22,HDFCLIFE
2024-11-22,GRASIM
2024-11-22,TCS
2024-11-22,ITC
2024-11-25,BEL
2024-11-25,ETERNAL
2024-11-25,GRASIM
2024-11-25,HDFCLIFE
2024-11-25,ITC
2024-11-26,ETERNAL
2024-11-26,HDFCLIFE
2024-11-26,GRASIM
2024-11-26,ITC
2024-11-27,ETERNAL
2024-11-27,HDFCLIFE
2024-11-27,SUNPHARMA
2024-11-27,GRASIM
2024-11-27,ITC
2024-11-28,ETERNAL
2024-11-28,HDFCLIFE
2024-11-28,SUNPHARMA
2024-11-28,GRASIM
2024-11-28,ITC
2024-11-29,ETERNAL
2024-11-29,SUNPHARMA
2024-11-29,GRASIM
2024-11-29,HDFCLIFE
2024-11-29,ITC
2024-12-02,ETERNAL
2024-12-02,SUNPHARMA
2024-12-02,ITC
2024-12-03,ETERNAL
2024-12-03,SUNPHARMA
2024-12-03,ITC
2024-12-04,ETERNAL
2024-12-04,SUNPHARMA
2024-12-04,BHARTIARTL
2024-12-04,ITC
2024-12-05,ETERNAL
2024-12-05,SUNPHARMA
2024-12-05,BHARTIARTL
2024-12-05,ITC
2024-12-06,ETERNAL
2024-12-06,SUNPHARMA
2024-12-06,ITC
2024-12-06,BHARTIARTL
2024-12-09,ETERNAL
2024-12-09,SUNPHARMA
2024-12-09,BHARTIARTL
2024-12-09,ITC
2024-12-10,ETERNAL
2024-12-10,SUNPHARMA
2024-12-10,BHARTIARTL
2024-12-10,ITC
2024-12-11,ETERNAL
2024-12-11,KOTAKBANK
2024-12-11,EICHERMOT
2024-12-11,SUNPHARMA
2024-12-11,BHARTIARTL
2024-12-11,ITC
2024-12-12,ETERNAL
2024-12-12,EICHERMOT
2024-12-12,KOTAKBANK
2024-12-12,BHARTIARTL
2024-12-12,SUNPHARMA
2024-12-12,ITC
2024-12-13,ETERNAL
2024-12-13,KOTAKBANK
2024-12-13,SUNPHARMA
2024-12-13,ITC
2024-12-16,ETERNAL
2024-12-16,SUNPHARMA
2024-12-16,ITC
2024-12-17,ETERNAL
2024-12-17,BAJFINANCE
2024-12-17,GRASIM
2024-12-17,SUNPHARMA
2024-12-17,JSWSTEEL
2024-12-17,ITC
2024-12-18,ETERNAL
2024-12-18,BAJFINANCE
2024-12-18,BHARTIARTL
2024-12-18,GRASIM
2024-12-18,SUNPHARMA
2024-12-18,JSWSTEEL
2024-12-18,ITC
2024-12-19,ETERNAL
2024-12-19,DRREDDY
2024-12-19,BHARTIARTL
2024-12-19,SUNPHARMA
2024-12-19,JSWSTEEL
2024-12-19,ITC
2024-12-20,DRREDDY
2024-12-20,ETERNAL
2024-12-20,ITC
2024-12-20,BHARTIARTL
2024-12-20,SUNPHARMA
2024-12-20,M&M
2024-12-23,DRREDDY
2024-12-23,ETERNAL
2024-12-23,ITC
2024-12-23,SUNPHARMA
2024-12-23,INDIGO
2024-12-23,BHARTIARTL
2024-12-23,M&M
2024-12-24,DRREDDY
2024-12-24,ETERNAL
2024-12-24,SUNPHARMA
2024-12-24,BHARTIARTL
2024-12-24,M&M
2024-12-26,DRREDDY
2024-12-26,ETERNAL
2024-12-26,BHARTIARTL
2024-12-26,M&M
2024-12-27,DRREDDY
2024-12-27,ETERNAL
2024-12-27,BHARTIARTL
2024-12-30,ETERNAL
2024-12-30,DRREDDY
2024-12-30,CIPLA
2024-12-30,BHARTIARTL
2024-12-31,DRREDDY
2024-12-31,ETERNAL
2024-12-31,CIPLA
2024-12-31,KOTAKBANK
2024-12-31,BHARTIARTL
2025-01-02,ETERNAL
2025-01-02,BAJFINANCE
2025-01-02,LT
2025-01-02,DRREDDY
2025-01-02,CIPLA
2025-01-02,KOTAKBANK
2025-01-02,BHARTIARTL
2025-01-03,BAJFINANCE
2025-01-03,KOTAKBANK
2025-01-03,ETERNAL
2025-01-03,DRREDDY
2025-01-03,CIPLA
2025-01-03,BHARTIARTL
2025-01-06,BAJFINANCE
2025-01-06,TITAN
2025-01-06,ETERNAL
2025-01-06,DRREDDY
2025-01-06,KOTAKBANK
2025-01-06,BAJAJFINSV
2025-01-06,BHARTIARTL
2025-01-07,TITAN
2025-01-07,BAJFINANCE
2025-01-07,DRREDDY
2025-01-07,KOTAKBANK
2025-01-07,TECHM
2025-01-07,ETERNAL
2025-01-07,BHARTIARTL
2025-01-08,TITAN
2025-01-08,BAJFINANCE
2025-01-08,DRREDDY
2025-01-08,ETERNAL
2025-01-08,HDFCBANK
2025-01-08,TECHM
2025-01-08,BHARTIARTL
2025-01-09,TITAN
2025-01-09,BAJFINANCE
2025-01-09,DRREDDY
2025-01-09,KOTAKBANK
2025-01-09,BAJAJFINSV
2025-01-09,ETERNAL
2025-01-09,TECHM
2025-01-09,BHARTIARTL
2025-01-09,HDFCBANK
2025-01-10,BAJFINANCE
2025-01-10,TCS
2025-01-10,DRREDDY
2025-01-10,TECHM
2025-01-10,ETERNAL
2025-01-10,HDFCBANK
2025-01-10,SUNPHARMA
2025-01-13,DRREDDY
2025-01-13,BAJFINANCE
2025-01-13,TECHM
2025-01-13,BAJAJFINSV
2025-01-13,SUNPHARMA
2025-01-13,ICICIBANK
2025-01-13,ETERNAL
2025-01-14,DRREDDY
2025-01-14,BAJFINANCE
2025-01-14,TECHM
2025-01-14,BAJAJFINSV
2025-01-14,SUNPHARMA
2025-01-14,ICICIBANK
2025-01-15,TECHM
2025-01-15,BAJFINANCE
2025-01-15,KOTAKBANK
2025-01-15,ETERNAL
2025-01-15,ICICIBANK
2025-01-15,SUNPHARMA
2025-01-16,TECHM
2025-01-16,BAJFINANCE
2025-01-16,KOTAKBANK
2025-01-16,ETERNAL
2025-01-16,BAJAJFINSV
2025-01-16,ICICIBANK
2025-01-16,SUNPHARMA
2025-01-17,MARUTI
2025-01-17,BAJFINANCE
2025-01-17,ETERNAL
2025-01-17,TECHM
2025-01-17,SUNPHARMA
2025-01-17,ICICIBANK
2025-01-20,KOTAKBANK
2025-01-20,BAJFINANCE
2025-01-20,TECHM
2025-01-20,BAJAJFINSV
2025-01-20,SUNPHARMA
2025-01-20,ICICIBANK
2025-03-20,HINDALCO
2025-03-20,TATASTEEL
2025-03-20,INDIGO
2025-03-20,SHRIRAMFIN
2025-03-20,HDFCLIFE
2025-03-20,BEL
2025-03-20,SUNPHARMA
2025-03-20,ETERNAL
2025-03-21,TATASTEEL
2025-03-21,HINDALCO
2025-03-21,INDIGO
2025-03-21,SHRIRAMFIN
2025-03-21,HDFCLIFE
2025-03-21,BEL
2025-03-21,CIPLA
2025-03-21,SUNPHARMA
2025-03-21,ETERNAL
2025-03-24,TATASTEEL
2025-03-24,SHRIRAMFIN
2025-03-24,HINDALCO
2025-03-24,INDIGO
2025-03-24,NTPC
2025-03-24,HDFCLIFE
2025-03-24,BEL
2025-03-24,CIPLA
2025-03-24,SUNPHARMA
2025-03-24,ETERNAL
2025-03-25,SHRIRAMFIN
2025-03-25,TATASTEEL
2025-03-25,HINDALCO
2025-03-25,BEL
2025-03-25,HDFCLIFE
2025-03-25,ULTRACEMCO
2025-03-25,SUNPHARMA
2025-03-25,ETERNAL
2025-03-26,SHRIRAMFIN
2025-03-26,TATASTEEL
2025-03-26,HINDALCO
2025-03-26,BEL
2025-03-26,HDFCLIFE
2025-03-26,ULTRACEMCO
2025-03-26,SUNPHARMA
2025-03-26,ETERNAL
2025-03-27,SHRIRAMFIN
2025-03-27,TATASTEEL
2025-03-27,HINDALCO
2025-03-27,HDFCLIFE
2025-03-27,GRASIM
2025-03-27,BEL
2025-03-27,ULTRACEMCO
2025-03-27,ETERNAL
2025-03-28,SHRIRAMFIN
2025-03-28,TATASTEEL
2025-03-28,HDFCLIFE
2025-03-28,HINDALCO
2025-03-28,BEL
2025-03-28,GRASIM
2025-03-28,ULTRACEMCO
2025-03-28,ETERNAL
2025-04-01,TATASTEEL
2025-04-01,SHRIRAMFIN
2025-04-01,GRASIM
2025-04-01,HINDALCO
2025-04-01,HDFCLIFE
2025-04-01,ULTRACEMCO
2025-04-01,BEL
2025-04-01,ETERNAL
2025-04-02,SHRIRAMFIN
2025-04-02,TATASTEEL
2025-04-02,TATACONSUM
2025-04-02,GRASIM
2025-04-02,HDFCLIFE
2025-04-02,ETERNAL
2025-04-03,SHRIRAMFIN
2025-04-03,TATASTEEL
2025-04-03,TATACONSUM
2025-04-03,GRASIM
2025-04-03,HDFCLIFE
2025-04-03,ULTRACEMCO
2025-04-03,SUNPHARMA
2025-04-03,ETERNAL
2025-04-15,HDFCLIFE
2025-04-15,TATACONSUM
2025-04-15,BEL
2025-04-15,GRASIM
2025-04-15,NESTLEIND
2025-04-15,JSWSTEEL
2025-04-15,ETERNAL
2025-04-15,ULTRACEMCO
2025-04-15,APOLLOHOSP
2025-04-16,AXISBANK
2025-04-16,TATACONSUM
2025-04-16,HDFCLIFE
2025-04-16,BEL
2025-04-16,GRASIM
2025-04-16,NESTLEIND
2025-04-16,APOLLOHOSP
2025-04-16,ULTRACEMCO
2025-04-16,ETERNAL
2025-04-17,AXISBANK
2025-04-17,TATACONSUM
2025-04-17,HDFCLIFE
2025-04-17,GRASIM
2025-04-17,NESTLEIND
2025-04-17,SBILIFE
2025-04-17,BEL
2025-04-17,ETERNAL
2025-04-17,SBIN
2025-04-17,APOLLOHOSP
2025-04-17,ULTRACEMCO
2025-04-21,AXISBANK
2025-04-21,HDFCLIFE
2025-04-21,GRASIM
2025-04-21,TATACONSUM
2025-04-21,POWERGRID
2025-04-21,ETERNAL
2025-04-21,SBIN
2025-04-21,APOLLOHOSP
2025-04-21,NESTLEIND
2025-04-21,ULTRACEMCO
2025-04-21,BEL
2025-04-22,AXISBANK
2025-04-22,HDFCLIFE
2025-04-22,POWERGRID
2025-04-22,BEL
2025-04-22,GRASIM
2025-04-22,SBILIFE
2025-04-22,TATACONSUM
2025-04-22,SBIN
2025-04-22,CIPLA
2025-04-22,ULTRACEMCO
2025-04-22,NESTLEIND
2025-04-22,APOLLOHOSP
2025-04-22,ETERNAL
2025-04-23,AXISBANK
2025-04-23,HDFCLIFE
2025-04-23,POWERGRID
2025-04-23,TATACONSUM
2025-04-23,BEL
2025-04-23,GRASIM
2025-04-23,NESTLEIND
2025-04-23,CIPLA
2025-04-23,APOLLOHOSP
2025-04-23,SBIN
2025-04-23,ULTRACEMCO
2025-04-23,ETERNAL
2025-04-24,AXISBANK
2025-04-24,TATACONSUM
2025-04-24,HDFCLIFE
2025-04-24,POWERGRID
2025-04-24,SBILIFE
2025-04-24,GRASIM
2025-04-24,NESTLEIND
2025-04-24,CIPLA
2025-04-24,BEL
2025-04-24,SBIN
2025-04-24,ULTRACEMCO
2025-04-24,SUNPHARMA
2025-04-24,APOLLOHOSP
2025-04-24,ETERNAL
2025-04-25,SBILIFE
2025-04-25,AXISBANK
2025-04-25,TATACONSUM
2025-04-25,HDFCLIFE
2025-04-25,GRASIM
2025-04-25,NESTLEIND
2025-04-25,BEL
2025-04-25,ULTRACEMCO
2025-04-25,SBIN
2025-04-25,CIPLA
2025-04-25,SUNPHARMA
2025-04-25,APOLLOHOSP
2025-04-25,ETERNAL
2025-04-28,SBILIFE
2025-04-28,AXISBANK
2025-04-28,TATACONSUM
2025-04-28,HDFCLIFE
2025-04-28,SBIN
2025-04-28,BEL
2025-04-28,GRASIM
2025-04-28,NESTLEIND
2025-04-28,RELIANCE
2025-04-28,CIPLA
2025-04-28,SUNPHARMA
2025-04-28,ULTRACEMCO
2025-04-28,APOLLOHOSP
2025-04-28,ETERNAL
2025-04-29,SBILIFE
2025-04-29,AXISBANK
2025-04-29,BEL
2025-04-29,TATACONSUM
2025-04-29,HDFCLIFE
2025-04-29,RELIANCE
2025-04-29,GRASIM
2025-04-29,SBIN
2025-04-29,NESTLEIND
2025-04-29,CIPLA
2025-04-29,SUNPHARMA
2025-04-29,APOLLOHOSP
2025-04-29,ULTRACEMCO
2025-04-29,ETERNAL
2025-04-30,SBILIFE
2025-04-30,HDFCLIFE
2025-04-30,BEL
2025-04-30,AXISBANK
2025-04-30,TATACONSUM
2025-04-30,RELIANCE
2025-04-30,APOLLOHOSP
2025-04-30,GRASIM
2025-04-30,NESTLEIND
2025-04-30,ETERNAL
2025-04-30,SUNPHARMA
2025-04-30,CIPLA
2025-04-30,ULTRACEMCO
2025-05-02,SBILIFE
2025-05-02,BEL
2025-05-02,AXISBANK
2025-05-02,RELIANCE
2025-05-02,HDFCLIFE
2025-05-02,TATACONSUM
2025-05-02,GRASIM
2025-05-02,ETERNAL
2025-05-02,APOLLOHOSP
2025-05-02,SBIN
2025-05-02,SUNPHARMA
2025-05-02,ULTRACEMCO
2025-05-02,JSWSTEEL
2025-05-05,BEL
2025-05-05,ADANIPORTS
2025-05-05,SBILIFE
2025-05-05,RELIANCE
2025-05-05,HDFCLIFE
2025-05-05,AXISBANK
2025-05-05,TATACONSUM
2025-05-05,GRASIM
2025-05-05,ETERNAL
2025-05-05,APOLLOHOSP
2025-05-05,SUNPHARMA
2025-05-05,ULTRACEMCO
2025-05-06,BEL
2025-05-06,SBILIFE
2025-05-06,RELIANCE
2025-05-06,AXISBANK
2025-05-06,HDFCLIFE
2025-05-06,TATACONSUM
2025-05-06,GRASIM
2025-05-06,APOLLOHOSP
2025-05-06,ETERNAL
2025-05-06,NESTLEIND
2025-05-06,SUNPHARMA
2025-05-06,ULTRACEMCO
2025-05-07,BEL
2025-05-07,ADANIPORTS
2025-05-07,SBILIFE
2025-05-07,POWERGRID
2025-05-07,AXISBANK
2025-05-07,HDFCLIFE
2025-05-07,RELIANCE
2025-05-07,TATACONSUM
2025-05-07,APOLLOHOSP
2025-05-07,M&M
2025-05-07,GRASIM
2025-05-07,ETERNAL
2025-05-07,SUNPHARMA
2025-05-07,ULTRACEMCO
2025-05-08,BEL
2025-05-08,AXISBANK
2025-05-08,SBILIFE
2025-05-08,HDFCLIFE
2025-05-08,RELIANCE
2025-05-08,GRASIM
2025-05-08,M&M
2025-05-08,TATACONSUM
2025-05-08,APOLLOHOSP
2025-05-08,ETERNAL
2025-05-08,ULTRACEMCO
2025-05-09,BEL
2025-05-09,ADANIPORTS
2025-05-09,SBILIFE
2025-05-09,HDFCLIFE
2025-05-09,AXISBANK
2025-05-09,RELIANCE
2025-05-09,TITAN
2025-05-09,TATACONSUM
2025-05-09,M&M
2025-05-09,GRASIM
2025-05-09,BAJFINANCE
2025-05-09,ULTRACEMCO
2025-05-09,ETERNAL
2025-05-12,ADANIPORTS
2025-05-12,SBILIFE
2025-05-12,HDFCLIFE
2025-05-12,AXISBANK
2025-05-12,RELIANCE
2025-05-12,POWERGRID
2025-05-12,TATACONSUM
2025-05-12,GRASIM
2025-05-12,TITAN
2025-05-12,SHRIRAMFIN
2025-05-12,SBIN
2025-05-12,TATASTEEL
2025-05-12,LT
2025-05-12,M&M
2025-05-12,APOLLOHOSP
2025-05-12,BAJFINANCE
2025-05-12,ULTRACEMCO
2025-05-12,ETERNAL
2025-05-13,ADANIPORTS
2025-05-13,AXISBANK
2025-05-13,SBILIFE
2025-05-13,RELIANCE
2025-05-13,M&M
2025-05-13,TITAN
2025-05-13,GRASIM
2025-05-13,TATACONSUM
2025-05-13,SBIN
2025-05-13,APOLLOHOSP
2025-05-13,SHRIRAMFIN
2025-05-13,BAJFINANCE
2025-05-13,LT
2025-05-13,ULTRACEMCO
2025-05-13,ETERNAL
2025-05-14,ADANIPORTS
2025-05-14,AXISBANK
2025-05-14,SBILIFE
2025-05-14,RELIANCE
2025-05-14,M&M
2025-05-14,GRASIM
2025-05-14,TITAN
2025-05-14,TATASTEEL
2025-05-14,TATACONSUM
2025-05-14,SBIN
2025-05-14,APOLLOHOSP
2025-05-14,LT
2025-05-14,BAJFINANCE
2025-05-14,ETERNAL
2025-05-14,ULTRACEMCO
2025-05-15,ADANIPORTS
2025-05-15,SBILIFE
2025-05-15,RELIANCE
2025-05-15,AXISBANK
2025-05-15,GRASIM
2025-05-15,TATASTEEL
2025-05-15,TATACONSUM
2025-05-15,TITAN
2025-05-15,SBIN
2025-05-15,M&M
2025-05-15,APOLLOHOSP
2025-05-15,LT
2025-05-15,ULTRACEMCO
2025-05-15,BAJFINANCE
2025-05-15,ETERNAL
2025-05-16,ADANIPORTS
2025-05-16,SBILIFE
2025-05-16,RELIANCE
2025-05-16,GRASIM
2025-05-16,AXISBANK
2025-05-16,M&M
2025-05-16,SBIN
2025-05-16,ULTRACEMCO
2025-05-16,TATASTEEL
2025-05-16,APOLLOHOSP
2025-05-16,TITAN
2025-05-16,LT
2025-05-16,ETERNAL
2025-05-16,BAJFINANCE
2025-05-19,ADANIPORTS
2025-05-19,SBILIFE
2025-05-19,M&M
2025-05-19,RELIANCE
2025-05-19,AXISBANK
2025-05-19,SBIN
2025-05-19,TITAN
2025-05-19,APOLLOHOSP
2025-05-19,TATASTEEL
2025-05-19,LT
2025-05-19,BAJFINANCE
2025-05-19,ETERNAL
2025-05-20,ADANIPORTS
2025-05-20,SBILIFE
2025-05-20,RELIANCE
2025-05-20,AXISBANK
2025-05-20,M&M
2025-05-20,TITAN
2025-05-20,SBIN
2025-05-20,APOLLOHOSP
2025-05-20,LT
2025-05-20,KOTAKBANK
2025-05-20,BAJFINANCE
2025-05-20,ETERNAL
2025-05-21,ADANIPORTS
2025-05-21,SBILIFE
2025-05-21,RELIANCE
2025-05-21,M&M
2025-05-21,TITAN
2025-05-21,APOLLOHOSP
2025-05-21,SBIN
2025-05-21,LT
2025-05-21,KOTAKBANK
2025-05-21,BAJFINANCE
2025-05-21,ETERNAL
2025-05-22,ADANIPORTS
2025-05-22,RELIANCE
2025-05-22,TITAN
2025-05-22,APOLLOHOSP
2025-05-22,BAJFINANCE
2025-05-22,M&M
2025-05-22,SBIN
2025-05-22,LT
2025-05-22,KOTAKBANK
2025-05-22,SHRIRAMFIN
2025-05-22,ETERNAL
2025-05-23,ADANIPORTS
2025-05-23,RELIANCE
2025-05-23,TITAN
2025-05-23,APOLLOHOSP
2025-05-23,LT
2025-05-23,SBIN
2025-05-23,BAJFINANCE
2025-05-23,M&M
2025-05-23,KOTAKBANK
2025-05-23,ETERNAL
2025-05-23,SHRIRAMFIN
2025-05-26,ADANIPORTS
2025-05-26,TITAN
2025-05-26,RELIANCE
2025-05-26,APOLLOHOSP
2025-05-26,M&M
2025-05-26,LT
2025-05-26,SBIN
2025-05-26,BAJFINANCE
2025-05-26,KOTAKBANK
2025-05-26,SHRIRAMFIN
2025-05-26,ETERNAL
2025-05-27,ADANIPORTS
2025-05-27,TITAN
2025-05-27,APOLLOHOSP
2025-05-27,RELIANCE
2025-05-27,LT
2025-05-27,M&M
2025-05-27,SBIN
2025-05-27,BAJFINANCE
2025-05-27,GRASIM
2025-05-27,ULTRACEMCO
2025-05-27,KOTAKBANK
2025-05-27,EICHERMOT
2025-05-27,ETERNAL
2025-05-27,SHRIRAMFIN
2025-05-28,ADANIPORTS
2025-05-28,TITAN
2025-05-28,LT
2025-05-28,APOLLOHOSP
2025-05-28,M&M
2025-05-28,RELIANCE
2025-05-28,SBIN
2025-05-28,BAJFINANCE
2025-05-28,ETERNAL
2025-05-28,KOTAKBANK
2025-05-28,EICHERMOT
2025-05-28,SHRIRAMFIN
2025-05-29,ADANIPORTS
2025-05-29,TITAN
2025-05-29,LT
2025-05-29,M&M
2025-05-29,RELIANCE
2025-05-29,APOLLOHOSP
2025-05-29,SBIN
2025-05-29,ETERNAL
2025-05-29,BAJFINANCE
2025-05-29,EICHERMOT
2025-05-29,KOTAKBANK
2025-05-29,SHRIRAMFIN
2025-05-30,ADANIPORTS
2025-05-30,ETERNAL
2025-05-30,TITAN
2025-05-30,LT
2025-05-30,SBIN
2025-05-30,APOLLOHOSP
2025-05-30,M&M
2025-05-30,BAJFINANCE
2025-05-30,EICHERMOT
2025-05-30,KOTAKBANK
2025-05-30,SHRIRAMFIN
2025-06-02,ADANIPORTS
2025-06-02,ETERNAL
2025-06-02,TITAN
2025-06-02,LT
2025-06-02,SBIN
2025-06-02,APOLLOHOSP
2025-06-02,M&M
2025-06-02,BAJFINANCE
2025-06-02,EICHERMOT
2025-06-02,KOTAKBANK
2025-06-02,SHRIRAMFIN
2025-06-03,TITAN
2025-06-03,LT
2025-06-03,SBIN
2025-06-03,M&M
2025-06-03,NESTLEIND
2025-06-03,ETERNAL
2025-06-03,EICHERMOT
2025-06-03,BAJFINANCE
2025-06-03,SHRIRAMFIN
2025-06-03,KOTAKBANK
2025-06-04,TITAN
2025-06-04,LT
2025-06-04,ETERNAL
2025-06-04,M&M
2025-06-04,BAJAJFINSV
2025-06-04,EICHERMOT
2025-06-04,BAJFINANCE
2025-06-04,KOTAKBANK
2025-06-04,SHRIRAMFIN
2025-06-05,ETERNAL
2025-06-05,TITAN
2025-06-05,LT
2025-06-05,M&M
2025-06-05,BAJAJFINSV
2025-06-05,BAJFINANCE
2025-06-05,EICHERMOT
2025-06-05,KOTAKBANK
2025-06-05,SHRIRAMFIN
2025-06-06,ETERNAL
2025-06-06,TITAN
2025-06-06,M&M
2025-06-06,DRREDDY
2025-06-06,LT
2025-06-06,BAJAJFINSV
2025-06-06,BAJFINANCE
2025-06-06,SHRIRAMFIN
2025-06-06,EICHERMOT
2025-06-06,KOTAKBANK
2025-06-09,ETERNAL
2025-06-09,TITAN
2025-06-09,M&M
2025-06-09,ADANIENT
2025-06-09,DRREDDY
2025-06-09,LT
2025-06-09,BAJAJFINSV
2025-06-09,BAJFINANCE
2025-06-09,SHRIRAMFIN
2025-06-09,EICHERMOT
2025-06-09,KOTAKBANK
2025-06-10,ETERNAL
2025-06-10,DRREDDY
2025-06-10,M&M
2025-06-10,TECHM
2025-06-10,LT
2025-06-10,BAJFINANCE
2025-06-10,SHRIRAMFIN
2025-06-10,BAJAJFINSV
2025-06-10,KOTAKBANK
2025-06-10,EICHERMOT
2025-06-11,ETERNAL
2025-06-11,DRREDDY
2025-06-11,TECHM
2025-06-11,M&M
2025-06-11,ADANIENT
2025-06-11,LT
2025-06-11,BAJFINANCE
2025-06-11,BAJAJFINSV
2025-06-11,SHRIRAMFIN
2025-06-11,KOTAKBANK
2025-06-11,EICHERMOT
2025-06-12,ETERNAL
2025-06-12,DRREDDY
2025-06-12,TECHM
2025-06-12,APOLLOHOSP
2025-06-12,BAJFINANCE
2025-06-12,LT
2025-06-12,BAJAJFINSV
2025-06-12,KOTAKBANK
2025-06-12,EICHERMOT
2025-06-12,SHRIRAMFIN
2025-06-13,ETERNAL
2025-06-13,DRREDDY
2025-06-13,TECHM
2025-06-13,MARUTI
2025-06-13,APOLLOHOSP
2025-06-13,BAJFINANCE
2025-06-13,LT
2025-06-13,INDIGO
2025-06-13,SHRIRAMFIN
2025-06-13,BAJAJFINSV
2025-06-13,EICHERMOT
2025-06-13,KOTAKBANK
2025-06-16,ETERNAL
2025-06-16,TECHM
2025-06-16,DRREDDY
2025-06-16,HCLTECH
2025-06-16,MARUTI
2025-06-16,BAJFINANCE
2025-06-16,APOLLOHOSP
2025-06-16,INDIGO
2025-06-16,LT
2025-06-16,SHRIRAMFIN
2025-06-16,BAJAJFINSV
2025-06-16,EICHERMOT
2025-06-16,KOTAKBANK
2025-06-17,TECHM
2025-06-17,ETERNAL
2025-06-17,DRREDDY
2025-06-17,HCLTECH
2025-06-17,MARUTI
2025-06-17,BAJFINANCE
2025-06-17,LT
2025-06-17,NESTLEIND
2025-06-17,INDIGO
2025-06-17,APOLLOHOSP
2025-06-17,SHRIRAMFIN
2025-06-17,BAJAJFINSV
2025-06-17,TATACONSUM
2025-06-17,EICHERMOT
2025-06-17,KOTAKBANK
2025-06-18,TECHM
2025-06-18,HCLTECH
2025-06-18,ETERNAL
2025-06-18,DRREDDY
2025-06-18,BAJFINANCE
2025-06-18,LT
2025-06-18,ICICIBANK
2025-06-18,INDIGO
2025-06-18,NESTLEIND
2025-06-18,APOLLOHOSP
2025-06-18,BAJAJFINSV
2025-06-18,SHRIRAMFIN
2025-06-18,EICHERMOT
2025-06-18,TATACONSUM
2025-06-18,KOTAKBANK
2025-06-19,TECHM
2025-06-19,HCLTECH
2025-06-19,DRREDDY
2025-06-19,ETERNAL
2025-06-19,LT
2025-06-19,ICICIBANK
2025-06-19,EICHERMOT
2025-06-19,APOLLOHOSP
2025-06-19,SBIN
2025-06-19,BAJFINANCE
2025-06-19,INDIGO
2025-06-19,BAJAJFINSV
2025-06-19,TATACONSUM
2025-06-19,KOTAKBANK
2025-06-19,SHRIRAMFIN
2025-06-20,TECHM
2025-06-20,HCLTECH
2025-06-20,ADANIPORTS
2025-06-20,DRREDDY
2025-06-20,ETERNAL
2025-06-20,LT
2025-06-20,ICICIBANK
2025-06-20,EICHERMOT
2025-06-20,SBIN
2025-06-20,SHRIRAMFIN
2025-06-20,INDIGO
2025-06-20,BAJAJFINSV
2025-06-20,KOTAKBANK
2025-06-20,BAJFINANCE
2025-06-20,TATACONSUM
2025-06-20,APOLLOHOSP
2025-06-23,TECHM
2025-06-23,DRREDDY
2025-06-23,ETERNAL
2025-06-23,HINDALCO
2025-06-23,LT
2025-06-23,ICICIBANK
2025-06-23,KOTAKBANK
2025-06-23,EICHERMOT
2025-06-23,INDIGO
2025-06-23,BAJAJFINSV
2025-06-23,SBIN
2025-06-23,TATACONSUM
2025-06-23,BAJFINANCE
2025-06-23,APOLLOHOSP
2025-06-23,SHRIRAMFIN
2025-06-24,TECHM
2025-06-24,DRREDDY
2025-06-24,ETERNAL
2025-06-24,LT
2025-06-24,HINDALCO
2025-06-24,ICICIBANK
2025-06-24,SBIN
2025-06-24,KOTAKBANK
2025-06-24,SHRIRAMFIN
2025-06-24,INDIGO
2025-06-24,EICHERMOT
2025-06-24,BAJAJFINSV
2025-06-24,BAJFINANCE
2025-06-24,APOLLOHOSP
2025-06-24,TATACONSUM
2025-06-25,TECHM
2025-06-25,HCLTECH
2025-06-25,DRREDDY
2025-06-25,ETERNAL
2025-06-25,HINDALCO
2025-06-25,INDIGO
2025-06-25,ICICIBANK
2025-06-25,SBIN
2025-06-25,SHRIRAMFIN
2025-06-25,BAJFINANCE
2025-06-25,EICHERMOT
2025-06-25,KOTAKBANK
2025-06-25,APOLLOHOSP
2025-06-25,TATACONSUM
2025-06-25,BAJAJFINSV
2025-06-26,TECHM
2025-06-26,HCLTECH
2025-06-26,ETERNAL
2025-06-26,DRREDDY
2025-06-26,HINDALCO
2025-06-26,INDIGO
2025-06-26,ICICIBANK
2025-06-26,SBIN
2025-06-26,BAJFINANCE
2025-06-26,SHRIRAMFIN
2025-06-26,TATACONSUM
2025-06-26,BAJAJFINSV
2025-06-26,KOTAKBANK
2025-06-26,APOLLOHOSP
2025-06-26,EICHERMOT
2025-06-27,TECHM
2025-06-27,HCLTECH
2025-06-27,ETERNAL
2025-06-27,HINDALCO
2025-06-27,DRREDDY
2025-06-27,ICICIBANK
2025-06-27,SBIN
2025-06-27,BAJFINANCE
2025-06-27,APOLLOHOSP
2025-06-27,KOTAKBANK
2025-06-27,BAJAJFINSV
2025-06-27,SHRIRAMFIN
2025-06-27,TATACONSUM
2025-06-27,EICHERMOT
2025-06-30,TECHM
2025-06-30,HCLTECH
2025-06-30,TRENT
2025-06-30,ETERNAL
2025-06-30,HINDALCO
2025-06-30,DRREDDY
2025-06-30,MARUTI
2025-06-30,SBIN
2025-06-30,BAJFINANCE
2025-06-30,ICICIBANK
2025-06-30,APOLLOHOSP
2025-06-30,SHRIRAMFIN
2025-06-30,BAJAJFINSV
2025-06-30,AXISBANK
2025-06-30,EICHERMOT
2025-06-30,KOTAKBANK
2025-06-30,TATACONSUM
2025-07-01,TECHM
2025-07-01,HCLTECH
2025-07-01,HINDALCO
2025-07-01,ETERNAL
2025-07-01,ADANIENT
2025-07-01,MARUTI
2025-07-01,APOLLOHOSP
2025-07-01,SBIN
2025-07-01,BAJFINANCE
2025-07-01,ICICIBANK
2025-07-01,SHRIRAMFIN
2025-07-01,TATACONSUM
2025-07-01,EICHERMOT
2025-07-01,BAJAJFINSV
2025-07-01,KOTAKBANK
2025-07-01,AXISBANK
2025-07-02,TECHM
2025-07-02,HCLTECH
2025-07-02,TRENT
2025-07-02,HINDALCO
2025-07-02,ETERNAL
2025-07-02,APOLLOHOSP
2025-07-02,SBIN
2025-07-02,ICICIBANK
2025-07-02,BAJFINANCE
2025-07-02,EICHERMOT
2025-07-02,TATACONSUM
2025-07-02,BAJAJFINSV
2025-07-02,AXISBANK
2025-07-02,SHRIRAMFIN
2025-07-02,KOTAKBANK
2025-07-03,TECHM
2025-07-03,HINDALCO
2025-07-03,ETERNAL
2025-07-03,HCLTECH
2025-07-03,ADANIENT
2025-07-03,SBIN
2025-07-03,ICICIBANK
2025-07-03,EICHERMOT
2025-07-03,BAJFINANCE
2025-07-03,AXISBANK
2025-07-03,SHRIRAMFIN
2025-07-03,KOTAKBANK
2025-07-03,TATACONSUM
2025-07-03,BAJAJFINSV
2025-07-04,TECHM
2025-07-04,HINDALCO
2025-07-04,ETERNAL
2025-07-04,HCLTECH
2025-07-04,ICICIBANK
2025-07-04,SBIN
2025-07-04,BAJFINANCE
2025-07-04,EICHERMOT
2025-07-04,AXISBANK
2025-07-04,SHRIRAMFIN
2025-07-04,KOTAKBANK
2025-07-04,BAJAJFINSV
2025-07-04,TATACONSUM
2025-07-07,TECHM
2025-07-07,ETERNAL
2025-07-07,HCLTECH
2025-07-07,ADANIENT
2025-07-07,SBIN
2025-07-07,SHRIRAMFIN
2025-07-07,ICICIBANK
2025-07-07,BAJFINANCE
2025-07-07,EICHERMOT
2025-07-07,AXISBANK
2025-07-07,BAJAJFINSV
2025-07-07,KOTAKBANK
2025-07-07,TATACONSUM
2025-07-08,ETERNAL
2025-07-08,TECHM
2025-07-08,HCLTECH
2025-07-08,MARUTI
2025-07-08,BAJFINANCE
2025-07-08,TITAN
2025-07-08,SBIN
2025-07-08,EICHERMOT
2025-07-08,ICICIBANK
2025-07-08,KOTAKBANK
2025-07-08,BAJAJFINSV
2025-07-08,AXISBANK
2025-07-08,TATACONSUM
2025-07-09,ETERNAL
2025-07-09,ADANIENT
2025-07-09,TECHM
2025-07-09,MARUTI
2025-07-09,BAJFINANCE
2025-07-09,EICHERMOT
2025-07-09,TITAN
2025-07-09,SBIN
2025-07-09,KOTAKBANK
2025-07-09,ICICIBANK
2025-07-09,AXISBANK
2025-07-09,BAJAJFINSV
2025-07-09,TATACONSUM
2025-07-10,ETERNAL
2025-07-10,ULTRACEMCO
2025-07-10,BAJAJFINSV
2025-07-10,SBIN
2025-07-10,MARUTI
2025-07-10,EICHERMOT
2025-07-10,TITAN
2025-07-10,KOTAKBANK
2025-07-10,ICICIBANK
2025-07-10,AXISBANK
2025-07-10,TATACONSUM
2025-07-11,ETERNAL
2025-07-11,ADANIENT
2025-07-11,HINDUNILVR
2025-07-11,JSWSTEEL
2025-07-11,HDFCLIFE
2025-07-11,SBIN
2025-07-11,EICHERMOT
2025-07-11,BAJAJFINSV
2025-07-11,KOTAKBANK
2025-07-11,MARUTI
2025-07-11,ICICIBANK
2025-07-11,AXISBANK
2025-07-11,TATACONSUM
2025-07-14,ETERNAL
2025-07-14,SBIN
2025-07-14,HDFCLIFE
2025-07-14,EICHERMOT
2025-07-14,MARUTI
2025-07-14,AXISBANK
2025-07-14,ICICIBANK
2025-07-14,BAJAJFINSV
2025-07-14,TATACONSUM
2025-07-15,ETERNAL
2025-07-15,ADANIENT
2025-07-15,HINDUNILVR
2025-07-15,LT
2025-07-15,HDFCLIFE
2025-07-15,EICHERMOT
2025-07-15,AXISBANK
2025-07-15,BAJAJFINSV
2025-07-15,ICICIBANK
2025-07-15,MARUTI
2025-07-15,TATACONSUM
2025-07-16,ETERNAL
2025-07-16,TECHM
2025-07-16,LT
2025-07-16,HDFCLIFE
2025-07-16,EICHERMOT
2025-07-16,AXISBANK
2025-07-16,BAJAJFINSV
2025-07-16,MARUTI
2025-07-16,ICICIBANK
2025-07-16,TATACONSUM
2025-07-17,ADANIENT
2025-07-17,ETERNAL
2025-07-17,HINDUNILVR
2025-07-17,EICHERMOT
2025-07-17,HDFCLIFE
2025-07-17,BAJAJFINSV
2025-07-17,MARUTI
2025-07-17,TATACONSUM
2025-07-17,AXISBANK
2025-07-17,ICICIBANK
2025-07-18,ETERNAL
2025-07-18,EICHERMOT
2025-07-18,SBILIFE
2025-07-18,HDFCLIFE
2025-07-18,BAJAJFINSV
2025-07-18,ICICIBANK
2025-07-18,MARUTI
2025-07-18,TATACONSUM
2025-07-21,ETERNAL
2025-07-21,ADANIENT
2025-07-21,HINDUNILVR
2025-07-21,NESTLEIND
2025-07-21,SBILIFE
2025-07-21,HDFCLIFE
2025-07-21,SHRIRAMFIN
2025-07-21,ICICIBANK
2025-07-21,EICHERMOT
2025-07-21,BAJAJFINSV
2025-07-21,RELIANCE
2025-07-21,MARUTI
2025-07-21,TATACONSUM
2025-07-22,ETERNAL
2025-07-22,HDFCLIFE
2025-07-22,SBILIFE
2025-07-22,NESTLEIND
2025-07-22,DRREDDY
2025-07-22,ICICIBANK
2025-07-22,SHRIRAMFIN
2025-07-22,BAJAJFINSV
2025-07-22,EICHERMOT
2025-07-22,MARUTI
2025-07-22,RELIANCE
2025-07-22,TATACONSUM
2025-07-23,ETERNAL
2025-07-23,ADANIENT
2025-07-23,HINDUNILVR
2025-07-23,NESTLEIND
2025-07-23,SBILIFE
2025-07-23,HDFCLIFE
2025-07-23,DRREDDY
2025-07-23,BAJAJFINSV
2025-07-23,SHRIRAMFIN
2025-07-23,RELIANCE
2025-07-23,EICHERMOT
2025-07-23,MARUTI
2025-07-23,TATACONSUM
2025-07-24,ETERNAL
2025-07-24,DRREDDY
2025-07-24,HDFCLIFE
2025-07-24,ADANIPORTS
2025-07-24,SBILIFE
2025-07-24,EICHERMOT
2025-07-24,BAJAJFINSV
2025-07-24,NESTLEIND
2025-07-24,MARUTI
2025-07-24,RELIANCE
2025-07-24,SHRIRAMFIN
2025-07-24,TATACONSUM
2025-07-25,ETERNAL
2025-07-25,CIPLA
2025-07-25,HINDUNILVR
2025-07-25,HDFCLIFE
2025-07-25,BAJFINANCE
2025-07-25,ADANIPORTS
2025-07-25,EICHERMOT
2025-07-25,BAJAJFINSV
2025-07-25,RELIANCE
2025-07-25,MARUTI
2025-07-25,TATACONSUM
2025-07-28,ETERNAL
2025-07-28,HDFCLIFE
2025-07-28,GRASIM
2025-07-28,ADANIPORTS
2025-07-28,EICHERMOT
2025-07-28,BAJAJFINSV
2025-07-28,RELIANCE
2025-07-28,BAJFINANCE
2025-07-28,MARUTI
2025-07-28,KOTAKBANK
2025-07-28,TATACONSUM
2025-07-29,ETERNAL
2025-07-29,HINDUNILVR
2025-07-29,ASIANPAINT
2025-07-29,SBIN
2025-07-29,EICHERMOT
2025-07-29,HDFCLIFE
2025-07-29,ADANIPORTS
2025-07-29,GRASIM
2025-07-29,RELIANCE
2025-07-29,MARUTI
2025-07-29,BAJAJFINSV
2025-07-29,BAJFINANCE
2025-07-29,TATACONSUM
2025-07-29,KOTAKBANK
2025-07-30,ETERNAL
2025-07-30,LT
2025-07-30,SBIN
2025-07-30,EICHERMOT
2025-07-30,ADANIPORTS
2025-07-30,BEL
2025-07-30,MARUTI
2025-07-30,HDFCLIFE
2025-07-30,RELIANCE
2025-07-30,BAJFINANCE
2025-07-30,BAJAJFINSV
2025-07-30,TATACONSUM
2025-07-31,ETERNAL
2025-07-31,HINDUNILVR
2025-07-31,ASIANPAINT
2025-07-31,EICHERMOT
2025-07-31,SBIN
2025-07-31,MARUTI
2025-07-31,ADANIPORTS
2025-07-31,HDFCLIFE
2025-07-31,TATASTEEL
2025-07-31,BEL
2025-07-31,RELIANCE
2025-07-31,BAJAJFINSV
2025-07-31,BAJFINANCE
2025-07-31,TATACONSUM
2025-08-01,ETERNAL
2025-08-01,SBIN
2025-08-01,MARUTI
2025-08-01,BEL
2025-08-01,RELIANCE
2025-08-01,ADANIPORTS
2025-08-01,TATASTEEL
2025-08-01,HDFCLIFE
2025-08-01,BAJFINANCE
2025-08-01,TATACONSUM
2025-08-01,BAJAJFINSV
2025-08-04,ETERNAL
2025-08-04,ASIANPAINT
2025-08-04,BEL
2025-08-04,MARUTI
2025-08-04,SBIN
2025-08-04,ADANIPORTS
2025-08-04,RELIANCE
2025-08-04,BAJFINANCE
2025-08-04,HDFCLIFE
2025-08-04,TATACONSUM
2025-08-04,BAJAJFINSV
2025-08-05,ETERNAL
2025-08-05,SBIN
2025-08-05,BEL
2025-08-05,RELIANCE
2025-08-05,BAJFINANCE
2025-08-05,ADANIPORTS
2025-08-05,BAJAJFINSV
2025-08-05,HDFCLIFE
2025-08-05,TATACONSUM
2025-08-06,ETERNAL
2025-08-06,ASIANPAINT
2025-08-06,SBIN
2025-08-06,BEL
2025-08-06,RELIANCE
2025-08-06,ADANIPORTS
2025-08-06,HDFCLIFE
2025-08-06,BAJAJFINSV
2025-08-06,BAJFINANCE
2025-08-06,TATACONSUM
2025-08-07,ETERNAL
2025-08-07,SBIN
2025-08-07,BEL
2025-08-07,ICICIBANK
2025-08-07,RELIANCE
2025-08-07,HDFCLIFE
2025-08-07,BAJFINANCE
2025-08-07,BAJAJFINSV
2025-08-07,TATACONSUM
2025-08-07,ADANIPORTS
2025-08-08,ETERNAL
2025-08-08,ASIANPAINT
2025-08-08,HINDUNILVR
2025-08-08,BEL
2025-08-08,ICICIBANK
2025-08-08,SBIN
2025-08-08,HDFCLIFE
2025-08-08,RELIANCE
2025-08-08,BAJFINANCE
2025-08-08,BAJAJFINSV
2025-08-08,TATACONSUM
2025-08-08,ADANIPORTS
2025-08-11,ETERNAL
2025-08-11,HDFCLIFE
2025-08-11,BEL
2025-08-11,ICICIBANK
2025-08-11,RELIANCE
2025-08-11,BAJFINANCE
2025-08-11,BAJAJFINSV
2025-08-11,TATACONSUM
2025-08-11,ADANIPORTS
2025-08-12,ETERNAL
2025-08-12,ASIANPAINT
2025-08-12,HDFCLIFE
2025-08-12,ICICIBANK
2025-08-12,COALINDIA
2025-08-12,BEL
2025-08-12,RELIANCE
2025-08-12,BAJAJFINSV
2025-08-12,BAJFINANCE
2025-08-12,TATACONSUM
2025-08-12,ADANIPORTS
2025-08-13,ETERNAL
2025-08-13,HINDUNILVR
2025-08-13,ICICIBANK
2025-08-13,BEL
2025-08-13,BAJAJFINSV
2025-08-13,RELIANCE
2025-08-13,BAJFINANCE
2025-08-13,TATACONSUM
2025-08-13,ADANIPORTS
2025-08-14,ETERNAL
2025-08-14,ASIANPAINT
2025-08-14,TITAN
2025-08-14,BAJAJFINSV
2025-08-14,ICICIBANK
2025-08-14,BEL
2025-08-14,BAJFINANCE
2025-08-14,RELIANCE
2025-08-14,TATACONSUM
2025-08-14,ADANIPORTS
2025-08-18,ETERNAL
2025-08-18,HINDUNILVR
2025-08-18,BAJAJ-AUTO
2025-08-18,BAJAJFINSV
2025-08-18,BEL
2025-08-18,BAJFINANCE
2025-08-18,RELIANCE
2025-08-18,TATACONSUM
2025-08-18,ADANIPORTS
2025-08-19,ETERNAL
2025-08-19,ASIANPAINT
2025-08-19,RELIANCE
2025-08-19,BAJAJFINSV
2025-08-19,BEL
2025-08-19,TATACONSUM
2025-08-19,BAJFINANCE
2025-08-19,ADANIPORTS
2025-08-20,ETERNAL
2025-08-20,BAJAJ-AUTO
2025-08-20,NTPC
2025-08-20,TATACONSUM
2025-08-20,RELIANCE
2025-08-20,BAJAJFINSV
2025-08-20,BEL
2025-08-20,BAJFINANCE
2025-08-20,ADANIPORTS
2025-08-21,ETERNAL
2025-08-21,ASIANPAINT
2025-08-21,RELIANCE
2025-08-21,TATACONSUM
2025-08-21,BAJAJFINSV
2025-08-21,BEL
2025-08-21,BAJFINANCE
2025-08-21,ADANIPORTS
2025-08-22,ETERNAL
2025-08-22,BAJAJ-AUTO
2025-08-22,RELIANCE
2025-08-22,BEL
2025-08-22,BAJAJFINSV
2025-08-22,BAJFINANCE
2025-08-22,ADANIPORTS
2025-08-25,ETERNAL
2025-08-25,ASIANPAINT
2025-08-25,TATACONSUM
2025-08-25,RELIANCE
2025-08-25,MAXHEALTH
2025-08-25,BAJAJFINSV
2025-08-25,BAJFINANCE
2025-08-25,ADANIPORTS
2025-08-25,BEL
2025-08-26,ETERNAL
2025-08-26,BAJAJ-AUTO
2025-08-26,TATACONSUM
2025-08-26,LT
2025-08-26,RELIANCE
2025-08-26,MAXHEALTH
2025-08-26,BAJAJFINSV
2025-08-26,ADANIPORTS
2025-08-26,BAJFINANCE
2025-08-28,ETERNAL
2025-08-28,ASIANPAINT
2025-08-28,TATACONSUM
2025-08-28,LT
2025-08-28,RELIANCE
2025-08-28,BAJAJFINSV
2025-08-28,BAJFINANCE
2025-08-28,MAXHEALTH
2025-08-28,ADANIPORTS
2025-08-29,BAJAJ-AUTO
2025-08-29,TATACONSUM
2025-08-29,MAXHEALTH
2025-08-29,BAJAJFINSV
2025-08-29,ADANIPORTS
2025-08-29,BAJFINANCE
2025-08-29,RELIANCE
2025-09-01,ASIANPAINT
2025-09-01,NESTLEIND
2025-09-01,MAXHEALTH
2025-09-01,COALINDIA
2025-09-01,ADANIPORTS
2025-09-01,HDFCBANK
2025-09-01,TATACONSUM
2025-09-01,BAJAJFINSV
2025-09-01,BAJFINANCE
2025-09-01,RELIANCE
2025-09-02,BAJAJ-AUTO
2025-09-02,ADANIPORTS
2025-09-02,BAJAJFINSV
2025-09-02,ICICIBANK
2025-09-02,BAJFINANCE
2025-09-02,BHARTIARTL
2025-09-02,LT
2025-09-02,HDFCBANK
2025-09-02,MAXHEALTH
2025-09-02,RELIANCE
2025-09-03,ASIANPAINT
2025-09-03,COALINDIA
2025-09-03,HDFCBANK
2025-09-03,ICICIBANK
2025-09-03,BAJAJFINSV
2025-09-03,ADANIPORTS
2025-09-03,BHARTIARTL
2025-09-03,BAJFINANCE
2025-09-03,MAXHEALTH
2025-09-03,RELIANCE
2025-09-04,BAJAJ-AUTO
2025-09-04,ICICIBANK
2025-09-04,HDFCBANK
2025-09-04,BHARTIARTL
2025-09-04,SBILIFE
2025-09-04,MAXHEALTH
2025-09-04,HDFCLIFE
2025-09-04,TATACONSUM
2025-09-04,ADANIPORTS
2025-09-04,RELIANCE
2025-09-05,ASIANPAINT
2025-09-05,COALINDIA
2025-09-05,ICICIBANK
2025-09-05,HDFCBANK
2025-09-05,SBILIFE
2025-09-05,BHARTIARTL
2025-09-05,HDFCLIFE
2025-09-05,TATACONSUM
2025-09-05,ADANIPORTS
2025-09-05,MAXHEALTH
2025-09-05,RELIANCE
2025-09-08,BAJAJ-AUTO
2025-09-08,ICICIBANK
2025-09-08,HDFCBANK
2025-09-08,LT
2025-09-08,SBILIFE
2025-09-08,BHARTIARTL
2025-09-08,ADANIPORTS
2025-09-08,HDFCLIFE
2025-09-08,TATACONSUM
2025-09-08,RELIANCE
2025-09-08,MAXHEALTH
2025-09-09,ASIANPAINT
2025-09-09,COALINDIA
2025-09-09,DRREDDY
2025-09-09,SBILIFE
2025-09-09,INDIGO
2025-09-09,ICICIBANK
2025-09-09,TATACONSUM
2025-09-09,HDFCBANK
2025-09-09,ADANIPORTS
2025-09-09,LT
2025-09-09,HDFCLIFE
2025-09-09,BHARTIARTL
2025-09-09,RELIANCE
2025-09-09,MAXHEALTH
2025-09-10,BAJAJ-AUTO
2025-09-10,ICICIBANK
2025-09-10,HDFCBANK
2025-09-10,LT
2025-09-10,ADANIPORTS
2025-09-10,HDFCLIFE
2025-09-10,BHARTIARTL
2025-09-10,INDIGO
2025-09-10,MAXHEALTH
2025-09-10,RELIANCE
2025-09-11,ASIANPAINT
2025-09-11,COALINDIA
2025-09-11,ICICIBANK
2025-09-11,SBILIFE
2025-09-11,LT
2025-09-11,HDFCBANK
2025-09-11,ADANIPORTS
2025-09-11,HDFCLIFE
2025-09-11,BHARTIARTL
2025-09-11,INDIGO
2025-09-11,MAXHEALTH
2025-09-11,RELIANCE
2025-09-12,BAJAJ-AUTO
2025-09-12,ICICIBANK
2025-09-12,HDFCBANK
2025-09-12,ADANIPORTS
2025-09-12,INDIGO
2025-09-12,BHARTIARTL
2025-09-12,MAXHEALTH
2025-09-12,RELIANCE
2025-09-15,COALINDIA
2025-09-15,ASIANPAINT
2025-09-15,ICICIBANK
2025-09-15,INDIGO
2025-09-15,HDFCBANK
2025-09-15,ADANIPORTS
2025-09-15,BHARTIARTL
2025-09-15,RELIANCE
2025-09-15,MAXHEALTH
2025-09-16,BAJAJ-AUTO
2025-09-16,NTPC
2025-09-16,INDIGO
2025-09-16,ICICIBANK
2025-09-16,ADANIPORTS
2025-09-16,HDFCBANK
2025-09-16,BHARTIARTL
2025-09-16,RELIANCE
2025-09-16,MAXHEALTH
2025-09-17,COALINDIA
2025-09-17,ASIANPAINT
2025-09-17,INDIGO
2025-09-17,ICICIBANK
2025-09-17,ADANIPORTS
2025-09-17,HDFCBANK
2025-09-17,BHARTIARTL
2025-09-17,RELIANCE
2025-09-17,MAXHEALTH
2025-09-18,BAJAJ-AUTO
2025-09-18,ICICIBANK
2025-09-18,INDIGO
2025-09-18,HDFCBANK
2025-09-18,ADANIPORTS
2025-09-18,BHARTIARTL
2025-09-18,RELIANCE
2025-09-18,MAXHEALTH
2025-09-19,COALINDIA
2025-09-19,ADANIPORTS
2025-09-19,ICICIBANK
2025-09-19,BHARTIARTL
2025-09-19,INDIGO
2025-09-19,HDFCBANK
2025-09-19,RELIANCE
2025-09-19,MAXHEALTH
2025-09-22,BAJAJ-AUTO
2025-09-22,ADANIENT
2025-09-22,ASIANPAINT
2025-09-22,NTPC
2025-09-22,ICICIBANK
2025-09-22,INDIGO
2025-09-22,HDFCBANK
2025-09-22,MAXHEALTH
2025-09-22,RELIANCE
2025-09-23,COALINDIA
2025-09-23,HINDUNILVR
2025-09-23,ULTRACEMCO
2025-09-23,SBILIFE
2025-09-23,ICICIBANK
2025-09-23,NESTLEIND
2025-09-23,INDIGO
2025-09-23,HDFCBANK
2025-09-23,MAXHEALTH
2025-09-23,RELIANCE
2025-09-24,BAJAJ-AUTO
2025-09-24,NTPC
2025-09-24,ADANIENT
2025-09-24,HINDUNILVR
2025-09-24,NESTLEIND
2025-09-24,ULTRACEMCO
2025-09-24,SBILIFE
2025-09-24,ICICIBANK
2025-09-24,HDFCBANK
2025-09-24,INDIGO
2025-09-24,RELIANCE
2025-09-25,COALINDIA
2025-09-25,HINDUNILVR
2025-09-25,AXISBANK
2025-09-25,SBILIFE
2025-09-25,BEL
2025-09-25,ULTRACEMCO
2025-09-25,NESTLEIND
2025-09-25,ICICIBANK
2025-09-25,INDIGO
2025-09-25,HDFCBANK
2025-09-25,RELIANCE
2025-09-26,BAJAJ-AUTO
2025-09-26,NTPC
2025-09-26,AXISBANK
2025-09-26,SBILIFE
2025-09-26,ULTRACEMCO
2025-09-26,ADANIENT
2025-09-26,ICICIBANK
2025-09-26,HDFCBANK
2025-09-26,NESTLEIND
2025-09-26,INDIGO
2025-09-26,RELIANCE
2025-09-29,COALINDIA
2025-09-29,SBILIFE
2025-09-29,INDIGO
2025-09-29,AXISBANK
2025-09-29,ULTRACEMCO
2025-09-29,HDFCBANK
2025-09-29,RELIANCE
2025-09-30,BAJAJ-AUTO
2025-09-30,AXISBANK
2025-09-30,NTPC
2025-09-30,SBILIFE
2025-09-30,ULTRACEMCO
2025-09-30,HDFCBANK
2025-09-30,INDIGO
2025-09-30,RELIANCE
2025-10-01,AXISBANK
2025-10-01,COALINDIA
2025-10-01,SBILIFE
2025-10-01,ONGC
2025-10-01,ADANIENT
2025-10-01,SHRIRAMFIN
2025-10-01,BHARTIARTL
2025-10-01,ULTRACEMCO
2025-10-01,HDFCBANK
2025-10-01,RELIANCE
2025-10-01,INDIGO
2025-10-03,AXISBANK
2025-10-03,BAJAJ-AUTO
2025-10-03,NTPC
2025-10-03,SHRIRAMFIN
2025-10-03,BHARTIARTL
2025-10-03,ONGC
2025-10-03,SBILIFE
2025-10-03,ULTRACEMCO
2025-10-03,RELIANCE
2025-10-03,HDFCBANK
2025-10-03,INDIGO
2025-10-06,AXISBANK
2025-10-06,SHRIRAMFIN
2025-10-06,ONGC
2025-10-06,ULTRACEMCO
2025-10-06,BHARTIARTL
2025-10-06,SBILIFE
2025-10-06,RELIANCE
2025-10-06,INDIGO
2025-10-06,HDFCBANK
2025-10-07,AXISBANK
2025-10-07,BAJAJ-AUTO
2025-10-07,SHRIRAMFIN
2025-10-07,COALINDIA
2025-10-07,NESTLEIND
2025-10-07,NTPC
2025-10-07,ONGC
2025-10-07,ULTRACEMCO
2025-10-07,SBILIFE
2025-10-07,RELIANCE
2025-10-07,HDFCBANK
2025-10-07,INDIGO
2025-10-08,AXISBANK
2025-10-08,SHRIRAMFIN
2025-10-08,TITAN
2025-10-08,ONGC
2025-10-08,RELIANCE
2025-10-08,HDFCLIFE
2025-10-08,ULTRACEMCO
2025-10-08,HDFCBANK
2025-10-08,CIPLA
2025-10-08,INDIGO
2025-10-08,SBILIFE
2025-10-09,KOTAKBANK
2025-10-09,BAJAJ-AUTO
2025-10-09,AXISBANK
2025-10-09,SHRIRAMFIN
2025-10-09,COALINDIA
2025-10-09,ONGC
2025-10-09,NTPC
2025-10-09,RELIANCE
2025-10-09,ULTRACEMCO
2025-10-09,INDIGO
2025-10-09,HDFCLIFE
2025-10-09,SBILIFE
2025-10-09,HDFCBANK
2025-10-09,CIPLA
2025-10-10,AXISBANK
2025-10-10,KOTAKBANK
2025-10-10,SHRIRAMFIN
2025-10-10,ONGC
2025-10-10,ULTRACEMCO
2025-10-10,INDIGO
2025-10-10,CIPLA
2025-10-10,HDFCLIFE
2025-10-10,SBILIFE
2025-10-10,RELIANCE
2025-10-10,HDFCBANK
2025-10-13,BAJAJ-AUTO
2025-10-13,AXISBANK
2025-10-13,KOTAKBANK
2025-10-13,SHRIRAMFIN
2025-10-13,NTPC
2025-10-13,ONGC
2025-10-13,INDIGO
2025-10-13,CIPLA
2025-10-13,ULTRACEMCO
2025-10-13,SBILIFE
2025-10-13,HDFCLIFE
2025-10-13,RELIANCE
2025-10-13,HDFCBANK
2025-10-14,AXISBANK
2025-10-14,KOTAKBANK
2025-10-14,SHRIRAMFIN
2025-10-14,ADANIENT
2025-10-14,ONGC
2025-10-14,CIPLA
2025-10-14,RELIANCE
2025-10-14,SBILIFE
2025-10-14,ULTRACEMCO
2025-10-14,HDFCLIFE
2025-10-14,INDIGO
2025-10-14,HDFCBANK
2025-10-15,BAJAJ-AUTO
2025-10-15,SHRIRAMFIN
2025-10-15,KOTAKBANK
2025-10-15,COALINDIA
2025-10-15,ONGC
2025-10-15,NTPC
2025-10-15,HDFCLIFE
2025-10-15,SBILIFE
2025-10-15,ULTRACEMCO
2025-10-15,INDIGO
2025-10-15,RELIANCE
2025-10-15,HDFCBANK
2025-10-16,KOTAKBANK
2025-10-16,ADANIENT
2025-10-16,ONGC
2025-10-16,INDIGO
2025-10-16,ULTRACEMCO
2025-10-16,HDFCLIFE
2025-10-16,SBILIFE
2025-10-16,HDFCBANK
2025-10-16,RELIANCE
2025-10-17,BAJAJ-AUTO
2025-10-17,KOTAKBANK
2025-10-17,ONGC
2025-10-17,COALINDIA
2025-10-17,RELIANCE
2025-10-17,HDFCBANK
2025-10-17,INDIGO
2025-10-17,HDFCLIFE
2025-10-17,ULTRACEMCO
2025-10-17,SBILIFE
2025-10-20,ADANIENT
2025-10-20,KOTAKBANK
2025-10-20,DRREDDY
2025-10-20,ONGC
2025-10-20,SUNPHARMA
2025-10-20,HDFCBANK
2025-10-20,ULTRACEMCO
2025-10-20,INDIGO
2025-10-20,SBILIFE
2025-10-20,HDFCLIFE
2025-10-21,BAJAJ-AUTO
2025-10-21,KOTAKBANK
2025-10-21,ONGC
2025-10-21,SUNPHARMA
2025-10-21,NTPC
2025-10-21,INDIGO
2025-10-21,HDFCBANK
2025-10-21,ULTRACEMCO
2025-10-21,SBILIFE
2025-10-21,HDFCLIFE
2025-10-23,ADANIENT
2025-10-23,KOTAKBANK
2025-10-23,ONGC
2025-10-23,SUNPHARMA
2025-10-23,HDFCBANK
2025-10-23,SBILIFE
2025-10-23,INDIGO
2025-10-23,ULTRACEMCO
2025-10-23,HDFCLIFE
2025-10-24,BAJAJ-AUTO
2025-10-24,ONGC
2025-10-24,SUNPHARMA
2025-10-24,HDFCBANK
2025-10-24,SBILIFE
2025-10-24,INDIGO
2025-10-24,HDFCLIFE
2025-10-24,ULTRACEMCO
2025-10-27,ADANIENT
2025-10-27,ONGC
2025-10-27,SUNPHARMA
2025-10-27,SBILIFE
2025-10-27,HDFCBANK
2025-10-27,INDIGO
2025-10-27,ULTRACEMCO
2025-10-27,HDFCLIFE
2025-10-28,ONGC
2025-10-28,SUNPHARMA
2025-10-28,HDFCBANK
2025-10-28,INDIGO
2025-10-28,ULTRACEMCO
2025-10-28,HDFCLIFE
2025-10-29,ADANIENT
2025-10-29,ONGC
2025-10-29,SUNPHARMA
2025-10-29,ETERNAL
2025-10-29,HDFCBANK
2025-10-29,DRREDDY
2025-10-29,ULTRACEMCO
2025-10-29,INDIGO
2025-10-29,HDFCLIFE
2025-10-30,ONGC
2025-10-30,ETERNAL
2025-10-30,SUNPHARMA
2025-10-30,BAJAJ-AUTO
2025-10-30,HDFCBANK
2025-10-30,CIPLA
2025-10-30,ULTRACEMCO
2025-10-30,HDFCLIFE
2025-10-30,INDIGO
2025-10-31,SUNPHARMA
2025-10-31,ADANIENT
2025-10-31,BAJAJ-AUTO
2025-10-31,HDFCBANK
2025-10-31,ETERNAL
2025-10-31,APOLLOHOSP
2025-10-31,CIPLA
2025-10-31,INDIGO
2025-10-31,ULTRACEMCO
2025-10-31,HDFCLIFE
2025-11-03,SUNPHARMA
2025-11-03,BAJAJ-AUTO
2025-11-03,HDFCBANK
2025-11-03,APOLLOHOSP
2025-11-03,ETERNAL
2025-11-03,CIPLA
2025-11-03,ULTRACEMCO
2025-11-03,INDIGO
2025-11-03,HDFCLIFE
2025-11-04,SUNPHARMA
2025-11-04,COALINDIA
2025-11-04,BAJAJ-AUTO
2025-11-04,HDFCBANK
2025-11-04,APOLLOHOSP
2025-11-04,ETERNAL
2025-11-04,CIPLA
2025-11-04,HDFCLIFE
2025-11-04,INDIGO
2025-11-04,ULTRACEMCO
2025-11-06,ASIANPAINT
2025-11-06,SUNPHARMA
2025-11-06,COALINDIA
2025-11-06,BAJAJ-AUTO
2025-11-06,HDFCBANK
2025-11-06,APOLLOHOSP
2025-11-06,GRASIM
2025-11-06,ETERNAL
2025-11-06,ULTRACEMCO
2025-11-06,CIPLA
2025-11-06,INDIGO
2025-11-06,HDFCLIFE
2025-11-07,SUNPHARMA
2025-11-07,COALINDIA
2025-11-07,HDFCBANK
2025-11-07,BAJAJ-AUTO
2025-11-07,APOLLOHOSP
2025-11-07,GRASIM
2025-11-07,ETERNAL
2025-11-07,HDFCLIFE
2025-11-07,CIPLA
2025-11-07,ULTRACEMCO
2025-11-07,INDIGO
2025-11-10,SUNPHARMA
2025-11-10,HDFCBANK
2025-11-10,BAJAJ-AUTO
2025-11-10,GRASIM
2025-11-10,HDFCLIFE
2025-11-10,APOLLOHOSP
2025-11-10,CIPLA
2025-11-10,ETERNAL
2025-11-10,INDIGO
2025-11-11,HCLTECH
2025-11-11,SUNPHARMA
2025-11-11,BAJAJFINSV
2025-11-11,HDFCBANK
2025-11-11,BAJAJ-AUTO
2025-11-11,INDIGO
2025-11-11,GRASIM
2025-11-11,HDFCLIFE
2025-11-11,APOLLOHOSP
2025-11-11,ETERNAL
2025-11-11,CIPLA
2025-11-12,SUNPHARMA
2025-11-12,INFY
2025-11-12,BAJAJFINSV
2025-11-12,HDFCBANK
2025-11-12,BAJAJ-AUTO
2025-11-12,INDIGO
2025-11-12,HDFCLIFE
2025-11-12,GRASIM
2025-11-12,APOLLOHOSP
2025-11-12,ETERNAL
2025-11-12,CIPLA
2025-11-13,SUNPHARMA
2025-11-13,HCLTECH
2025-11-13,BAJAJFINSV
2025-11-13,INDIGO
2025-11-13,HDFCBANK
2025-11-13,HDFCLIFE
2025-11-13,GRASIM
2025-11-13,BAJAJ-AUTO
2025-11-13,APOLLOHOSP
2025-11-13,CIPLA
2025-11-13,ETERNAL
2025-11-14,SUNPHARMA
2025-11-14,HDFCBANK
2025-11-14,INDIGO
2025-11-14,GRASIM
2025-11-14,HDFCLIFE
2025-11-14,BAJAJ-AUTO
2025-11-14,CIPLA
2025-11-14,APOLLOHOSP
2025-11-14,ETERNAL
2025-11-17,SUNPHARMA
2025-11-17,HCLTECH
2025-11-17,HDFCBANK
2025-11-17,TATASTEEL
2025-11-17,INDIGO
2025-11-17,GRASIM
2025-11-17,HDFCLIFE
2025-11-17,BAJAJ-AUTO
2025-11-17,CIPLA
2025-11-17,APOLLOHOSP
2025-11-17,ETERNAL
2025-11-18,SUNPHARMA
2025-11-18,TATASTEEL
2025-11-18,HDFCBANK
2025-11-18,BAJAJFINSV
2025-11-18,HDFCLIFE
2025-11-18,INDIGO
2025-11-18,BAJAJ-AUTO
2025-11-18,GRASIM
2025-11-18,CIPLA
2025-11-18,ETERNAL
2025-11-18,APOLLOHOSP
2025-11-19,HCLTECH
2025-11-19,SUNPHARMA
2025-11-19,INFY
2025-11-19,TATASTEEL
2025-11-19,HDFCBANK
2025-11-19,BAJAJFINSV
2025-11-19,INDIGO
2025-11-19,HDFCLIFE
2025-11-19,COALINDIA
2025-11-19,CIPLA
2025-11-19,GRASIM
2025-11-19,BAJAJ-AUTO
2025-11-19,APOLLOHOSP
2025-11-19,ETERNAL
2025-11-20,HCLTECH
2025-11-20,SUNPHARMA
2025-11-20,HDFCBANK
2025-11-20,BAJAJFINSV
2025-11-20,MARUTI
2025-11-20,TATASTEEL
2025-11-20,INDIGO
2025-11-20,HDFCLIFE
2025-11-20,COALINDIA
2025-11-20,CIPLA
2025-11-20,GRASIM
2025-11-20,APOLLOHOSP
2025-11-20,BAJAJ-AUTO
2025-11-20,ETERNAL
2025-11-21,SUNPHARMA
2025-11-21,INFY
2025-11-21,INDIGO
2025-11-21,HDFCBANK
2025-11-21,JSWSTEEL
2025-11-21,BAJAJFINSV
2025-11-21,HDFCLIFE
2025-11-21,COALINDIA
2025-11-21,TATASTEEL
2025-11-21,GRASIM
2025-11-21,CIPLA
2025-11-21,BAJAJ-AUTO
2025-11-21,APOLLOHOSP
2025-11-21,ETERNAL
2025-11-24,SUNPHARMA
2025-11-24,HCLTECH
2025-11-24,JSWSTEEL
2025-11-24,BAJAJFINSV
2025-11-24,HDFCLIFE
2025-11-24,COALINDIA
2025-11-24,TATASTEEL
2025-11-24,BAJAJ-AUTO
2025-11-24,CIPLA
2025-11-24,APOLLOHOSP
2025-11-25,SUNPHARMA
2025-11-25,BAJFINANCE
2025-11-25,JSWSTEEL
2025-11-25,BAJAJFINSV
2025-11-25,BAJAJ-AUTO
2025-11-25,HDFCLIFE
2025-11-25,TATASTEEL
2025-11-25,COALINDIA
2025-11-25,CIPLA
2025-11-25,APOLLOHOSP
2025-11-26,HCLTECH
2025-11-26,KOTAKBANK
2025-11-26,JSWSTEEL
2025-11-26,INFY
2025-11-26,BAJAJ-AUTO
2025-11-26,HDFCLIFE
2025-11-26,BAJFINANCE
2025-11-26,BAJAJFINSV
2025-11-26,TATASTEEL
2025-11-26,COALINDIA
2025-11-26,CIPLA
2025-11-26,APOLLOHOSP
2025-11-27,BAJFINANCE
2025-11-27,BAJAJFINSV
2025-11-27,HDFCLIFE
2025-11-27,BAJAJ-AUTO
2025-11-27,TATASTEEL
2025-11-27,CIPLA
2025-11-27,COALINDIA
2025-11-27,APOLLOHOSP
2025-11-28,HCLTECH
2025-11-28,INFY
2025-11-28,BEL
2025-11-28,MARUTI
2025-11-28,BAJAJFINSV
2025-11-28,BAJAJ-AUTO
2025-11-28,HDFCLIFE
2025-11-28,CIPLA
2025-11-28,TATASTEEL
2025-11-28,COALINDIA
2025-11-28,APOLLOHOSP
2025-12-01,HCLTECH
2025-12-01,MARUTI
2025-12-01,BAJFINANCE
2025-12-01,BEL
2025-12-01,BAJAJFINSV
2025-12-01,BAJAJ-AUTO
2025-12-01,HDFCLIFE
2025-12-01,TATASTEEL
2025-12-01,CIPLA
2025-12-01,COALINDIA
2025-12-01,APOLLOHOSP
2025-12-02,HCLTECH
2025-12-02,BAJFINANCE
2025-12-02,INFY
2025-12-02,BEL
2025-12-02,BAJAJ-AUTO
2025-12-02,BAJAJFINSV
2025-12-02,INDIGO
2025-12-02,COALINDIA
2025-12-02,TATASTEEL
2025-12-02,HDFCLIFE
2025-12-02,CIPLA
2025-12-02,APOLLOHOSP
2025-12-03,HCLTECH
2025-12-03,BAJFINANCE
2025-12-03,BAJAJ-AUTO
2025-12-03,BAJAJFINSV
2025-12-03,BEL
2025-12-03,INDIGO
2025-12-03,COALINDIA
2025-12-03,TATASTEEL
2025-12-03,HDFCLIFE
2025-12-03,CIPLA
2025-12-04,HCLTECH
2025-12-04,INFY
2025-12-04,TECHM
2025-12-04,WIPRO
2025-12-04,BAJFINANCE
2025-12-04,MARUTI
2025-12-04,BAJAJ-AUTO
2025-12-04,BEL
2025-12-04,BAJAJFINSV
2025-12-04,COALINDIA
2025-12-04,CIPLA
2025-12-04,TATASTEEL
2025-12-04,HDFCLIFE
2025-12-05,HCLTECH
2025-12-05,TECHM
2025-12-05,BAJAJ-AUTO
2025-12-05,MARUTI
2025-12-05,BEL
2025-12-05,BAJAJFINSV
2025-12-05,CIPLA
2025-12-05,HDFCLIFE
2025-12-05,COALINDIA
2025-12-05,TATASTEEL
2025-12-08,HCLTECH
2025-12-08,TECHM
2025-12-08,INFY
2025-12-08,WIPRO
2025-12-08,TATACONSUM
2025-12-08,BAJFINANCE
2025-12-08,MARUTI
2025-12-08,BAJAJFINSV
2025-12-08,HDFCLIFE
2025-12-08,COALINDIA
2025-12-08,BEL
2025-12-08,JSWSTEEL
2025-12-08,TATASTEEL
2025-12-09,TECHM
2025-12-09,BAJAJFINSV
2025-12-09,TATACONSUM
2025-12-09,BAJFINANCE
2025-12-09,HDFCLIFE
2025-12-09,COALINDIA
2025-12-09,MARUTI
2025-12-09,BEL
2025-12-09,JSWSTEEL
2025-12-09,TATASTEEL
2025-12-10,TECHM
2025-12-10,INFY
2025-12-10,WIPRO
2025-12-10,BAJAJFINSV
2025-12-10,ONGC
2025-12-10,BAJFINANCE
2025-12-10,TATACONSUM
2025-12-10,HDFCLIFE
2025-12-10,COALINDIA
2025-12-10,MARUTI
2025-12-10,BEL
2025-12-10,JSWSTEEL
2025-12-10,TATASTEEL
2025-12-11,TECHM
2025-12-11,HDFCLIFE
2025-12-11,BAJAJFINSV
2025-12-11,ONGC
2025-12-11,TATACONSUM
2025-12-11,MARUTI
2025-12-11,COALINDIA
2025-12-11,BAJFINANCE
2025-12-11,JSWSTEEL
2025-12-11,TATASTEEL
2025-12-11,BEL
2025-12-12,TECHM
2025-12-12,INFY
2025-12-12,WIPRO
2025-12-12,DRREDDY
2025-12-12,BAJAJFINSV
2025-12-12,MARUTI
2025-12-12,HDFCLIFE
2025-12-12,TATASTEEL
2025-12-12,BAJFINANCE
2025-12-12,ONGC
2025-12-12,TATACONSUM
2025-12-12,COALINDIA
2025-12-12,JSWSTEEL
2025-12-12,BEL
2025-12-15,TECHM
2025-12-15,TATASTEEL
2025-12-15,BAJAJFINSV
2025-12-15,DRREDDY
2025-12-15,MARUTI
2025-12-15,BAJFINANCE
2025-12-15,COALINDIA
2025-12-15,HDFCLIFE
2025-12-15,TATACONSUM
2025-12-15,JSWSTEEL
2025-12-15,BEL
2025-12-16,TECHM
2025-12-16,INFY
2025-12-16,WIPRO
2025-12-16,DRREDDY
2025-12-16,COALINDIA
2025-12-16,BAJAJFINSV
2025-12-16,BAJFINANCE
2025-12-16,HDFCLIFE
2025-12-16,TATASTEEL
2025-12-16,BEL
2025-12-16,JSWSTEEL
2025-12-17,TECHM
2025-12-17,BAJAJ-AUTO
2025-12-17,HDFCBANK
2025-12-17,AXISBANK
2025-12-17,TATASTEEL
2025-12-17,BAJAJFINSV
2025-12-17,BAJFINANCE
2025-12-17,HDFCLIFE
2025-12-17,BEL
2025-12-17,JSWSTEEL
2025-12-18,INFY
2025-12-18,TECHM
2025-12-18,TCS
2025-12-18,WIPRO
2025-12-18,AXISBANK
2025-12-18,HDFCLIFE
2025-12-18,HDFCBANK
2025-12-18,BAJAJFINSV
2025-12-18,BAJAJ-AUTO
2025-12-18,BAJFINANCE
2025-12-18,TATASTEEL
2025-12-18,JSWSTEEL
2025-12-18,BEL
2025-12-19,AXISBANK
2025-12-19,BAJAJ-AUTO
2025-12-19,BAJAJFINSV
2025-12-19,HDFCBANK
2025-12-19,BAJFINANCE
2025-12-19,TATASTEEL
2025-12-19,BEL
2025-12-19,JSWSTEEL
2025-12-22,INFY
2025-12-22,WIPRO
2025-12-22,TCS
2025-12-22,AXISBANK
2025-12-22,BAJAJFINSV
2025-12-22,HDFCBANK
2025-12-22,BAJFINANCE
2025-12-22,BEL
2025-12-22,TATASTEEL
2025-12-22,JSWSTEEL
2025-12-23,WIPRO
2025-12-23,AXISBANK
2025-12-23,BAJAJFINSV
2025-12-23,HDFCBANK
2025-12-23,BAJFINANCE
2025-12-23,TATASTEEL
2025-12-23,BEL
2025-12-23,JSWSTEEL
2025-12-24,TCS
2025-12-24,WIPRO
2025-12-24,AXISBANK
2025-12-24,HDFCBANK
2025-12-24,HDFCLIFE
2025-12-24,BAJAJFINSV
2025-12-24,TATASTEEL
2025-12-24,BEL
2025-12-24,BAJFINANCE
2025-12-24,JSWSTEEL
2025-12-26,AXISBANK
2025-12-26,HDFCBANK
2025-12-26,HDFCLIFE
2025-12-26,BAJAJFINSV
2025-12-26,TATASTEEL
2025-12-26,BEL
2025-12-26,BAJFINANCE
2025-12-26,JSWSTEEL
2025-12-29,TCS
2025-12-29,AXISBANK
2025-12-29,HDFCBANK
2025-12-29,ADANIPORTS
2025-12-29,TATASTEEL
2025-12-29,BAJAJFINSV
2025-12-29,BEL
2025-12-29,BAJFINANCE
2025-12-29,JSWSTEEL
2025-12-30,HCLTECH
2025-12-30,AXISBANK
2025-12-30,WIPRO
2025-12-30,HDFCBANK
2025-12-30,ADANIPORTS
2025-12-30,BAJAJFINSV
2025-12-30,BEL
2025-12-30,JSWSTEEL
2025-12-30,BAJFINANCE
2025-12-31,INFY
2025-12-31,JSWSTEEL
2025-12-31,ADANIPORTS
2025-12-31,HDFCBANK
2025-12-31,BAJAJFINSV
2025-12-31,BEL
2025-12-31,BAJFINANCE
2026-01-02,WIPRO
2026-01-02,HCLTECH
2026-01-02,TCS
2026-01-02,NTPC
2026-01-02,ADANIPORTS
2026-01-02,HDFCBANK
2026-01-02,BEL
2026-01-02,BAJAJFINSV
2026-01-02,BAJFINANCE
2026-01-05,NTPC
2026-01-05,HDFCLIFE
2026-01-05,BEL
2026-01-05,HDFCBANK
2026-01-05,DRREDDY
2026-01-05,BAJAJFINSV
2026-01-05,BAJFINANCE
2026-01-06,WIPRO
2026-01-06,INFY
2026-01-06,HCLTECH
2026-01-06,TCS
2026-01-06,ICICIBANK
2026-01-06,NTPC
2026-01-06,BEL
2026-01-06,DRREDDY
2026-01-06,BAJAJFINSV
2026-01-06,BAJFINANCE
2026-01-07,ICICIBANK
2026-01-07,NTPC
2026-01-07,ULTRACEMCO
2026-01-07,BEL
2026-01-07,BAJAJFINSV
2026-01-07,BAJFINANCE
2026-01-08,ICICIBANK
2026-01-08,NTPC
2026-01-08,ULTRACEMCO
2026-01-08,RELIANCE
2026-01-08,BAJFINANCE
2026-01-09,WIPRO
2026-01-09,INFY
2026-01-09,ICICIBANK
2026-01-09,ULTRACEMCO
2026-01-09,NTPC
2026-01-09,RELIANCE
2026-01-09,KOTAKBANK
2026-01-09,BHARTIARTL
2026-01-09,BAJFINANCE
2026-01-12,TCS
2026-01-12,ICICIBANK
2026-01-12,ULTRACEMCO
2026-01-12,RELIANCE
2026-01-12,NTPC
2026-01-12,BHARTIARTL
2026-01-13,WIPRO
2026-01-13,INFY
2026-01-13,ICICIBANK
2026-01-13,ULTRACEMCO
2026-01-13,NTPC
2026-01-13,BHARTIARTL
2026-01-13,ADANIPORTS
2026-01-13,RELIANCE
2026-01-13,LT
2026-01-14,ICICIBANK
2026-01-14,NTPC
2026-01-14,ULTRACEMCO
2026-01-14,ONGC
2026-01-14,ADANIPORTS
2026-01-14,BHARTIARTL
2026-01-14,RELIANCE
2026-01-14,LT
2026-01-16,INFY
2026-01-16,WIPRO
2026-01-16,TCS
2026-01-16,ICICIBANK
2026-01-16,NTPC
2026-01-16,ULTRACEMCO
2026-01-16,ADANIPORTS
2026-01-16,ONGC
2026-01-16,RELIANCE
2026-01-16,BHARTIARTL
2026-01-16,LT
2026-01-19,NTPC
2026-01-19,ULTRACEMCO
2026-01-19,KOTAKBANK
2026-01-19,HINDUNILVR
2026-01-19,ONGC
2026-01-19,LT
2026-01-19,ADANIPORTS
2026-01-19,BHARTIARTL
2026-01-20,NTPC
2026-01-20,KOTAKBANK
2026-01-20,ULTRACEMCO
2026-01-20,LT
2026-01-20,ONGC
2026-01-20,BHARTIARTL
2026-01-21,NTPC
2026-01-21,ULTRACEMCO
2026-01-21,KOTAKBANK
2026-01-21,BHARTIARTL
2026-01-21,LT
2026-01-21,M&M
2026-01-22,TCS
2026-01-22,ULTRACEMCO
2026-01-22,NTPC
2026-01-22,KOTAKBANK
2026-01-22,GRASIM
2026-01-22,BHARTIARTL
2026-01-22,M&M
2026-01-22,LT
2026-01-23,ULTRACEMCO
2026-01-23,NTPC
2026-01-23,KOTAKBANK
2026-01-23,GRASIM
2026-01-23,BHARTIARTL
2026-01-23,LT
2026-01-23,M&M
2026-01-27,ULTRACEMCO
2026-01-27,NTPC
2026-01-27,TCS
2026-01-27,LT
2026-01-27,BHARTIARTL
2026-01-27,ASIANPAINT
2026-01-27,M&M
2026-01-28,ULTRACEMCO
2026-01-28,NTPC
2026-01-28,LT
2026-01-28,MARUTI
2026-01-28,BHARTIARTL
2026-01-28,M&M
2026-01-29,NTPC
2026-01-29,ULTRACEMCO
2026-01-29,LT
2026-01-29,BHARTIARTL
2026-01-29,M&M
2026-01-30,NTPC
2026-01-30,ULTRACEMCO
2026-01-30,LT
2026-01-30,BHARTIARTL
2026-01-30,M&M
2026-02-02,ULTRACEMCO
2026-02-02,NTPC
2026-02-02,TCS
2026-02-02,LT
2026-02-02,M&M
2026-02-02,BHARTIARTL
2026-02-03,NTPC
2026-02-03,ULTRACEMCO
2026-02-03,ADANIPORTS
2026-02-03,POWERGRID
2026-02-03,M&M
2026-02-03,BHARTIARTL
2026-02-04,ULTRACEMCO
2026-02-04,POWERGRID
2026-02-04,ICICIBANK
2026-02-04,M&M
2026-02-04,BHARTIARTL
2026-02-05,ULTRACEMCO
2026-02-05,POWERGRID
2026-02-05,M&M
2026-02-05,BHARTIARTL
2026-02-06,ULTRACEMCO
2026-02-06,POWERGRID
2026-02-06,ICICIBANK
2026-02-06,HINDUNILVR
2026-02-06,EICHERMOT
2026-02-06,M&M
2026-02-06,BHARTIARTL
2026-02-09,ULTRACEMCO
2026-02-09,POWERGRID
2026-02-09,KOTAKBANK
2026-02-09,DRREDDY
2026-02-09,HINDUNILVR
2026-02-09,EICHERMOT
2026-02-09,SBILIFE
2026-02-09,M&M
2026-02-09,BHARTIARTL
2026-02-10,POWERGRID
2026-02-10,ICICIBANK
2026-02-10,HINDUNILVR
2026-02-10,DRREDDY
2026-02-10,SBILIFE
2026-02-10,HCLTECH
2026-02-10,BHARTIARTL
2026-02-11,POWERGRID
2026-02-11,APOLLOHOSP
2026-02-11,DRREDDY
2026-02-11,SBILIFE
2026-02-11,ICICIBANK
2026-02-11,HINDUNILVR
2026-02-11,BHARTIARTL
2026-02-12,POWERGRID
2026-02-12,ICICIBANK
2026-02-12,SBILIFE
2026-02-12,APOLLOHOSP
2026-02-12,DRREDDY
2026-02-12,BHARTIARTL
2026-02-12,M&M
2026-02-13,POWERGRID
2026-02-13,APOLLOHOSP
2026-02-13,ICICIBANK
2026-02-13,DRREDDY
2026-02-13,BAJFINANCE
2026-02-13,BHARTIARTL
2026-02-13,M&M
2026-02-16,POWERGRID
2026-02-16,APOLLOHOSP
2026-02-16,ICICIBANK
2026-02-16,DRREDDY
2026-02-16,BAJAJFINSV
2026-02-16,BHARTIARTL
2026-02-16,M&M
2026-02-17,POWERGRID
2026-02-17,APOLLOHOSP
2026-02-17,ICICIBANK
2026-02-17,DRREDDY
2026-02-17,BAJAJFINSV
2026-02-17,KOTAKBANK
2026-02-17,BHARTIARTL
2026-02-17,M&M
2026-02-18,POWERGRID
2026-02-18,APOLLOHOSP
2026-02-18,TATACONSUM
2026-02-18,ICICIBANK
2026-02-18,BAJAJFINSV
2026-02-18,DRREDDY
2026-02-18,M&M
2026-02-18,BHARTIARTL
2026-02-19,POWERGRID
2026-02-19,APOLLOHOSP
2026-02-19,DRREDDY
2026-02-19,TATACONSUM
2026-02-19,BAJAJFINSV
2026-02-19,BHARTIARTL
2026-02-19,M&M
2026-02-20,POWERGRID
2026-02-20,APOLLOHOSP
2026-02-20,DRREDDY
2026-02-20,TATACONSUM
2026-02-20,BAJAJFINSV
2026-02-20,BHARTIARTL
2026-02-20,M&M
2026-02-23,POWERGRID
2026-02-23,APOLLOHOSP
2026-02-23,DRREDDY
2026-02-23,KOTAKBANK
2026-02-23,BAJAJFINSV
2026-02-23,BHARTIARTL
2026-02-23,M&M
2026-02-24,POWERGRID
2026-02-24,APOLLOHOSP
2026-02-24,DRREDDY
2026-02-24,BAJAJFINSV
2026-02-24,M&M
2026-02-25,POWERGRID
2026-02-25,APOLLOHOSP
2026-02-25,DRREDDY
2026-02-25,BAJAJFINSV
2026-02-25,KOTAKBANK
2026-02-25,M&M
2026-02-26,POWERGRID
2026-02-26,APOLLOHOSP
2026-02-26,DRREDDY
2026-02-26,ICICIBANK
2026-02-26,SUNPHARMA
2026-02-26,BAJAJFINSV
2026-02-26,KOTAKBANK
2026-02-26,M&M
2026-02-27,POWERGRID
2026-02-27,APOLLOHOSP
2026-02-27,DRREDDY
2026-02-27,SUNPHARMA
2026-03-02,POWERGRID
2026-03-02,APOLLOHOSP
2026-03-02,DRREDDY
2026-03-04,POWERGRID
2026-03-04,APOLLOHOSP
2026-03-04,DRREDDY
2026-03-05,POWERGRID
2026-03-05,APOLLOHOSP
2026-03-05,DRREDDY
2026-03-05,ADANIPORTS
2026-03-05,SBILIFE
2026-03-06,POWERGRID
2026-03-06,APOLLOHOSP
2026-03-06,DRREDDY
2026-03-06,ADANIPORTS
2026-03-06,SBILIFE
2026-03-09,POWERGRID
2026-03-09,APOLLOHOSP
2026-03-09,DRREDDY
2026-03-09,SBILIFE
2026-03-10,POWERGRID
2026-03-10,APOLLOHOSP
2026-03-10,DRREDDY
2026-03-10,SBILIFE
2026-03-11,APOLLOHOSP
2026-03-11,DRREDDY
2026-03-11,SBILIFE
2026-04-15,EICHERMOT
2026-04-16,EICHERMOT
2026-04-16,SBILIFE
2026-04-16,NESTLEIND
2026-04-16,COALINDIA
2026-04-17,EICHERMOT
2026-04-17,SBILIFE
2026-04-17,NESTLEIND
2026-04-20,ASIANPAINT
2026-04-20,EICHERMOT
2026-04-20,SBILIFE
2026-04-20,NESTLEIND
