date,symbol,decision
2021-04-22,AXISBANK,EXIT
2021-04-22,BAJAJ-AUTO,EXIT
2021-04-22,BAJFINANCE,EXIT
2021-04-22,BEL,EXIT
2021-04-22,BHARTIARTL,EXIT
2021-04-22,COALINDIA,EXIT
2021-04-22,EICHERMOT,EXIT
2021-04-22,GRASIM,REDUCE
2021-04-22,HDFCBANK,EXIT
2021-04-22,ICICIBANK,EXIT
2021-04-22,ITC,REDUCE
2021-04-22,INDIGO,EXIT
2021-04-22,KOTAKBANK,EXIT
2021-04-22,LT,EXIT
2021-04-22,M&M,EXIT
2021-04-22,MARUTI,EXIT
2021-04-22,NTPC,REDUCE
2021-04-22,NESTLEIND,EXIT
2021-04-22,ONGC,REDUCE
2021-04-22,POWERGRID,REDUCE
2021-04-22,RELIANCE,REDUCE
2021-04-22,SHRIRAMFIN,EXIT
2021-04-22,SBIN,EXIT
2021-04-22,TECHM,REDUCE
2021-04-22,TITAN,REDUCE
2021-04-22,TRENT,REDUCE
2021-04-22,ULTRACEMCO,EXIT
2021-04-23,ITC,EXIT
2021-04-23,NTPC,HOLD
2021-04-23,POWERGRID,HOLD
2021-04-23,SHRIRAMFIN,HOLD
2021-04-23,TCS,REDUCE
2021-04-26,GRASIM,HOLD
2021-04-26,HCLTECH,EXIT
2021-04-26,NESTLEIND,REDUCE
2021-04-26,SHRIRAMFIN,EXIT
2021-04-26,TECHM,EXIT
2021-04-26,ULTRACEMCO,HOLD
2021-04-27,BAJAJ-AUTO,REDUCE
2021-04-27,HDFCLIFE,REDUCE
2021-04-27,INDIGO,HOLD
2021-04-27,NESTLEIND,EXIT
2021-04-27,TCS,HOLD
2021-04-27,TITAN,HOLD
2021-04-27,ULTRACEMCO,REDUCE
2021-04-28,BAJAJ-AUTO,HOLD
2021-04-28,BAJFINANCE,HOLD
2021-04-28,BHARTIARTL,REDUCE
2021-04-28,HDFCBANK,REDUCE
2021-04-28,ICICIBANK,HOLD
2021-04-28,SHRIRAMFIN,HOLD
2021-04-28,TECHM,REDUCE
2021-04-29,AXISBANK,HOLD
2021-04-29,BHARTIARTL,EXIT
2021-04-29,RELIANCE,EXIT
2021-04-30,AXISBANK,REDUCE
2021-04-30,COALINDIA,REDUCE
2021-04-30,HDFCBANK,EXIT
2021-04-30,HDFCLIFE,EXIT
2021-04-30,ICICIBANK,REDUCE
2021-04-30,ONGC,HOLD
2021-04-30,SHRIRAMFIN,EXIT
2021-04-30,TCS,REDUCE
2021-04-30,TECHM,EXIT
2021-05-03,AXISBANK,EXIT
2021-05-03,BHARTIARTL,HOLD
2021-05-03,HDFCLIFE,REDUCE
2021-05-03,TITAN,EXIT
2021-05-03,ULTRACEMCO,HOLD
2021-05-04,BEL,HOLD
2021-05-04,ICICIBANK,EXIT
2021-05-04,TCS,HOLD
2021-05-04,TECHM,REDUCE
2021-05-05,AXISBANK,HOLD
2021-05-05,ICICIBANK,REDUCE
2021-05-05,NESTLEIND,REDUCE
2021-05-05,TECHM,EXIT
2021-05-05,TRENT,HOLD
2021-05-06,COALINDIA,EXIT
2021-05-06,ICICIBANK,HOLD
2021-05-06,POWERGRID,REDUCE
2021-05-06,TECHM,REDUCE
2021-05-06,TITAN,HOLD
2021-05-06,TRENT,REDUCE
2021-05-07,COALINDIA,HOLD
2021-05-07,NTPC,REDUCE
2021-05-07,TRENT,EXIT
2021-05-10,NTPC,HOLD
2021-05-10,NESTLEIND,HOLD
2021-05-10,POWERGRID,HOLD
2021-05-10,TATACONSUM,REDUCE
2021-05-10,TECHM,HOLD
2021-05-10,TITAN,REDUCE
2021-05-10,ULTRACEMCO,REDUCE
2021-05-11,AXISBANK,EXIT
2021-05-11,SBIN,REDUCE
2021-05-11,ULTRACEMCO,HOLD
2021-05-12,ICICIBANK,REDUCE
2021-05-12,NESTLEIND,REDUCE
2021-05-12,TATACONSUM,HOLD
2021-05-12,TECHM,EXIT
2021-05-12,ULTRACEMCO,REDUCE
2021-05-14,ADANIPORTS,REDUCE
2021-05-14,HCLTECH,REDUCE
2021-05-14,ITC,HOLD
2021-05-14,LT,HOLD
2021-05-14,NESTLEIND,HOLD
2021-05-14,SBIN,EXIT
2021-05-14,TECHM,REDUCE
2021-05-14,TITAN,HOLD
2021-05-14,ULTRACEMCO,HOLD
2021-05-17,ADANIPORTS,HOLD
2021-05-17,AXISBANK,REDUCE
2021-05-17,HCLTECH,EXIT
2021-05-17,ICICIBANK,HOLD
2021-05-17,LT,EXIT
2021-05-17,SHRIRAMFIN,HOLD
2021-05-17,SBIN,HOLD
2021-05-17,TECHM,EXIT
2021-05-17,TRENT,REDUCE
2021-05-18,BHARTIARTL,EXIT
2021-05-18,EICHERMOT,REDUCE
2021-05-18,HDFCBANK,HOLD
2021-05-18,LT,HOLD
2021-05-18,TECHM,REDUCE
2021-05-19,AXISBANK,HOLD
2021-05-19,HDFCBANK,EXIT
2021-05-19,HDFCLIFE,EXIT
2021-05-19,ITC,REDUCE
2021-05-19,LT,REDUCE
2021-05-19,ULTRACEMCO,REDUCE
2021-05-20,AXISBANK,REDUCE
2021-05-20,HDFCLIFE,REDUCE
2021-05-20,INFY,REDUCE
2021-05-20,M&M,REDUCE
2021-05-20,ULTRACEMCO,HOLD
2021-05-21,AXISBANK,HOLD
2021-05-21,GRASIM,REDUCE
2021-05-21,HDFCBANK,HOLD
2021-05-21,INFY,HOLD
2021-05-21,LT,HOLD
2021-05-21,TCS,REDUCE
2021-05-24,ITC,HOLD
2021-05-24,INFY,REDUCE
2021-05-24,TATACONSUM,REDUCE
2021-05-25,HCLTECH,REDUCE
2021-05-25,HDFCLIFE,EXIT
2021-05-25,TCS,HOLD
2021-05-25,TATACONSUM,HOLD
2021-05-25,TECHM,HOLD
2021-05-25,ULTRACEMCO,REDUCE
2021-05-26,GRASIM,HOLD
2021-05-26,INFY,HOLD
2021-05-26,ULTRACEMCO,HOLD
2021-05-27,ADANIPORTS,REDUCE
2021-05-27,KOTAKBANK,REDUCE
2021-05-28,ADANIPORTS,HOLD
2021-05-28,HDFCLIFE,REDUCE
2021-05-28,M&M,HOLD
2021-05-28,RELIANCE,REDUCE
2021-05-31,EICHERMOT,HOLD
2021-05-31,HDFCLIFE,EXIT
2021-05-31,M&M,REDUCE
2021-05-31,TRENT,HOLD
2021-06-01,EICHERMOT,REDUCE
2021-06-01,HCLTECH,HOLD
2021-06-01,HINDUNILVR,REDUCE
2021-06-02,EICHERMOT,HOLD
2021-06-02,HCLTECH,REDUCE
2021-06-02,HDFCLIFE,REDUCE
2021-06-02,ITC,REDUCE
2021-06-03,HDFCLIFE,HOLD
2021-06-03,RELIANCE,HOLD
2021-06-04,RELIANCE,REDUCE
2021-06-07,BHARTIARTL,REDUCE
2021-06-07,HCLTECH,HOLD
2021-06-07,ITC,HOLD
2021-06-14,ADANIPORTS,EXIT
2021-06-14,RELIANCE,HOLD
2021-06-15,HINDUNILVR,HOLD
2021-06-16,BHARTIARTL,EXIT
2021-06-16,KOTAKBANK,EXIT
2021-06-17,EICHERMOT,REDUCE
2021-06-17,HINDALCO,EXIT
2021-06-17,MAXHEALTH,REDUCE
2021-06-18,EICHERMOT,HOLD
2021-06-18,JSWSTEEL,REDUCE
2021-06-18,M&M,EXIT
2021-06-18,MAXHEALTH,HOLD
2021-06-18,SHRIRAMFIN,REDUCE
2021-06-21,BHARTIARTL,REDUCE
2021-06-21,KOTAKBANK,REDUCE
2021-06-22,BHARTIARTL,EXIT
2021-06-22,KOTAKBANK,EXIT
2021-06-23,MARUTI,HOLD
2021-06-23,SUNPHARMA,REDUCE
2021-06-24,APOLLOHOSP,REDUCE
2021-06-24,M&M,REDUCE
2021-06-25,APOLLOHOSP,HOLD
2021-06-25,SUNPHARMA,HOLD
2021-06-28,HINDALCO,REDUCE
2021-06-29,COALINDIA,REDUCE
2021-06-29,HINDALCO,EXIT
2021-06-29,JSWSTEEL,HOLD
2021-06-29,M&M,EXIT
2021-06-30,COALINDIA,HOLD
2021-06-30,ITC,REDUCE
2021-06-30,JSWSTEEL,REDUCE
2021-06-30,MAXHEALTH,REDUCE
2021-06-30,SHRIRAMFIN,EXIT
2021-07-01,JSWSTEEL,EXIT
2021-07-01,MAXHEALTH,HOLD
2021-07-01,SHRIRAMFIN,REDUCE
2021-07-05,ADANIENT,REDUCE
2021-07-05,HDFCLIFE,REDUCE
2021-07-05,HINDALCO,HOLD
2021-07-05,ITC,HOLD
2021-07-05,M&M,REDUCE
2021-07-06,ADANIENT,HOLD
2021-07-06,HDFCLIFE,HOLD
2021-07-06,ITC,REDUCE
2021-07-06,M&M,EXIT
2021-07-06,POWERGRID,REDUCE
2021-07-06,SHRIRAMFIN,HOLD
2021-07-06,SUNPHARMA,REDUCE
2021-07-07,ITC,HOLD
2021-07-07,JSWSTEEL,REDUCE
2021-07-07,KOTAKBANK,REDUCE
2021-07-07,POWERGRID,HOLD
2021-07-07,SUNPHARMA,HOLD
2021-07-08,COALINDIA,REDUCE
2021-07-08,HINDALCO,EXIT
2021-07-08,ITC,REDUCE
2021-07-08,JSWSTEEL,EXIT
2021-07-08,KOTAKBANK,EXIT
2021-07-08,MARUTI,REDUCE
2021-07-08,SUNPHARMA,REDUCE
2021-07-09,COALINDIA,HOLD
2021-07-09,HINDALCO,HOLD
2021-07-09,JSWSTEEL,REDUCE
2021-07-09,MARUTI,HOLD
2021-07-09,POWERGRID,REDUCE
2021-07-09,RELIANCE,EXIT
2021-07-09,WIPRO,REDUCE
2021-07-12,ADANIENT,REDUCE
2021-07-12,BAJAJ-AUTO,REDUCE
2021-07-12,TCS,REDUCE
2021-07-13,JSWSTEEL,HOLD
2021-07-13,RELIANCE,HOLD
2021-07-13,SUNPHARMA,HOLD
2021-07-14,ITC,HOLD
2021-07-14,MARUTI,REDUCE
2021-07-14,RELIANCE,REDUCE
2021-07-14,TCS,HOLD
2021-07-14,WIPRO,HOLD
2021-07-15,COALINDIA,REDUCE
2021-07-15,ONGC,REDUCE
2021-07-15,RELIANCE,EXIT
2021-07-16,ADANIENT,EXIT
2021-07-16,BHARTIARTL,REDUCE
2021-07-16,COALINDIA,EXIT
2021-07-16,EICHERMOT,EXIT
2021-07-16,MARUTI,EXIT
2021-07-16,POWERGRID,HOLD
2021-07-16,RELIANCE,HOLD
2021-07-16,TCS,REDUCE
2021-07-19,HDFCBANK,REDUCE
2021-07-19,HDFCLIFE,REDUCE
2021-07-19,SHRIRAMFIN,REDUCE
2021-07-20,BHARTIARTL,EXIT
2021-07-20,HDFCBANK,EXIT
2021-07-20,HDFCLIFE,EXIT
2021-07-20,HINDALCO,EXIT
2021-07-20,INDIGO,REDUCE
2021-07-20,JSWSTEEL,REDUCE
2021-07-20,MARUTI,REDUCE
2021-07-20,ONGC,EXIT
2021-07-20,POWERGRID,REDUCE
2021-07-20,SUNPHARMA,REDUCE
2021-07-20,TCS,HOLD
2021-07-22,ADANIENT,REDUCE
2021-07-22,BHARTIARTL,REDUCE
2021-07-22,CIPLA,REDUCE
2021-07-22,HINDALCO,HOLD
2021-07-22,HINDUNILVR,REDUCE
2021-07-22,JSWSTEEL,HOLD
2021-07-22,MARUTI,HOLD
2021-07-22,ONGC,REDUCE
2021-07-22,POWERGRID,HOLD
2021-07-22,SUNPHARMA,HOLD
2021-07-23,ADANIENT,EXIT
2021-07-23,BHARTIARTL,HOLD
2021-07-23,HDFCLIFE,REDUCE
2021-07-23,MARUTI,REDUCE
2021-07-26,ADANIENT,REDUCE
2021-07-26,BHARTIARTL,REDUCE
2021-07-26,HDFCLIFE,EXIT
2021-07-26,RELIANCE,EXIT
2021-07-26,TCS,REDUCE
2021-07-27,AXISBANK,REDUCE
2021-07-27,DRREDDY,EXIT
2021-07-27,HDFCLIFE,REDUCE
2021-07-27,MARUTI,HOLD
2021-07-27,POWERGRID,REDUCE
2021-07-28,ADANIENT,EXIT
2021-07-28,BHARTIARTL,HOLD
2021-07-28,MARUTI,EXIT
2021-07-29,ADANIENT,REDUCE
2021-07-29,HDFCLIFE,EXIT
2021-07-29,POWERGRID,EXIT
2021-07-30,ASIANPAINT,REDUCE
2021-07-30,AXISBANK,EXIT
2021-07-30,ITC,REDUCE
2021-07-30,POWERGRID,REDUCE
2021-08-02,AXISBANK,REDUCE
2021-08-02,HDFCLIFE,REDUCE
2021-08-02,ITC,HOLD
2021-08-03,ASIANPAINT,HOLD
2021-08-03,POWERGRID,HOLD
2021-08-03,RELIANCE,REDUCE
2021-08-03,SHRIRAMFIN,EXIT
2021-08-03,TCS,HOLD
2021-08-04,AXISBANK,HOLD
2021-08-04,HDFCBANK,REDUCE
2021-08-05,ASIANPAINT,REDUCE
2021-08-05,EICHERMOT,HOLD
2021-08-05,HDFCBANK,HOLD
2021-08-05,NTPC,REDUCE
2021-08-05,RELIANCE,HOLD
2021-08-06,ADANIENT,HOLD
2021-08-06,AXISBANK,REDUCE
2021-08-06,NTPC,HOLD
2021-08-06,RELIANCE,REDUCE
2021-08-09,AXISBANK,HOLD
2021-08-09,GRASIM,REDUCE
2021-08-09,RELIANCE,EXIT
2021-08-10,ADANIENT,REDUCE
2021-08-10,BEL,REDUCE
2021-08-10,INDIGO,EXIT
2021-08-10,M&M,REDUCE
2021-08-10,NTPC,REDUCE
2021-08-10,POWERGRID,REDUCE
2021-08-10,RELIANCE,REDUCE
2021-08-10,SBIN,REDUCE
2021-08-11,ADANIENT,EXIT
2021-08-11,BAJAJ-AUTO,EXIT
2021-08-11,BEL,HOLD
2021-08-11,NTPC,HOLD
2021-08-11,POWERGRID,HOLD
2021-08-12,BAJAJ-AUTO,REDUCE
2021-08-12,EICHERMOT,EXIT
2021-08-12,INDIGO,REDUCE
2021-08-13,RELIANCE,HOLD
2021-08-13,SBIN,HOLD
2021-08-13,TRENT,REDUCE
2021-08-16,HINDUNILVR,HOLD
2021-08-16,SBIN,REDUCE
2021-08-17,ASIANPAINT,HOLD
2021-08-17,NTPC,REDUCE
2021-08-17,ONGC,EXIT
2021-08-18,ADANIENT,REDUCE
2021-08-18,ASIANPAINT,REDUCE
2021-08-18,TRENT,HOLD
2021-08-20,ADANIENT,EXIT
2021-08-20,ASIANPAINT,HOLD
2021-08-20,AXISBANK,REDUCE
2021-08-20,JSWSTEEL,EXIT
2021-08-20,SBIN,EXIT
2021-08-23,BAJAJ-AUTO,EXIT
2021-08-23,ITC,REDUCE
2021-08-23,M&M,EXIT
2021-08-23,POWERGRID,REDUCE
2021-08-23,TRENT,REDUCE
2021-08-24,JSWSTEEL,REDUCE
2021-08-24,M&M,REDUCE
2021-08-24,POWERGRID,HOLD
2021-08-24,SBIN,REDUCE
2021-08-24,TRENT,HOLD
2021-08-25,ADANIENT,REDUCE
2021-08-25,ADANIPORTS,REDUCE
2021-08-25,HDFCLIFE,HOLD
2021-08-25,JSWSTEEL,EXIT
2021-08-25,M&M,EXIT
2021-08-25,ONGC,REDUCE
2021-08-26,INDIGO,HOLD
2021-08-26,POWERGRID,REDUCE
2021-08-26,SBIN,EXIT
2021-08-27,AXISBANK,HOLD
2021-08-27,SBIN,REDUCE
2021-08-30,ADANIENT,HOLD
2021-08-30,ADANIPORTS,HOLD
2021-08-30,ITC,HOLD
2021-08-30,ONGC,HOLD
2021-08-30,POWERGRID,HOLD
2021-08-31,ADANIPORTS,REDUCE
2021-08-31,CIPLA,HOLD
2021-08-31,COALINDIA,REDUCE
2021-08-31,EICHERMOT,HOLD
2021-08-31,JSWSTEEL,REDUCE
2021-08-31,SHRIRAMFIN,REDUCE
2021-09-01,BAJAJ-AUTO,REDUCE
2021-09-01,CIPLA,REDUCE
2021-09-01,JSWSTEEL,EXIT
2021-09-01,SHRIRAMFIN,EXIT
2021-09-01,SBIN,HOLD
2021-09-02,BAJAJ-AUTO,EXIT
2021-09-02,CIPLA,HOLD
2021-09-03,BAJAJ-AUTO,REDUCE
2021-09-03,COALINDIA,HOLD
2021-09-03,GRASIM,HOLD
2021-09-03,JSWSTEEL,REDUCE
2021-09-06,JSWSTEEL,EXIT
2021-09-06,POWERGRID,REDUCE
2021-09-08,BAJAJ-AUTO,EXIT
2021-09-08,JSWSTEEL,REDUCE
2021-09-08,NTPC,HOLD
2021-09-08,POWERGRID,HOLD
2021-09-08,SHRIRAMFIN,HOLD
2021-09-09,KOTAKBANK,REDUCE
2021-09-09,SHRIRAMFIN,EXIT
2021-09-14,ADANIENT,REDUCE
2021-09-14,BAJAJ-AUTO,REDUCE
2021-09-14,SHRIRAMFIN,HOLD
2021-09-15,DRREDDY,REDUCE
2021-09-16,DRREDDY,EXIT
2021-09-17,BAJAJ-AUTO,HOLD
2021-09-17,JSWSTEEL,EXIT
2021-09-17,KOTAKBANK,HOLD
2021-09-20,ADANIENT,EXIT
2021-09-20,BAJAJ-AUTO,REDUCE
2021-09-20,SHRIRAMFIN,EXIT
2021-09-20,TATASTEEL,EXIT
2021-09-21,BAJAJ-AUTO,EXIT
2021-09-22,BAJAJ-AUTO,REDUCE
2021-09-22,SHRIRAMFIN,REDUCE
2021-09-23,ADANIENT,REDUCE
2021-09-23,BAJAJ-AUTO,HOLD
2021-09-23,SHRIRAMFIN,HOLD
2021-09-24,ADANIENT,EXIT
2021-09-24,ULTRACEMCO,REDUCE
2021-09-27,ADANIENT,HOLD
2021-09-27,MARUTI,REDUCE
2021-09-27,SHRIRAMFIN,EXIT
2021-09-27,ULTRACEMCO,HOLD
2021-09-28,ADANIENT,REDUCE
2021-09-28,APOLLOHOSP,REDUCE
2021-09-28,ULTRACEMCO,REDUCE
2021-09-30,ADANIENT,EXIT
2021-09-30,AXISBANK,REDUCE
2021-09-30,ICICIBANK,REDUCE
2021-09-30,INFY,REDUCE
2021-09-30,MARUTI,EXIT
2021-09-30,TATACONSUM,REDUCE
2021-10-01,AXISBANK,HOLD
2021-10-01,M&M,REDUCE
2021-10-04,ADANIENT,REDUCE
2021-10-04,APOLLOHOSP,HOLD
2021-10-04,DRREDDY,REDUCE
2021-10-04,SHRIRAMFIN,REDUCE
2021-10-05,APOLLOHOSP,REDUCE
2021-10-05,INFY,HOLD
2021-10-05,SHRIRAMFIN,EXIT
2021-10-06,ADANIENT,EXIT
2021-10-06,APOLLOHOSP,EXIT
2021-10-06,BAJAJ-AUTO,REDUCE
2021-10-06,CIPLA,REDUCE
2021-10-06,DRREDDY,EXIT
2021-10-06,INFY,REDUCE
2021-10-06,NESTLEIND,REDUCE
2021-10-07,ADANIENT,REDUCE
2021-10-07,BAJAJ-AUTO,HOLD
2021-10-07,M&M,HOLD
2021-10-07,MARUTI,REDUCE
2021-10-08,ADANIENT,HOLD
2021-10-08,INFY,HOLD
2021-10-11,ICICIBANK,HOLD
2021-10-11,INFY,REDUCE
2021-10-12,HDFCLIFE,REDUCE
2021-10-12,MAXHEALTH,EXIT
2021-10-12,NESTLEIND,HOLD
2021-10-13,INFY,HOLD
2021-10-13,NESTLEIND,REDUCE
2021-10-13,SHRIRAMFIN,REDUCE
2021-10-13,TATACONSUM,HOLD
2021-10-14,ADANIPORTS,HOLD
2021-10-14,HINDUNILVR,REDUCE
2021-10-14,JSWSTEEL,REDUCE
2021-10-14,MAXHEALTH,HOLD
2021-10-14,TCS,REDUCE
2021-10-14,TATASTEEL,REDUCE
2021-10-18,JSWSTEEL,HOLD
2021-10-18,MAXHEALTH,REDUCE
2021-10-18,TATASTEEL,HOLD
2021-10-19,ASIANPAINT,REDUCE
2021-10-19,EICHERMOT,REDUCE
2021-10-19,TATASTEEL,EXIT
2021-10-19,ULTRACEMCO,EXIT
2021-10-20,EICHERMOT,EXIT
2021-10-20,HINDUNILVR,EXIT
2021-10-20,JSWSTEEL,EXIT
2021-10-20,SBILIFE,REDUCE
2021-10-20,TATACONSUM,REDUCE
2021-10-21,ASIANPAINT,EXIT
2021-10-21,EICHERMOT,REDUCE
2021-10-21,SHRIRAMFIN,HOLD
2021-10-21,TCS,EXIT
2021-10-22,ADANIPORTS,REDUCE
2021-10-22,BAJAJ-AUTO,REDUCE
2021-10-22,EICHERMOT,EXIT
2021-10-22,HCLTECH,REDUCE
2021-10-22,MAXHEALTH,EXIT
2021-10-25,HCLTECH,EXIT
2021-10-25,HINDALCO,REDUCE
2021-10-25,INFY,REDUCE
2021-10-25,MARUTI,EXIT
2021-10-25,MAXHEALTH,REDUCE
2021-10-25,SBILIFE,EXIT
2021-10-25,TATACONSUM,EXIT
2021-10-26,HINDALCO,HOLD
2021-10-26,INFY,HOLD
2021-10-26,JSWSTEEL,HOLD
2021-10-26,MAXHEALTH,EXIT
2021-10-26,SBILIFE,REDUCE
2021-10-26,TATACONSUM,REDUCE
2021-10-26,ULTRACEMCO,REDUCE
2021-10-27,HINDALCO,REDUCE
2021-10-27,JSWSTEEL,REDUCE
2021-10-28,ADANIENT,EXIT
2021-10-28,ADANIPORTS,EXIT
2021-10-28,ASIANPAINT,REDUCE
2021-10-28,AXISBANK,EXIT
2021-10-28,BAJAJ-AUTO,EXIT
2021-10-28,HDFCLIFE,EXIT
2021-10-28,HINDALCO,EXIT
2021-10-28,ITC,EXIT
2021-10-28,JSWSTEEL,EXIT
2021-10-28,MARUTI,REDUCE
2021-10-28,TRENT,REDUCE
2021-10-28,WIPRO,REDUCE
2021-10-29,HDFCBANK,REDUCE
2021-10-29,INFY,REDUCE
2021-10-29,MARUTI,HOLD
2021-10-29,SUNPHARMA,REDUCE
2021-10-29,ULTRACEMCO,HOLD
2021-11-01,HDFCBANK,HOLD
2021-11-01,HDFCLIFE,REDUCE
2021-11-01,HINDALCO,HOLD
2021-11-01,ITC,REDUCE
2021-11-01,INFY,HOLD
2021-11-01,JSWSTEEL,HOLD
2021-11-01,SUNPHARMA,HOLD
2021-11-01,TATASTEEL,REDUCE
2021-11-01,TRENT,HOLD
2021-11-02,BAJAJ-AUTO,REDUCE
2021-11-02,HINDALCO,REDUCE
2021-11-02,ITC,EXIT
2021-11-02,JSWSTEEL,EXIT
2021-11-02,TATASTEEL,EXIT
2021-11-03,BAJAJ-AUTO,EXIT
2021-11-03,HDFCBANK,REDUCE
2021-11-03,HINDALCO,HOLD
2021-11-03,JSWSTEEL,REDUCE
2021-11-03,POWERGRID,REDUCE
2021-11-03,SUNPHARMA,REDUCE
2021-11-04,BAJAJ-AUTO,REDUCE
2021-11-04,BAJFINANCE,REDUCE
2021-11-04,EICHERMOT,REDUCE
2021-11-04,HINDALCO,REDUCE
2021-11-04,ITC,REDUCE
2021-11-04,POWERGRID,HOLD
2021-11-08,ADANIENT,HOLD
2021-11-08,BAJFINANCE,HOLD
2021-11-08,HDFCBANK,HOLD
2021-11-08,HINDALCO,EXIT
2021-11-08,ITC,HOLD
2021-11-08,SBILIFE,HOLD
2021-11-08,SUNPHARMA,HOLD
2021-11-09,BAJFINANCE,REDUCE
2021-11-09,HDFCBANK,REDUCE
2021-11-09,ITC,REDUCE
2021-11-09,JSWSTEEL,EXIT
2021-11-10,COALINDIA,REDUCE
2021-11-10,ITC,HOLD
2021-11-10,POWERGRID,REDUCE
2021-11-10,SBILIFE,REDUCE
2021-11-10,TATACONSUM,HOLD
2021-11-11,APOLLOHOSP,REDUCE
2021-11-11,ASIANPAINT,EXIT
2021-11-11,ITC,REDUCE
2021-11-11,POWERGRID,EXIT
2021-11-11,SUNPHARMA,REDUCE
2021-11-11,TATACONSUM,REDUCE
2021-11-12,ADANIPORTS,REDUCE
2021-11-12,APOLLOHOSP,HOLD
2021-11-12,ASIANPAINT,REDUCE
2021-11-12,BAJAJ-AUTO,EXIT
2021-11-12,HDFCLIFE,HOLD
2021-11-12,ITC,HOLD
2021-11-12,SUNPHARMA,HOLD
2021-11-12,TATACONSUM,HOLD
2021-11-15,CIPLA,HOLD
2021-11-15,HDFCLIFE,REDUCE
2021-11-15,MAXHEALTH,HOLD
2021-11-15,NESTLEIND,HOLD
2021-11-15,POWERGRID,HOLD
2021-11-15,TCS,REDUCE
2021-11-16,CIPLA,REDUCE
2021-11-16,NTPC,REDUCE
2021-11-16,SUNPHARMA,REDUCE
2021-11-16,TATACONSUM,REDUCE
2021-11-17,ADANIPORTS,EXIT
2021-11-17,ASIANPAINT,HOLD
2021-11-17,NTPC,HOLD
2021-11-17,RELIANCE,REDUCE
2021-11-17,TCS,EXIT
2021-11-18,EICHERMOT,EXIT
2021-11-18,MAXHEALTH,REDUCE
2021-11-22,BAJFINANCE,EXIT
2021-11-22,BAJAJFINSV,REDUCE
2021-11-22,HDFCBANK,EXIT
2021-11-22,ITC,REDUCE
2021-11-22,KOTAKBANK,REDUCE
2021-11-22,MAXHEALTH,EXIT
2021-11-22,NTPC,REDUCE
2021-11-22,NESTLEIND,REDUCE
2021-11-22,RELIANCE,EXIT
2021-11-23,ASIANPAINT,REDUCE
2021-11-23,BAJAJFINSV,HOLD
2021-11-23,JSWSTEEL,REDUCE
2021-11-24,ADANIPORTS,HOLD
2021-11-24,BAJFINANCE,REDUCE
2021-11-24,INFY,REDUCE
2021-11-24,KOTAKBANK,HOLD
2021-11-24,MAXHEALTH,REDUCE
2021-11-24,NTPC,HOLD
2021-11-24,ULTRACEMCO,REDUCE
2021-11-24,WIPRO,EXIT
2021-11-25,BAJFINANCE,EXIT
2021-11-25,HDFCBANK,REDUCE
2021-11-25,INFY,HOLD
2021-11-25,INDIGO,REDUCE
2021-11-25,MAXHEALTH,HOLD
2021-11-25,RELIANCE,HOLD
2021-11-25,ULTRACEMCO,HOLD
2021-11-26,ADANIPORTS,EXIT
2021-11-26,BAJAJFINSV,REDUCE
2021-11-26,BEL,EXIT
2021-11-26,CIPLA,HOLD
2021-11-26,HDFCBANK,EXIT
2021-11-26,HDFCLIFE,EXIT
2021-11-26,ICICIBANK,REDUCE
2021-11-26,INDIGO,EXIT
2021-11-26,JSWSTEEL,EXIT
2021-11-26,KOTAKBANK,REDUCE
2021-11-26,M&M,REDUCE
2021-11-26,MARUTI,REDUCE
2021-11-26,NTPC,REDUCE
2021-11-26,RELIANCE,REDUCE
2021-11-26,SBILIFE,EXIT
2021-11-26,SHRIRAMFIN,REDUCE
2021-11-26,SBIN,REDUCE
2021-11-26,TATACONSUM,EXIT
2021-11-26,TITAN,REDUCE
2021-11-26,TRENT,REDUCE
2021-11-26,ULTRACEMCO,REDUCE
2021-11-29,COALINDIA,EXIT
2021-11-29,GRASIM,REDUCE
2021-11-29,HDFCLIFE,REDUCE
2021-11-29,KOTAKBANK,HOLD
2021-11-29,ONGC,REDUCE
2021-11-29,SBILIFE,REDUCE
2021-11-29,SUNPHARMA,EXIT
2021-11-29,ULTRACEMCO,EXIT
2021-11-30,BAJAJFINSV,HOLD
2021-11-30,BEL,HOLD
2021-11-30,HDFCLIFE,EXIT
2021-11-30,ITC,EXIT
2021-11-30,KOTAKBANK,REDUCE
2021-11-30,SBILIFE,HOLD
2021-11-30,TITAN,HOLD
2021-11-30,ULTRACEMCO,REDUCE
2021-12-01,COALINDIA,REDUCE
2021-12-01,HDFCLIFE,REDUCE
2021-12-01,KOTAKBANK,EXIT
2021-12-01,NESTLEIND,HOLD
2021-12-01,RELIANCE,HOLD
2021-12-01,SBILIFE,REDUCE
2021-12-01,TCS,REDUCE
2021-12-01,ULTRACEMCO,EXIT
2021-12-02,BAJFINANCE,REDUCE
2021-12-02,CIPLA,REDUCE
2021-12-02,GRASIM,HOLD
2021-12-02,HDFCBANK,REDUCE
2021-12-02,JSWSTEEL,REDUCE
2021-12-02,SBILIFE,HOLD
2021-12-02,SUNPHARMA,HOLD
2021-12-02,TCS,HOLD
2021-12-02,WIPRO,REDUCE
2021-12-03,BAJFINANCE,EXIT
2021-12-03,HDFCBANK,EXIT
2021-12-03,JSWSTEEL,EXIT
2021-12-03,ONGC,HOLD
2021-12-03,RELIANCE,REDUCE
2021-12-03,SBILIFE,REDUCE
2021-12-03,SUNPHARMA,EXIT
2021-12-06,ASIANPAINT,EXIT
2021-12-06,BAJAJFINSV,EXIT
2021-12-06,COALINDIA,EXIT
2021-12-06,GRASIM,REDUCE
2021-12-06,HDFCBANK,REDUCE
2021-12-06,NESTLEIND,REDUCE
2021-12-06,ONGC,REDUCE
2021-12-06,RELIANCE,EXIT
2021-12-06,TCS,EXIT
2021-12-06,TITAN,REDUCE
2021-12-06,WIPRO,EXIT
2021-12-07,ADANIPORTS,HOLD
2021-12-07,NESTLEIND,HOLD
2021-12-07,ONGC,HOLD
2021-12-07,TCS,REDUCE
2021-12-07,TITAN,HOLD
2021-12-08,ASIANPAINT,REDUCE
2021-12-08,BAJFINANCE,REDUCE
2021-12-08,BAJAJFINSV,REDUCE
2021-12-08,GRASIM,HOLD
2021-12-08,ICICIBANK,HOLD
2021-12-08,JSWSTEEL,HOLD
2021-12-08,SHRIRAMFIN,HOLD
2021-12-08,SBIN,HOLD
2021-12-08,TCS,HOLD
2021-12-08,ULTRACEMCO,REDUCE
2021-12-08,WIPRO,REDUCE
2021-12-09,ASIANPAINT,HOLD
2021-12-09,ITC,REDUCE
2021-12-09,NTPC,EXIT
2021-12-09,SUNPHARMA,REDUCE
2021-12-10,BAJAJFINSV,HOLD
2021-12-10,BEL,REDUCE
2021-12-10,MARUTI,EXIT
2021-12-10,RELIANCE,REDUCE
2021-12-10,WIPRO,EXIT
2021-12-13,BAJAJFINSV,REDUCE
2021-12-13,BEL,HOLD
2021-12-13,HDFCBANK,EXIT
2021-12-13,HDFCLIFE,EXIT
2021-12-13,INDIGO,REDUCE
2021-12-13,JSWSTEEL,REDUCE
2021-12-13,MARUTI,HOLD
2021-12-13,NESTLEIND,REDUCE
2021-12-13,RELIANCE,EXIT
2021-12-13,SBILIFE,HOLD
2021-12-13,SHRIRAMFIN,REDUCE
2021-12-13,WIPRO,HOLD
2021-12-14,BAJFINANCE,EXIT
2021-12-14,BAJAJFINSV,EXIT
2021-12-14,ITC,EXIT
2021-12-14,INDIGO,EXIT
2021-12-14,JSWSTEEL,HOLD
2021-12-14,NESTLEIND,HOLD
2021-12-14,SUNPHARMA,EXIT
2021-12-14,ULTRACEMCO,EXIT
2021-12-15,BHARTIARTL,REDUCE
2021-12-15,ICICIBANK,REDUCE
2021-12-15,JSWSTEEL,EXIT
2021-12-15,ONGC,REDUCE
2021-12-15,SBILIFE,REDUCE
2021-12-15,SUNPHARMA,REDUCE
2021-12-15,TITAN,REDUCE
2021-12-15,TRENT,EXIT
2021-12-15,WIPRO,REDUCE
2021-12-16,CIPLA,EXIT
2021-12-16,INDIGO,REDUCE
2021-12-16,TITAN,HOLD
2021-12-16,TRENT,REDUCE
2021-12-16,ULTRACEMCO,HOLD
2021-12-16,WIPRO,HOLD
2021-12-17,ADANIPORTS,REDUCE
2021-12-17,APOLLOHOSP,REDUCE
2021-12-17,BHARTIARTL,EXIT
2021-12-17,GRASIM,REDUCE
2021-12-17,JSWSTEEL,REDUCE
2021-12-17,MARUTI,REDUCE
2021-12-17,ONGC,EXIT
2021-12-17,SHRIRAMFIN,EXIT
2021-12-17,SBIN,REDUCE
2021-12-17,TITAN,REDUCE
2021-12-17,ULTRACEMCO,REDUCE
2021-12-20,BEL,REDUCE
2021-12-20,BHARTIARTL,REDUCE
2021-12-20,CIPLA,HOLD
2021-12-20,INDIGO,EXIT
2021-12-20,SBILIFE,EXIT
2021-12-20,SUNPHARMA,HOLD
2021-12-21,CIPLA,REDUCE
2021-12-21,HCLTECH,REDUCE
2021-12-21,M&M,EXIT
2021-12-21,SUNPHARMA,REDUCE
2021-12-21,TRENT,EXIT
2021-12-22,BEL,HOLD
2021-12-22,CIPLA,HOLD
2021-12-22,DRREDDY,REDUCE
2021-12-22,HCLTECH,HOLD
2021-12-22,HINDALCO,HOLD
2021-12-22,INDIGO,REDUCE
2021-12-22,SUNPHARMA,HOLD
2021-12-23,HINDALCO,EXIT
2021-12-24,DRREDDY,EXIT
2021-12-24,SBILIFE,HOLD
2021-12-24,SBIN,EXIT
2021-12-24,SUNPHARMA,REDUCE
2021-12-24,TITAN,EXIT
2021-12-27,DRREDDY,REDUCE
2021-12-27,SBIN,REDUCE
2021-12-27,SUNPHARMA,HOLD
2021-12-27,TITAN,REDUCE
2021-12-28,ADANIPORTS,EXIT
2021-12-28,GRASIM,EXIT
2021-12-28,SBIN,EXIT
2021-12-28,ULTRACEMCO,HOLD
2021-12-29,APOLLOHOSP,HOLD
2021-12-29,JSWSTEEL,EXIT
2021-12-29,TITAN,HOLD
2021-12-30,EICHERMOT,REDUCE
2021-12-31,HINDALCO,REDUCE
2021-12-31,TRENT,REDUCE
2022-01-03,BAJFINANCE,HOLD
2022-01-03,BHARTIARTL,HOLD
2022-01-03,COALINDIA,REDUCE
2022-01-03,EICHERMOT,HOLD
2022-01-03,ICICIBANK,HOLD
2022-01-03,JSWSTEEL,REDUCE
2022-01-03,MARUTI,HOLD
2022-01-03,TRENT,EXIT
2022-01-04,APOLLOHOSP,REDUCE
2022-01-04,GRASIM,REDUCE
2022-01-04,HDFCBANK,HOLD
2022-01-04,HINDALCO,HOLD
2022-01-04,NTPC,REDUCE
2022-01-04,ONGC,HOLD
2022-01-04,RELIANCE,REDUCE
2022-01-04,SBIN,REDUCE
2022-01-04,TRENT,REDUCE
2022-01-05,BAJAJFINSV,HOLD
2022-01-05,GRASIM,HOLD
2022-01-05,INDIGO,EXIT
2022-01-05,JSWSTEEL,HOLD
2022-01-05,RELIANCE,HOLD
2022-01-05,SBIN,HOLD
2022-01-05,TRENT,HOLD
2022-01-06,ADANIPORTS,REDUCE
2022-01-06,HINDALCO,REDUCE
2022-01-06,JSWSTEEL,EXIT
2022-01-06,RELIANCE,EXIT
2022-01-07,ADANIPORTS,EXIT
2022-01-07,HINDALCO,HOLD
2022-01-07,HINDUNILVR,REDUCE
2022-01-07,INDIGO,REDUCE
2022-01-10,ADANIPORTS,REDUCE
2022-01-10,APOLLOHOSP,HOLD
2022-01-10,COALINDIA,HOLD
2022-01-10,HINDUNILVR,EXIT
2022-01-10,INDIGO,HOLD
2022-01-10,KOTAKBANK,REDUCE
2022-01-10,RELIANCE,REDUCE
2022-01-11,APOLLOHOSP,REDUCE
2022-01-11,BHARTIARTL,REDUCE
2022-01-11,CIPLA,REDUCE
2022-01-11,COALINDIA,REDUCE
2022-01-11,DRREDDY,EXIT
2022-01-11,INDIGO,EXIT
2022-01-12,BHARTIARTL,HOLD
2022-01-12,INDIGO,REDUCE
2022-01-12,M&M,HOLD
2022-01-12,RELIANCE,HOLD
2022-01-13,COALINDIA,HOLD
2022-01-13,INDIGO,HOLD
2022-01-13,JSWSTEEL,REDUCE
2022-01-13,NTPC,HOLD
2022-01-13,WIPRO,REDUCE
2022-01-14,ADANIPORTS,HOLD
2022-01-14,COALINDIA,REDUCE
2022-01-14,JSWSTEEL,EXIT
2022-01-14,WIPRO,EXIT
2022-01-17,ITC,REDUCE
2022-01-17,JSWSTEEL,HOLD
2022-01-18,BEL,REDUCE
2022-01-18,ITC,EXIT
2022-01-18,INDIGO,REDUCE
2022-01-18,JSWSTEEL,EXIT
2022-01-19,BHARTIARTL,REDUCE
2022-01-19,COALINDIA,HOLD
2022-01-19,HCLTECH,REDUCE
2022-01-19,HDFCBANK,REDUCE
2022-01-19,JSWSTEEL,REDUCE
2022-01-19,KOTAKBANK,EXIT
2022-01-19,MAXHEALTH,REDUCE
2022-01-19,ULTRACEMCO,REDUCE
2022-01-20,ADANIPORTS,REDUCE
2022-01-20,BEL,HOLD
2022-01-20,BHARTIARTL,HOLD
2022-01-20,CIPLA,EXIT
2022-01-20,HDFCBANK,EXIT
2022-01-20,NESTLEIND,REDUCE
2022-01-21,ADANIPORTS,EXIT
2022-01-21,BAJAJFINSV,EXIT
2022-01-21,BEL,REDUCE
2022-01-21,BHARTIARTL,REDUCE
2022-01-21,HDFCBANK,REDUCE
2022-01-21,NTPC,REDUCE
2022-01-21,NESTLEIND,HOLD
2022-01-21,TECHM,REDUCE
2022-01-21,ULTRACEMCO,EXIT
2022-01-24,ASIANPAINT,REDUCE
2022-01-24,AXISBANK,REDUCE
2022-01-24,BAJFINANCE,EXIT
2022-01-24,BEL,EXIT
2022-01-24,CIPLA,HOLD
2022-01-24,EICHERMOT,REDUCE
2022-01-24,GRASIM,EXIT
2022-01-24,HINDUNILVR,REDUCE
2022-01-24,INFY,REDUCE
2022-01-24,INDIGO,EXIT
2022-01-24,JSWSTEEL,EXIT
2022-01-24,M&M,EXIT
2022-01-24,NTPC,HOLD
2022-01-24,RELIANCE,EXIT
2022-01-25,APOLLOHOSP,EXIT
2022-01-25,BAJAJ-AUTO,REDUCE
2022-01-25,BEL,REDUCE
2022-01-25,BHARTIARTL,HOLD
2022-01-25,EICHERMOT,HOLD
2022-01-25,JSWSTEEL,REDUCE
2022-01-25,TECHM,EXIT
2022-01-25,TITAN,EXIT
2022-01-27,ADANIENT,REDUCE
2022-01-27,ADANIPORTS,REDUCE
2022-01-27,AXISBANK,HOLD
2022-01-27,EICHERMOT,REDUCE
2022-01-27,HCLTECH,EXIT
2022-01-27,INFY,EXIT
2022-01-27,JSWSTEEL,EXIT
2022-01-27,M&M,REDUCE
2022-01-27,NESTLEIND,REDUCE
2022-01-27,TRENT,EXIT
2022-01-28,ADANIENT,HOLD
2022-01-28,BEL,HOLD
2022-01-28,KOTAKBANK,REDUCE
2022-01-28,M&M,HOLD
2022-01-31,GRASIM,HOLD
2022-01-31,HCLTECH,REDUCE
2022-01-31,HDFCBANK,EXIT
2022-01-31,HINDUNILVR,EXIT
2022-01-31,INFY,REDUCE
2022-01-31,KOTAKBANK,EXIT
2022-02-01,ADANIPORTS,HOLD
2022-02-01,ASIANPAINT,EXIT
2022-02-01,ITC,REDUCE
2022-02-01,KOTAKBANK,REDUCE
2022-02-01,TITAN,HOLD
2022-02-01,ULTRACEMCO,HOLD
2022-02-02,BAJFINANCE,HOLD
2022-02-02,EICHERMOT,HOLD
2022-02-02,HDFCBANK,REDUCE
2022-02-02,INFY,HOLD
2022-02-02,TRENT,HOLD
2022-02-03,ADANIPORTS,EXIT
2022-02-03,ASIANPAINT,REDUCE
2022-02-03,BAJFINANCE,EXIT
2022-02-03,HDFCBANK,EXIT
2022-02-03,ITC,HOLD
2022-02-03,INFY,REDUCE
2022-02-03,M&M,REDUCE
2022-02-03,ULTRACEMCO,EXIT
2022-02-04,ASIANPAINT,HOLD
2022-02-04,BAJFINANCE,HOLD
2022-02-04,BEL,REDUCE
2022-02-04,EICHERMOT,REDUCE
2022-02-04,HDFCBANK,HOLD
2022-02-04,M&M,EXIT
2022-02-04,MAXHEALTH,EXIT
2022-02-04,TATASTEEL,REDUCE
2022-02-04,TRENT,EXIT
2022-02-04,ULTRACEMCO,HOLD
2022-02-07,ASIANPAINT,EXIT
2022-02-07,BAJFINANCE,REDUCE
2022-02-07,BEL,HOLD
2022-02-07,CIPLA,REDUCE
2022-02-07,GRASIM,REDUCE
2022-02-07,HDFCBANK,EXIT
2022-02-07,INDIGO,HOLD
2022-02-07,JSWSTEEL,REDUCE
2022-02-07,KOTAKBANK,EXIT
2022-02-07,NESTLEIND,EXIT
2022-02-07,SBILIFE,REDUCE
2022-02-08,ADANIPORTS,REDUCE
2022-02-08,ASIANPAINT,REDUCE
2022-02-08,BEL,EXIT
2022-02-08,INFY,EXIT
2022-02-08,SBILIFE,EXIT
2022-02-08,TRENT,REDUCE
2022-02-09,ASIANPAINT,HOLD
2022-02-09,BAJFINANCE,EXIT
2022-02-09,BEL,REDUCE
2022-02-09,GRASIM,HOLD
2022-02-09,TRENT,HOLD
2022-02-10,BAJFINANCE,REDUCE
2022-02-10,CIPLA,HOLD
2022-02-10,HDFCBANK,REDUCE
2022-02-10,INFY,HOLD
2022-02-10,KOTAKBANK,REDUCE
2022-02-10,M&M,REDUCE
2022-02-10,MAXHEALTH,REDUCE
2022-02-11,ADANIPORTS,EXIT
2022-02-11,ASIANPAINT,REDUCE
2022-02-11,BAJFINANCE,EXIT
2022-02-11,GRASIM,EXIT
2022-02-11,HCLTECH,EXIT
2022-02-11,INFY,EXIT
2022-02-11,KOTAKBANK,EXIT
2022-02-11,M&M,HOLD
2022-02-11,MAXHEALTH,EXIT
2022-02-11,ULTRACEMCO,REDUCE
2022-02-14,ADANIENT,REDUCE
2022-02-14,BEL,EXIT
2022-02-14,BHARTIARTL,REDUCE
2022-02-14,HCLTECH,REDUCE
2022-02-14,ICICIBANK,REDUCE
2022-02-14,LT,REDUCE
2022-02-14,M&M,REDUCE
2022-02-14,RELIANCE,REDUCE
2022-02-14,TRENT,REDUCE
2022-02-14,ULTRACEMCO,EXIT
2022-02-15,ADANIENT,HOLD
2022-02-15,ASIANPAINT,HOLD
2022-02-15,BAJFINANCE,HOLD
2022-02-15,BHARTIARTL,HOLD
2022-02-15,EICHERMOT,HOLD
2022-02-15,GRASIM,REDUCE
2022-02-15,HDFCBANK,EXIT
2022-02-15,ICICIBANK,HOLD
2022-02-15,INFY,REDUCE
2022-02-15,JSWSTEEL,EXIT
2022-02-15,LT,HOLD
2022-02-15,M&M,HOLD
2022-02-15,RELIANCE,HOLD
2022-02-15,TRENT,HOLD
2022-02-16,ADANIPORTS,REDUCE
2022-02-16,BAJFINANCE,EXIT
2022-02-16,LT,REDUCE
2022-02-16,MAXHEALTH,REDUCE
2022-02-16,TRENT,REDUCE
2022-02-17,ADANIPORTS,EXIT
2022-02-17,BEL,REDUCE
2022-02-17,HINDUNILVR,REDUCE
2022-02-17,ICICIBANK,REDUCE
2022-02-17,LT,HOLD
2022-02-18,HDFCBANK,REDUCE
2022-02-18,ITC,REDUCE
2022-02-18,INFY,EXIT
2022-02-18,SBILIFE,REDUCE
2022-02-21,ADANIENT,REDUCE
2022-02-21,HDFCBANK,HOLD
2022-02-21,INFY,REDUCE
2022-02-21,KOTAKBANK,REDUCE
2022-02-21,M&M,REDUCE
2022-02-21,MAXHEALTH,EXIT
2022-02-21,RELIANCE,REDUCE
2022-02-22,BAJFINANCE,REDUCE
2022-02-22,BEL,EXIT
2022-02-22,HDFCBANK,REDUCE
2022-02-22,ITC,EXIT
2022-02-22,LT,REDUCE
2022-02-22,M&M,HOLD
2022-02-22,SBILIFE,EXIT
2022-02-22,TCS,REDUCE
2022-02-22,TATASTEEL,EXIT
2022-02-23,ITC,REDUCE
2022-02-23,TATACONSUM,REDUCE
2022-02-24,ADANIENT,EXIT
2022-02-24,ASIANPAINT,REDUCE
2022-02-24,AXISBANK,REDUCE
2022-02-24,BHARTIARTL,REDUCE
2022-02-24,COALINDIA,REDUCE
2022-02-24,EICHERMOT,REDUCE
2022-02-24,GRASIM,EXIT
2022-02-24,INDIGO,REDUCE
2022-02-24,M&M,REDUCE
2022-02-24,NTPC,REDUCE
2022-02-24,NESTLEIND,REDUCE
2022-02-24,POWERGRID,REDUCE
2022-02-24,SBIN,REDUCE
2022-02-24,TATACONSUM,EXIT
2022-02-25,ADANIENT,REDUCE
2022-02-25,ASIANPAINT,EXIT
2022-02-25,BEL,HOLD
2022-02-25,BHARTIARTL,HOLD
2022-02-25,COALINDIA,HOLD
2022-02-25,HINDUNILVR,EXIT
2022-02-25,LT,EXIT
2022-02-25,M&M,EXIT
2022-02-25,NTPC,HOLD
2022-02-25,NESTLEIND,EXIT
2022-02-25,POWERGRID,HOLD
2022-02-25,TATACONSUM,REDUCE
2022-02-25,TATASTEEL,REDUCE
2022-02-28,ADANIPORTS,REDUCE
2022-02-28,APOLLOHOSP,HOLD
2022-02-28,ASIANPAINT,REDUCE
2022-02-28,BAJAJFINSV,REDUCE
2022-02-28,BHARTIARTL,REDUCE
2022-02-28,HCLTECH,EXIT
2022-02-28,HDFCBANK,EXIT
2022-02-28,INFY,EXIT
2022-02-28,INDIGO,EXIT
2022-02-28,LT,REDUCE
2022-02-28,TRENT,HOLD
2022-03-02,ASIANPAINT,EXIT
2022-03-02,JSWSTEEL,REDUCE
2022-03-02,LT,EXIT
2022-03-02,MARUTI,REDUCE
2022-03-02,SBILIFE,REDUCE
2022-03-03,ADANIPORTS,EXIT
2022-03-03,ICICIBANK,EXIT
2022-03-03,ITC,HOLD
2022-03-03,SBILIFE,EXIT
2022-03-03,TATACONSUM,EXIT
2022-03-04,ADANIPORTS,REDUCE
2022-03-04,EICHERMOT,EXIT
2022-03-04,NTPC,REDUCE
2022-03-07,APOLLOHOSP,REDUCE
2022-03-07,BAJFINANCE,EXIT
2022-03-07,BAJAJFINSV,EXIT
2022-03-07,HCLTECH,REDUCE
2022-03-07,INFY,REDUCE
2022-03-07,MARUTI,EXIT
2022-03-07,TITAN,REDUCE
2022-03-07,TRENT,REDUCE
2022-03-08,APOLLOHOSP,HOLD
2022-03-08,INFY,HOLD
2022-03-08,NTPC,HOLD
2022-03-08,TATACONSUM,REDUCE
2022-03-08,TRENT,HOLD
2022-03-09,BHARTIARTL,HOLD
2022-03-09,HCLTECH,EXIT
2022-03-09,MARUTI,REDUCE
2022-03-09,TCS,HOLD
2022-03-09,TITAN,HOLD
2022-03-10,ADANIENT,HOLD
2022-03-10,BAJAJFINSV,REDUCE
2022-03-10,GRASIM,REDUCE
2022-03-11,BAJFINANCE,REDUCE
2022-03-11,HCLTECH,REDUCE
2022-03-11,HDFCBANK,REDUCE
2022-03-11,RELIANCE,HOLD
2022-03-11,TCS,REDUCE
2022-03-14,TCS,HOLD
2022-03-15,HCLTECH,EXIT
2022-03-15,ONGC,REDUCE
2022-03-15,RELIANCE,REDUCE
2022-03-15,TCS,REDUCE
2022-03-16,BAJFINANCE,EXIT
2022-03-16,BAJAJFINSV,EXIT
2022-03-16,HCLTECH,REDUCE
2022-03-16,ONGC,HOLD
2022-03-16,RELIANCE,HOLD
2022-03-16,SBIN,HOLD
2022-03-16,TCS,HOLD
2022-03-17,BAJAJFINSV,REDUCE
2022-03-17,GRASIM,EXIT
2022-03-17,TCS,REDUCE
2022-03-21,BAJAJFINSV,EXIT
2022-03-21,HCLTECH,EXIT
2022-03-21,KOTAKBANK,EXIT
2022-03-22,APOLLOHOSP,EXIT
2022-03-22,BAJAJFINSV,REDUCE
2022-03-22,JSWSTEEL,HOLD
2022-03-22,TCS,HOLD
2022-03-22,TECHM,REDUCE
2022-03-23,HCLTECH,REDUCE
2022-03-23,HDFCBANK,EXIT
2022-03-24,MARUTI,EXIT
2022-03-25,APOLLOHOSP,REDUCE
2022-03-25,INDIGO,REDUCE
2022-03-28,BAJFINANCE,REDUCE
2022-03-28,HCLTECH,EXIT
2022-03-29,APOLLOHOSP,EXIT
2022-03-29,HCLTECH,REDUCE
2022-03-29,HDFCBANK,REDUCE
2022-03-29,INDIGO,EXIT
2022-03-30,AXISBANK,HOLD
2022-03-30,GRASIM,REDUCE
2022-03-30,INDIGO,REDUCE
2022-03-30,ONGC,REDUCE
2022-04-01,ADANIPORTS,HOLD
2022-04-01,APOLLOHOSP,REDUCE
2022-04-01,BAJAJ-AUTO,HOLD
2022-04-01,MARUTI,REDUCE
2022-04-04,HCLTECH,HOLD
2022-04-04,HDFCBANK,HOLD
2022-04-04,ICICIBANK,REDUCE
2022-04-04,LT,REDUCE
2022-04-04,MARUTI,EXIT
2022-04-05,APOLLOHOSP,EXIT
2022-04-05,BAJAJFINSV,EXIT
2022-04-05,ICICIBANK,EXIT
2022-04-05,MAXHEALTH,REDUCE
2022-04-05,ONGC,HOLD
2022-04-05,TATACONSUM,HOLD
2022-04-06,BAJAJFINSV,REDUCE
2022-04-06,HCLTECH,REDUCE
2022-04-06,ICICIBANK,REDUCE
2022-04-06,MAXHEALTH,EXIT
2022-04-06,TATASTEEL,HOLD
2022-04-06,TECHM,EXIT
2022-04-07,BAJFINANCE,HOLD
2022-04-07,HCLTECH,HOLD
2022-04-07,HDFCBANK,EXIT
2022-04-07,TCS,REDUCE
2022-04-07,TATASTEEL,REDUCE
2022-04-07,TECHM,REDUCE
2022-04-07,TITAN,REDUCE
2022-04-08,GRASIM,HOLD
2022-04-08,MAXHEALTH,REDUCE
2022-04-08,NESTLEIND,REDUCE
2022-04-08,SBILIFE,REDUCE
2022-04-08,TATASTEEL,HOLD
2022-04-08,TECHM,EXIT
2022-04-08,TITAN,HOLD
2022-04-08,WIPRO,REDUCE
2022-04-11,APOLLOHOSP,HOLD
2022-04-11,HCLTECH,REDUCE
2022-04-11,ICICIBANK,HOLD
2022-04-11,INDIGO,HOLD
2022-04-11,LT,EXIT
2022-04-11,SBILIFE,EXIT
2022-04-11,TCS,HOLD
2022-04-11,TATASTEEL,REDUCE
2022-04-12,APOLLOHOSP,REDUCE
2022-04-12,BAJAJ-AUTO,REDUCE
2022-04-12,DRREDDY,REDUCE
2022-04-12,HINDALCO,REDUCE
2022-04-12,INFY,REDUCE
2022-04-12,INDIGO,REDUCE
2022-04-12,WIPRO,EXIT
2022-04-13,APOLLOHOSP,HOLD
2022-04-13,DRREDDY,EXIT
2022-04-13,M&M,REDUCE
2022-04-13,TCS,REDUCE
2022-04-18,APOLLOHOSP,REDUCE
2022-04-18,DRREDDY,REDUCE
2022-04-18,HCLTECH,EXIT
2022-04-18,INFY,EXIT
2022-04-18,INDIGO,EXIT
2022-04-18,M&M,HOLD
2022-04-18,MAXHEALTH,HOLD
2022-04-18,NESTLEIND,HOLD
2022-04-18,SBILIFE,REDUCE
2022-04-18,TCS,EXIT
2022-04-19,APOLLOHOSP,HOLD
2022-04-19,BAJAJFINSV,EXIT
2022-04-19,DRREDDY,EXIT
2022-04-19,NESTLEIND,REDUCE
2022-04-19,SBILIFE,EXIT
2022-04-19,TATACONSUM,REDUCE
2022-04-20,BAJFINANCE,REDUCE
2022-04-20,DRREDDY,REDUCE
2022-04-20,ICICIBANK,REDUCE
2022-04-20,NESTLEIND,HOLD
2022-04-20,TATACONSUM,HOLD
2022-04-20,TATASTEEL,HOLD
2022-04-21,DRREDDY,EXIT
2022-04-21,EICHERMOT,HOLD
2022-04-21,ICICIBANK,HOLD
2022-04-21,MARUTI,REDUCE
2022-04-21,NESTLEIND,EXIT
2022-04-21,TCS,REDUCE
2022-04-22,EICHERMOT,REDUCE
2022-04-22,GRASIM,REDUCE
2022-04-22,HINDALCO,EXIT
2022-04-22,ICICIBANK,EXIT
2022-04-22,NESTLEIND,REDUCE
2022-04-25,CIPLA,REDUCE
2022-04-25,GRASIM,EXIT
2022-04-25,SBIN,REDUCE
2022-04-25,TCS,EXIT
2022-04-25,TATACONSUM,REDUCE
2022-04-25,TATASTEEL,REDUCE
2022-04-26,APOLLOHOSP,REDUCE
2022-04-26,BAJAJ-AUTO,HOLD
2022-04-26,BAJFINANCE,HOLD
2022-04-26,CIPLA,HOLD
2022-04-26,EICHERMOT,HOLD
2022-04-26,NESTLEIND,HOLD
2022-04-26,ONGC,REDUCE
2022-04-26,SBIN,HOLD
2022-04-26,TATACONSUM,HOLD
2022-04-27,BAJFINANCE,EXIT
2022-04-28,ASIANPAINT,HOLD
2022-04-28,ONGC,EXIT
2022-04-29,APOLLOHOSP,EXIT
2022-04-29,AXISBANK,EXIT
2022-04-29,BAJAJ-AUTO,REDUCE
2022-04-29,EICHERMOT,EXIT
2022-04-29,GRASIM,REDUCE
2022-04-29,HDFCLIFE,REDUCE
2022-04-29,MARUTI,EXIT
2022-04-29,TITAN,REDUCE
2022-05-02,ASIANPAINT,EXIT
2022-05-02,GRASIM,EXIT
2022-05-02,SHRIRAMFIN,REDUCE
2022-05-02,SBIN,REDUCE
2022-05-02,TATASTEEL,HOLD
2022-05-02,TITAN,EXIT
2022-05-04,CIPLA,REDUCE
2022-05-04,HDFCLIFE,EXIT
2022-05-04,NESTLEIND,REDUCE
2022-05-04,SHRIRAMFIN,EXIT
2022-05-04,SBIN,EXIT
2022-05-04,TATASTEEL,REDUCE
2022-05-05,KOTAKBANK,REDUCE
2022-05-05,TATACONSUM,REDUCE
2022-05-05,TATASTEEL,HOLD
2022-05-06,JSWSTEEL,REDUCE
2022-05-06,MAXHEALTH,REDUCE
2022-05-06,NESTLEIND,EXIT
2022-05-06,ONGC,REDUCE
2022-05-06,TATASTEEL,REDUCE
2022-05-06,TRENT,REDUCE
2022-05-09,COALINDIA,REDUCE
2022-05-09,RELIANCE,REDUCE
2022-05-10,ADANIPORTS,REDUCE
2022-05-10,ASIANPAINT,REDUCE
2022-05-10,BEL,REDUCE
2022-05-10,HINDUNILVR,REDUCE
2022-05-10,ONGC,EXIT
2022-05-10,SBILIFE,REDUCE
2022-05-10,TCS,REDUCE
2022-05-11,ASIANPAINT,EXIT
2022-05-11,BAJAJ-AUTO,HOLD
2022-05-11,ICICIBANK,REDUCE
2022-05-11,ONGC,REDUCE
2022-05-11,SBIN,REDUCE
2022-05-12,ASIANPAINT,REDUCE
2022-05-12,BAJAJ-AUTO,REDUCE
2022-05-12,HCLTECH,REDUCE
2022-05-12,TATASTEEL,EXIT
2022-05-13,BAJAJ-AUTO,HOLD
2022-05-13,BHARTIARTL,REDUCE
2022-05-13,HCLTECH,EXIT
2022-05-13,ICICIBANK,EXIT
2022-05-13,NTPC,REDUCE
2022-05-13,SBIN,EXIT
2022-05-16,ASIANPAINT,EXIT
2022-05-16,BEL,HOLD
2022-05-16,EICHERMOT,REDUCE
2022-05-16,MAXHEALTH,HOLD
2022-05-16,NTPC,HOLD
2022-05-16,TRENT,EXIT
2022-05-17,ASIANPAINT,REDUCE
2022-05-17,BHARTIARTL,HOLD
2022-05-17,EICHERMOT,HOLD
2022-05-17,HCLTECH,REDUCE
2022-05-17,ICICIBANK,REDUCE
2022-05-17,SBILIFE,EXIT
2022-05-17,SBIN,REDUCE
2022-05-17,TCS,EXIT
2022-05-18,BHARTIARTL,REDUCE
2022-05-18,GRASIM,REDUCE
2022-05-18,HCLTECH,EXIT
2022-05-18,JSWSTEEL,EXIT
2022-05-18,MARUTI,REDUCE
2022-05-18,MAXHEALTH,EXIT
2022-05-18,ONGC,EXIT
2022-05-18,RELIANCE,HOLD
2022-05-18,SBILIFE,REDUCE
2022-05-18,SBIN,EXIT
2022-05-18,ULTRACEMCO,REDUCE
2022-05-19,MAXHEALTH,HOLD
2022-05-19,RELIANCE,REDUCE
2022-05-19,ULTRACEMCO,EXIT
2022-05-20,BHARTIARTL,EXIT
2022-05-20,CIPLA,HOLD
2022-05-20,DRREDDY,REDUCE
2022-05-20,RELIANCE,HOLD
2022-05-20,SBIN,REDUCE
2022-05-23,CIPLA,REDUCE
2022-05-23,COALINDIA,EXIT
2022-05-23,GRASIM,EXIT
2022-05-23,MARUTI,HOLD
2022-05-24,AXISBANK,REDUCE
2022-05-24,CIPLA,HOLD
2022-05-24,MAXHEALTH,REDUCE
2022-05-24,NESTLEIND,REDUCE
2022-05-25,ADANIENT,REDUCE
2022-05-25,AXISBANK,EXIT
2022-05-25,BEL,REDUCE
2022-05-25,BHARTIARTL,REDUCE
2022-05-25,COALINDIA,REDUCE
2022-05-25,HDFCBANK,REDUCE
2022-05-26,ADANIPORTS,EXIT
2022-05-26,AXISBANK,REDUCE
2022-05-26,CIPLA,REDUCE
2022-05-26,HDFCLIFE,REDUCE
2022-05-26,INDIGO,REDUCE
2022-05-27,ASIANPAINT,EXIT
2022-05-27,BEL,HOLD
2022-05-27,MAXHEALTH,HOLD
2022-05-30,ADANIENT,HOLD
2022-05-30,ADANIPORTS,REDUCE
2022-05-30,AXISBANK,EXIT
2022-05-30,COALINDIA,HOLD
2022-05-30,HDFCBANK,EXIT
2022-05-30,INDIGO,EXIT
2022-05-30,SBIN,EXIT
2022-05-31,BHARTIARTL,HOLD
2022-05-31,CIPLA,HOLD
2022-05-31,SBILIFE,HOLD
2022-05-31,SUNPHARMA,REDUCE
2022-06-01,BHARTIARTL,REDUCE
2022-06-01,CIPLA,REDUCE
2022-06-01,INDIGO,REDUCE
2022-06-01,NESTLEIND,EXIT
2022-06-01,SBILIFE,REDUCE
2022-06-01,SUNPHARMA,EXIT
2022-06-02,BAJAJ-AUTO,REDUCE
2022-06-02,CIPLA,HOLD
2022-06-02,NESTLEIND,REDUCE
2022-06-02,SBIN,REDUCE
2022-06-02,SUNPHARMA,REDUCE
2022-06-03,BHARTIARTL,EXIT
2022-06-03,CIPLA,EXIT
2022-06-03,SBIN,EXIT
2022-06-06,BAJAJ-AUTO,HOLD
2022-06-06,BHARTIARTL,REDUCE
2022-06-06,CIPLA,HOLD
2022-06-06,MAXHEALTH,REDUCE
2022-06-06,SBIN,REDUCE
2022-06-07,CIPLA,REDUCE
2022-06-07,DRREDDY,EXIT
2022-06-07,HDFCBANK,REDUCE
2022-06-07,SUNPHARMA,EXIT
2022-06-08,BHARTIARTL,EXIT
2022-06-08,CIPLA,HOLD
2022-06-08,DRREDDY,REDUCE
2022-06-08,INDIGO,EXIT
2022-06-08,ONGC,REDUCE
2022-06-09,SBILIFE,HOLD
2022-06-09,SUNPHARMA,REDUCE
2022-06-10,CIPLA,REDUCE
2022-06-10,ONGC,HOLD
2022-06-10,SBILIFE,REDUCE
2022-06-10,SUNPHARMA,EXIT
2022-06-13,ADANIENT,REDUCE
2022-06-13,ONGC,REDUCE
2022-06-13,SUNPHARMA,REDUCE
2022-06-14,ADANIENT,HOLD
2022-06-14,BHARTIARTL,REDUCE
2022-06-14,CIPLA,HOLD
2022-06-15,HDFCBANK,EXIT
2022-06-16,ADANIENT,REDUCE
2022-06-16,ADANIPORTS,EXIT
2022-06-16,BAJAJ-AUTO,REDUCE
2022-06-16,CIPLA,REDUCE
2022-06-16,COALINDIA,REDUCE
2022-06-16,NTPC,REDUCE
2022-06-16,POWERGRID,REDUCE
2022-06-17,BHARTIARTL,EXIT
2022-06-17,DRREDDY,EXIT
2022-06-17,EICHERMOT,REDUCE
2022-06-17,HDFCLIFE,EXIT
2022-06-17,ONGC,EXIT
2022-06-20,BEL,REDUCE
2022-06-20,HDFCBANK,REDUCE
2022-06-20,MARUTI,REDUCE
2022-06-21,ADANIENT,HOLD
2022-06-21,BEL,HOLD
2022-06-21,DRREDDY,REDUCE
2022-06-21,EICHERMOT,HOLD
2022-06-21,MARUTI,HOLD
2022-06-21,TCS,REDUCE
2022-06-22,ADANIENT,REDUCE
2022-06-22,BEL,REDUCE
2022-06-22,RELIANCE,REDUCE
2022-06-23,ASIANPAINT,REDUCE
2022-06-23,BAJAJ-AUTO,HOLD
2022-06-23,BHARTIARTL,REDUCE
2022-06-24,ADANIENT,HOLD
2022-06-24,BEL,HOLD
2022-06-24,SHRIRAMFIN,REDUCE
2022-06-27,HCLTECH,REDUCE
2022-06-27,MAXHEALTH,HOLD
2022-06-28,COALINDIA,HOLD
2022-06-28,INFY,REDUCE
2022-06-28,MAXHEALTH,REDUCE
2022-06-28,NTPC,EXIT
2022-06-28,SUNPHARMA,EXIT
2022-06-29,ASIANPAINT,EXIT
2022-06-29,HCLTECH,EXIT
2022-06-29,KOTAKBANK,EXIT
2022-06-29,RELIANCE,HOLD
2022-06-29,SHRIRAMFIN,EXIT
2022-06-29,SBIN,EXIT
2022-06-30,COALINDIA,REDUCE
2022-06-30,KOTAKBANK,REDUCE
2022-06-30,LT,REDUCE
2022-06-30,MAXHEALTH,EXIT
2022-06-30,SHRIRAMFIN,REDUCE
2022-06-30,SBIN,REDUCE
2022-06-30,TATACONSUM,EXIT
2022-07-01,COALINDIA,EXIT
2022-07-01,RELIANCE,EXIT
2022-07-04,HDFCLIFE,REDUCE
2022-07-04,TCS,EXIT
2022-07-05,BEL,REDUCE
2022-07-05,COALINDIA,REDUCE
2022-07-05,HDFCLIFE,EXIT
2022-07-05,SUNPHARMA,REDUCE
2022-07-05,TATACONSUM,REDUCE
2022-07-06,ASIANPAINT,REDUCE
2022-07-06,BEL,HOLD
2022-07-06,HINDUNILVR,HOLD
2022-07-06,MAXHEALTH,REDUCE
2022-07-06,NESTLEIND,HOLD
2022-07-06,POWERGRID,EXIT
2022-07-06,SBIN,HOLD
2022-07-06,SUNPHARMA,EXIT
2022-07-06,TCS,REDUCE
2022-07-06,TRENT,REDUCE
2022-07-07,ASIANPAINT,EXIT
2022-07-07,BHARTIARTL,EXIT
2022-07-07,COALINDIA,HOLD
2022-07-07,HINDUNILVR,REDUCE
2022-07-07,MAXHEALTH,EXIT
2022-07-07,NESTLEIND,REDUCE
2022-07-07,SUNPHARMA,REDUCE
2022-07-07,TCS,EXIT
2022-07-08,BHARTIARTL,REDUCE
2022-07-08,HINDUNILVR,HOLD
2022-07-08,NESTLEIND,HOLD
2022-07-08,POWERGRID,REDUCE
2022-07-08,SUNPHARMA,HOLD
2022-07-08,TRENT,HOLD
2022-07-11,BHARTIARTL,EXIT
2022-07-11,HINDUNILVR,REDUCE
2022-07-11,ICICIBANK,HOLD
2022-07-11,SUNPHARMA,REDUCE
2022-07-11,TATACONSUM,EXIT
2022-07-12,INFY,EXIT
2022-07-12,MAXHEALTH,REDUCE
2022-07-12,NTPC,REDUCE
2022-07-12,NESTLEIND,REDUCE
2022-07-12,POWERGRID,EXIT
2022-07-13,ASIANPAINT,REDUCE
2022-07-13,AXISBANK,REDUCE
2022-07-13,CIPLA,HOLD
2022-07-13,HINDUNILVR,HOLD
2022-07-13,ICICIBANK,REDUCE
2022-07-13,NTPC,HOLD
2022-07-13,NESTLEIND,HOLD
2022-07-13,SUNPHARMA,HOLD
2022-07-13,TATACONSUM,REDUCE
2022-07-14,TRENT,REDUCE
2022-07-15,INDIGO,REDUCE
2022-07-15,TATACONSUM,HOLD
2022-07-15,TITAN,REDUCE
2022-07-15,TRENT,HOLD
2022-07-18,BAJFINANCE,REDUCE
2022-07-18,ICICIBANK,HOLD
2022-07-18,SBILIFE,HOLD
2022-07-19,ASIANPAINT,EXIT
2022-07-19,TATACONSUM,REDUCE
2022-07-20,HDFCBANK,EXIT
2022-07-20,INDIGO,EXIT
2022-07-20,KOTAKBANK,EXIT
2022-07-20,MAXHEALTH,EXIT
2022-07-20,TATACONSUM,HOLD
2022-07-21,ADANIPORTS,REDUCE
2022-07-21,INDIGO,REDUCE
2022-07-22,HDFCBANK,REDUCE
2022-07-22,SHRIRAMFIN,HOLD
2022-07-25,CIPLA,REDUCE
2022-07-25,SBILIFE,REDUCE
2022-07-25,ULTRACEMCO,REDUCE
2022-07-26,ADANIPORTS,EXIT
2022-07-26,ASIANPAINT,REDUCE
2022-07-26,CIPLA,HOLD
2022-07-26,GRASIM,REDUCE
2022-07-27,INDIGO,EXIT
2022-07-27,SHRIRAMFIN,REDUCE
2022-07-28,ASIANPAINT,HOLD
2022-07-28,BAJAJFINSV,REDUCE
2022-07-28,GRASIM,EXIT
2022-07-28,INFY,REDUCE
2022-07-28,INDIGO,REDUCE
2022-07-28,SBILIFE,HOLD
2022-07-28,ULTRACEMCO,EXIT
2022-07-29,BAJFINANCE,HOLD
2022-07-29,DRREDDY,EXIT
2022-07-29,GRASIM,REDUCE
2022-07-29,ULTRACEMCO,REDUCE
2022-08-01,ASIANPAINT,REDUCE
2022-08-01,INFY,EXIT
2022-08-01,JSWSTEEL,REDUCE
2022-08-01,POWERGRID,REDUCE
2022-08-01,RELIANCE,HOLD
2022-08-01,TATASTEEL,REDUCE
2022-08-02,APOLLOHOSP,REDUCE
2022-08-02,ASIANPAINT,HOLD
2022-08-02,INFY,REDUCE
2022-08-02,POWERGRID,HOLD
2022-08-02,SHRIRAMFIN,HOLD
2022-08-02,TATASTEEL,EXIT
2022-08-03,ADANIPORTS,REDUCE
2022-08-03,HDFCBANK,EXIT
2022-08-04,AXISBANK,EXIT
2022-08-05,BHARTIARTL,REDUCE
2022-08-05,RELIANCE,EXIT
2022-08-08,AXISBANK,REDUCE
2022-08-08,RELIANCE,HOLD
2022-08-08,TITAN,HOLD
2022-08-10,LT,HOLD
2022-08-10,TATASTEEL,REDUCE
2022-08-11,JSWSTEEL,HOLD
2022-08-11,TATACONSUM,REDUCE
2022-08-12,ADANIPORTS,EXIT
2022-08-12,AXISBANK,HOLD
2022-08-12,HDFCBANK,REDUCE
2022-08-12,INFY,EXIT
2022-08-16,ADANIPORTS,HOLD
2022-08-17,HDFCBANK,HOLD
2022-08-17,TATACONSUM,HOLD
2022-08-18,APOLLOHOSP,EXIT
2022-08-19,AXISBANK,REDUCE
2022-08-19,BHARTIARTL,HOLD
2022-08-19,HDFCBANK,EXIT
2022-08-19,INDIGO,EXIT
2022-08-19,JSWSTEEL,REDUCE
2022-08-19,TATACONSUM,REDUCE
2022-08-19,TATASTEEL,EXIT
2022-08-22,BAJFINANCE,REDUCE
2022-08-22,INDIGO,REDUCE
2022-08-22,TATACONSUM,HOLD
2022-08-22,TITAN,REDUCE
2022-08-23,BAJFINANCE,HOLD
2022-08-23,TATASTEEL,REDUCE
2022-08-23,TITAN,HOLD
2022-08-24,BHARTIARTL,REDUCE
2022-08-24,INDIGO,EXIT
2022-08-25,BAJFINANCE,REDUCE
2022-08-25,INDIGO,REDUCE
2022-08-25,TATASTEEL,EXIT
2022-08-29,SHRIRAMFIN,REDUCE
2022-08-29,TATASTEEL,REDUCE
2022-08-30,BAJFINANCE,HOLD
2022-09-01,BAJAJFINSV,HOLD
2022-09-01,SHRIRAMFIN,EXIT
2022-09-01,SUNPHARMA,REDUCE
2022-09-05,JSWSTEEL,HOLD
2022-09-05,SUNPHARMA,HOLD
2022-09-06,BAJAJ-AUTO,REDUCE
2022-09-06,BAJAJFINSV,REDUCE
2022-09-06,GRASIM,HOLD
2022-09-06,SHRIRAMFIN,REDUCE
2022-09-08,APOLLOHOSP,REDUCE
2022-09-08,AXISBANK,HOLD
2022-09-08,BAJAJFINSV,HOLD
2022-09-09,HDFCBANK,REDUCE
2022-09-09,KOTAKBANK,REDUCE
2022-09-09,MAXHEALTH,REDUCE
2022-09-09,SHRIRAMFIN,EXIT
2022-09-12,BAJAJFINSV,REDUCE
2022-09-12,KOTAKBANK,HOLD
2022-09-12,MAXHEALTH,HOLD
2022-09-12,NESTLEIND,REDUCE
2022-09-13,BAJAJFINSV,HOLD
2022-09-13,BHARTIARTL,HOLD
2022-09-13,HDFCBANK,HOLD
2022-09-13,INDIGO,HOLD
2022-09-13,KOTAKBANK,REDUCE
2022-09-14,HINDUNILVR,REDUCE
2022-09-14,INDIGO,REDUCE
2022-09-14,KOTAKBANK,HOLD
2022-09-14,NESTLEIND,HOLD
2022-09-14,SUNPHARMA,REDUCE
2022-09-15,APOLLOHOSP,EXIT
2022-09-15,NESTLEIND,REDUCE
2022-09-16,HDFCBANK,REDUCE
2022-09-16,INDIGO,EXIT
2022-09-16,RELIANCE,EXIT
2022-09-16,TATACONSUM,REDUCE
2022-09-19,HDFCBANK,HOLD
2022-09-19,TATASTEEL,EXIT
2022-09-19,ULTRACEMCO,EXIT
2022-09-20,APOLLOHOSP,REDUCE
2022-09-20,INDIGO,REDUCE
2022-09-20,KOTAKBANK,REDUCE
2022-09-20,SUNPHARMA,HOLD
2022-09-20,TATACONSUM,HOLD
2022-09-20,TATASTEEL,REDUCE
2022-09-21,HINDUNILVR,HOLD
2022-09-22,HDFCBANK,REDUCE
2022-09-22,POWERGRID,REDUCE
2022-09-23,HDFCBANK,EXIT
2022-09-23,INDIGO,EXIT
2022-09-23,KOTAKBANK,EXIT
2022-09-23,POWERGRID,EXIT
2022-09-23,TATACONSUM,REDUCE
2022-09-26,APOLLOHOSP,EXIT
2022-09-26,AXISBANK,REDUCE
2022-09-26,BAJAJ-AUTO,EXIT
2022-09-26,JSWSTEEL,REDUCE
2022-09-26,MARUTI,REDUCE
2022-09-26,TATASTEEL,EXIT
2022-09-27,COALINDIA,REDUCE
2022-09-27,ULTRACEMCO,REDUCE
2022-09-28,ADANIPORTS,REDUCE
2022-09-28,BEL,REDUCE
2022-09-28,LT,REDUCE
2022-09-28,M&M,REDUCE
2022-09-29,APOLLOHOSP,REDUCE
2022-09-29,BAJFINANCE,REDUCE
2022-09-29,M&M,HOLD
2022-09-29,ULTRACEMCO,EXIT
2022-09-30,AXISBANK,EXIT
2022-09-30,BAJFINANCE,HOLD
2022-09-30,BEL,HOLD
2022-09-30,LT,HOLD
2022-10-03,BEL,REDUCE
2022-10-03,GRASIM,REDUCE
2022-10-03,HDFCBANK,REDUCE
2022-10-03,LT,REDUCE
2022-10-03,SBIN,REDUCE
2022-10-04,BEL,HOLD
2022-10-04,COALINDIA,HOLD
2022-10-04,GRASIM,HOLD
2022-10-04,LT,HOLD
2022-10-04,NESTLEIND,HOLD
2022-10-04,TATASTEEL,REDUCE
2022-10-06,AXISBANK,REDUCE
2022-10-06,HDFCBANK,EXIT
2022-10-06,HINDUNILVR,REDUCE
2022-10-06,JSWSTEEL,HOLD
2022-10-06,SBIN,HOLD
2022-10-07,APOLLOHOSP,EXIT
2022-10-07,SBIN,REDUCE
2022-10-10,APOLLOHOSP,HOLD
2022-10-10,ASIANPAINT,REDUCE
2022-10-10,AXISBANK,HOLD
2022-10-10,NESTLEIND,REDUCE
2022-10-10,TATACONSUM,EXIT
2022-10-11,APOLLOHOSP,EXIT
2022-10-11,ASIANPAINT,HOLD
2022-10-11,GRASIM,REDUCE
2022-10-11,JSWSTEEL,REDUCE
2022-10-11,TATASTEEL,EXIT
2022-10-12,ADANIENT,REDUCE
2022-10-12,ASIANPAINT,REDUCE
2022-10-12,BAJFINANCE,REDUCE
2022-10-12,GRASIM,HOLD
2022-10-12,SBILIFE,REDUCE
2022-10-13,ASIANPAINT,EXIT
2022-10-13,BEL,REDUCE
2022-10-13,DRREDDY,REDUCE
2022-10-13,HCLTECH,REDUCE
2022-10-13,POWERGRID,REDUCE
2022-10-13,SBILIFE,EXIT
2022-10-14,ADANIPORTS,EXIT
2022-10-14,APOLLOHOSP,REDUCE
2022-10-14,BAJFINANCE,HOLD
2022-10-14,M&M,REDUCE
2022-10-14,POWERGRID,EXIT
2022-10-17,APOLLOHOSP,EXIT
2022-10-17,BEL,HOLD
2022-10-17,HDFCBANK,REDUCE
2022-10-17,JSWSTEEL,EXIT
2022-10-17,SBIN,HOLD
2022-10-18,APOLLOHOSP,HOLD
2022-10-18,ASIANPAINT,REDUCE
2022-10-18,HDFCBANK,EXIT
2022-10-18,NESTLEIND,HOLD
2022-10-18,SBILIFE,REDUCE
2022-10-18,TATACONSUM,REDUCE
2022-10-19,APOLLOHOSP,REDUCE
2022-10-19,ASIANPAINT,EXIT
2022-10-19,HDFCBANK,REDUCE
2022-10-19,KOTAKBANK,HOLD
2022-10-20,ADANIENT,HOLD
2022-10-20,APOLLOHOSP,EXIT
2022-10-20,BAJAJ-AUTO,REDUCE
2022-10-20,DRREDDY,HOLD
2022-10-20,KOTAKBANK,REDUCE
2022-10-21,ADANIENT,REDUCE
2022-10-21,APOLLOHOSP,REDUCE
2022-10-21,BAJAJ-AUTO,EXIT
2022-10-21,BAJFINANCE,REDUCE
2022-10-21,BAJAJFINSV,REDUCE
2022-10-21,GRASIM,REDUCE
2022-10-21,HDFCBANK,EXIT
2022-10-21,HDFCLIFE,REDUCE
2022-10-21,HINDUNILVR,HOLD
2022-10-21,KOTAKBANK,HOLD
2022-10-21,TATACONSUM,EXIT
2022-10-24,ADANIPORTS,REDUCE
2022-10-24,BAJAJ-AUTO,REDUCE
2022-10-24,BAJAJFINSV,HOLD
2022-10-24,GRASIM,HOLD
2022-10-24,HDFCLIFE,EXIT
2022-10-24,HINDUNILVR,REDUCE
2022-10-24,M&M,HOLD
2022-10-24,POWERGRID,REDUCE
2022-10-24,TATACONSUM,REDUCE
2022-10-25,BAJAJ-AUTO,EXIT
2022-10-25,BAJAJFINSV,REDUCE
2022-10-25,KOTAKBANK,EXIT
2022-10-25,MARUTI,HOLD
2022-10-27,APOLLOHOSP,HOLD
2022-10-27,BAJFINANCE,EXIT
2022-10-27,JSWSTEEL,HOLD
2022-10-27,KOTAKBANK,REDUCE
2022-10-27,POWERGRID,HOLD
2022-10-27,TATACONSUM,HOLD
2022-10-28,ADANIPORTS,EXIT
2022-10-28,BAJAJFINSV,HOLD
2022-10-28,GRASIM,REDUCE
2022-10-28,KOTAKBANK,HOLD
2022-10-28,SHRIRAMFIN,REDUCE
2022-10-28,TATACONSUM,EXIT
2022-10-28,ULTRACEMCO,REDUCE
2022-10-31,BAJFINANCE,REDUCE
2022-10-31,BAJAJFINSV,REDUCE
2022-10-31,GRASIM,HOLD
2022-10-31,HDFCBANK,HOLD
2022-10-31,RELIANCE,REDUCE
2022-10-31,SHRIRAMFIN,EXIT
2022-10-31,TATACONSUM,REDUCE
2022-10-31,ULTRACEMCO,HOLD
2022-11-01,ADANIENT,HOLD
2022-11-01,ADANIPORTS,REDUCE
2022-11-01,BAJAJ-AUTO,REDUCE
2022-11-01,BAJAJFINSV,HOLD
2022-11-01,KOTAKBANK,REDUCE
2022-11-01,SBILIFE,HOLD
2022-11-02,ADANIPORTS,EXIT
2022-11-02,KOTAKBANK,HOLD
2022-11-03,BAJAJ-AUTO,HOLD
2022-11-03,TATACONSUM,EXIT
2022-11-04,ADANIPORTS,HOLD
2022-11-04,APOLLOHOSP,REDUCE
2022-11-04,KOTAKBANK,REDUCE
2022-11-04,ONGC,REDUCE
2022-11-04,SBILIFE,REDUCE
2022-11-04,SHRIRAMFIN,REDUCE
2022-11-04,TATACONSUM,REDUCE
2022-11-07,ADANIPORTS,REDUCE
2022-11-07,ONGC,EXIT
2022-11-07,SBILIFE,HOLD
2022-11-09,ADANIPORTS,HOLD
2022-11-09,POWERGRID,REDUCE
2022-11-09,SBILIFE,REDUCE
2022-11-10,APOLLOHOSP,EXIT
2022-11-10,BAJFINANCE,EXIT
2022-11-10,GRASIM,EXIT
2022-11-10,KOTAKBANK,HOLD
2022-11-10,ONGC,REDUCE
2022-11-10,POWERGRID,EXIT
2022-11-10,SHRIRAMFIN,EXIT
2022-11-11,APOLLOHOSP,REDUCE
2022-11-11,BAJFINANCE,REDUCE
2022-11-11,INFY,REDUCE
2022-11-11,KOTAKBANK,REDUCE
2022-11-11,ONGC,EXIT
2022-11-11,SHRIRAMFIN,REDUCE
2022-11-11,TCS,REDUCE
2022-11-11,TRENT,REDUCE
2022-11-14,APOLLOHOSP,HOLD
2022-11-14,BAJFINANCE,EXIT
2022-11-14,GRASIM,HOLD
2022-11-14,KOTAKBANK,HOLD
2022-11-14,M&M,REDUCE
2022-11-14,TITAN,REDUCE
2022-11-15,BAJAJFINSV,REDUCE
2022-11-15,EICHERMOT,REDUCE
2022-11-15,M&M,HOLD
2022-11-15,ONGC,REDUCE
2022-11-15,POWERGRID,HOLD
2022-11-16,SHRIRAMFIN,EXIT
2022-11-16,TRENT,EXIT
2022-11-17,EICHERMOT,EXIT
2022-11-17,GRASIM,EXIT
2022-11-17,M&M,REDUCE
2022-11-17,MAXHEALTH,REDUCE
2022-11-17,SHRIRAMFIN,REDUCE
2022-11-17,TATACONSUM,HOLD
2022-11-18,APOLLOHOSP,EXIT
2022-11-18,BAJAJ-AUTO,EXIT
2022-11-18,MARUTI,REDUCE
2022-11-18,MAXHEALTH,HOLD
2022-11-18,NTPC,REDUCE
2022-11-18,TATACONSUM,REDUCE
2022-11-21,ADANIPORTS,REDUCE
2022-11-21,APOLLOHOSP,HOLD
2022-11-21,BAJAJFINSV,EXIT
2022-11-21,BEL,REDUCE
2022-11-21,M&M,EXIT
2022-11-21,MARUTI,HOLD
2022-11-21,ULTRACEMCO,REDUCE
2022-11-22,ADANIPORTS,HOLD
2022-11-22,BEL,HOLD
2022-11-22,M&M,REDUCE
2022-11-22,TRENT,REDUCE
2022-11-23,MARUTI,REDUCE
2022-11-23,NTPC,HOLD
2022-11-23,SHRIRAMFIN,HOLD
2022-11-23,TRENT,HOLD
2022-11-23,ULTRACEMCO,HOLD
2022-11-24,GRASIM,HOLD
2022-11-24,SHRIRAMFIN,REDUCE
2022-11-24,TATACONSUM,HOLD
2022-11-24,ULTRACEMCO,REDUCE
2022-11-25,MARUTI,HOLD
2022-11-25,TRENT,REDUCE
2022-11-28,BAJAJFINSV,REDUCE
2022-11-28,HDFCLIFE,REDUCE
2022-11-28,MARUTI,REDUCE
2022-11-28,RELIANCE,HOLD
2022-11-28,SBILIFE,HOLD
2022-11-28,TRENT,HOLD
2022-11-29,BAJAJFINSV,EXIT
2022-11-29,HINDUNILVR,HOLD
2022-11-29,ULTRACEMCO,HOLD
2022-11-30,BAJAJ-AUTO,REDUCE
2022-11-30,BEL,REDUCE
2022-11-30,EICHERMOT,REDUCE
2022-11-30,ITC,REDUCE
2022-11-30,INDIGO,REDUCE
2022-11-30,M&M,HOLD
2022-11-30,SHRIRAMFIN,HOLD
2022-11-30,TITAN,HOLD
2022-12-01,EICHERMOT,EXIT
2022-12-01,HCLTECH,HOLD
2022-12-01,SHRIRAMFIN,REDUCE
2022-12-01,TATASTEEL,REDUCE
2022-12-01,TITAN,REDUCE
2022-12-02,BAJAJ-AUTO,EXIT
2022-12-02,BEL,HOLD
2022-12-02,CIPLA,REDUCE
2022-12-02,INDIGO,EXIT
2022-12-02,M&M,REDUCE
2022-12-05,APOLLOHOSP,REDUCE
2022-12-05,CIPLA,HOLD
2022-12-05,HINDALCO,REDUCE
2022-12-05,POWERGRID,REDUCE
2022-12-06,APOLLOHOSP,HOLD
2022-12-06,BAJAJ-AUTO,REDUCE
2022-12-06,DRREDDY,REDUCE
2022-12-06,POWERGRID,HOLD
2022-12-06,SHRIRAMFIN,HOLD
2022-12-07,ASIANPAINT,HOLD
2022-12-07,BAJAJ-AUTO,EXIT
2022-12-07,CIPLA,REDUCE
2022-12-07,HINDALCO,EXIT
2022-12-07,INDIGO,REDUCE
2022-12-08,BEL,REDUCE
2022-12-08,DRREDDY,EXIT
2022-12-08,HINDALCO,REDUCE
2022-12-08,M&M,HOLD
2022-12-09,BEL,HOLD
2022-12-09,DRREDDY,REDUCE
2022-12-09,HCLTECH,REDUCE
2022-12-09,HINDALCO,EXIT
2022-12-09,ITC,HOLD
2022-12-09,M&M,REDUCE
2022-12-12,ASIANPAINT,REDUCE
2022-12-12,BEL,REDUCE
2022-12-12,DRREDDY,HOLD
2022-12-12,INDIGO,HOLD
2022-12-12,KOTAKBANK,REDUCE
2022-12-12,NTPC,REDUCE
2022-12-12,SUNPHARMA,REDUCE
2022-12-13,APOLLOHOSP,REDUCE
2022-12-13,INDIGO,REDUCE
2022-12-13,M&M,HOLD
2022-12-13,MAXHEALTH,REDUCE
2022-12-13,TRENT,REDUCE
2022-12-14,ASIANPAINT,EXIT
2022-12-14,HCLTECH,HOLD
2022-12-14,HINDALCO,REDUCE
2022-12-14,NTPC,HOLD
2022-12-14,TRENT,HOLD
2022-12-15,HCLTECH,REDUCE
2022-12-15,HINDALCO,EXIT
2022-12-15,ICICIBANK,REDUCE
2022-12-15,ITC,REDUCE
2022-12-15,INDIGO,HOLD
2022-12-15,NESTLEIND,REDUCE
2022-12-15,TRENT,REDUCE
2022-12-16,BEL,EXIT
2022-12-16,DRREDDY,EXIT
2022-12-16,M&M,REDUCE
2022-12-16,MARUTI,EXIT
2022-12-16,NTPC,REDUCE
2022-12-16,POWERGRID,REDUCE
2022-12-16,SUNPHARMA,HOLD
2022-12-16,TITAN,EXIT
2022-12-19,APOLLOHOSP,HOLD
2022-12-19,COALINDIA,REDUCE
2022-12-19,DRREDDY,REDUCE
2022-12-19,M&M,HOLD
2022-12-19,MARUTI,REDUCE
2022-12-19,NTPC,HOLD
2022-12-19,NESTLEIND,HOLD
2022-12-19,POWERGRID,HOLD
2022-12-19,SUNPHARMA,REDUCE
2022-12-19,TCS,EXIT
2022-12-19,TITAN,REDUCE
2022-12-20,COALINDIA,HOLD
2022-12-20,DRREDDY,EXIT
2022-12-20,M&M,REDUCE
2022-12-20,MARUTI,EXIT
2022-12-20,MAXHEALTH,HOLD
2022-12-20,NTPC,REDUCE
2022-12-20,SBILIFE,REDUCE
2022-12-20,TCS,REDUCE
2022-12-21,ADANIPORTS,REDUCE
2022-12-21,BHARTIARTL,REDUCE
2022-12-21,CIPLA,HOLD
2022-12-21,COALINDIA,REDUCE
2022-12-21,DRREDDY,REDUCE
2022-12-21,GRASIM,REDUCE
2022-12-21,HDFCLIFE,HOLD
2022-12-21,SUNPHARMA,HOLD
2022-12-21,TITAN,EXIT
2022-12-21,TRENT,EXIT
2022-12-22,COALINDIA,HOLD
2022-12-22,DRREDDY,EXIT
2022-12-22,GRASIM,HOLD
2022-12-23,ADANIENT,REDUCE
2022-12-23,ADANIPORTS,EXIT
2022-12-23,BHARTIARTL,HOLD
2022-12-23,CIPLA,REDUCE
2022-12-23,COALINDIA,EXIT
2022-12-23,DRREDDY,REDUCE
2022-12-23,GRASIM,REDUCE
2022-12-23,NTPC,EXIT
2022-12-23,POWERGRID,EXIT
2022-12-23,RELIANCE,REDUCE
2022-12-27,ADANIENT,HOLD
2022-12-27,COALINDIA,REDUCE
2022-12-27,DRREDDY,EXIT
2022-12-27,HINDALCO,HOLD
2022-12-27,ICICIBANK,HOLD
2022-12-27,NTPC,REDUCE
2022-12-27,RELIANCE,HOLD
2022-12-27,SUNPHARMA,REDUCE
2022-12-27,TATACONSUM,REDUCE
2022-12-27,TITAN,REDUCE
2022-12-28,ASIANPAINT,REDUCE
2022-12-28,GRASIM,HOLD
2022-12-28,HINDALCO,REDUCE
2022-12-28,ICICIBANK,REDUCE
2022-12-28,INFY,EXIT
2022-12-28,POWERGRID,REDUCE
2022-12-28,SBILIFE,HOLD
2022-12-28,TATASTEEL,HOLD
2022-12-29,ADANIPORTS,REDUCE
2022-12-29,APOLLOHOSP,REDUCE
2022-12-29,ASIANPAINT,EXIT
2022-12-29,HINDALCO,HOLD
2022-12-29,HINDUNILVR,REDUCE
2022-12-29,POWERGRID,HOLD
2022-12-30,ADANIPORTS,EXIT
2022-12-30,APOLLOHOSP,EXIT
2022-12-30,GRASIM,REDUCE
2022-12-30,NESTLEIND,REDUCE
2022-12-30,ONGC,HOLD
2022-12-30,SBILIFE,REDUCE
2023-01-02,INFY,REDUCE
2023-01-02,POWERGRID,REDUCE
2023-01-02,TATACONSUM,EXIT
2023-01-03,APOLLOHOSP,REDUCE
2023-01-03,HCLTECH,EXIT
2023-01-03,INFY,EXIT
2023-01-03,RELIANCE,REDUCE
2023-01-03,SBILIFE,HOLD
2023-01-03,TATACONSUM,REDUCE
2023-01-04,APOLLOHOSP,EXIT
2023-01-04,BHARTIARTL,REDUCE
2023-01-04,GRASIM,EXIT
2023-01-04,HINDALCO,REDUCE
2023-01-04,POWERGRID,EXIT
2023-01-04,RELIANCE,EXIT
2023-01-04,SUNPHARMA,HOLD
2023-01-04,TATACONSUM,EXIT
2023-01-05,ADANIPORTS,REDUCE
2023-01-05,HINDUNILVR,HOLD
2023-01-05,NTPC,HOLD
2023-01-05,RELIANCE,REDUCE
2023-01-05,TCS,HOLD
2023-01-06,ADANIPORTS,EXIT
2023-01-06,COALINDIA,EXIT
2023-01-06,NTPC,REDUCE
2023-01-06,RELIANCE,HOLD
2023-01-06,SHRIRAMFIN,REDUCE
2023-01-06,TCS,REDUCE
2023-01-09,DRREDDY,REDUCE
2023-01-09,HCLTECH,REDUCE
2023-01-09,HINDALCO,HOLD
2023-01-09,M&M,HOLD
2023-01-09,NESTLEIND,HOLD
2023-01-09,SHRIRAMFIN,HOLD
2023-01-09,TCS,HOLD
2023-01-09,TATACONSUM,REDUCE
2023-01-09,TITAN,EXIT
2023-01-10,ADANIENT,REDUCE
2023-01-10,COALINDIA,REDUCE
2023-01-10,TCS,REDUCE
2023-01-10,TATACONSUM,HOLD
2023-01-10,ULTRACEMCO,REDUCE
2023-01-11,BHARTIARTL,EXIT
2023-01-11,CIPLA,EXIT
2023-01-11,COALINDIA,EXIT
2023-01-11,NESTLEIND,REDUCE
2023-01-11,RELIANCE,EXIT
2023-01-11,TCS,HOLD
2023-01-11,TATACONSUM,EXIT
2023-01-11,ULTRACEMCO,HOLD
2023-01-12,CIPLA,REDUCE
2023-01-12,HCLTECH,HOLD
2023-01-12,POWERGRID,REDUCE
2023-01-13,SHRIRAMFIN,REDUCE
2023-01-16,BEL,REDUCE
2023-01-16,INFY,REDUCE
2023-01-17,ADANIENT,EXIT
2023-01-17,NESTLEIND,HOLD
2023-01-17,POWERGRID,HOLD
2023-01-18,APOLLOHOSP,REDUCE
2023-01-18,BHARTIARTL,REDUCE
2023-01-18,COALINDIA,REDUCE
2023-01-18,NTPC,HOLD
2023-01-18,NESTLEIND,REDUCE
2023-01-18,SBIN,REDUCE
2023-01-19,APOLLOHOSP,EXIT
2023-01-19,KOTAKBANK,EXIT
2023-01-19,NTPC,REDUCE
2023-01-20,APOLLOHOSP,REDUCE
2023-01-20,BHARTIARTL,EXIT
2023-01-20,CIPLA,EXIT
2023-01-20,COALINDIA,HOLD
2023-01-20,MAXHEALTH,REDUCE
2023-01-23,APOLLOHOSP,EXIT
2023-01-23,BEL,EXIT
2023-01-23,BHARTIARTL,REDUCE
2023-01-23,CIPLA,REDUCE
2023-01-23,ITC,HOLD
2023-01-23,KOTAKBANK,REDUCE
2023-01-23,MAXHEALTH,HOLD
2023-01-23,SBIN,HOLD
2023-01-24,BAJAJ-AUTO,HOLD
2023-01-24,INFY,EXIT
2023-01-24,KOTAKBANK,EXIT
2023-01-24,MARUTI,HOLD
2023-01-24,MAXHEALTH,REDUCE
2023-01-25,CIPLA,EXIT
2023-01-25,ICICIBANK,EXIT
2023-01-25,INFY,REDUCE
2023-01-25,MAXHEALTH,HOLD
2023-01-25,SBIN,REDUCE
2023-01-25,ULTRACEMCO,EXIT
2023-01-27,COALINDIA,REDUCE
2023-01-27,DRREDDY,HOLD
2023-01-27,INFY,EXIT
2023-01-27,NTPC,HOLD
2023-01-27,NESTLEIND,HOLD
2023-01-27,SBIN,EXIT
2023-01-27,TATACONSUM,REDUCE
2023-01-27,ULTRACEMCO,REDUCE
2023-01-30,APOLLOHOSP,REDUCE
2023-01-30,COALINDIA,HOLD
2023-01-30,INFY,REDUCE
2023-01-30,POWERGRID,REDUCE
2023-01-30,TATACONSUM,EXIT
2023-01-30,ULTRACEMCO,HOLD
2023-01-31,EICHERMOT,REDUCE
2023-01-31,HINDALCO,REDUCE
2023-01-31,NESTLEIND,REDUCE
2023-01-31,ONGC,REDUCE
2023-01-31,POWERGRID,HOLD
2023-02-01,AXISBANK,REDUCE
2023-02-01,EICHERMOT,HOLD
2023-02-01,HDFCLIFE,REDUCE
2023-02-01,INFY,HOLD
2023-02-01,NESTLEIND,HOLD
2023-02-01,SBILIFE,EXIT
2023-02-01,TATACONSUM,REDUCE
2023-02-02,APOLLOHOSP,EXIT
2023-02-02,AXISBANK,HOLD
2023-02-02,COALINDIA,REDUCE
2023-02-02,EICHERMOT,EXIT
2023-02-02,HDFCLIFE,EXIT
2023-02-02,HINDALCO,EXIT
2023-02-02,ICICIBANK,REDUCE
2023-02-02,POWERGRID,REDUCE
2023-02-02,SHRIRAMFIN,EXIT
2023-02-02,TATACONSUM,EXIT
2023-02-03,EICHERMOT,HOLD
2023-02-03,KOTAKBANK,REDUCE
2023-02-03,POWERGRID,HOLD
2023-02-03,SHRIRAMFIN,REDUCE
2023-02-06,COALINDIA,HOLD
2023-02-06,EICHERMOT,REDUCE
2023-02-06,ICICIBANK,EXIT
2023-02-06,KOTAKBANK,EXIT
2023-02-07,EICHERMOT,HOLD
2023-02-07,INDIGO,REDUCE
2023-02-07,KOTAKBANK,REDUCE
2023-02-07,TATASTEEL,REDUCE
2023-02-08,EICHERMOT,EXIT
2023-02-08,GRASIM,REDUCE
2023-02-08,ICICIBANK,REDUCE
2023-02-08,INDIGO,HOLD
2023-02-08,KOTAKBANK,EXIT
2023-02-09,BAJFINANCE,REDUCE
2023-02-09,GRASIM,HOLD
2023-02-09,KOTAKBANK,REDUCE
2023-02-09,NESTLEIND,REDUCE
2023-02-09,ONGC,HOLD
2023-02-09,SHRIRAMFIN,HOLD
2023-02-09,TRENT,REDUCE
2023-02-10,GRASIM,EXIT
2023-02-10,ICICIBANK,EXIT
2023-02-10,NESTLEIND,HOLD
2023-02-10,SHRIRAMFIN,REDUCE
2023-02-13,AXISBANK,REDUCE
2023-02-13,EICHERMOT,HOLD
2023-02-13,TITAN,HOLD
2023-02-14,AXISBANK,HOLD
2023-02-14,EICHERMOT,REDUCE
2023-02-14,ICICIBANK,REDUCE
2023-02-14,INDIGO,REDUCE
2023-02-15,APOLLOHOSP,HOLD
2023-02-15,EICHERMOT,HOLD
2023-02-16,AXISBANK,REDUCE
2023-02-16,TECHM,REDUCE
2023-02-17,AXISBANK,EXIT
2023-02-17,ETERNAL,EXIT
2023-02-17,HINDUNILVR,REDUCE
2023-02-17,KOTAKBANK,EXIT
2023-02-17,SHRIRAMFIN,EXIT
2023-02-20,ICICIBANK,EXIT
2023-02-20,INDIGO,EXIT
2023-02-20,TITAN,REDUCE
2023-02-20,TRENT,EXIT
2023-02-21,NESTLEIND,REDUCE
2023-02-21,TITAN,EXIT
2023-02-22,BHARTIARTL,HOLD
2023-02-22,NESTLEIND,EXIT
2023-02-22,TITAN,REDUCE
2023-02-23,BHARTIARTL,EXIT
2023-02-23,TECHM,HOLD
2023-02-24,EICHERMOT,REDUCE
2023-02-24,HINDUNILVR,HOLD
2023-02-24,INDIGO,REDUCE
2023-02-24,JSWSTEEL,EXIT
2023-02-24,NESTLEIND,HOLD
2023-02-24,TECHM,REDUCE
2023-02-27,BAJAJ-AUTO,REDUCE
2023-02-27,BEL,REDUCE
2023-02-27,ICICIBANK,REDUCE
2023-02-27,INFY,REDUCE
2023-02-27,INDIGO,EXIT
2023-02-27,KOTAKBANK,REDUCE
2023-02-27,NESTLEIND,REDUCE
2023-02-28,APOLLOHOSP,REDUCE
2023-02-28,BAJFINANCE,EXIT
2023-02-28,HINDUNILVR,REDUCE
2023-02-28,INDIGO,REDUCE
2023-02-28,TCS,REDUCE
2023-03-01,BAJAJ-AUTO,HOLD
2023-03-01,EICHERMOT,EXIT
2023-03-01,INDIGO,EXIT
2023-03-01,NESTLEIND,HOLD
2023-03-01,TCS,HOLD
2023-03-01,TECHM,HOLD
2023-03-02,EICHERMOT,REDUCE
2023-03-02,MARUTI,REDUCE
2023-03-02,NESTLEIND,EXIT
2023-03-02,TECHM,REDUCE
2023-03-03,ICICIBANK,HOLD
2023-03-03,MARUTI,HOLD
2023-03-03,TRENT,REDUCE
2023-03-06,BHARTIARTL,REDUCE
2023-03-06,KOTAKBANK,EXIT
2023-03-06,MAXHEALTH,REDUCE
2023-03-06,SUNPHARMA,REDUCE
2023-03-08,APOLLOHOSP,EXIT
2023-03-08,ETERNAL,REDUCE
2023-03-08,INDIGO,REDUCE
2023-03-08,MAXHEALTH,HOLD
2023-03-08,SBIN,REDUCE
2023-03-08,TITAN,EXIT
2023-03-09,APOLLOHOSP,REDUCE
2023-03-09,AXISBANK,REDUCE
2023-03-09,BEL,EXIT
2023-03-09,ETERNAL,EXIT
2023-03-09,ICICIBANK,EXIT
2023-03-09,INDIGO,EXIT
2023-03-09,M&M,REDUCE
2023-03-09,MARUTI,REDUCE
2023-03-09,SHRIRAMFIN,REDUCE
2023-03-09,SBIN,EXIT
2023-03-10,APOLLOHOSP,EXIT
2023-03-10,AXISBANK,EXIT
2023-03-10,BEL,REDUCE
2023-03-10,BHARTIARTL,HOLD
2023-03-10,HINDUNILVR,HOLD
2023-03-10,MARUTI,HOLD
2023-03-10,SHRIRAMFIN,EXIT
2023-03-10,SUNPHARMA,HOLD
2023-03-13,APOLLOHOSP,REDUCE
2023-03-13,BHARTIARTL,EXIT
2023-03-13,EICHERMOT,EXIT
2023-03-13,MARUTI,REDUCE
2023-03-13,SHRIRAMFIN,REDUCE
2023-03-13,TCS,REDUCE
2023-03-13,TECHM,HOLD
2023-03-14,BHARTIARTL,HOLD
2023-03-14,EICHERMOT,REDUCE
2023-03-14,HINDUNILVR,REDUCE
2023-03-14,ICICIBANK,REDUCE
2023-03-14,M&M,EXIT
2023-03-14,NESTLEIND,REDUCE
2023-03-14,SHRIRAMFIN,EXIT
2023-03-14,TECHM,REDUCE
2023-03-15,ASIANPAINT,REDUCE
2023-03-15,BHARTIARTL,REDUCE
2023-03-15,ICICIBANK,EXIT
2023-03-15,NESTLEIND,EXIT
2023-03-15,TATASTEEL,EXIT
2023-03-15,TITAN,REDUCE
2023-03-16,BHARTIARTL,EXIT
2023-03-16,HINDUNILVR,HOLD
2023-03-16,M&M,REDUCE
2023-03-16,NESTLEIND,REDUCE
2023-03-16,SHRIRAMFIN,REDUCE
2023-03-17,EICHERMOT,EXIT
2023-03-17,ETERNAL,REDUCE
2023-03-17,GRASIM,REDUCE
2023-03-17,HINDUNILVR,REDUCE
2023-03-17,NESTLEIND,HOLD
2023-03-17,TECHM,HOLD
2023-03-20,BHARTIARTL,REDUCE
2023-03-20,HINDUNILVR,HOLD
2023-03-20,ICICIBANK,REDUCE
2023-03-20,KOTAKBANK,REDUCE
2023-03-20,SHRIRAMFIN,EXIT
2023-03-20,TECHM,REDUCE
2023-03-21,INFY,EXIT
2023-03-21,M&M,EXIT
2023-03-21,SHRIRAMFIN,REDUCE
2023-03-21,TITAN,HOLD
2023-03-22,BAJFINANCE,REDUCE
2023-03-22,BEL,EXIT
2023-03-22,BHARTIARTL,EXIT
2023-03-22,ICICIBANK,HOLD
2023-03-23,BHARTIARTL,REDUCE
2023-03-23,KOTAKBANK,EXIT
2023-03-24,BAJFINANCE,EXIT
2023-03-24,COALINDIA,REDUCE
2023-03-24,ETERNAL,EXIT
2023-03-24,ICICIBANK,REDUCE
2023-03-24,KOTAKBANK,REDUCE
2023-03-24,SHRIRAMFIN,EXIT
2023-03-27,BEL,REDUCE
2023-03-28,BEL,EXIT
2023-03-28,ETERNAL,REDUCE
2023-03-28,SHRIRAMFIN,REDUCE
2023-03-28,TECHM,EXIT
2023-03-29,APOLLOHOSP,HOLD
2023-03-29,COALINDIA,HOLD
2023-03-29,TECHM,REDUCE
2023-03-31,APOLLOHOSP,REDUCE
2023-03-31,ASIANPAINT,EXIT
2023-03-31,BEL,REDUCE
2023-03-31,ICICIBANK,HOLD
2023-03-31,TECHM,HOLD
2023-04-03,AXISBANK,REDUCE
2023-04-03,EICHERMOT,REDUCE
2023-04-03,TCS,EXIT
2023-04-03,TATACONSUM,REDUCE
2023-04-05,ASIANPAINT,REDUCE
2023-04-05,EICHERMOT,EXIT
2023-04-05,GRASIM,HOLD
2023-04-05,INDIGO,REDUCE
2023-04-05,MAXHEALTH,EXIT
2023-04-05,TCS,REDUCE
2023-04-06,AXISBANK,EXIT
2023-04-06,BAJFINANCE,REDUCE
2023-04-06,INDIGO,EXIT
2023-04-06,MAXHEALTH,HOLD
2023-04-06,TCS,EXIT
2023-04-10,BHARTIARTL,HOLD
2023-04-11,HCLTECH,REDUCE
2023-04-11,JSWSTEEL,HOLD
2023-04-11,KOTAKBANK,HOLD
2023-04-11,MARUTI,HOLD
2023-04-11,RELIANCE,REDUCE
2023-04-12,BEL,HOLD
2023-04-12,HINDUNILVR,REDUCE
2023-04-12,MARUTI,REDUCE
2023-04-12,TATACONSUM,EXIT
2023-04-13,APOLLOHOSP,HOLD
2023-04-13,AXISBANK,REDUCE
2023-04-13,EICHERMOT,REDUCE
2023-04-17,BAJFINANCE,EXIT
2023-04-17,BHARTIARTL,EXIT
2023-04-17,INDIGO,HOLD
2023-04-17,RELIANCE,EXIT
2023-04-17,SBIN,REDUCE
2023-04-17,TECHM,EXIT
2023-04-18,APOLLOHOSP,REDUCE
2023-04-18,BAJFINANCE,REDUCE
2023-04-18,SHRIRAMFIN,HOLD
2023-04-18,SBIN,EXIT
2023-04-19,AXISBANK,HOLD
2023-04-19,EICHERMOT,EXIT
2023-04-19,HDFCLIFE,REDUCE
2023-04-19,RELIANCE,REDUCE
2023-04-19,SBILIFE,REDUCE
2023-04-19,SBIN,REDUCE
2023-04-19,TATASTEEL,REDUCE
2023-04-20,BHARTIARTL,REDUCE
2023-04-20,EICHERMOT,REDUCE
2023-04-20,TECHM,REDUCE
2023-04-21,AXISBANK,REDUCE
2023-04-21,BAJFINANCE,EXIT
2023-04-21,BHARTIARTL,EXIT
2023-04-21,EICHERMOT,EXIT
2023-04-21,MARUTI,EXIT
2023-04-21,SBILIFE,EXIT
2023-04-21,TATASTEEL,EXIT
2023-04-21,TECHM,EXIT
2023-04-24,APOLLOHOSP,HOLD
2023-04-24,AXISBANK,HOLD
2023-04-24,INDIGO,REDUCE
2023-04-24,SUNPHARMA,REDUCE
2023-04-24,TATACONSUM,REDUCE
2023-04-24,TECHM,REDUCE
2023-04-25,BHARTIARTL,REDUCE
2023-04-25,MAXHEALTH,REDUCE
2023-04-25,TECHM,EXIT
2023-04-26,BHARTIARTL,HOLD
2023-04-26,EICHERMOT,REDUCE
2023-04-26,MAXHEALTH,HOLD
2023-04-26,SBIN,HOLD
2023-04-27,HDFCLIFE,EXIT
2023-04-27,TATASTEEL,REDUCE
2023-04-28,AXISBANK,REDUCE
2023-04-28,HDFCLIFE,REDUCE
2023-04-28,MARUTI,REDUCE
2023-04-28,SUNPHARMA,HOLD
2023-04-28,TCS,REDUCE
2023-05-02,AXISBANK,HOLD
2023-05-02,HINDALCO,REDUCE
2023-05-02,SHRIRAMFIN,REDUCE
2023-05-02,SUNPHARMA,REDUCE
2023-05-02,TATACONSUM,HOLD
2023-05-02,TATASTEEL,EXIT
2023-05-02,TECHM,REDUCE
2023-05-02,TRENT,HOLD
2023-05-03,AXISBANK,REDUCE
2023-05-03,BHARTIARTL,REDUCE
2023-05-03,HINDALCO,EXIT
2023-05-03,INDIGO,HOLD
2023-05-03,RELIANCE,EXIT
2023-05-03,TCS,EXIT
2023-05-03,TRENT,REDUCE
2023-05-04,APOLLOHOSP,REDUCE
2023-05-04,EICHERMOT,EXIT
2023-05-04,HCLTECH,HOLD
2023-05-04,HINDALCO,REDUCE
2023-05-04,TCS,REDUCE
2023-05-04,TECHM,EXIT
2023-05-04,TRENT,HOLD
2023-05-05,EICHERMOT,REDUCE
2023-05-05,HCLTECH,REDUCE
2023-05-05,HDFCBANK,REDUCE
2023-05-05,HINDALCO,EXIT
2023-05-05,MARUTI,HOLD
2023-05-08,AXISBANK,HOLD
2023-05-08,BAJFINANCE,REDUCE
2023-05-08,HCLTECH,HOLD
2023-05-08,HDFCBANK,HOLD
2023-05-08,HINDALCO,REDUCE
2023-05-08,SBILIFE,REDUCE
2023-05-08,SHRIRAMFIN,HOLD
2023-05-08,TCS,HOLD
2023-05-09,BAJFINANCE,EXIT
2023-05-09,EICHERMOT,EXIT
2023-05-09,HDFCLIFE,HOLD
2023-05-09,HINDALCO,EXIT
2023-05-09,SBILIFE,EXIT
2023-05-10,BAJFINANCE,REDUCE
2023-05-10,EICHERMOT,REDUCE
2023-05-11,DRREDDY,REDUCE
2023-05-11,EICHERMOT,EXIT
2023-05-11,M&M,REDUCE
2023-05-12,BAJAJFINSV,REDUCE
2023-05-12,DRREDDY,EXIT
2023-05-12,EICHERMOT,HOLD
2023-05-12,LT,REDUCE
2023-05-15,BAJAJFINSV,EXIT
2023-05-15,DRREDDY,REDUCE
2023-05-15,HINDUNILVR,HOLD
2023-05-15,LT,HOLD
2023-05-16,LT,REDUCE
2023-05-16,MARUTI,REDUCE
2023-05-17,BHARTIARTL,HOLD
2023-05-17,JSWSTEEL,EXIT
2023-05-17,SUNPHARMA,EXIT
2023-05-17,TCS,REDUCE
2023-05-17,TECHM,REDUCE
2023-05-18,BAJAJFINSV,REDUCE
2023-05-18,DRREDDY,EXIT
2023-05-18,ETERNAL,HOLD
2023-05-18,M&M,EXIT
2023-05-18,TCS,EXIT
2023-05-19,BAJAJFINSV,EXIT
2023-05-19,M&M,REDUCE
2023-05-19,MARUTI,HOLD
2023-05-19,NTPC,REDUCE
2023-05-19,TCS,REDUCE
2023-05-19,TECHM,HOLD
2023-05-22,ADANIPORTS,REDUCE
2023-05-22,BHARTIARTL,REDUCE
2023-05-22,CIPLA,REDUCE
2023-05-22,JSWSTEEL,HOLD
2023-05-22,SBIN,REDUCE
2023-05-24,ADANIPORTS,EXIT
2023-05-24,BHARTIARTL,HOLD
2023-05-24,DRREDDY,REDUCE
2023-05-24,HDFCBANK,REDUCE
2023-05-24,JSWSTEEL,EXIT
2023-05-24,NTPC,HOLD
2023-05-24,SBILIFE,REDUCE
2023-05-24,SUNPHARMA,REDUCE
2023-05-25,BAJAJFINSV,REDUCE
2023-05-25,NTPC,REDUCE
2023-05-26,BHARTIARTL,REDUCE
2023-05-26,GRASIM,REDUCE
2023-05-26,JSWSTEEL,HOLD
2023-05-26,RELIANCE,REDUCE
2023-05-26,SBILIFE,HOLD
2023-05-26,SBIN,HOLD
2023-05-29,GRASIM,HOLD
2023-05-29,HDFCBANK,HOLD
2023-05-29,HINDUNILVR,REDUCE
2023-05-29,M&M,HOLD
2023-05-29,NTPC,HOLD
2023-05-29,ONGC,REDUCE
2023-05-29,RELIANCE,HOLD
2023-05-30,ADANIPORTS,REDUCE
2023-05-30,APOLLOHOSP,HOLD
2023-05-30,BAJFINANCE,HOLD
2023-05-31,ADANIPORTS,EXIT
2023-05-31,BHARTIARTL,HOLD
2023-05-31,CIPLA,EXIT
2023-05-31,HDFCBANK,REDUCE
2023-05-31,HINDUNILVR,HOLD
2023-05-31,JSWSTEEL,EXIT
2023-05-31,NTPC,REDUCE
2023-05-31,RELIANCE,REDUCE
2023-05-31,SUNPHARMA,HOLD
2023-06-01,ASIANPAINT,HOLD
2023-06-01,HINDUNILVR,REDUCE
2023-06-01,NTPC,HOLD
2023-06-01,POWERGRID,REDUCE
2023-06-02,CIPLA,REDUCE
2023-06-02,HINDUNILVR,HOLD
2023-06-02,JSWSTEEL,HOLD
2023-06-02,POWERGRID,HOLD
2023-06-05,ADANIPORTS,REDUCE
2023-06-05,ASIANPAINT,REDUCE
2023-06-05,BHARTIARTL,REDUCE
2023-06-05,COALINDIA,REDUCE
2023-06-05,HINDUNILVR,REDUCE
2023-06-05,LT,HOLD
2023-06-05,NTPC,REDUCE
2023-06-06,ASIANPAINT,HOLD
2023-06-06,NTPC,HOLD
2023-06-06,RELIANCE,EXIT
2023-06-07,BHARTIARTL,HOLD
2023-06-07,TCS,HOLD
2023-06-07,TATASTEEL,REDUCE
2023-06-08,HINDUNILVR,HOLD
2023-06-08,RELIANCE,REDUCE
2023-06-08,TATASTEEL,EXIT
2023-06-09,ASIANPAINT,REDUCE
2023-06-09,CIPLA,EXIT
2023-06-09,KOTAKBANK,REDUCE
2023-06-09,SBILIFE,REDUCE
2023-06-09,TCS,REDUCE
2023-06-09,TECHM,REDUCE
2023-06-12,ASIANPAINT,HOLD
2023-06-12,RELIANCE,EXIT
2023-06-12,SBILIFE,HOLD
2023-06-12,TCS,HOLD
2023-06-12,TECHM,HOLD
2023-06-13,DRREDDY,HOLD
2023-06-13,RELIANCE,REDUCE
2023-06-14,DRREDDY,REDUCE
2023-06-14,RELIANCE,HOLD
2023-06-14,TATASTEEL,REDUCE
2023-06-15,CIPLA,REDUCE
2023-06-15,DRREDDY,HOLD
2023-06-15,RELIANCE,REDUCE
2023-06-16,TCS,EXIT
2023-06-19,ICICIBANK,REDUCE
2023-06-19,TCS,REDUCE
2023-06-20,SUNPHARMA,REDUCE
2023-06-20,TCS,HOLD
2023-06-21,HDFCBANK,HOLD
2023-06-21,RELIANCE,HOLD
2023-06-21,TATASTEEL,HOLD
2023-06-22,RELIANCE,REDUCE
2023-06-22,SBIN,REDUCE
2023-06-23,ADANIPORTS,EXIT
2023-06-23,GRASIM,REDUCE
2023-06-23,RELIANCE,HOLD
2023-06-26,RELIANCE,REDUCE
2023-06-26,TCS,REDUCE
2023-06-27,GRASIM,HOLD
2023-06-27,ICICIBANK,HOLD
2023-06-27,RELIANCE,HOLD
2023-06-28,ADANIPORTS,REDUCE
2023-06-28,SBIN,HOLD
2023-06-30,TCS,HOLD
2023-07-03,ADANIPORTS,EXIT
2023-07-03,CIPLA,EXIT
2023-07-03,ONGC,HOLD
2023-07-04,ADANIPORTS,REDUCE
2023-07-04,BAJAJFINSV,HOLD
2023-07-04,EICHERMOT,EXIT
2023-07-05,ADANIPORTS,EXIT
2023-07-05,BAJAJFINSV,REDUCE
2023-07-05,CIPLA,REDUCE
2023-07-05,INFY,REDUCE
2023-07-06,COALINDIA,HOLD
2023-07-06,INFY,EXIT
2023-07-07,WIPRO,REDUCE
2023-07-10,HCLTECH,REDUCE
2023-07-10,WIPRO,EXIT
2023-07-11,WIPRO,REDUCE
2023-07-12,HDFCBANK,REDUCE
2023-07-12,SUNPHARMA,HOLD
2023-07-13,COALINDIA,REDUCE
2023-07-13,HDFCBANK,HOLD
2023-07-13,INFY,REDUCE
2023-07-13,POWERGRID,REDUCE
2023-07-14,BAJAJFINSV,HOLD
2023-07-14,HCLTECH,HOLD
2023-07-14,WIPRO,HOLD
2023-07-18,INFY,HOLD
2023-07-19,KOTAKBANK,HOLD
2023-07-20,CIPLA,HOLD
2023-07-20,INFY,REDUCE
2023-07-20,POWERGRID,HOLD
2023-07-21,HCLTECH,REDUCE
2023-07-21,HINDUNILVR,REDUCE
2023-07-21,INFY,EXIT
2023-07-25,HINDALCO,REDUCE
2023-07-25,KOTAKBANK,REDUCE
2023-07-26,HINDALCO,EXIT
2023-07-26,KOTAKBANK,HOLD
2023-07-27,HINDALCO,REDUCE
2023-07-27,INFY,REDUCE
2023-07-27,KOTAKBANK,REDUCE
2023-07-27,NESTLEIND,REDUCE
2023-07-27,TECHM,REDUCE
2023-07-28,ADANIPORTS,REDUCE
2023-07-28,AXISBANK,REDUCE
2023-07-28,INFY,EXIT
2023-07-28,NESTLEIND,HOLD
2023-07-28,TECHM,EXIT
2023-07-31,HINDALCO,HOLD
2023-07-31,TECHM,HOLD
2023-08-01,APOLLOHOSP,REDUCE
2023-08-01,AXISBANK,HOLD
2023-08-01,COALINDIA,HOLD
2023-08-01,HCLTECH,HOLD
2023-08-01,MAXHEALTH,REDUCE
2023-08-02,APOLLOHOSP,HOLD
2023-08-02,AXISBANK,REDUCE
2023-08-02,BAJFINANCE,REDUCE
2023-08-02,BAJAJFINSV,EXIT
2023-08-02,HCLTECH,REDUCE
2023-08-02,HDFCBANK,REDUCE
2023-08-02,SBILIFE,REDUCE
2023-08-03,ADANIPORTS,HOLD
2023-08-03,COALINDIA,REDUCE
2023-08-03,ITC,REDUCE
2023-08-03,INDIGO,EXIT
2023-08-03,MAXHEALTH,EXIT
2023-08-03,NESTLEIND,REDUCE
2023-08-03,TITAN,REDUCE
2023-08-03,ULTRACEMCO,REDUCE
2023-08-04,ADANIPORTS,REDUCE
2023-08-04,COALINDIA,HOLD
2023-08-04,HCLTECH,HOLD
2023-08-04,HDFCBANK,HOLD
2023-08-04,INDIGO,HOLD
2023-08-04,MARUTI,REDUCE
2023-08-04,SBIN,REDUCE
2023-08-04,TATACONSUM,REDUCE
2023-08-07,ADANIPORTS,HOLD
2023-08-07,BAJAJ-AUTO,REDUCE
2023-08-07,MAXHEALTH,REDUCE
2023-08-07,SBILIFE,HOLD
2023-08-08,ADANIPORTS,REDUCE
2023-08-08,COALINDIA,REDUCE
2023-08-08,POWERGRID,REDUCE
2023-08-08,TATACONSUM,HOLD
2023-08-09,ADANIPORTS,HOLD
2023-08-09,ASIANPAINT,REDUCE
2023-08-09,COALINDIA,HOLD
2023-08-09,ITC,HOLD
2023-08-09,MAXHEALTH,EXIT
2023-08-10,APOLLOHOSP,REDUCE
2023-08-10,HCLTECH,REDUCE
2023-08-10,HDFCBANK,REDUCE
2023-08-10,ITC,REDUCE
2023-08-10,KOTAKBANK,EXIT
2023-08-10,TITAN,HOLD
2023-08-11,ASIANPAINT,EXIT
2023-08-11,BAJFINANCE,EXIT
2023-08-11,HCLTECH,HOLD
2023-08-11,POWERGRID,HOLD
2023-08-11,TATACONSUM,REDUCE
2023-08-14,ASIANPAINT,REDUCE
2023-08-14,INFY,REDUCE
2023-08-16,ADANIPORTS,REDUCE
2023-08-16,BHARTIARTL,REDUCE
2023-08-16,INDIGO,REDUCE
2023-08-16,ULTRACEMCO,HOLD
2023-08-17,ADANIPORTS,HOLD
2023-08-17,ASIANPAINT,EXIT
2023-08-17,ITC,EXIT
2023-08-17,POWERGRID,REDUCE
2023-08-17,SBILIFE,REDUCE
2023-08-17,TATACONSUM,HOLD
2023-08-17,ULTRACEMCO,REDUCE
2023-08-18,HINDALCO,REDUCE
2023-08-18,ICICIBANK,REDUCE
2023-08-18,INDIGO,EXIT
2023-08-18,TATACONSUM,REDUCE
2023-08-21,BHARTIARTL,HOLD
2023-08-21,HDFCLIFE,REDUCE
2023-08-21,HINDALCO,HOLD
2023-08-21,ICICIBANK,HOLD
2023-08-21,ITC,REDUCE
2023-08-21,POWERGRID,HOLD
2023-08-22,HDFCLIFE,HOLD
2023-08-22,INDIGO,REDUCE
2023-08-22,MAXHEALTH,REDUCE
2023-08-23,AXISBANK,HOLD
2023-08-23,BAJFINANCE,REDUCE
2023-08-23,MARUTI,HOLD
2023-08-23,SBILIFE,HOLD
2023-08-24,ASIANPAINT,REDUCE
2023-08-24,GRASIM,REDUCE
2023-08-24,INDIGO,HOLD
2023-08-24,JSWSTEEL,REDUCE
2023-08-25,INDIGO,REDUCE
2023-08-25,MARUTI,REDUCE
2023-08-25,MAXHEALTH,EXIT
2023-08-25,POWERGRID,REDUCE
2023-08-28,GRASIM,HOLD
2023-08-28,HCLTECH,REDUCE
2023-08-28,ITC,EXIT
2023-08-28,MARUTI,HOLD
2023-08-28,POWERGRID,HOLD
2023-08-28,RELIANCE,REDUCE
2023-08-28,SBILIFE,REDUCE
2023-08-29,BAJFINANCE,HOLD
2023-08-29,BHARTIARTL,REDUCE
2023-08-29,EICHERMOT,REDUCE
2023-08-29,HCLTECH,HOLD
2023-08-29,HDFCLIFE,REDUCE
2023-08-29,MAXHEALTH,REDUCE
2023-08-29,SBILIFE,HOLD
2023-08-30,BAJFINANCE,REDUCE
2023-08-30,INDIGO,EXIT
2023-08-30,ULTRACEMCO,HOLD
2023-08-31,EICHERMOT,EXIT
2023-08-31,MAXHEALTH,HOLD
2023-08-31,POWERGRID,REDUCE
2023-08-31,SBILIFE,REDUCE
2023-08-31,TCS,REDUCE
2023-09-01,BAJFINANCE,HOLD
2023-09-01,EICHERMOT,REDUCE
2023-09-01,JSWSTEEL,HOLD
2023-09-01,MAXHEALTH,REDUCE
2023-09-01,POWERGRID,HOLD
2023-09-01,SBILIFE,HOLD
2023-09-01,TCS,HOLD
2023-09-04,BAJFINANCE,REDUCE
2023-09-04,EICHERMOT,HOLD
2023-09-05,BAJFINANCE,HOLD
2023-09-05,EICHERMOT,REDUCE
2023-09-05,ITC,REDUCE
2023-09-05,INFY,HOLD
2023-09-05,MAXHEALTH,HOLD
2023-09-06,BHARTIARTL,HOLD
2023-09-06,ICICIBANK,REDUCE
2023-09-06,INDIGO,REDUCE
2023-09-06,TATACONSUM,HOLD
2023-09-07,HDFCLIFE,HOLD
2023-09-07,ICICIBANK,HOLD
2023-09-07,INFY,REDUCE
2023-09-07,INDIGO,EXIT
2023-09-08,BAJAJ-AUTO,HOLD
2023-09-08,ITC,EXIT
2023-09-08,INDIGO,REDUCE
2023-09-11,APOLLOHOSP,HOLD
2023-09-11,BAJAJFINSV,REDUCE
2023-09-11,ITC,REDUCE
2023-09-11,INFY,HOLD
2023-09-11,SBIN,HOLD
2023-09-12,APOLLOHOSP,REDUCE
2023-09-12,BAJAJFINSV,EXIT
2023-09-12,HDFCBANK,HOLD
2023-09-13,BAJAJFINSV,REDUCE
2023-09-13,EICHERMOT,EXIT
2023-09-13,INDIGO,EXIT
2023-09-13,KOTAKBANK,REDUCE
2023-09-14,APOLLOHOSP,HOLD
2023-09-14,EICHERMOT,REDUCE
2023-09-14,HDFCLIFE,REDUCE
2023-09-14,INDIGO,REDUCE
2023-09-14,NESTLEIND,HOLD
2023-09-15,BAJAJFINSV,EXIT
2023-09-15,EICHERMOT,HOLD
2023-09-15,HINDUNILVR,EXIT
2023-09-15,INDIGO,EXIT
2023-09-15,MAXHEALTH,REDUCE
2023-09-18,BAJAJFINSV,REDUCE
2023-09-18,HDFCBANK,REDUCE
2023-09-18,HDFCLIFE,HOLD
2023-09-18,HINDUNILVR,REDUCE
2023-09-18,KOTAKBANK,EXIT
2023-09-20,APOLLOHOSP,REDUCE
2023-09-20,HINDUNILVR,EXIT
2023-09-20,JSWSTEEL,REDUCE
2023-09-20,MAXHEALTH,EXIT
2023-09-21,BAJAJFINSV,EXIT
2023-09-21,HDFCBANK,EXIT
2023-09-21,HDFCLIFE,REDUCE
2023-09-21,ICICIBANK,REDUCE
2023-09-22,BAJAJFINSV,REDUCE
2023-09-22,HDFCLIFE,HOLD
2023-09-22,HINDUNILVR,REDUCE
2023-09-22,ULTRACEMCO,REDUCE
2023-09-25,APOLLOHOSP,HOLD
2023-09-25,ASIANPAINT,HOLD
2023-09-25,HDFCLIFE,REDUCE
2023-09-25,HINDUNILVR,EXIT
2023-09-25,ITC,EXIT
2023-09-25,RELIANCE,EXIT
2023-09-25,SBILIFE,REDUCE
2023-09-26,ASIANPAINT,REDUCE
2023-09-26,INFY,REDUCE
2023-09-26,MAXHEALTH,REDUCE
2023-09-26,WIPRO,REDUCE
2023-09-27,ASIANPAINT,HOLD
2023-09-27,HDFCLIFE,HOLD
2023-09-27,HINDUNILVR,REDUCE
2023-09-27,ITC,REDUCE
2023-09-27,INFY,HOLD
2023-09-27,RELIANCE,REDUCE
2023-09-28,ASIANPAINT,EXIT
2023-09-28,HDFCLIFE,REDUCE
2023-09-28,HINDUNILVR,EXIT
2023-09-28,ITC,EXIT
2023-09-28,INFY,REDUCE
2023-09-28,RELIANCE,EXIT
2023-09-29,ITC,REDUCE
2023-10-03,EICHERMOT,REDUCE
2023-10-03,ITC,EXIT
2023-10-03,M&M,REDUCE
2023-10-03,MAXHEALTH,HOLD
2023-10-03,TECHM,REDUCE
2023-10-03,ULTRACEMCO,HOLD
2023-10-04,EICHERMOT,HOLD
2023-10-04,HINDUNILVR,REDUCE
2023-10-04,INFY,HOLD
2023-10-04,MAXHEALTH,REDUCE
2023-10-04,SHRIRAMFIN,REDUCE
2023-10-04,SBIN,REDUCE
2023-10-04,ULTRACEMCO,REDUCE
2023-10-05,ASIANPAINT,REDUCE
2023-10-05,DRREDDY,REDUCE
2023-10-05,INDIGO,HOLD
2023-10-05,SHRIRAMFIN,HOLD
2023-10-05,SBIN,HOLD
2023-10-05,TECHM,HOLD
2023-10-06,BAJAJFINSV,HOLD
2023-10-06,SHRIRAMFIN,REDUCE
2023-10-09,ADANIPORTS,REDUCE
2023-10-09,ASIANPAINT,EXIT
2023-10-10,ADANIPORTS,HOLD
2023-10-10,CIPLA,REDUCE
2023-10-10,ITC,REDUCE
2023-10-10,M&M,HOLD
2023-10-10,MAXHEALTH,EXIT
2023-10-10,SHRIRAMFIN,HOLD
2023-10-10,SUNPHARMA,REDUCE
2023-10-11,ITC,HOLD
2023-10-11,MAXHEALTH,HOLD
2023-10-11,SBILIFE,HOLD
2023-10-11,ULTRACEMCO,HOLD
2023-10-11,WIPRO,HOLD
2023-10-13,INFY,REDUCE
2023-10-13,SBIN,REDUCE
2023-10-13,SUNPHARMA,HOLD
2023-10-13,WIPRO,REDUCE
2023-10-16,ADANIPORTS,REDUCE
2023-10-16,SHRIRAMFIN,REDUCE
2023-10-17,ADANIPORTS,EXIT
2023-10-17,HDFCLIFE,HOLD
2023-10-17,RELIANCE,REDUCE
2023-10-17,SHRIRAMFIN,HOLD
2023-10-18,ADANIPORTS,REDUCE
2023-10-18,APOLLOHOSP,REDUCE
2023-10-18,DRREDDY,HOLD
2023-10-18,RELIANCE,EXIT
2023-10-18,SHRIRAMFIN,REDUCE
2023-10-18,TCS,REDUCE
2023-10-18,TECHM,REDUCE
2023-10-18,ULTRACEMCO,REDUCE
2023-10-19,ADANIPORTS,EXIT
2023-10-19,APOLLOHOSP,HOLD
2023-10-19,CIPLA,HOLD
2023-10-19,DRREDDY,REDUCE
2023-10-19,TECHM,EXIT
2023-10-19,ULTRACEMCO,HOLD
2023-10-19,WIPRO,EXIT
2023-10-20,APOLLOHOSP,REDUCE
2023-10-20,CIPLA,REDUCE
2023-10-20,ITC,EXIT
2023-10-20,INDIGO,EXIT
2023-10-20,TCS,HOLD
2023-10-23,APOLLOHOSP,HOLD
2023-10-23,HDFCLIFE,REDUCE
2023-10-23,HINDALCO,REDUCE
2023-10-23,SHRIRAMFIN,HOLD
2023-10-23,SBIN,EXIT
2023-10-23,SUNPHARMA,REDUCE
2023-10-23,TCS,REDUCE
2023-10-25,APOLLOHOSP,REDUCE
2023-10-25,EICHERMOT,REDUCE
2023-10-25,HINDALCO,HOLD
2023-10-25,HINDUNILVR,EXIT
2023-10-25,JSWSTEEL,EXIT
2023-10-25,SBILIFE,REDUCE
2023-10-25,SHRIRAMFIN,REDUCE
2023-10-26,APOLLOHOSP,EXIT
2023-10-26,BEL,EXIT
2023-10-26,HDFCLIFE,EXIT
2023-10-26,HINDUNILVR,REDUCE
2023-10-26,M&M,REDUCE
2023-10-26,MAXHEALTH,REDUCE
2023-10-26,SBILIFE,HOLD
2023-10-26,SHRIRAMFIN,HOLD
2023-10-27,APOLLOHOSP,HOLD
2023-10-27,BEL,HOLD
2023-10-27,INDIGO,HOLD
2023-10-27,MAXHEALTH,HOLD
2023-10-27,SBIN,HOLD
2023-10-30,ADANIPORTS,REDUCE
2023-10-30,APOLLOHOSP,REDUCE
2023-10-30,DRREDDY,EXIT
2023-10-30,HINDUNILVR,EXIT
2023-10-30,INFY,EXIT
2023-10-31,ADANIPORTS,EXIT
2023-10-31,DRREDDY,REDUCE
2023-10-31,EICHERMOT,EXIT
2023-10-31,HDFCLIFE,REDUCE
2023-10-31,HINDUNILVR,REDUCE
2023-10-31,INDIGO,EXIT
2023-10-31,M&M,EXIT
2023-10-31,SBIN,REDUCE
2023-10-31,TATASTEEL,REDUCE
2023-11-01,APOLLOHOSP,EXIT
2023-11-01,DRREDDY,EXIT
2023-11-01,HINDUNILVR,EXIT
2023-11-02,APOLLOHOSP,REDUCE
2023-11-02,CIPLA,HOLD
2023-11-02,HINDUNILVR,REDUCE
2023-11-02,INDIGO,HOLD
2023-11-02,SUNPHARMA,HOLD
2023-11-03,APOLLOHOSP,HOLD
2023-11-03,BAJAJFINSV,REDUCE
2023-11-03,EICHERMOT,HOLD
2023-11-03,SBIN,HOLD
2023-11-03,TATASTEEL,EXIT
2023-11-06,BAJAJFINSV,HOLD
2023-11-06,JSWSTEEL,REDUCE
2023-11-06,M&M,REDUCE
2023-11-06,SBIN,REDUCE
2023-11-06,TATASTEEL,REDUCE
2023-11-07,DRREDDY,REDUCE
2023-11-08,ADANIPORTS,HOLD
2023-11-09,ADANIPORTS,EXIT
2023-11-13,BAJFINANCE,REDUCE
2023-11-13,SBIN,HOLD
2023-11-15,BAJFINANCE,EXIT
2023-11-15,HDFCLIFE,HOLD
2023-11-15,ITC,REDUCE
2023-11-15,RELIANCE,HOLD
2023-11-15,TECHM,REDUCE
2023-11-16,ADANIPORTS,HOLD
2023-11-16,BAJFINANCE,REDUCE
2023-11-16,DRREDDY,HOLD
2023-11-16,ITC,EXIT
2023-11-16,INFY,REDUCE
2023-11-16,M&M,HOLD
2023-11-16,TCS,HOLD
2023-11-16,TECHM,HOLD
2023-11-16,WIPRO,REDUCE
2023-11-17,ADANIPORTS,EXIT
2023-11-17,ASIANPAINT,REDUCE
2023-11-17,AXISBANK,REDUCE
2023-11-17,BAJFINANCE,EXIT
2023-11-17,SBIN,REDUCE
2023-11-17,TATASTEEL,HOLD
2023-11-17,WIPRO,EXIT
2023-11-20,RELIANCE,REDUCE
2023-11-20,TATASTEEL,REDUCE
2023-11-20,WIPRO,REDUCE
2023-11-21,ASIANPAINT,EXIT
2023-11-21,AXISBANK,HOLD
2023-11-21,JSWSTEEL,HOLD
2023-11-21,RELIANCE,HOLD
2023-11-21,TATASTEEL,HOLD
2023-11-22,ASIANPAINT,REDUCE
2023-11-22,INFY,HOLD
2023-11-22,JSWSTEEL,REDUCE
2023-11-22,M&M,REDUCE
2023-11-23,ASIANPAINT,EXIT
2023-11-23,CIPLA,REDUCE
2023-11-23,HINDUNILVR,HOLD
2023-11-23,INFY,REDUCE
2023-11-23,JSWSTEEL,HOLD
2023-11-24,ASIANPAINT,REDUCE
2023-11-24,HINDUNILVR,REDUCE
2023-11-24,M&M,HOLD
2023-11-24,TCS,REDUCE
2023-11-24,WIPRO,EXIT
2023-11-28,ADANIPORTS,HOLD
2023-11-29,CIPLA,HOLD
2023-11-29,HDFCBANK,REDUCE
2023-11-29,INFY,HOLD
2023-11-29,TCS,HOLD
2023-11-29,WIPRO,HOLD
2023-11-30,ASIANPAINT,EXIT
2023-11-30,HINDUNILVR,HOLD
2023-12-01,ASIANPAINT,REDUCE
2023-12-01,ICICIBANK,HOLD
2023-12-01,ITC,HOLD
2023-12-01,INFY,REDUCE
2023-12-04,ASIANPAINT,HOLD
2023-12-04,BAJFINANCE,REDUCE
2023-12-04,INFY,HOLD
2023-12-04,KOTAKBANK,REDUCE
2023-12-04,SBIN,HOLD
2023-12-05,ADANIENT,REDUCE
2023-12-05,BAJFINANCE,EXIT
2023-12-05,HINDUNILVR,REDUCE
2023-12-06,BAJFINANCE,REDUCE
2023-12-08,BAJFINANCE,EXIT
2023-12-11,DRREDDY,REDUCE
2023-12-12,CIPLA,REDUCE
2023-12-12,DRREDDY,HOLD
2023-12-12,MARUTI,REDUCE
2023-12-13,CIPLA,HOLD
2023-12-14,BAJFINANCE,REDUCE
2023-12-18,BAJFINANCE,HOLD
2023-12-20,HDFCLIFE,REDUCE
2023-12-21,BAJFINANCE,REDUCE
2023-12-21,HDFCBANK,HOLD
2023-12-22,BAJFINANCE,EXIT
2023-12-22,HDFCBANK,REDUCE
2023-12-29,HDFCBANK,HOLD
2024-01-02,ADANIENT,HOLD
2024-01-02,BAJFINANCE,HOLD
2024-01-02,HDFCBANK,REDUCE
2024-01-12,BAJAJFINSV,REDUCE
2024-01-15,EICHERMOT,REDUCE
2024-01-15,HDFCLIFE,EXIT
2024-01-16,SBILIFE,REDUCE
2024-01-17,BAJFINANCE,REDUCE
2024-01-17,EICHERMOT,EXIT
2024-01-17,HDFCBANK,EXIT
2024-01-17,JSWSTEEL,REDUCE
2024-01-17,KOTAKBANK,EXIT
2024-01-17,M&M,REDUCE
2024-01-17,SBILIFE,HOLD
2024-01-18,ASIANPAINT,EXIT
2024-01-18,BAJFINANCE,EXIT
2024-01-18,DRREDDY,REDUCE
2024-01-18,HINDUNILVR,HOLD
2024-01-18,NESTLEIND,REDUCE
2024-01-18,SBILIFE,REDUCE
2024-01-19,DRREDDY,HOLD
2024-01-19,M&M,HOLD
2024-01-19,NESTLEIND,HOLD
2024-01-19,SBILIFE,HOLD
2024-01-23,HINDALCO,EXIT
2024-01-23,HINDUNILVR,EXIT
2024-01-23,JSWSTEEL,EXIT
2024-01-23,M&M,REDUCE
2024-01-23,NESTLEIND,REDUCE
2024-01-23,SBILIFE,REDUCE
2024-01-23,SBIN,REDUCE
2024-01-23,TATASTEEL,REDUCE
2024-01-24,AXISBANK,REDUCE
2024-01-24,HINDALCO,HOLD
2024-01-24,JSWSTEEL,REDUCE
2024-01-24,NESTLEIND,HOLD
2024-01-24,SBIN,HOLD
2024-01-24,TATASTEEL,HOLD
2024-01-25,M&M,HOLD
2024-01-25,NESTLEIND,REDUCE
2024-01-29,ITC,REDUCE
2024-01-29,KOTAKBANK,REDUCE
2024-01-30,ITC,EXIT
2024-01-30,M&M,REDUCE
2024-01-31,EICHERMOT,REDUCE
2024-01-31,HINDUNILVR,REDUCE
2024-01-31,M&M,HOLD
2024-02-01,EICHERMOT,HOLD
2024-02-01,LT,REDUCE
2024-02-01,MARUTI,HOLD
2024-02-01,SBILIFE,HOLD
2024-02-02,EICHERMOT,REDUCE
2024-02-02,HINDUNILVR,EXIT
2024-02-02,TITAN,REDUCE
2024-02-05,KOTAKBANK,EXIT
2024-02-05,SBILIFE,REDUCE
2024-02-06,EICHERMOT,HOLD
2024-02-06,GRASIM,REDUCE
2024-02-06,SBILIFE,HOLD
2024-02-07,GRASIM,HOLD
2024-02-07,JSWSTEEL,HOLD
2024-02-08,EICHERMOT,REDUCE
2024-02-08,GRASIM,REDUCE
2024-02-08,ICICIBANK,REDUCE
2024-02-08,JSWSTEEL,REDUCE
2024-02-08,LT,EXIT
2024-02-08,NESTLEIND,EXIT
2024-02-09,GRASIM,HOLD
2024-02-09,ICICIBANK,HOLD
2024-02-09,M&M,REDUCE
2024-02-09,NESTLEIND,REDUCE
2024-02-12,BAJAJFINSV,EXIT
2024-02-12,ICICIBANK,REDUCE
2024-02-12,M&M,HOLD
2024-02-13,BAJAJFINSV,REDUCE
2024-02-13,GRASIM,REDUCE
2024-02-13,HINDALCO,EXIT
2024-02-13,ICICIBANK,HOLD
2024-02-13,M&M,REDUCE
2024-02-14,ULTRACEMCO,REDUCE
2024-02-15,EICHERMOT,HOLD
2024-02-15,M&M,HOLD
2024-02-16,GRASIM,HOLD
2024-02-16,LT,REDUCE
2024-02-20,EICHERMOT,REDUCE
2024-02-20,NESTLEIND,HOLD
2024-02-20,TITAN,HOLD
2024-02-20,ULTRACEMCO,HOLD
2024-02-21,LT,EXIT
2024-02-21,TITAN,REDUCE
2024-02-22,AXISBANK,HOLD
2024-02-22,EICHERMOT,HOLD
2024-02-22,LT,REDUCE
2024-02-22,ULTRACEMCO,REDUCE
2024-02-23,TITAN,HOLD
2024-02-23,ULTRACEMCO,HOLD
2024-02-26,AXISBANK,REDUCE
2024-02-26,LT,HOLD
2024-02-26,TECHM,REDUCE
2024-02-26,TITAN,REDUCE
2024-02-26,ULTRACEMCO,REDUCE
2024-02-28,EICHERMOT,REDUCE
2024-03-01,APOLLOHOSP,REDUCE
2024-03-01,AXISBANK,HOLD
2024-03-01,JSWSTEEL,HOLD
2024-03-01,MAXHEALTH,REDUCE
2024-03-01,TITAN,HOLD
2024-03-01,ULTRACEMCO,HOLD
2024-03-04,EICHERMOT,EXIT
2024-03-04,JSWSTEEL,REDUCE
2024-03-04,ULTRACEMCO,REDUCE
2024-03-05,BAJAJFINSV,EXIT
2024-03-05,EICHERMOT,REDUCE
2024-03-05,INFY,REDUCE
2024-03-06,NESTLEIND,REDUCE
2024-03-07,BAJAJFINSV,REDUCE
2024-03-07,JSWSTEEL,HOLD
2024-03-07,NESTLEIND,HOLD
2024-03-11,APOLLOHOSP,HOLD
2024-03-12,JSWSTEEL,REDUCE
2024-03-13,ADANIENT,REDUCE
2024-03-13,APOLLOHOSP,REDUCE
2024-03-13,AXISBANK,REDUCE
2024-03-13,BEL,REDUCE
2024-03-13,EICHERMOT,EXIT
2024-03-13,INFY,HOLD
2024-03-13,TITAN,REDUCE
2024-03-14,ADANIENT,HOLD
2024-03-14,BEL,HOLD
2024-03-14,EICHERMOT,REDUCE
2024-03-14,JSWSTEEL,EXIT
2024-03-14,NTPC,REDUCE
2024-03-15,BEL,REDUCE
2024-03-15,COALINDIA,REDUCE
2024-03-15,EICHERMOT,EXIT
2024-03-18,APOLLOHOSP,HOLD
2024-03-18,COALINDIA,HOLD
2024-03-18,JSWSTEEL,REDUCE
2024-03-19,COALINDIA,REDUCE
2024-03-19,NESTLEIND,REDUCE
2024-03-19,POWERGRID,REDUCE
2024-03-19,TECHM,EXIT
2024-03-20,EICHERMOT,HOLD
2024-03-20,INFY,REDUCE
2024-03-20,NTPC,EXIT
2024-03-20,NESTLEIND,HOLD
2024-03-20,POWERGRID,HOLD
2024-03-20,TATACONSUM,EXIT
2024-03-20,TECHM,REDUCE
2024-03-21,BAJAJFINSV,HOLD
2024-03-21,BEL,HOLD
2024-03-21,COALINDIA,HOLD
2024-03-21,INFY,EXIT
2024-03-21,NTPC,HOLD
2024-03-21,TECHM,HOLD
2024-03-22,BAJAJFINSV,REDUCE
2024-03-22,HINDALCO,REDUCE
2024-03-22,JSWSTEEL,HOLD
2024-03-22,TECHM,EXIT
2024-03-22,TITAN,HOLD
2024-03-22,WIPRO,REDUCE
2024-03-26,HINDALCO,HOLD
2024-03-27,ADANIENT,REDUCE
2024-03-27,MAXHEALTH,HOLD
2024-03-28,ADANIENT,HOLD
2024-03-28,BAJAJFINSV,HOLD
2024-04-01,HCLTECH,REDUCE
2024-04-01,TCS,REDUCE
2024-04-01,ULTRACEMCO,HOLD
2024-04-02,SBILIFE,REDUCE
2024-04-02,WIPRO,EXIT
2024-04-04,TECHM,REDUCE
2024-04-05,SBILIFE,HOLD
2024-04-05,TECHM,EXIT
2024-04-05,ULTRACEMCO,REDUCE
2024-04-08,APOLLOHOSP,REDUCE
2024-04-08,AXISBANK,HOLD
2024-04-08,NESTLEIND,REDUCE
2024-04-08,TATACONSUM,REDUCE
2024-04-08,ULTRACEMCO,HOLD
2024-04-09,APOLLOHOSP,HOLD
2024-04-09,HDFCBANK,REDUCE
2024-04-09,TATACONSUM,EXIT
2024-04-09,ULTRACEMCO,REDUCE
2024-04-10,CIPLA,REDUCE
2024-04-10,DRREDDY,REDUCE
2024-04-10,HDFCBANK,EXIT
2024-04-10,ITC,REDUCE
2024-04-10,KOTAKBANK,REDUCE
2024-04-10,TATACONSUM,REDUCE
2024-04-12,ITC,EXIT
2024-04-12,TITAN,REDUCE
2024-04-15,ADANIENT,REDUCE
2024-04-15,APOLLOHOSP,REDUCE
2024-04-15,AXISBANK,REDUCE
2024-04-15,HCLTECH,EXIT
2024-04-15,HDFCLIFE,REDUCE
2024-04-15,KOTAKBANK,EXIT
2024-04-15,NESTLEIND,HOLD
2024-04-15,SBILIFE,REDUCE
2024-04-15,TATACONSUM,EXIT
2024-04-16,CIPLA,HOLD
2024-04-16,HDFCBANK,REDUCE
2024-04-16,LT,REDUCE
2024-04-16,SBILIFE,HOLD
2024-04-16,SHRIRAMFIN,REDUCE
2024-04-16,TATACONSUM,REDUCE
2024-04-18,APOLLOHOSP,EXIT
2024-04-18,BAJAJFINSV,REDUCE
2024-04-18,CIPLA,EXIT
2024-04-18,HDFCBANK,EXIT
2024-04-18,LT,HOLD
2024-04-18,MAXHEALTH,EXIT
2024-04-18,NESTLEIND,REDUCE
2024-04-18,TATACONSUM,EXIT
2024-04-18,ULTRACEMCO,EXIT
2024-04-19,APOLLOHOSP,REDUCE
2024-04-19,BAJFINANCE,REDUCE
2024-04-19,BAJAJFINSV,HOLD
2024-04-19,HDFCBANK,REDUCE
2024-04-19,HDFCLIFE,EXIT
2024-04-19,NESTLEIND,EXIT
2024-04-19,SBILIFE,REDUCE
2024-04-19,TATACONSUM,REDUCE
2024-04-22,CIPLA,REDUCE
2024-04-22,HDFCLIFE,REDUCE
2024-04-22,NESTLEIND,REDUCE
2024-04-22,SHRIRAMFIN,HOLD
2024-04-22,TATACONSUM,HOLD
2024-04-22,ULTRACEMCO,REDUCE
2024-04-23,CIPLA,EXIT
2024-04-23,COALINDIA,REDUCE
2024-04-23,KOTAKBANK,REDUCE
2024-04-23,RELIANCE,REDUCE
2024-04-23,SUNPHARMA,REDUCE
2024-04-24,CIPLA,REDUCE
2024-04-24,COALINDIA,HOLD
2024-04-24,HDFCLIFE,EXIT
2024-04-24,MAXHEALTH,HOLD
2024-04-24,TATACONSUM,EXIT
2024-04-25,APOLLOHOSP,HOLD
2024-04-25,AXISBANK,HOLD
2024-04-25,ITC,REDUCE
2024-04-25,KOTAKBANK,EXIT
2024-04-25,MAXHEALTH,EXIT
2024-04-25,NESTLEIND,HOLD
2024-04-26,APOLLOHOSP,REDUCE
2024-04-26,BAJFINANCE,EXIT
2024-04-26,BAJAJFINSV,REDUCE
2024-04-26,DRREDDY,HOLD
2024-04-26,ITC,HOLD
2024-04-26,NESTLEIND,REDUCE
2024-04-26,TECHM,HOLD
2024-04-29,APOLLOHOSP,EXIT
2024-04-29,MAXHEALTH,HOLD
2024-04-29,ULTRACEMCO,HOLD
2024-04-30,BAJAJFINSV,HOLD
2024-04-30,DRREDDY,REDUCE
2024-04-30,ITC,REDUCE
2024-04-30,TECHM,EXIT
2024-05-02,DRREDDY,HOLD
2024-05-02,ITC,HOLD
2024-05-02,TECHM,REDUCE
2024-05-03,ADANIENT,EXIT
2024-05-03,TECHM,EXIT
2024-05-06,ADANIPORTS,REDUCE
2024-05-06,BAJAJFINSV,REDUCE
2024-05-06,ITC,REDUCE
2024-05-06,TITAN,EXIT
2024-05-07,BAJFINANCE,REDUCE
2024-05-07,BAJAJFINSV,HOLD
2024-05-07,ITC,HOLD
2024-05-07,LT,EXIT
2024-05-07,MAXHEALTH,REDUCE
2024-05-07,TECHM,HOLD
2024-05-07,ULTRACEMCO,REDUCE
2024-05-08,BAJFINANCE,EXIT
2024-05-08,BAJAJFINSV,REDUCE
2024-05-08,DRREDDY,REDUCE
2024-05-08,HDFCBANK,EXIT
2024-05-08,LT,HOLD
2024-05-09,ADANIPORTS,EXIT
2024-05-09,ITC,REDUCE
2024-05-09,JSWSTEEL,REDUCE
2024-05-09,LT,EXIT
2024-05-09,ONGC,REDUCE
2024-05-09,SHRIRAMFIN,REDUCE
2024-05-09,ULTRACEMCO,EXIT
2024-05-10,ADANIPORTS,REDUCE
2024-05-10,CIPLA,EXIT
2024-05-10,HDFCBANK,REDUCE
2024-05-10,JSWSTEEL,HOLD
2024-05-10,MAXHEALTH,HOLD
2024-05-10,TECHM,REDUCE
2024-05-10,ULTRACEMCO,REDUCE
2024-05-13,CIPLA,REDUCE
2024-05-13,COALINDIA,REDUCE
2024-05-13,MAXHEALTH,REDUCE
2024-05-13,SHRIRAMFIN,EXIT
2024-05-14,ADANIENT,REDUCE
2024-05-14,ADANIPORTS,HOLD
2024-05-14,COALINDIA,HOLD
2024-05-14,MAXHEALTH,HOLD
2024-05-14,ONGC,HOLD
2024-05-14,SHRIRAMFIN,REDUCE
2024-05-14,TECHM,HOLD
2024-05-15,SHRIRAMFIN,EXIT
2024-05-16,LT,REDUCE
2024-05-16,SHRIRAMFIN,REDUCE
2024-05-16,ULTRACEMCO,HOLD
2024-05-17,DRREDDY,EXIT
2024-05-17,ITC,HOLD
2024-05-17,LT,EXIT
2024-05-21,ADANIENT,HOLD
2024-05-21,CIPLA,HOLD
2024-05-21,HDFCBANK,EXIT
2024-05-21,ITC,REDUCE
2024-05-22,DRREDDY,REDUCE
2024-05-22,ITC,HOLD
2024-05-22,LT,REDUCE
2024-05-22,RELIANCE,HOLD
2024-05-23,BAJFINANCE,REDUCE
2024-05-23,LT,HOLD
2024-05-24,HDFCBANK,REDUCE
2024-05-24,ITC,REDUCE
2024-05-24,MAXHEALTH,EXIT
2024-05-27,ITC,EXIT
2024-05-27,MAXHEALTH,HOLD
2024-05-27,SUNPHARMA,EXIT
2024-05-28,MAXHEALTH,EXIT
2024-05-29,HDFCBANK,EXIT
2024-05-29,ICICIBANK,REDUCE
2024-05-29,ITC,REDUCE
2024-05-29,ONGC,REDUCE
2024-05-29,RELIANCE,REDUCE
2024-05-29,SUNPHARMA,REDUCE
2024-05-30,BAJFINANCE,EXIT
2024-05-30,BAJAJFINSV,EXIT
2024-05-30,ICICIBANK,HOLD
2024-05-30,ITC,EXIT
2024-05-30,NESTLEIND,EXIT
2024-05-30,SBILIFE,EXIT
2024-05-30,SHRIRAMFIN,EXIT
2024-05-30,SUNPHARMA,EXIT
2024-05-30,TCS,EXIT
2024-05-30,TECHM,EXIT
2024-05-31,DRREDDY,EXIT
2024-05-31,GRASIM,REDUCE
2024-05-31,HDFCBANK,REDUCE
2024-05-31,SHRIRAMFIN,REDUCE
2024-06-03,BAJAJFINSV,REDUCE
2024-06-03,GRASIM,HOLD
2024-06-03,MARUTI,REDUCE
2024-06-03,ONGC,HOLD
2024-06-03,RELIANCE,HOLD
2024-06-03,SHRIRAMFIN,HOLD
2024-06-04,ADANIENT,EXIT
2024-06-04,ADANIPORTS,EXIT
2024-06-04,BAJAJFINSV,EXIT
2024-06-04,COALINDIA,REDUCE
2024-06-04,GRASIM,REDUCE
2024-06-04,HINDUNILVR,HOLD
2024-06-04,ICICIBANK,REDUCE
2024-06-04,LT,EXIT
2024-06-04,MARUTI,HOLD
2024-06-04,MAXHEALTH,REDUCE
2024-06-04,NTPC,REDUCE
2024-06-04,ONGC,EXIT
2024-06-04,RELIANCE,REDUCE
2024-06-04,SHRIRAMFIN,EXIT
2024-06-04,SBIN,REDUCE
2024-06-05,ADANIPORTS,HOLD
2024-06-05,COALINDIA,HOLD
2024-06-05,DRREDDY,REDUCE
2024-06-05,HDFCBANK,HOLD
2024-06-05,ICICIBANK,HOLD
2024-06-05,ITC,REDUCE
2024-06-05,MAXHEALTH,HOLD
2024-06-05,NESTLEIND,HOLD
2024-06-05,SHRIRAMFIN,REDUCE
2024-06-05,SBIN,HOLD
2024-06-05,SUNPHARMA,REDUCE
2024-06-05,TATACONSUM,HOLD
2024-06-05,TECHM,REDUCE
2024-06-06,ADANIENT,REDUCE
2024-06-06,ADANIPORTS,REDUCE
2024-06-06,NESTLEIND,REDUCE
2024-06-06,SBILIFE,REDUCE
2024-06-06,SHRIRAMFIN,HOLD
2024-06-06,TCS,REDUCE
2024-06-06,TECHM,HOLD
2024-06-07,BAJAJFINSV,REDUCE
2024-06-07,DRREDDY,HOLD
2024-06-07,GRASIM,HOLD
2024-06-07,HCLTECH,REDUCE
2024-06-07,INFY,REDUCE
2024-06-07,LT,REDUCE
2024-06-07,NTPC,HOLD
2024-06-07,NESTLEIND,HOLD
2024-06-07,ONGC,REDUCE
2024-06-07,RELIANCE,HOLD
2024-06-07,TCS,HOLD
2024-06-07,WIPRO,REDUCE
2024-06-10,INFY,EXIT
2024-06-11,APOLLOHOSP,HOLD
2024-06-11,LT,HOLD
2024-06-11,MAXHEALTH,EXIT
2024-06-11,ONGC,HOLD
2024-06-11,TCS,REDUCE
2024-06-12,MAXHEALTH,HOLD
2024-06-12,SBILIFE,HOLD
2024-06-12,TATACONSUM,REDUCE
2024-06-13,ICICIBANK,REDUCE
2024-06-13,TCS,HOLD
2024-06-13,TITAN,REDUCE
2024-06-14,ADANIPORTS,HOLD
2024-06-14,TCS,REDUCE
2024-06-14,TITAN,HOLD
2024-06-18,ADANIENT,HOLD
2024-06-18,DRREDDY,REDUCE
2024-06-18,ICICIBANK,HOLD
2024-06-18,MARUTI,REDUCE
2024-06-18,SUNPHARMA,HOLD
2024-06-18,WIPRO,HOLD
2024-06-19,ADANIENT,REDUCE
2024-06-19,ITC,EXIT
2024-06-19,ONGC,REDUCE
2024-06-19,SUNPHARMA,REDUCE
2024-06-19,TATACONSUM,EXIT
2024-06-19,TITAN,EXIT
2024-06-20,NTPC,REDUCE
2024-06-21,DRREDDY,HOLD
2024-06-21,INFY,REDUCE
2024-06-21,KOTAKBANK,REDUCE
2024-06-21,LT,REDUCE
2024-06-24,NTPC,HOLD
2024-06-24,RELIANCE,REDUCE
2024-06-25,HCLTECH,EXIT
2024-06-25,HINDUNILVR,REDUCE
2024-06-25,LT,HOLD
2024-06-25,RELIANCE,HOLD
2024-06-26,COALINDIA,REDUCE
2024-06-26,HINDUNILVR,HOLD
2024-06-26,SUNPHARMA,HOLD
2024-06-26,TCS,HOLD
2024-06-28,COALINDIA,HOLD
2024-06-28,ONGC,HOLD
2024-07-01,EICHERMOT,REDUCE
2024-07-01,ITC,REDUCE
2024-07-01,INFY,HOLD
2024-07-02,ITC,EXIT
2024-07-02,KOTAKBANK,EXIT
2024-07-02,TATACONSUM,REDUCE
2024-07-03,ITC,REDUCE
2024-07-03,KOTAKBANK,REDUCE
2024-07-03,TATACONSUM,HOLD
2024-07-04,HCLTECH,REDUCE
2024-07-04,ITC,HOLD
2024-07-05,EICHERMOT,HOLD
2024-07-08,ADANIENT,EXIT
2024-07-09,KOTAKBANK,HOLD
2024-07-09,MARUTI,HOLD
2024-07-10,TATASTEEL,REDUCE
2024-07-11,HCLTECH,HOLD
2024-07-11,HDFCLIFE,REDUCE
2024-07-15,HDFCLIFE,HOLD
2024-07-19,HINDALCO,REDUCE
2024-07-19,JSWSTEEL,REDUCE
2024-07-19,NTPC,REDUCE
2024-07-19,TATASTEEL,EXIT
2024-07-22,KOTAKBANK,EXIT
2024-07-22,NTPC,HOLD
2024-07-22,WIPRO,REDUCE
2024-07-23,LT,REDUCE
2024-07-23,RELIANCE,REDUCE
2024-07-24,BAJAJ-AUTO,REDUCE
2024-07-24,MARUTI,REDUCE
2024-07-24,RELIANCE,HOLD
2024-07-24,TITAN,REDUCE
2024-07-25,AXISBANK,EXIT
2024-07-25,KOTAKBANK,REDUCE
2024-07-25,LT,HOLD
2024-07-25,NESTLEIND,REDUCE
2024-07-25,RELIANCE,REDUCE
2024-07-25,TITAN,EXIT
2024-07-25,WIPRO,HOLD
2024-07-26,BAJAJ-AUTO,HOLD
2024-07-26,MARUTI,HOLD
2024-07-26,RELIANCE,HOLD
2024-07-26,TATASTEEL,REDUCE
2024-07-26,TITAN,REDUCE
2024-07-29,TITAN,EXIT
2024-07-30,KOTAKBANK,HOLD
2024-07-31,JSWSTEEL,HOLD
2024-08-01,ADANIENT,REDUCE
2024-08-02,ADANIENT,EXIT
2024-08-02,BEL,REDUCE
2024-08-02,EICHERMOT,REDUCE
2024-08-02,JSWSTEEL,REDUCE
2024-08-02,RELIANCE,REDUCE
2024-08-02,TATASTEEL,EXIT
2024-08-02,WIPRO,REDUCE
2024-08-05,ASIANPAINT,REDUCE
2024-08-05,BEL,EXIT
2024-08-05,HINDALCO,EXIT
2024-08-05,ICICIBANK,REDUCE
2024-08-05,INDIGO,REDUCE
2024-08-05,LT,REDUCE
2024-08-05,M&M,REDUCE
2024-08-05,MARUTI,REDUCE
2024-08-05,SBIN,EXIT
2024-08-05,WIPRO,EXIT
2024-08-06,KOTAKBANK,REDUCE
2024-08-06,M&M,EXIT
2024-08-06,TRENT,REDUCE
2024-08-06,WIPRO,REDUCE
2024-08-07,ADANIENT,REDUCE
2024-08-07,ASIANPAINT,HOLD
2024-08-07,INDIGO,HOLD
2024-08-07,KOTAKBANK,HOLD
2024-08-07,LT,HOLD
2024-08-07,M&M,REDUCE
2024-08-07,MAXHEALTH,EXIT
2024-08-07,NESTLEIND,HOLD
2024-08-07,TRENT,HOLD
2024-08-08,ASIANPAINT,EXIT
2024-08-08,BAJAJFINSV,EXIT
2024-08-08,GRASIM,EXIT
2024-08-08,INDIGO,REDUCE
2024-08-08,KOTAKBANK,REDUCE
2024-08-08,LT,REDUCE
2024-08-08,MAXHEALTH,HOLD
2024-08-08,NESTLEIND,REDUCE
2024-08-09,ASIANPAINT,REDUCE
2024-08-09,BAJAJFINSV,REDUCE
2024-08-09,BEL,REDUCE
2024-08-09,EICHERMOT,HOLD
2024-08-09,GRASIM,REDUCE
2024-08-09,M&M,HOLD
2024-08-09,SBIN,REDUCE
2024-08-12,ADANIENT,EXIT
2024-08-12,BEL,EXIT
2024-08-12,GRASIM,HOLD
2024-08-12,JSWSTEEL,HOLD
2024-08-12,SBIN,EXIT
2024-08-13,ASIANPAINT,EXIT
2024-08-13,BAJAJFINSV,EXIT
2024-08-13,GRASIM,REDUCE
2024-08-13,HDFCBANK,REDUCE
2024-08-13,JSWSTEEL,REDUCE
2024-08-14,ADANIPORTS,REDUCE
2024-08-14,ASIANPAINT,REDUCE
2024-08-14,EICHERMOT,REDUCE
2024-08-14,NESTLEIND,HOLD
2024-08-14,POWERGRID,REDUCE
2024-08-14,TITAN,REDUCE
2024-08-16,ADANIPORTS,HOLD
2024-08-16,BEL,HOLD
2024-08-16,EICHERMOT,HOLD
2024-08-16,GRASIM,HOLD
2024-08-16,HINDALCO,REDUCE
2024-08-16,ICICIBANK,HOLD
2024-08-16,MAXHEALTH,REDUCE
2024-08-16,NESTLEIND,REDUCE
2024-08-16,POWERGRID,HOLD
2024-08-16,TITAN,EXIT
2024-08-16,WIPRO,HOLD
2024-08-19,ICICIBANK,REDUCE
2024-08-19,JSWSTEEL,HOLD
2024-08-19,M&M,REDUCE
2024-08-20,BAJAJFINSV,REDUCE
2024-08-20,HDFCBANK,HOLD
2024-08-20,HINDALCO,HOLD
2024-08-20,KOTAKBANK,HOLD
2024-08-20,SBIN,REDUCE
2024-08-20,TITAN,REDUCE
2024-08-21,ASIANPAINT,HOLD
2024-08-21,HDFCBANK,REDUCE
2024-08-21,NESTLEIND,HOLD
2024-08-22,ICICIBANK,HOLD
2024-08-22,INDIGO,HOLD
2024-08-22,POWERGRID,REDUCE
2024-08-22,ULTRACEMCO,REDUCE
2024-08-23,ADANIPORTS,REDUCE
2024-08-23,MAXHEALTH,EXIT
2024-08-23,NESTLEIND,REDUCE
2024-08-23,POWERGRID,HOLD
2024-08-23,WIPRO,REDUCE
2024-08-26,BEL,REDUCE
2024-08-26,LT,HOLD
2024-08-26,MAXHEALTH,REDUCE
2024-08-26,RELIANCE,HOLD
2024-08-26,SBIN,EXIT
2024-08-26,TITAN,HOLD
2024-08-26,WIPRO,HOLD
2024-08-27,BAJAJFINSV,HOLD
2024-08-27,BEL,EXIT
2024-08-27,MARUTI,HOLD
2024-08-27,MAXHEALTH,EXIT
2024-08-27,POWERGRID,REDUCE
2024-08-27,RELIANCE,REDUCE
2024-08-27,SBIN,REDUCE
2024-08-27,TITAN,REDUCE
2024-08-28,KOTAKBANK,REDUCE
2024-08-28,MAXHEALTH,REDUCE
2024-08-28,SBIN,EXIT
2024-08-29,RELIANCE,HOLD
2024-08-30,M&M,HOLD
2024-08-30,POWERGRID,HOLD
2024-08-30,RELIANCE,REDUCE
2024-08-30,SBIN,REDUCE
2024-09-02,AXISBANK,REDUCE
2024-09-02,BAJFINANCE,REDUCE
2024-09-02,M&M,REDUCE
2024-09-02,POWERGRID,REDUCE
2024-09-02,RELIANCE,HOLD
2024-09-03,NESTLEIND,HOLD
2024-09-03,RELIANCE,REDUCE
2024-09-03,ULTRACEMCO,HOLD
2024-09-04,AXISBANK,EXIT
2024-09-04,BAJFINANCE,EXIT
2024-09-04,HINDALCO,REDUCE
2024-09-04,MARUTI,REDUCE
2024-09-04,RELIANCE,HOLD
2024-09-04,WIPRO,REDUCE
2024-09-05,HDFCBANK,HOLD
2024-09-05,HINDALCO,HOLD
2024-09-05,LT,REDUCE
2024-09-05,NESTLEIND,REDUCE
2024-09-05,RELIANCE,REDUCE
2024-09-05,TITAN,HOLD
2024-09-05,WIPRO,HOLD
2024-09-06,BAJFINANCE,REDUCE
2024-09-06,EICHERMOT,REDUCE
2024-09-06,HDFCBANK,REDUCE
2024-09-06,HINDALCO,REDUCE
2024-09-06,MAXHEALTH,HOLD
2024-09-06,SBIN,EXIT
2024-09-06,ULTRACEMCO,REDUCE
2024-09-09,COALINDIA,REDUCE
2024-09-09,GRASIM,REDUCE
2024-09-09,HDFCBANK,HOLD
2024-09-09,MAXHEALTH,REDUCE
2024-09-09,NTPC,REDUCE
2024-09-09,ONGC,REDUCE
2024-09-09,ULTRACEMCO,HOLD
2024-09-09,WIPRO,EXIT
2024-09-10,AXISBANK,REDUCE
2024-09-10,BAJFINANCE,EXIT
2024-09-10,COALINDIA,HOLD
2024-09-10,DRREDDY,REDUCE
2024-09-10,NTPC,HOLD
2024-09-10,NESTLEIND,HOLD
2024-09-10,WIPRO,HOLD
2024-09-11,ADANIPORTS,EXIT
2024-09-11,BAJFINANCE,REDUCE
2024-09-11,COALINDIA,EXIT
2024-09-11,DRREDDY,HOLD
2024-09-11,NESTLEIND,REDUCE
2024-09-11,WIPRO,EXIT
2024-09-12,ADANIPORTS,REDUCE
2024-09-12,COALINDIA,REDUCE
2024-09-12,EICHERMOT,HOLD
2024-09-12,GRASIM,HOLD
2024-09-12,HINDALCO,HOLD
2024-09-12,KOTAKBANK,HOLD
2024-09-12,MARUTI,HOLD
2024-09-12,MAXHEALTH,HOLD
2024-09-12,POWERGRID,HOLD
2024-09-12,WIPRO,HOLD
2024-09-13,AXISBANK,HOLD
2024-09-13,DRREDDY,REDUCE
2024-09-13,MARUTI,REDUCE
2024-09-13,NESTLEIND,HOLD
2024-09-13,POWERGRID,REDUCE
2024-09-16,LT,HOLD
2024-09-16,POWERGRID,HOLD
2024-09-17,ADANIPORTS,EXIT
2024-09-17,M&M,HOLD
2024-09-17,ONGC,EXIT
2024-09-17,POWERGRID,REDUCE
2024-09-18,BAJFINANCE,HOLD
2024-09-19,COALINDIA,EXIT
2024-09-20,ADANIPORTS,REDUCE
2024-09-20,COALINDIA,REDUCE
2024-09-20,GRASIM,REDUCE
2024-09-20,MARUTI,HOLD
2024-09-20,POWERGRID,HOLD
2024-09-24,TCS,REDUCE
2024-09-24,TATASTEEL,REDUCE
2024-09-25,RELIANCE,HOLD
2024-09-25,TATACONSUM,REDUCE
2024-09-26,GRASIM,HOLD
2024-09-26,TATACONSUM,HOLD
2024-09-26,TATASTEEL,HOLD
2024-09-27,COALINDIA,HOLD
2024-09-30,RELIANCE,REDUCE
2024-09-30,TATACONSUM,REDUCE
2024-09-30,TECHM,REDUCE
2024-10-01,ADANIENT,REDUCE
2024-10-01,COALINDIA,REDUCE
2024-10-01,TECHM,HOLD
2024-10-03,ADANIPORTS,EXIT
2024-10-03,AXISBANK,EXIT
2024-10-03,COALINDIA,HOLD
2024-10-03,EICHERMOT,REDUCE
2024-10-03,LT,REDUCE
2024-10-03,MAXHEALTH,REDUCE
2024-10-03,RELIANCE,EXIT
2024-10-04,COALINDIA,REDUCE
2024-10-04,ITC,REDUCE
2024-10-04,POWERGRID,REDUCE
2024-10-04,ULTRACEMCO,REDUCE
2024-10-07,COALINDIA,EXIT
2024-10-07,HDFCBANK,REDUCE
2024-10-07,ITC,HOLD
2024-10-07,INDIGO,REDUCE
2024-10-07,KOTAKBANK,REDUCE
2024-10-07,LT,EXIT
2024-10-07,TATACONSUM,EXIT
2024-10-08,COALINDIA,REDUCE
2024-10-08,HDFCBANK,HOLD
2024-10-08,INDIGO,HOLD
2024-10-08,LT,REDUCE
2024-10-08,MAXHEALTH,HOLD
2024-10-08,POWERGRID,EXIT
2024-10-08,SBILIFE,EXIT
2024-10-08,TATASTEEL,REDUCE
2024-10-08,TITAN,REDUCE
2024-10-09,ITC,REDUCE
2024-10-09,POWERGRID,REDUCE
2024-10-09,SBILIFE,REDUCE
2024-10-09,TITAN,HOLD
2024-10-10,AXISBANK,REDUCE
2024-10-10,KOTAKBANK,HOLD
2024-10-10,LT,EXIT
2024-10-10,TITAN,EXIT
2024-10-11,ADANIENT,EXIT
2024-10-11,ASIANPAINT,EXIT
2024-10-11,LT,REDUCE
2024-10-11,SBILIFE,EXIT
2024-10-11,TITAN,HOLD
2024-10-14,AXISBANK,EXIT
2024-10-14,NESTLEIND,REDUCE
2024-10-14,SBILIFE,REDUCE
2024-10-14,SBIN,REDUCE
2024-10-14,TITAN,REDUCE
2024-10-15,ASIANPAINT,REDUCE
2024-10-15,BAJFINANCE,REDUCE
2024-10-15,HDFCLIFE,REDUCE
2024-10-15,MARUTI,REDUCE
2024-10-15,SBILIFE,EXIT
2024-10-16,CIPLA,REDUCE
2024-10-16,HDFCLIFE,HOLD
2024-10-16,HINDUNILVR,REDUCE
2024-10-16,NESTLEIND,EXIT
2024-10-16,POWERGRID,EXIT
2024-10-16,TCS,EXIT
2024-10-17,BAJAJ-AUTO,REDUCE
2024-10-17,MARUTI,EXIT
2024-10-17,POWERGRID,REDUCE
2024-10-17,SHRIRAMFIN,REDUCE
2024-10-17,TCS,REDUCE
2024-10-17,TATASTEEL,EXIT
2024-10-17,TITAN,EXIT
2024-10-18,ASIANPAINT,EXIT
2024-10-18,AXISBANK,HOLD
2024-10-18,EICHERMOT,HOLD
2024-10-18,HINDUNILVR,EXIT
2024-10-18,SHRIRAMFIN,HOLD
2024-10-18,SBIN,HOLD
2024-10-18,TATASTEEL,REDUCE
2024-10-21,ASIANPAINT,REDUCE
2024-10-21,BAJAJFINSV,REDUCE
2024-10-21,KOTAKBANK,REDUCE
2024-10-21,MARUTI,REDUCE
2024-10-21,SBIN,REDUCE
2024-10-21,TCS,EXIT
2024-10-22,ASIANPAINT,EXIT
2024-10-22,AXISBANK,REDUCE
2024-10-22,CIPLA,EXIT
2024-10-22,COALINDIA,EXIT
2024-10-22,EICHERMOT,REDUCE
2024-10-22,KOTAKBANK,HOLD
2024-10-22,MARUTI,EXIT
2024-10-22,MAXHEALTH,REDUCE
2024-10-22,POWERGRID,EXIT
2024-10-22,SHRIRAMFIN,REDUCE
2024-10-22,SBIN,EXIT
2024-10-22,TATASTEEL,EXIT
2024-10-22,TITAN,REDUCE
2024-10-22,ULTRACEMCO,EXIT
2024-10-23,AXISBANK,EXIT
2024-10-23,LT,EXIT
2024-10-23,M&M,REDUCE
2024-10-23,SBILIFE,REDUCE
2024-10-23,TITAN,EXIT
2024-10-24,AXISBANK,REDUCE
2024-10-24,SBILIFE,EXIT
2024-10-24,ULTRACEMCO,REDUCE
2024-10-25,AXISBANK,HOLD
2024-10-25,HINDALCO,REDUCE
2024-10-25,INDIGO,REDUCE
2024-10-25,M&M,EXIT
2024-10-25,MAXHEALTH,HOLD
2024-10-25,TATASTEEL,REDUCE
2024-10-25,TRENT,REDUCE
2024-10-25,ULTRACEMCO,HOLD
2024-10-28,ASIANPAINT,REDUCE
2024-10-28,AXISBANK,REDUCE
2024-10-28,HINDALCO,HOLD
2024-10-28,INDIGO,EXIT
2024-10-28,TCS,REDUCE
2024-10-28,ULTRACEMCO,REDUCE
2024-10-29,ASIANPAINT,EXIT
2024-10-29,AXISBANK,HOLD
2024-10-29,EICHERMOT,HOLD
2024-10-29,M&M,REDUCE
2024-10-29,SBILIFE,REDUCE
2024-10-29,SHRIRAMFIN,HOLD
2024-10-29,SBIN,HOLD
2024-10-29,TCS,EXIT
2024-10-29,TATASTEEL,EXIT
2024-10-30,AXISBANK,REDUCE
2024-10-30,BEL,REDUCE
2024-10-30,DRREDDY,EXIT
2024-10-30,ITC,HOLD
2024-10-30,INFY,REDUCE
2024-10-30,KOTAKBANK,EXIT
2024-10-30,M&M,EXIT
2024-10-30,SBILIFE,EXIT
2024-10-30,SHRIRAMFIN,REDUCE
2024-10-30,ULTRACEMCO,HOLD
2024-10-31,BEL,EXIT
2024-10-31,CIPLA,HOLD
2024-10-31,DRREDDY,REDUCE
2024-10-31,ITC,REDUCE
2024-10-31,LT,HOLD
2024-10-31,M&M,REDUCE
2024-10-31,TATASTEEL,REDUCE
2024-11-01,BEL,REDUCE
2024-11-01,DRREDDY,EXIT
2024-11-01,KOTAKBANK,REDUCE
2024-11-01,TATASTEEL,EXIT
2024-11-04,BAJAJ-AUTO,EXIT
2024-11-04,BEL,EXIT
2024-11-04,BHARTIARTL,REDUCE
2024-11-04,GRASIM,REDUCE
2024-11-04,HINDALCO,REDUCE
2024-11-04,KOTAKBANK,EXIT
2024-11-04,M&M,HOLD
2024-11-05,BEL,REDUCE
2024-11-05,DRREDDY,REDUCE
2024-11-05,GRASIM,HOLD
2024-11-05,HINDALCO,HOLD
2024-11-05,KOTAKBANK,HOLD
2024-11-05,TATASTEEL,REDUCE
2024-11-06,ADANIENT,REDUCE
2024-11-06,BAJFINANCE,HOLD
2024-11-06,BEL,HOLD
2024-11-06,BHARTIARTL,HOLD
2024-11-06,HDFCLIFE,REDUCE
2024-11-06,TCS,REDUCE
2024-11-07,BAJFINANCE,REDUCE
2024-11-07,BHARTIARTL,REDUCE
2024-11-07,GRASIM,REDUCE
2024-11-07,HINDALCO,EXIT
2024-11-07,SHRIRAMFIN,EXIT
2024-11-07,TRENT,EXIT
2024-11-08,GRASIM,EXIT
2024-11-08,HDFCLIFE,HOLD
2024-11-11,BAJFINANCE,EXIT
2024-11-11,CIPLA,REDUCE
2024-11-11,INFY,HOLD
2024-11-11,NTPC,EXIT
2024-11-11,POWERGRID,HOLD
2024-11-11,TATASTEEL,EXIT
2024-11-12,BAJAJFINSV,EXIT
2024-11-12,DRREDDY,EXIT
2024-11-12,HDFCLIFE,REDUCE
2024-11-12,HINDALCO,REDUCE
2024-11-12,KOTAKBANK,REDUCE
2024-11-12,POWERGRID,REDUCE
2024-11-12,TATASTEEL,REDUCE
2024-11-13,BEL,REDUCE
2024-11-13,CIPLA,EXIT
2024-11-13,GRASIM,REDUCE
2024-11-13,ITC,HOLD
2024-11-13,M&M,REDUCE
2024-11-13,NTPC,REDUCE
2024-11-13,TCS,HOLD
2024-11-13,TATASTEEL,EXIT
2024-11-13,TRENT,REDUCE
2024-11-13,ULTRACEMCO,REDUCE
2024-11-14,GRASIM,EXIT
2024-11-14,ITC,EXIT
2024-11-14,TRENT,EXIT
2024-11-18,NTPC,EXIT
2024-11-18,SUNPHARMA,REDUCE
2024-11-18,TCS,EXIT
2024-11-18,TATASTEEL,REDUCE
2024-11-18,ULTRACEMCO,EXIT
2024-11-19,HDFCLIFE,EXIT
2024-11-19,M&M,HOLD
2024-11-19,SBIN,REDUCE
2024-11-19,SUNPHARMA,HOLD
2024-11-19,TATASTEEL,EXIT
2024-11-19,ULTRACEMCO,REDUCE
2024-11-21,ADANIENT,EXIT
2024-11-21,GRASIM,REDUCE
2024-11-21,POWERGRID,HOLD
2024-11-21,TATASTEEL,REDUCE
2024-11-21,ULTRACEMCO,HOLD
2024-11-22,GRASIM,HOLD
2024-11-22,HDFCLIFE,HOLD
2024-11-22,ITC,REDUCE
2024-11-22,KOTAKBANK,HOLD
2024-11-22,SBIN,HOLD
2024-11-22,TCS,HOLD
2024-11-25,BEL,HOLD
2024-11-25,MAXHEALTH,REDUCE
2024-11-26,HDFCLIFE,REDUCE
2024-11-26,MAXHEALTH,HOLD
2024-11-27,AXISBANK,EXIT
2024-11-27,GRASIM,REDUCE
2024-11-27,SUNPHARMA,EXIT
2024-11-27,TATASTEEL,EXIT
2024-11-28,HDFCLIFE,EXIT
2024-11-29,BHARTIARTL,HOLD
2024-11-29,CIPLA,REDUCE
2024-11-29,SUNPHARMA,HOLD
2024-12-02,CIPLA,EXIT
2024-12-02,GRASIM,HOLD
2024-12-02,INDIGO,REDUCE
2024-12-02,KOTAKBANK,REDUCE
2024-12-02,TATASTEEL,REDUCE
2024-12-03,CIPLA,REDUCE
2024-12-04,BHARTIARTL,EXIT
2024-12-04,CIPLA,EXIT
2024-12-04,ITC,EXIT
2024-12-04,INDIGO,EXIT
2024-12-05,BHARTIARTL,REDUCE
2024-12-06,AXISBANK,REDUCE
2024-12-06,HINDALCO,EXIT
2024-12-06,ITC,REDUCE
2024-12-06,INDIGO,REDUCE
2024-12-06,TATASTEEL,EXIT
2024-12-06,TITAN,REDUCE
2024-12-09,AXISBANK,EXIT
2024-12-09,ITC,EXIT
2024-12-09,TITAN,EXIT
2024-12-10,BAJFINANCE,REDUCE
2024-12-10,BHARTIARTL,EXIT
2024-12-10,KOTAKBANK,HOLD
2024-12-10,SHRIRAMFIN,REDUCE
2024-12-10,TITAN,REDUCE
2024-12-11,EICHERMOT,REDUCE
2024-12-11,SHRIRAMFIN,HOLD
2024-12-11,SUNPHARMA,REDUCE
2024-12-12,BHARTIARTL,REDUCE
2024-12-12,EICHERMOT,HOLD
2024-12-12,KOTAKBANK,REDUCE
2024-12-12,TITAN,EXIT
2024-12-13,BHARTIARTL,HOLD
2024-12-13,KOTAKBANK,HOLD
2024-12-13,SHRIRAMFIN,REDUCE
2024-12-13,TITAN,REDUCE
2024-12-16,TITAN,EXIT
2024-12-17,BAJFINANCE,HOLD
2024-12-17,GRASIM,REDUCE
2024-12-17,JSWSTEEL,REDUCE
2024-12-17,SHRIRAMFIN,EXIT
2024-12-18,BAJFINANCE,REDUCE
2024-12-18,BHARTIARTL,REDUCE
2024-12-18,DRREDDY,REDUCE
2024-12-18,ITC,REDUCE
2024-12-18,POWERGRID,REDUCE
2024-12-18,TRENT,REDUCE
2024-12-19,BAJFINANCE,EXIT
2024-12-19,DRREDDY,HOLD
2024-12-19,GRASIM,EXIT
2024-12-19,ITC,EXIT
2024-12-19,JSWSTEEL,EXIT
2024-12-19,TRENT,EXIT
2024-12-20,BEL,REDUCE
2024-12-20,BHARTIARTL,EXIT
2024-12-20,M&M,REDUCE
2024-12-20,SBIN,REDUCE
2024-12-20,TITAN,REDUCE
2024-12-23,BEL,HOLD
2024-12-23,ITC,HOLD
2024-12-23,INDIGO,HOLD
2024-12-23,JSWSTEEL,REDUCE
2024-12-23,KOTAKBANK,REDUCE
2024-12-23,SBIN,HOLD
2024-12-23,SUNPHARMA,HOLD
2024-12-24,BEL,REDUCE
2024-12-24,JSWSTEEL,EXIT
2024-12-24,SBIN,REDUCE
2024-12-26,BAJFINANCE,REDUCE
2024-12-26,BEL,HOLD
2024-12-26,BHARTIARTL,REDUCE
2024-12-26,M&M,HOLD
2024-12-26,TRENT,REDUCE
2024-12-27,BEL,REDUCE
2024-12-27,CIPLA,REDUCE
2024-12-27,TITAN,EXIT
2024-12-30,BHARTIARTL,EXIT
2024-12-30,CIPLA,HOLD
2024-12-30,KOTAKBANK,EXIT
2024-12-30,TRENT,EXIT
2024-12-31,KOTAKBANK,HOLD
2024-12-31,POWERGRID,EXIT
2024-12-31,TRENT,REDUCE
2025-01-02,BAJFINANCE,HOLD
2025-01-02,BEL,HOLD
2025-01-02,BHARTIARTL,HOLD
2025-01-02,MARUTI,REDUCE
2025-01-02,SHRIRAMFIN,REDUCE
2025-01-02,TITAN,REDUCE
2025-01-03,BEL,REDUCE
2025-01-03,BHARTIARTL,REDUCE
2025-01-03,CIPLA,REDUCE
2025-01-03,INDIGO,REDUCE
2025-01-03,SBIN,EXIT
2025-01-06,BAJAJFINSV,REDUCE
2025-01-06,BHARTIARTL,EXIT
2025-01-06,ITC,EXIT
2025-01-06,INDIGO,EXIT
2025-01-06,SHRIRAMFIN,EXIT
2025-01-06,SBIN,REDUCE
2025-01-06,TITAN,HOLD
2025-01-07,BAJAJFINSV,EXIT
2025-01-07,INDIGO,REDUCE
2025-01-07,ONGC,REDUCE
2025-01-07,TCS,REDUCE
2025-01-07,TECHM,REDUCE
2025-01-07,TRENT,EXIT
2025-01-08,BHARTIARTL,HOLD
2025-01-08,HDFCBANK,REDUCE
2025-01-08,ITC,REDUCE
2025-01-08,INDIGO,EXIT
2025-01-08,NESTLEIND,REDUCE
2025-01-08,SBIN,EXIT
2025-01-08,TCS,HOLD
2025-01-09,BAJAJFINSV,REDUCE
2025-01-09,HDFCBANK,EXIT
2025-01-09,ITC,EXIT
2025-01-09,LT,REDUCE
2025-01-09,POWERGRID,REDUCE
2025-01-09,TCS,REDUCE
2025-01-09,TATACONSUM,REDUCE
2025-01-10,INDIGO,REDUCE
2025-01-10,POWERGRID,EXIT
2025-01-10,SUNPHARMA,REDUCE
2025-01-10,TCS,HOLD
2025-01-10,TECHM,HOLD
2025-01-10,TITAN,REDUCE
2025-01-10,ULTRACEMCO,REDUCE
2025-01-13,BEL,EXIT
2025-01-13,HINDUNILVR,REDUCE
2025-01-13,ICICIBANK,REDUCE
2025-01-13,ITC,REDUCE
2025-01-13,KOTAKBANK,REDUCE
2025-01-13,MAXHEALTH,REDUCE
2025-01-14,HDFCBANK,REDUCE
2025-01-14,HINDUNILVR,EXIT
2025-01-14,ICICIBANK,HOLD
2025-01-14,ITC,EXIT
2025-01-14,JSWSTEEL,REDUCE
2025-01-14,KOTAKBANK,HOLD
2025-01-14,SUNPHARMA,HOLD
2025-01-14,TATACONSUM,EXIT
2025-01-14,ULTRACEMCO,EXIT
2025-01-15,APOLLOHOSP,REDUCE
2025-01-15,CIPLA,EXIT
2025-01-15,HDFCBANK,EXIT
2025-01-15,JSWSTEEL,EXIT
2025-01-15,TATACONSUM,REDUCE
2025-01-15,ULTRACEMCO,REDUCE
2025-01-16,APOLLOHOSP,HOLD
2025-01-16,BEL,REDUCE
2025-01-16,HCLTECH,REDUCE
2025-01-16,NESTLEIND,EXIT
2025-01-16,SUNPHARMA,REDUCE
2025-01-16,TATACONSUM,EXIT
2025-01-17,HCLTECH,HOLD
2025-01-17,ICICIBANK,REDUCE
2025-01-17,LT,HOLD
2025-01-17,NESTLEIND,REDUCE
2025-01-17,POWERGRID,REDUCE
2025-01-17,RELIANCE,REDUCE
2025-01-17,SUNPHARMA,HOLD
2025-01-17,ULTRACEMCO,EXIT
2025-01-20,M&M,REDUCE
2025-01-21,BEL,EXIT
2025-01-21,HDFCBANK,REDUCE
2025-01-21,HINDUNILVR,REDUCE
2025-01-21,ICICIBANK,EXIT
2025-01-21,ITC,REDUCE
2025-01-21,LT,REDUCE
2025-01-21,TATACONSUM,REDUCE
2025-01-21,ULTRACEMCO,REDUCE
2025-01-22,APOLLOHOSP,REDUCE
2025-01-22,HINDALCO,REDUCE
2025-01-22,ICICIBANK,REDUCE
2025-01-23,GRASIM,REDUCE
2025-01-23,HDFCBANK,EXIT
2025-01-23,HINDALCO,EXIT
2025-01-23,HINDUNILVR,EXIT
2025-01-23,POWERGRID,EXIT
2025-01-23,ULTRACEMCO,HOLD
2025-01-24,DRREDDY,REDUCE
2025-01-24,HINDUNILVR,REDUCE
2025-01-24,JSWSTEEL,REDUCE
2025-01-27,APOLLOHOSP,HOLD
2025-01-27,HCLTECH,EXIT
2025-01-27,HDFCBANK,REDUCE
2025-01-27,ICICIBANK,HOLD
2025-01-28,DRREDDY,EXIT
2025-01-28,SUNPHARMA,REDUCE
2025-01-29,ITC,EXIT
2025-01-29,JSWSTEEL,HOLD
2025-01-29,M&M,HOLD
2025-01-29,SHRIRAMFIN,REDUCE
2025-01-30,BEL,REDUCE
2025-01-30,CIPLA,REDUCE
2025-01-30,DRREDDY,REDUCE
2025-01-30,HDFCBANK,HOLD
2025-01-30,LT,EXIT
2025-01-30,SHRIRAMFIN,EXIT
2025-01-31,BEL,HOLD
2025-01-31,HDFCBANK,REDUCE
2025-01-31,ITC,REDUCE
2025-01-31,LT,HOLD
2025-01-31,MARUTI,HOLD
2025-01-31,TITAN,HOLD
2025-02-03,BEL,REDUCE
2025-02-03,CIPLA,EXIT
2025-02-03,GRASIM,EXIT
2025-02-03,HDFCBANK,EXIT
2025-02-03,ITC,HOLD
2025-02-03,JSWSTEEL,REDUCE
2025-02-03,LT,EXIT
2025-02-03,MAXHEALTH,HOLD
2025-02-03,SBILIFE,REDUCE
2025-02-03,SUNPHARMA,EXIT
2025-02-03,TECHM,REDUCE
2025-02-04,BAJAJFINSV,HOLD
2025-02-04,HDFCBANK,HOLD
2025-02-04,JSWSTEEL,HOLD
2025-02-04,SHRIRAMFIN,REDUCE
2025-02-04,SUNPHARMA,HOLD
2025-02-05,BAJAJFINSV,REDUCE
2025-02-05,ITC,REDUCE
2025-02-05,SUNPHARMA,REDUCE
2025-02-05,TCS,REDUCE
2025-02-06,BEL,EXIT
2025-02-06,CIPLA,REDUCE
2025-02-06,HINDUNILVR,EXIT
2025-02-06,ITC,EXIT
2025-02-06,SHRIRAMFIN,EXIT
2025-02-06,TITAN,REDUCE
2025-02-07,SUNPHARMA,HOLD
2025-02-07,TATASTEEL,REDUCE
2025-02-07,TECHM,HOLD
2025-02-10,BAJAJFINSV,HOLD
2025-02-10,GRASIM,REDUCE
2025-02-10,HCLTECH,REDUCE
2025-02-10,HDFCLIFE,REDUCE
2025-02-10,HINDUNILVR,REDUCE
2025-02-10,MAXHEALTH,REDUCE
2025-02-10,ONGC,EXIT
2025-02-10,SUNPHARMA,REDUCE
2025-02-10,TCS,HOLD
2025-02-10,TATASTEEL,EXIT
2025-02-11,APOLLOHOSP,REDUCE
2025-02-11,SBILIFE,EXIT
2025-02-11,TCS,REDUCE
2025-02-12,APOLLOHOSP,EXIT
2025-02-12,EICHERMOT,REDUCE
2025-02-12,SBILIFE,REDUCE
2025-02-13,ITC,REDUCE
2025-02-13,SUNPHARMA,HOLD
2025-02-13,TATASTEEL,REDUCE
2025-02-14,HINDALCO,REDUCE
2025-02-14,SUNPHARMA,REDUCE
2025-02-14,TATASTEEL,EXIT
2025-02-17,M&M,REDUCE
2025-02-18,SHRIRAMFIN,REDUCE
2025-02-19,APOLLOHOSP,REDUCE
2025-02-19,TCS,EXIT
2025-02-19,TATASTEEL,REDUCE
2025-02-20,APOLLOHOSP,EXIT
2025-02-20,HCLTECH,EXIT
2025-02-20,INDIGO,HOLD
2025-02-21,EICHERMOT,HOLD
2025-02-21,HCLTECH,REDUCE
2025-02-21,HINDUNILVR,EXIT
2025-02-21,M&M,EXIT
2025-02-24,AXISBANK,REDUCE
2025-02-24,HCLTECH,EXIT
2025-02-24,HDFCBANK,REDUCE
2025-02-24,INFY,REDUCE
2025-02-24,M&M,REDUCE
2025-02-24,MAXHEALTH,EXIT
2025-02-24,TECHM,REDUCE
2025-02-25,HINDUNILVR,REDUCE
2025-02-25,INDIGO,REDUCE
2025-02-27,EICHERMOT,REDUCE
2025-02-27,HDFCBANK,HOLD
2025-02-27,HINDUNILVR,EXIT
2025-02-27,ULTRACEMCO,REDUCE
2025-02-28,BHARTIARTL,REDUCE
2025-02-28,ICICIBANK,REDUCE
2025-02-28,INFY,EXIT
2025-02-28,M&M,EXIT
2025-02-28,MARUTI,REDUCE
2025-02-28,SBILIFE,EXIT
2025-02-28,TECHM,EXIT
2025-02-28,ULTRACEMCO,EXIT
2025-02-28,WIPRO,REDUCE
2025-03-03,BHARTIARTL,HOLD
2025-03-03,RELIANCE,EXIT
2025-03-03,ULTRACEMCO,REDUCE
2025-03-04,BEL,REDUCE
2025-03-04,BHARTIARTL,REDUCE
2025-03-04,DRREDDY,EXIT
2025-03-04,INDIGO,HOLD
2025-03-04,SUNPHARMA,EXIT
2025-03-05,BHARTIARTL,HOLD
2025-03-05,EICHERMOT,HOLD
2025-03-05,ICICIBANK,HOLD
2025-03-05,M&M,REDUCE
2025-03-05,TECHM,REDUCE
2025-03-06,ITC,EXIT
2025-03-06,NTPC,REDUCE
2025-03-06,RELIANCE,REDUCE
2025-03-06,TECHM,EXIT
2025-03-07,HINDALCO,HOLD
2025-03-10,HINDUNILVR,REDUCE
2025-03-11,HINDUNILVR,EXIT
2025-03-11,M&M,EXIT
2025-03-11,SBIN,REDUCE
2025-03-12,ITC,REDUCE
2025-03-12,WIPRO,EXIT
2025-03-13,HINDALCO,REDUCE
2025-03-13,ITC,EXIT
2025-03-17,COALINDIA,REDUCE
2025-03-17,SUNPHARMA,REDUCE
2025-03-18,TITAN,EXIT
2025-03-18,ULTRACEMCO,EXIT
2025-03-19,HINDALCO,HOLD
2025-03-19,MAXHEALTH,HOLD
2025-03-19,SBILIFE,REDUCE
2025-03-19,SHRIRAMFIN,HOLD
2025-03-19,ULTRACEMCO,HOLD
2025-03-20,SUNPHARMA,HOLD
2025-03-20,ULTRACEMCO,REDUCE
2025-03-21,CIPLA,HOLD
2025-03-21,ULTRACEMCO,HOLD
2025-03-24,ADANIPORTS,REDUCE
2025-03-24,BEL,HOLD
2025-03-24,LT,REDUCE
2025-03-25,ADANIPORTS,EXIT
2025-03-25,CIPLA,REDUCE
2025-03-25,GRASIM,HOLD
2025-03-25,LT,EXIT
2025-03-26,POWERGRID,REDUCE
2025-03-26,TATACONSUM,EXIT
2025-03-27,ADANIPORTS,REDUCE
2025-03-27,LT,REDUCE
2025-03-27,SUNPHARMA,EXIT
2025-03-27,TATACONSUM,REDUCE
2025-03-28,ADANIPORTS,EXIT
2025-03-28,HDFCLIFE,HOLD
2025-03-28,HINDALCO,REDUCE
2025-03-28,MARUTI,EXIT
2025-03-28,POWERGRID,EXIT
2025-03-28,SUNPHARMA,REDUCE
2025-04-01,APOLLOHOSP,REDUCE
2025-04-01,BEL,REDUCE
2025-04-01,POWERGRID,REDUCE
2025-04-01,SHRIRAMFIN,REDUCE
2025-04-01,SUNPHARMA,EXIT
2025-04-02,ADANIPORTS,REDUCE
2025-04-02,APOLLOHOSP,HOLD
2025-04-02,LT,EXIT
2025-04-02,POWERGRID,EXIT
2025-04-02,RELIANCE,EXIT
2025-04-03,APOLLOHOSP,REDUCE
2025-04-03,POWERGRID,REDUCE
2025-04-03,SHRIRAMFIN,HOLD
2025-04-03,SUNPHARMA,HOLD
2025-04-04,ADANIPORTS,EXIT
2025-04-04,APOLLOHOSP,HOLD
2025-04-04,SUNPHARMA,REDUCE
2025-04-07,APOLLOHOSP,REDUCE
2025-04-07,COALINDIA,EXIT
2025-04-07,GRASIM,REDUCE
2025-04-07,HDFCLIFE,REDUCE
2025-04-07,HINDALCO,EXIT
2025-04-07,HINDUNILVR,REDUCE
2025-04-07,ITC,REDUCE
2025-04-07,JSWSTEEL,REDUCE
2025-04-07,MARUTI,REDUCE
2025-04-07,SHRIRAMFIN,REDUCE
2025-04-07,SUNPHARMA,EXIT
2025-04-07,TATASTEEL,EXIT
2025-04-08,APOLLOHOSP,HOLD
2025-04-08,GRASIM,HOLD
2025-04-08,HDFCLIFE,HOLD
2025-04-11,COALINDIA,REDUCE
2025-04-11,HINDALCO,REDUCE
2025-04-11,HINDUNILVR,EXIT
2025-04-11,ITC,EXIT
2025-04-11,JSWSTEEL,HOLD
2025-04-11,MARUTI,EXIT
2025-04-11,SHRIRAMFIN,HOLD
2025-04-15,ADANIPORTS,REDUCE
2025-04-15,SBIN,EXIT
2025-04-15,TATASTEEL,REDUCE
2025-04-16,SBIN,REDUCE
2025-04-17,AXISBANK,HOLD
2025-04-17,CIPLA,HOLD
2025-04-17,SUNPHARMA,REDUCE
2025-04-17,TATACONSUM,HOLD
2025-04-21,BEL,HOLD
2025-04-21,CIPLA,REDUCE
2025-04-21,COALINDIA,EXIT
2025-04-21,MAXHEALTH,REDUCE
2025-04-21,RELIANCE,REDUCE
2025-04-21,SBIN,HOLD
2025-04-22,CIPLA,HOLD
2025-04-22,COALINDIA,REDUCE
2025-04-22,MAXHEALTH,HOLD
2025-04-23,M&M,REDUCE
2025-04-23,RELIANCE,EXIT
2025-04-23,SBIN,REDUCE
2025-04-24,RELIANCE,REDUCE
2025-04-24,SUNPHARMA,HOLD
2025-04-25,AXISBANK,REDUCE
2025-04-25,BEL,REDUCE
2025-04-25,M&M,EXIT
2025-04-25,MAXHEALTH,REDUCE
2025-04-28,AXISBANK,HOLD
2025-04-28,BEL,HOLD
2025-04-28,M&M,REDUCE
2025-04-28,MAXHEALTH,HOLD
2025-04-28,SBILIFE,HOLD
2025-04-28,SHRIRAMFIN,REDUCE
2025-04-28,SBIN,HOLD
2025-04-29,SBILIFE,REDUCE
2025-04-29,SBIN,REDUCE
2025-04-29,ULTRACEMCO,REDUCE
2025-04-30,AXISBANK,REDUCE
2025-04-30,HINDALCO,EXIT
2025-04-30,MARUTI,REDUCE
2025-04-30,SBILIFE,HOLD
2025-05-02,CIPLA,REDUCE
2025-05-02,COALINDIA,EXIT
2025-05-02,HINDALCO,REDUCE
2025-05-02,JSWSTEEL,REDUCE
2025-05-05,COALINDIA,REDUCE
2025-05-05,HINDALCO,EXIT
2025-05-05,ITC,REDUCE
2025-05-05,JSWSTEEL,EXIT
2025-05-05,SUNPHARMA,REDUCE
2025-05-05,TATASTEEL,EXIT
2025-05-06,CIPLA,EXIT
2025-05-06,COALINDIA,EXIT
2025-05-06,ITC,EXIT
2025-05-06,JSWSTEEL,REDUCE
2025-05-06,SBILIFE,REDUCE
2025-05-06,SUNPHARMA,HOLD
2025-05-06,TATASTEEL,REDUCE
2025-05-07,M&M,HOLD
2025-05-07,NESTLEIND,EXIT
2025-05-07,SBILIFE,HOLD
2025-05-07,SBIN,EXIT
2025-05-07,SUNPHARMA,REDUCE
2025-05-08,COALINDIA,REDUCE
2025-05-08,ITC,REDUCE
2025-05-08,JSWSTEEL,EXIT
2025-05-08,SBILIFE,REDUCE
2025-05-08,TATACONSUM,REDUCE
2025-05-09,BAJFINANCE,REDUCE
2025-05-09,COALINDIA,EXIT
2025-05-09,ITC,EXIT
2025-05-09,JSWSTEEL,REDUCE
2025-05-09,LT,REDUCE
2025-05-09,NESTLEIND,REDUCE
2025-05-09,SBIN,REDUCE
2025-05-09,TITAN,HOLD
2025-05-12,AXISBANK,HOLD
2025-05-12,BAJFINANCE,HOLD
2025-05-12,ITC,REDUCE
2025-05-12,LT,HOLD
2025-05-12,NTPC,EXIT
2025-05-12,NESTLEIND,EXIT
2025-05-12,RELIANCE,HOLD
2025-05-12,SBILIFE,HOLD
2025-05-12,SHRIRAMFIN,HOLD
2025-05-12,SUNPHARMA,EXIT
2025-05-12,TATACONSUM,HOLD
2025-05-13,CIPLA,REDUCE
2025-05-13,ITC,EXIT
2025-05-13,LT,REDUCE
2025-05-13,RELIANCE,REDUCE
2025-05-13,SHRIRAMFIN,REDUCE
2025-05-13,TATASTEEL,EXIT
2025-05-14,CIPLA,EXIT
2025-05-14,COALINDIA,REDUCE
2025-05-14,SHRIRAMFIN,HOLD
2025-05-14,TATASTEEL,REDUCE
2025-05-15,JSWSTEEL,HOLD
2025-05-15,LT,HOLD
2025-05-15,RELIANCE,HOLD
2025-05-15,TECHM,REDUCE
2025-05-16,COALINDIA,EXIT
2025-05-16,LT,REDUCE
2025-05-16,ULTRACEMCO,HOLD
2025-05-19,TECHM,EXIT
2025-05-20,APOLLOHOSP,REDUCE
2025-05-20,JSWSTEEL,REDUCE
2025-05-20,KOTAKBANK,REDUCE
2025-05-20,RELIANCE,REDUCE
2025-05-20,TATASTEEL,HOLD
2025-05-21,SBIN,EXIT
2025-05-22,APOLLOHOSP,HOLD
2025-05-22,LT,EXIT
2025-05-22,M&M,REDUCE
2025-05-22,POWERGRID,EXIT
2025-05-22,SHRIRAMFIN,REDUCE
2025-05-22,TATASTEEL,REDUCE
2025-05-23,LT,REDUCE
2025-05-23,MARUTI,HOLD
2025-05-23,POWERGRID,REDUCE
2025-05-23,SHRIRAMFIN,HOLD
2025-05-23,TATASTEEL,HOLD
2025-05-26,JSWSTEEL,HOLD
2025-05-26,LT,HOLD
2025-05-26,M&M,HOLD
2025-05-27,EICHERMOT,REDUCE
2025-05-27,GRASIM,REDUCE
2025-05-27,JSWSTEEL,REDUCE
2025-05-27,M&M,REDUCE
2025-05-27,POWERGRID,EXIT
2025-05-27,TATASTEEL,REDUCE
2025-05-27,ULTRACEMCO,REDUCE
2025-05-28,M&M,HOLD
2025-05-28,NESTLEIND,REDUCE
2025-05-29,ADANIPORTS,HOLD
2025-05-29,APOLLOHOSP,REDUCE
2025-05-29,DRREDDY,REDUCE
2025-05-29,SHRIRAMFIN,REDUCE
2025-05-29,TATASTEEL,HOLD
2025-05-30,DRREDDY,EXIT
2025-05-30,GRASIM,EXIT
2025-05-30,M&M,REDUCE
2025-05-30,RELIANCE,HOLD
2025-05-30,SHRIRAMFIN,EXIT
2025-05-30,SBIN,HOLD
2025-05-30,TATASTEEL,REDUCE
2025-06-03,APOLLOHOSP,HOLD
2025-06-03,GRASIM,REDUCE
2025-06-03,M&M,HOLD
2025-06-03,MARUTI,REDUCE
2025-06-03,NESTLEIND,HOLD
2025-06-03,SHRIRAMFIN,REDUCE
2025-06-04,APOLLOHOSP,REDUCE
2025-06-04,BAJAJFINSV,REDUCE
2025-06-04,MARUTI,HOLD
2025-06-04,SHRIRAMFIN,EXIT
2025-06-04,TECHM,REDUCE
2025-06-05,AXISBANK,REDUCE
2025-06-05,BAJFINANCE,REDUCE
2025-06-05,DRREDDY,REDUCE
2025-06-05,KOTAKBANK,EXIT
2025-06-05,M&M,REDUCE
2025-06-05,MARUTI,REDUCE
2025-06-05,NESTLEIND,REDUCE
2025-06-05,SHRIRAMFIN,REDUCE
2025-06-06,APOLLOHOSP,HOLD
2025-06-06,AXISBANK,HOLD
2025-06-06,BAJFINANCE,HOLD
2025-06-06,DRREDDY,HOLD
2025-06-06,KOTAKBANK,REDUCE
2025-06-06,LT,REDUCE
2025-06-06,M&M,HOLD
2025-06-06,MARUTI,HOLD
2025-06-06,SHRIRAMFIN,HOLD
2025-06-09,BAJAJFINSV,HOLD
2025-06-09,JSWSTEEL,HOLD
2025-06-09,KOTAKBANK,HOLD
2025-06-09,TECHM,EXIT
2025-06-10,BAJAJFINSV,REDUCE
2025-06-10,GRASIM,HOLD
2025-06-10,JSWSTEEL,REDUCE
2025-06-10,TECHM,REDUCE
2025-06-11,ADANIENT,REDUCE
2025-06-11,BAJAJFINSV,HOLD
2025-06-11,CIPLA,REDUCE
2025-06-11,JSWSTEEL,HOLD
2025-06-11,TATACONSUM,REDUCE
2025-06-11,TECHM,HOLD
2025-06-12,ADANIENT,EXIT
2025-06-12,CIPLA,EXIT
2025-06-12,JSWSTEEL,REDUCE
2025-06-13,ADANIENT,REDUCE
2025-06-13,GRASIM,REDUCE
2025-06-13,HCLTECH,REDUCE
2025-06-13,INDIGO,REDUCE
2025-06-13,KOTAKBANK,REDUCE
2025-06-16,ADANIENT,EXIT
2025-06-16,CIPLA,REDUCE
2025-06-16,GRASIM,HOLD
2025-06-16,INDIGO,HOLD
2025-06-16,JSWSTEEL,HOLD
2025-06-16,KOTAKBANK,HOLD
2025-06-17,BAJAJFINSV,REDUCE
2025-06-17,CIPLA,EXIT
2025-06-17,GRASIM,REDUCE
2025-06-17,INDIGO,REDUCE
2025-06-17,JSWSTEEL,REDUCE
2025-06-17,NESTLEIND,EXIT
2025-06-17,TATACONSUM,EXIT
2025-06-17,TITAN,REDUCE
2025-06-18,APOLLOHOSP,REDUCE
2025-06-18,GRASIM,HOLD
2025-06-18,ICICIBANK,REDUCE
2025-06-18,INFY,REDUCE
2025-06-18,TITAN,HOLD
2025-06-19,APOLLOHOSP,HOLD
2025-06-19,BAJFINANCE,REDUCE
2025-06-19,EICHERMOT,HOLD
2025-06-19,LT,HOLD
2025-06-19,ONGC,REDUCE
2025-06-19,SHRIRAMFIN,REDUCE
2025-06-19,SBIN,EXIT
2025-06-19,TATASTEEL,HOLD
2025-06-20,HINDALCO,REDUCE
2025-06-20,ICICIBANK,HOLD
2025-06-20,JSWSTEEL,HOLD
2025-06-20,ONGC,EXIT
2025-06-20,SHRIRAMFIN,HOLD
2025-06-20,SBIN,HOLD
2025-06-23,BAJFINANCE,HOLD
2025-06-23,ICICIBANK,REDUCE
2025-06-23,INDIGO,HOLD
2025-06-23,JSWSTEEL,REDUCE
2025-06-23,TATACONSUM,REDUCE
2025-06-24,JSWSTEEL,HOLD
2025-06-24,TATACONSUM,EXIT
2025-06-25,HINDALCO,EXIT
2025-06-25,NESTLEIND,REDUCE
2025-06-25,TATACONSUM,HOLD
2025-06-25,ULTRACEMCO,HOLD
2025-06-25,WIPRO,REDUCE
2025-06-26,BAJAJFINSV,HOLD
2025-06-26,CIPLA,REDUCE
2025-06-26,HINDALCO,HOLD
2025-06-26,ICICIBANK,HOLD
2025-06-26,WIPRO,EXIT
2025-06-30,AXISBANK,REDUCE
2025-06-30,MARUTI,REDUCE
2025-06-30,NESTLEIND,HOLD
2025-06-30,TATACONSUM,EXIT
2025-06-30,TRENT,REDUCE
2025-06-30,WIPRO,REDUCE
2025-07-01,ADANIENT,REDUCE
2025-07-01,AXISBANK,EXIT
2025-07-01,ICICIBANK,REDUCE
2025-07-01,MARUTI,HOLD
2025-07-01,NESTLEIND,REDUCE
2025-07-01,TRENT,EXIT
2025-07-02,BAJAJFINSV,REDUCE
2025-07-02,NESTLEIND,EXIT
2025-07-02,TRENT,REDUCE
2025-07-03,BAJFINANCE,REDUCE
2025-07-03,KOTAKBANK,REDUCE
2025-07-04,BAJFINANCE,HOLD
2025-07-04,ICICIBANK,HOLD
2025-07-04,KOTAKBANK,HOLD
2025-07-04,NESTLEIND,REDUCE
2025-07-04,TRENT,EXIT
2025-07-08,BAJAJFINSV,HOLD
2025-07-08,CIPLA,EXIT
2025-07-08,MARUTI,REDUCE
2025-07-08,TITAN,REDUCE
2025-07-09,ICICIBANK,REDUCE
2025-07-10,HCLTECH,EXIT
2025-07-10,MARUTI,HOLD
2025-07-10,TITAN,EXIT
2025-07-11,DRREDDY,REDUCE
2025-07-11,HDFCLIFE,REDUCE
2025-07-11,HINDUNILVR,REDUCE
2025-07-14,BAJAJFINSV,REDUCE
2025-07-14,LT,REDUCE
2025-07-14,MARUTI,REDUCE
2025-07-14,TECHM,REDUCE
2025-07-14,WIPRO,EXIT
2025-07-15,ADANIENT,HOLD
2025-07-15,BAJAJFINSV,HOLD
2025-07-15,HINDALCO,REDUCE
2025-07-15,INFY,EXIT
2025-07-15,LT,EXIT
2025-07-16,INFY,REDUCE
2025-07-16,LT,REDUCE
2025-07-16,MARUTI,HOLD
2025-07-16,NESTLEIND,HOLD
2025-07-16,TECHM,HOLD
2025-07-16,WIPRO,REDUCE
2025-07-17,HINDALCO,HOLD
2025-07-17,INFY,EXIT
2025-07-17,LT,EXIT
2025-07-17,MARUTI,REDUCE
2025-07-17,NESTLEIND,REDUCE
2025-07-17,TECHM,EXIT
2025-07-17,TITAN,REDUCE
2025-07-18,NESTLEIND,HOLD
2025-07-18,SBILIFE,REDUCE
2025-07-18,TITAN,EXIT
2025-07-21,ICICIBANK,HOLD
2025-07-21,RELIANCE,EXIT
2025-07-21,SBILIFE,HOLD
2025-07-21,SHRIRAMFIN,REDUCE
2025-07-21,TITAN,REDUCE
2025-07-21,WIPRO,EXIT
2025-07-22,ADANIPORTS,REDUCE
2025-07-22,DRREDDY,EXIT
2025-07-22,EICHERMOT,REDUCE
2025-07-22,NESTLEIND,REDUCE
2025-07-22,SHRIRAMFIN,EXIT
2025-07-23,GRASIM,REDUCE
2025-07-23,MARUTI,HOLD
2025-07-23,RELIANCE,REDUCE
2025-07-23,SHRIRAMFIN,REDUCE
2025-07-24,ADANIPORTS,EXIT
2025-07-24,CIPLA,REDUCE
2025-07-24,DRREDDY,HOLD
2025-07-24,GRASIM,HOLD
2025-07-24,NESTLEIND,EXIT
2025-07-24,SBILIFE,REDUCE
2025-07-24,SHRIRAMFIN,EXIT
2025-07-25,ADANIENT,EXIT
2025-07-25,BAJFINANCE,REDUCE
2025-07-25,BAJAJFINSV,REDUCE
2025-07-25,CIPLA,HOLD
2025-07-25,GRASIM,REDUCE
2025-07-25,HDFCLIFE,HOLD
2025-07-25,MARUTI,REDUCE
2025-07-25,SBILIFE,HOLD
2025-07-25,WIPRO,REDUCE
2025-07-28,GRASIM,HOLD
2025-07-28,HINDUNILVR,HOLD
2025-07-28,KOTAKBANK,EXIT
2025-07-28,TITAN,EXIT
2025-07-29,ADANIENT,REDUCE
2025-07-29,BEL,REDUCE
2025-07-29,HDFCLIFE,REDUCE
2025-07-29,SBIN,REDUCE
2025-07-30,BEL,EXIT
2025-07-30,LT,HOLD
2025-07-30,MARUTI,HOLD
2025-07-30,SBIN,HOLD
2025-07-31,ADANIENT,EXIT
2025-07-31,EICHERMOT,HOLD
2025-07-31,TATASTEEL,REDUCE
2025-08-01,DRREDDY,REDUCE
2025-08-04,BEL,HOLD
2025-08-04,DRREDDY,EXIT
2025-08-04,TATASTEEL,HOLD
2025-08-05,BEL,REDUCE
2025-08-06,BEL,HOLD
2025-08-06,CIPLA,REDUCE
2025-08-06,WIPRO,EXIT
2025-08-07,BEL,REDUCE
2025-08-07,ICICIBANK,REDUCE
2025-08-08,ICICIBANK,HOLD
2025-08-08,ITC,REDUCE
2025-08-08,NTPC,REDUCE
2025-08-08,RELIANCE,EXIT
2025-08-08,TITAN,REDUCE
2025-08-11,BEL,EXIT
2025-08-11,CIPLA,HOLD
2025-08-11,HDFCLIFE,HOLD
2025-08-11,ICICIBANK,REDUCE
2025-08-11,WIPRO,REDUCE
2025-08-12,BAJFINANCE,EXIT
2025-08-12,COALINDIA,REDUCE
2025-08-12,HINDALCO,REDUCE
2025-08-12,ICICIBANK,HOLD
2025-08-12,TECHM,REDUCE
2025-08-12,TITAN,HOLD
2025-08-13,ASIANPAINT,REDUCE
2025-08-13,BEL,REDUCE
2025-08-13,COALINDIA,EXIT
2025-08-13,DRREDDY,REDUCE
2025-08-13,HINDALCO,HOLD
2025-08-13,ITC,EXIT
2025-08-13,POWERGRID,REDUCE
2025-08-13,TECHM,EXIT
2025-08-13,TITAN,REDUCE
2025-08-14,ASIANPAINT,HOLD
2025-08-14,BAJAJFINSV,HOLD
2025-08-14,BEL,EXIT
2025-08-14,DRREDDY,EXIT
2025-08-14,ICICIBANK,REDUCE
2025-08-14,POWERGRID,EXIT
2025-08-14,TITAN,HOLD
2025-08-18,BAJFINANCE,REDUCE
2025-08-18,ICICIBANK,HOLD
2025-08-19,ADANIPORTS,REDUCE
2025-08-19,BAJAJFINSV,REDUCE
2025-08-19,RELIANCE,REDUCE
2025-08-19,TATACONSUM,REDUCE
2025-08-20,NESTLEIND,REDUCE
2025-08-20,TATACONSUM,HOLD
2025-08-21,DRREDDY,HOLD
2025-08-21,TATACONSUM,REDUCE
2025-08-21,WIPRO,EXIT
2025-08-22,ADANIPORTS,EXIT
2025-08-22,ASIANPAINT,REDUCE
2025-08-22,NESTLEIND,EXIT
2025-08-22,TATACONSUM,HOLD
2025-08-25,MAXHEALTH,REDUCE
2025-08-25,TATACONSUM,EXIT
2025-08-26,BAJAJ-AUTO,REDUCE
2025-08-26,DRREDDY,EXIT
2025-08-26,LT,REDUCE
2025-08-26,TATACONSUM,REDUCE
2025-08-28,COALINDIA,REDUCE
2025-08-28,DRREDDY,REDUCE
2025-08-28,LT,HOLD
2025-08-28,MAXHEALTH,EXIT
2025-08-28,NESTLEIND,REDUCE
2025-08-29,ASIANPAINT,HOLD
2025-08-29,ITC,REDUCE
2025-08-29,JIOFIN,REDUCE
2025-08-29,NTPC,EXIT
2025-08-29,RELIANCE,EXIT
2025-09-01,ADANIPORTS,REDUCE
2025-09-01,DRREDDY,HOLD
2025-09-01,HDFCBANK,REDUCE
2025-09-01,ITC,EXIT
2025-09-01,MAXHEALTH,HOLD
2025-09-01,NTPC,REDUCE
2025-09-01,NESTLEIND,HOLD
2025-09-01,TATACONSUM,EXIT
2025-09-02,BHARTIARTL,REDUCE
2025-09-02,DRREDDY,EXIT
2025-09-02,ICICIBANK,REDUCE
2025-09-02,LT,REDUCE
2025-09-02,MAXHEALTH,EXIT
2025-09-02,TATACONSUM,HOLD
2025-09-03,ADANIPORTS,EXIT
2025-09-03,DRREDDY,REDUCE
2025-09-03,ITC,REDUCE
2025-09-03,LT,HOLD
2025-09-04,BAJFINANCE,HOLD
2025-09-04,BAJAJFINSV,HOLD
2025-09-04,DRREDDY,EXIT
2025-09-04,HDFCBANK,HOLD
2025-09-04,HDFCLIFE,REDUCE
2025-09-04,ICICIBANK,HOLD
2025-09-04,POWERGRID,REDUCE
2025-09-04,SBILIFE,REDUCE
2025-09-04,TATACONSUM,EXIT
2025-09-05,DRREDDY,HOLD
2025-09-05,ITC,EXIT
2025-09-05,MAXHEALTH,REDUCE
2025-09-08,ADANIPORTS,REDUCE
2025-09-08,BAJAJ-AUTO,HOLD
2025-09-08,DRREDDY,REDUCE
2025-09-08,HDFCBANK,REDUCE
2025-09-08,LT,REDUCE
2025-09-08,MAXHEALTH,EXIT
2025-09-08,POWERGRID,EXIT
2025-09-09,DRREDDY,HOLD
2025-09-09,ICICIBANK,REDUCE
2025-09-09,ITC,REDUCE
2025-09-09,INDIGO,REDUCE
2025-09-09,JIOFIN,EXIT
2025-09-09,NTPC,EXIT
2025-09-09,SBILIFE,HOLD
2025-09-09,TATACONSUM,REDUCE
2025-09-10,ADANIPORTS,HOLD
2025-09-10,BAJAJ-AUTO,REDUCE
2025-09-10,HDFCLIFE,HOLD
2025-09-10,ICICIBANK,HOLD
2025-09-10,MAXHEALTH,REDUCE
2025-09-10,NTPC,REDUCE
2025-09-10,TATACONSUM,HOLD
2025-09-10,WIPRO,REDUCE
2025-09-11,RELIANCE,REDUCE
2025-09-11,SBILIFE,REDUCE
2025-09-12,BEL,HOLD
2025-09-12,COALINDIA,HOLD
2025-09-12,LT,HOLD
2025-09-12,SBILIFE,HOLD
2025-09-12,SHRIRAMFIN,REDUCE
2025-09-12,WIPRO,EXIT
2025-09-15,ASIANPAINT,REDUCE
2025-09-15,INDIGO,HOLD
2025-09-15,SHRIRAMFIN,EXIT
2025-09-16,BHARTIARTL,HOLD
2025-09-16,MAXHEALTH,EXIT
2025-09-17,ITC,EXIT
2025-09-17,KOTAKBANK,HOLD
2025-09-17,NESTLEIND,REDUCE
2025-09-17,RELIANCE,HOLD
2025-09-18,ASIANPAINT,EXIT
2025-09-18,ICICIBANK,REDUCE
2025-09-18,INDIGO,REDUCE
2025-09-18,MAXHEALTH,REDUCE
2025-09-18,NTPC,EXIT
2025-09-18,NESTLEIND,HOLD
2025-09-18,SHRIRAMFIN,REDUCE
2025-09-19,ADANIENT,REDUCE
2025-09-19,KOTAKBANK,REDUCE
2025-09-19,MAXHEALTH,EXIT
2025-09-19,NESTLEIND,REDUCE
2025-09-22,ADANIENT,HOLD
2025-09-22,ASIANPAINT,HOLD
2025-09-22,KOTAKBANK,EXIT
2025-09-22,MAXHEALTH,REDUCE
2025-09-22,NTPC,HOLD
2025-09-22,RELIANCE,REDUCE
2025-09-23,ASIANPAINT,EXIT
2025-09-23,AXISBANK,REDUCE
2025-09-23,HINDUNILVR,EXIT
2025-09-23,KOTAKBANK,HOLD
2025-09-23,MAXHEALTH,EXIT
2025-09-23,NESTLEIND,EXIT
2025-09-23,SBILIFE,REDUCE
2025-09-23,ULTRACEMCO,REDUCE
2025-09-24,HINDUNILVR,REDUCE
2025-09-24,KOTAKBANK,REDUCE
2025-09-24,NESTLEIND,REDUCE
2025-09-24,TITAN,REDUCE
2025-09-25,AXISBANK,HOLD
2025-09-25,KOTAKBANK,EXIT
2025-09-25,ONGC,REDUCE
2025-09-25,RELIANCE,EXIT
2025-09-25,SBILIFE,HOLD
2025-09-25,SHRIRAMFIN,EXIT
2025-09-26,NESTLEIND,EXIT
2025-09-26,ULTRACEMCO,HOLD
2025-09-29,ADANIENT,REDUCE
2025-09-29,AXISBANK,REDUCE
2025-09-29,CIPLA,REDUCE
2025-09-29,DRREDDY,REDUCE
2025-09-29,INDIGO,HOLD
2025-09-29,ULTRACEMCO,REDUCE
2025-09-30,ADANIENT,EXIT
2025-09-30,CIPLA,HOLD
2025-09-30,DRREDDY,EXIT
2025-09-30,INDIGO,REDUCE
2025-09-30,ULTRACEMCO,HOLD
2025-10-01,ADANIENT,REDUCE
2025-10-01,AXISBANK,HOLD
2025-10-01,BAJAJ-AUTO,EXIT
2025-10-01,BHARTIARTL,REDUCE
2025-10-01,DRREDDY,HOLD
2025-10-01,KOTAKBANK,REDUCE
2025-10-01,NESTLEIND,REDUCE
2025-10-01,SHRIRAMFIN,HOLD
2025-10-01,ULTRACEMCO,REDUCE
2025-10-03,BAJAJ-AUTO,REDUCE
2025-10-03,BHARTIARTL,HOLD
2025-10-03,SBILIFE,REDUCE
2025-10-03,TITAN,HOLD
2025-10-06,ADANIENT,EXIT
2025-10-06,BHARTIARTL,REDUCE
2025-10-06,COALINDIA,REDUCE
2025-10-06,TITAN,EXIT
2025-10-07,BHARTIARTL,HOLD
2025-10-07,COALINDIA,HOLD
2025-10-07,DRREDDY,REDUCE
2025-10-07,HDFCBANK,HOLD
2025-10-07,NESTLEIND,HOLD
2025-10-07,RELIANCE,REDUCE
2025-10-07,ULTRACEMCO,HOLD
2025-10-08,CIPLA,EXIT
2025-10-08,COALINDIA,REDUCE
2025-10-08,DRREDDY,EXIT
2025-10-08,HDFCLIFE,REDUCE
2025-10-08,RELIANCE,EXIT
2025-10-08,TITAN,HOLD
2025-10-08,ULTRACEMCO,REDUCE
2025-10-09,BAJAJ-AUTO,HOLD
2025-10-09,CIPLA,REDUCE
2025-10-09,COALINDIA,HOLD
2025-10-09,DRREDDY,REDUCE
2025-10-09,KOTAKBANK,HOLD
2025-10-10,CIPLA,HOLD
2025-10-10,DRREDDY,HOLD
2025-10-10,HCLTECH,REDUCE
2025-10-10,HINDUNILVR,HOLD
2025-10-13,COALINDIA,REDUCE
2025-10-13,HINDUNILVR,REDUCE
2025-10-13,INDIGO,HOLD
2025-10-14,ADANIENT,REDUCE
2025-10-14,DRREDDY,EXIT
2025-10-14,INDIGO,REDUCE
2025-10-15,COALINDIA,HOLD
2025-10-15,HCLTECH,EXIT
2025-10-15,INDIGO,HOLD
2025-10-15,SBILIFE,HOLD
2025-10-16,ICICIBANK,HOLD
2025-10-16,MAXHEALTH,REDUCE
2025-10-16,RELIANCE,HOLD
2025-10-16,WIPRO,REDUCE
2025-10-17,ADANIENT,HOLD
2025-10-17,ASIANPAINT,REDUCE
2025-10-17,DRREDDY,REDUCE
2025-10-17,HINDUNILVR,HOLD
2025-10-17,MAXHEALTH,HOLD
2025-10-17,NTPC,REDUCE
2025-10-17,WIPRO,EXIT
2025-10-20,DRREDDY,HOLD
2025-10-20,ICICIBANK,REDUCE
2025-10-20,ONGC,HOLD
2025-10-20,SUNPHARMA,REDUCE
2025-10-21,COALINDIA,REDUCE
2025-10-21,NTPC,HOLD
2025-10-23,ETERNAL,REDUCE
2025-10-23,ITC,REDUCE
2025-10-23,INFY,REDUCE
2025-10-23,NTPC,REDUCE
2025-10-24,HINDUNILVR,REDUCE
2025-10-24,INDIGO,REDUCE
2025-10-27,ETERNAL,HOLD
2025-10-27,INDIGO,HOLD
2025-10-27,SUNPHARMA,EXIT
2025-10-29,COALINDIA,EXIT
2025-10-29,DRREDDY,REDUCE
2025-10-29,ETERNAL,EXIT
2025-10-29,SUNPHARMA,REDUCE
2025-10-30,BAJAJ-AUTO,EXIT
2025-10-30,CIPLA,REDUCE
2025-10-30,COALINDIA,REDUCE
2025-10-30,DRREDDY,EXIT
2025-10-30,ETERNAL,REDUCE
2025-10-30,HCLTECH,REDUCE
2025-10-30,INDIGO,REDUCE
2025-10-30,SUNPHARMA,HOLD
2025-10-31,APOLLOHOSP,REDUCE
2025-10-31,ETERNAL,EXIT
2025-10-31,HDFCLIFE,EXIT
2025-10-31,MAXHEALTH,EXIT
2025-10-31,SUNPHARMA,REDUCE
2025-11-03,APOLLOHOSP,HOLD
2025-11-03,COALINDIA,HOLD
2025-11-03,HDFCLIFE,REDUCE
2025-11-03,INFY,EXIT
2025-11-03,NTPC,EXIT
2025-11-03,SUNPHARMA,HOLD
2025-11-04,ADANIENT,EXIT
2025-11-04,ITC,EXIT
2025-11-04,SUNPHARMA,REDUCE
2025-11-06,ASIANPAINT,HOLD
2025-11-06,GRASIM,REDUCE
2025-11-06,ICICIBANK,EXIT
2025-11-06,ITC,REDUCE
2025-11-06,SUNPHARMA,HOLD
2025-11-07,ADANIENT,REDUCE
2025-11-07,APOLLOHOSP,REDUCE
2025-11-07,COALINDIA,REDUCE
2025-11-07,HCLTECH,EXIT
2025-11-07,ICICIBANK,REDUCE
2025-11-07,ITC,EXIT
2025-11-10,ADANIENT,EXIT
2025-11-10,COALINDIA,HOLD
2025-11-10,HCLTECH,REDUCE
2025-11-11,BAJAJ-AUTO,REDUCE
2025-11-11,BAJAJFINSV,REDUCE
2025-11-11,HDFCLIFE,HOLD
2025-11-11,INDIGO,HOLD
2025-11-12,ADANIENT,REDUCE
2025-11-12,BAJAJFINSV,HOLD
2025-11-12,INFY,REDUCE
2025-11-12,JIOFIN,REDUCE
2025-11-13,ICICIBANK,HOLD
2025-11-13,INFY,EXIT
2025-11-14,DRREDDY,REDUCE
2025-11-14,ICICIBANK,REDUCE
2025-11-14,JIOFIN,HOLD
2025-11-17,TATASTEEL,REDUCE
2025-11-18,BAJAJFINSV,REDUCE
2025-11-18,HINDUNILVR,EXIT
2025-11-18,JIOFIN,EXIT
2025-11-19,COALINDIA,REDUCE
2025-11-19,HINDUNILVR,REDUCE
2025-11-19,ICICIBANK,HOLD
2025-11-19,INFY,REDUCE
2025-11-19,MAXHEALTH,REDUCE
2025-11-20,BAJAJ-AUTO,HOLD
2025-11-20,BAJAJFINSV,HOLD
2025-11-20,JIOFIN,REDUCE
2025-11-20,MARUTI,REDUCE
2025-11-20,MAXHEALTH,EXIT
2025-11-21,BAJAJ-AUTO,REDUCE
2025-11-21,BAJAJFINSV,REDUCE
2025-11-21,ICICIBANK,REDUCE
2025-11-21,JSWSTEEL,REDUCE
2025-11-21,JIOFIN,EXIT
2025-11-21,MARUTI,HOLD
2025-11-21,MAXHEALTH,REDUCE
2025-11-24,ADANIENT,EXIT
2025-11-24,BAJAJ-AUTO,HOLD
2025-11-24,DRREDDY,EXIT
2025-11-24,HINDALCO,REDUCE
2025-11-24,INFY,EXIT
2025-11-24,MAXHEALTH,EXIT
2025-11-24,TATASTEEL,EXIT
2025-11-24,ULTRACEMCO,EXIT
2025-11-25,BAJFINANCE,REDUCE
2025-11-25,HINDALCO,HOLD
2025-11-25,INFY,REDUCE
2025-11-26,BAJAJFINSV,HOLD
2025-11-26,DRREDDY,REDUCE
2025-11-26,JSWSTEEL,HOLD
2025-11-26,JIOFIN,REDUCE
2025-11-26,TATASTEEL,REDUCE
2025-11-26,ULTRACEMCO,REDUCE
2025-11-27,BAJFINANCE,HOLD
2025-11-27,JIOFIN,EXIT
2025-11-27,NTPC,REDUCE
2025-11-28,BEL,REDUCE
2025-11-28,DRREDDY,HOLD
2025-11-28,MARUTI,REDUCE
2025-11-28,NTPC,EXIT
2025-12-01,BAJFINANCE,REDUCE
2025-12-01,BEL,HOLD
2025-12-01,COALINDIA,HOLD
2025-12-01,MARUTI,HOLD
2025-12-01,NTPC,REDUCE
2025-12-02,BAJFINANCE,HOLD
2025-12-02,BAJAJFINSV,REDUCE
2025-12-02,HINDUNILVR,HOLD
2025-12-02,INDIGO,REDUCE
2025-12-03,APOLLOHOSP,EXIT
2025-12-03,BEL,REDUCE
2025-12-03,COALINDIA,REDUCE
2025-12-03,HDFCLIFE,REDUCE
2025-12-03,HINDUNILVR,REDUCE
2025-12-03,NTPC,EXIT
2025-12-04,COALINDIA,HOLD
2025-12-04,HDFCLIFE,HOLD
2025-12-04,INDIGO,EXIT
2025-12-04,MARUTI,REDUCE
2025-12-04,TECHM,REDUCE
2025-12-04,WIPRO,REDUCE
2025-12-05,BAJAJFINSV,HOLD
2025-12-05,HINDUNILVR,EXIT
2025-12-05,MARUTI,HOLD
2025-12-08,BAJFINANCE,REDUCE
2025-12-08,BAJAJFINSV,REDUCE
2025-12-08,BEL,EXIT
2025-12-08,COALINDIA,REDUCE
2025-12-08,JSWSTEEL,REDUCE
2025-12-08,TATACONSUM,REDUCE
2025-12-08,TATASTEEL,EXIT
2025-12-08,TECHM,HOLD
2025-12-08,ULTRACEMCO,EXIT
2025-12-09,BAJAJFINSV,HOLD
2025-12-09,BEL,REDUCE
2025-12-09,CIPLA,EXIT
2025-12-09,COALINDIA,HOLD
2025-12-09,HCLTECH,HOLD
2025-12-09,MARUTI,REDUCE
2025-12-09,TECHM,REDUCE
2025-12-10,BEL,EXIT
2025-12-10,MARUTI,HOLD
2025-12-10,ONGC,REDUCE
2025-12-11,BAJAJFINSV,REDUCE
2025-12-11,CIPLA,REDUCE
2025-12-11,GRASIM,HOLD
2025-12-12,BAJAJFINSV,HOLD
2025-12-12,BEL,REDUCE
2025-12-12,NTPC,REDUCE
2025-12-12,TATASTEEL,REDUCE
2025-12-12,TECHM,HOLD
2025-12-12,ULTRACEMCO,REDUCE
2025-12-15,BAJAJFINSV,REDUCE
2025-12-15,INFY,HOLD
2025-12-15,NTPC,EXIT
2025-12-16,BEL,EXIT
2025-12-16,JSWSTEEL,EXIT
2025-12-16,ONGC,EXIT
2025-12-16,TATACONSUM,HOLD
2025-12-16,ULTRACEMCO,EXIT
2025-12-17,AXISBANK,REDUCE
2025-12-17,BAJAJ-AUTO,REDUCE
2025-12-17,CIPLA,EXIT
2025-12-17,HDFCBANK,REDUCE
2025-12-17,HDFCLIFE,REDUCE
2025-12-17,ONGC,REDUCE
2025-12-18,AXISBANK,HOLD
2025-12-18,CIPLA,REDUCE
2025-12-18,ONGC,EXIT
2025-12-18,TCS,REDUCE
2025-12-19,BAJAJ-AUTO,HOLD
2025-12-19,BEL,REDUCE
2025-12-19,HDFCLIFE,HOLD
2025-12-19,ONGC,REDUCE
2025-12-22,JSWSTEEL,REDUCE
2025-12-23,HDFCBANK,HOLD
2025-12-23,ULTRACEMCO,REDUCE
2025-12-24,CIPLA,EXIT
2025-12-24,HDFCLIFE,REDUCE
2025-12-26,CIPLA,REDUCE
2025-12-26,HDFCBANK,REDUCE
2025-12-26,WIPRO,HOLD
2025-12-29,ADANIPORTS,REDUCE
2025-12-29,CIPLA,EXIT
2025-12-29,HDFCBANK,HOLD
2025-12-29,NTPC,REDUCE
2025-12-30,HDFCBANK,REDUCE
2025-12-30,TATASTEEL,HOLD
2025-12-31,CIPLA,REDUCE
2025-12-31,JSWSTEEL,HOLD
2026-01-02,ADANIPORTS,HOLD
2026-01-02,HDFCBANK,HOLD
2026-01-02,HDFCLIFE,HOLD
2026-01-02,JIOFIN,REDUCE
2026-01-02,NTPC,HOLD
2026-01-05,BAJFINANCE,EXIT
2026-01-05,BEL,HOLD
2026-01-05,DRREDDY,REDUCE
2026-01-05,HCLTECH,REDUCE
2026-01-05,HDFCBANK,REDUCE
2026-01-06,APOLLOHOSP,HOLD
2026-01-06,CIPLA,HOLD
2026-01-06,DRREDDY,HOLD
2026-01-06,HCLTECH,HOLD
2026-01-06,HINDUNILVR,REDUCE
2026-01-06,ICICIBANK,HOLD
2026-01-06,JIOFIN,EXIT
2026-01-07,CIPLA,EXIT
2026-01-07,DRREDDY,REDUCE
2026-01-07,HINDUNILVR,EXIT
2026-01-07,JIOFIN,HOLD
2026-01-07,ULTRACEMCO,HOLD
2026-01-08,DRREDDY,EXIT
2026-01-08,GRASIM,REDUCE
2026-01-08,JIOFIN,EXIT
2026-01-08,ONGC,EXIT
2026-01-08,RELIANCE,REDUCE
2026-01-09,APOLLOHOSP,REDUCE
2026-01-09,BHARTIARTL,REDUCE
2026-01-09,KOTAKBANK,REDUCE
2026-01-09,ONGC,REDUCE
2026-01-09,RELIANCE,HOLD
2026-01-12,GRASIM,HOLD
2026-01-12,HINDUNILVR,REDUCE
2026-01-12,KOTAKBANK,HOLD
2026-01-12,NTPC,REDUCE
2026-01-13,ADANIPORTS,REDUCE
2026-01-13,DRREDDY,REDUCE
2026-01-13,GRASIM,REDUCE
2026-01-13,HINDUNILVR,EXIT
2026-01-13,LT,REDUCE
2026-01-13,NTPC,HOLD
2026-01-13,ONGC,HOLD
2026-01-13,RELIANCE,REDUCE
2026-01-14,ETERNAL,REDUCE
2026-01-14,GRASIM,HOLD
2026-01-16,DRREDDY,EXIT
2026-01-16,ETERNAL,EXIT
2026-01-16,HDFCLIFE,REDUCE
2026-01-16,SUNPHARMA,REDUCE
2026-01-19,APOLLOHOSP,EXIT
2026-01-19,HDFCLIFE,HOLD
2026-01-19,HINDUNILVR,HOLD
2026-01-19,RELIANCE,EXIT
2026-01-19,SUNPHARMA,HOLD
2026-01-19,WIPRO,REDUCE
2026-01-20,ADANIPORTS,EXIT
2026-01-20,BAJAJFINSV,EXIT
2026-01-20,HDFCLIFE,REDUCE
2026-01-20,HINDUNILVR,REDUCE
2026-01-20,LT,HOLD
2026-01-20,SUNPHARMA,EXIT
2026-01-21,ADANIPORTS,REDUCE
2026-01-21,ASIANPAINT,REDUCE
2026-01-21,BAJAJFINSV,REDUCE
2026-01-21,BHARTIARTL,HOLD
2026-01-21,HDFCLIFE,EXIT
2026-01-21,LT,REDUCE
2026-01-21,M&M,REDUCE
2026-01-22,ADANIPORTS,HOLD
2026-01-22,ASIANPAINT,HOLD
2026-01-22,DRREDDY,REDUCE
2026-01-22,M&M,HOLD
2026-01-23,ADANIPORTS,EXIT
2026-01-23,DRREDDY,HOLD
2026-01-23,HINDUNILVR,HOLD
2026-01-23,LT,EXIT
2026-01-23,M&M,REDUCE
2026-01-23,MARUTI,REDUCE
2026-01-23,TCS,HOLD
2026-01-27,ASIANPAINT,EXIT
2026-01-27,BAJAJFINSV,EXIT
2026-01-27,BHARTIARTL,REDUCE
2026-01-27,HINDUNILVR,REDUCE
2026-01-27,LT,HOLD
2026-01-27,M&M,EXIT
2026-01-28,ADANIPORTS,REDUCE
2026-01-28,LT,REDUCE
2026-01-28,M&M,REDUCE
2026-01-28,MARUTI,EXIT
2026-01-29,DRREDDY,EXIT
2026-01-29,HINDUNILVR,EXIT
2026-01-29,LT,HOLD
2026-01-29,M&M,EXIT
2026-01-29,TCS,REDUCE
2026-01-29,TATACONSUM,REDUCE
2026-01-30,DRREDDY,REDUCE
2026-01-30,HINDUNILVR,REDUCE
2026-01-30,M&M,REDUCE
2026-02-02,DRREDDY,EXIT
2026-02-02,POWERGRID,REDUCE
2026-02-02,TCS,HOLD
2026-02-02,TATACONSUM,HOLD
2026-02-03,ADANIPORTS,HOLD
2026-02-03,BAJAJFINSV,HOLD
2026-02-03,DRREDDY,HOLD
2026-02-03,HINDUNILVR,EXIT
2026-02-03,POWERGRID,HOLD
2026-02-03,RELIANCE,REDUCE
2026-02-03,SUNPHARMA,REDUCE
2026-02-04,BAJAJFINSV,REDUCE
2026-02-04,INFY,REDUCE
2026-02-04,TCS,EXIT
2026-02-04,WIPRO,EXIT
2026-02-05,INFY,EXIT
2026-02-05,KOTAKBANK,REDUCE
2026-02-05,TATACONSUM,REDUCE
2026-02-06,BAJAJFINSV,HOLD
2026-02-06,EICHERMOT,REDUCE
2026-02-06,HINDUNILVR,HOLD
2026-02-06,KOTAKBANK,HOLD
2026-02-09,APOLLOHOSP,REDUCE
2026-02-09,SBILIFE,REDUCE
2026-02-10,EICHERMOT,HOLD
2026-02-10,HCLTECH,REDUCE
2026-02-10,M&M,HOLD
2026-02-10,SBILIFE,HOLD
2026-02-11,APOLLOHOSP,HOLD
2026-02-11,BAJAJFINSV,REDUCE
2026-02-11,ETERNAL,REDUCE
2026-02-11,HCLTECH,EXIT
2026-02-12,BAJFINANCE,HOLD
2026-02-12,HINDUNILVR,REDUCE
2026-02-12,M&M,REDUCE
2026-02-12,SUNPHARMA,HOLD
2026-02-12,TECHM,REDUCE
2026-02-13,COALINDIA,REDUCE
2026-02-13,ETERNAL,EXIT
2026-02-13,HDFCBANK,EXIT
2026-02-13,HINDUNILVR,EXIT
2026-02-13,RELIANCE,EXIT
2026-02-13,SUNPHARMA,REDUCE
2026-02-16,BAJAJFINSV,HOLD
2026-02-16,COALINDIA,HOLD
2026-02-16,HDFCBANK,REDUCE
2026-02-16,RELIANCE,REDUCE
2026-02-16,TECHM,EXIT
2026-02-17,ADANIENT,REDUCE
2026-02-17,HINDALCO,REDUCE
2026-02-17,KOTAKBANK,REDUCE
2026-02-17,RELIANCE,EXIT
2026-02-17,SUNPHARMA,HOLD
2026-02-17,TATACONSUM,HOLD
2026-02-18,KOTAKBANK,HOLD
2026-02-18,MAXHEALTH,REDUCE
2026-02-18,RELIANCE,REDUCE
2026-02-19,ADANIENT,EXIT
2026-02-19,BAJAJFINSV,REDUCE
2026-02-19,HDFCLIFE,REDUCE
2026-02-19,KOTAKBANK,REDUCE
2026-02-19,RELIANCE,EXIT
2026-02-20,BAJAJFINSV,HOLD
2026-02-20,HDFCLIFE,EXIT
2026-02-20,HINDALCO,HOLD
2026-02-20,HINDUNILVR,REDUCE
2026-02-20,M&M,EXIT
2026-02-23,BAJAJFINSV,REDUCE
2026-02-23,HDFCLIFE,REDUCE
2026-02-23,KOTAKBANK,HOLD
2026-02-23,M&M,REDUCE
2026-02-24,BHARTIARTL,EXIT
2026-02-24,HDFCBANK,EXIT
2026-02-24,INDIGO,REDUCE
2026-02-25,KOTAKBANK,REDUCE
2026-02-27,HDFCLIFE,EXIT
2026-02-27,INDIGO,EXIT
2026-02-27,M&M,EXIT
2026-03-02,BAJFINANCE,REDUCE
2026-03-02,BAJAJFINSV,EXIT
2026-03-02,TATACONSUM,REDUCE
2026-03-04,BAJFINANCE,EXIT
2026-03-04,KOTAKBANK,EXIT
2026-03-04,LT,REDUCE
2026-03-05,LT,HOLD
2026-03-05,SBILIFE,REDUCE
2026-03-06,ICICIBANK,REDUCE
2026-03-06,LT,REDUCE
2026-03-06,SBILIFE,HOLD
2026-03-09,BAJFINANCE,REDUCE
2026-03-09,EICHERMOT,REDUCE
2026-03-09,SHRIRAMFIN,REDUCE
2026-03-09,TATACONSUM,HOLD
2026-03-09,TATASTEEL,REDUCE
2026-03-09,ULTRACEMCO,REDUCE
2026-03-10,BAJFINANCE,EXIT
2026-03-10,EICHERMOT,HOLD
2026-03-10,SHRIRAMFIN,HOLD
2026-03-10,TATACONSUM,REDUCE
2026-03-10,TATASTEEL,HOLD
2026-03-11,ADANIPORTS,REDUCE
2026-03-11,AXISBANK,REDUCE
2026-03-11,EICHERMOT,REDUCE
2026-03-11,SBIN,REDUCE
2026-03-11,TATACONSUM,EXIT
2026-03-12,LT,EXIT
2026-03-12,TATASTEEL,REDUCE
2026-03-13,BAJAJ-AUTO,REDUCE
2026-03-13,GRASIM,REDUCE
2026-03-13,HINDALCO,REDUCE
2026-03-13,JSWSTEEL,REDUCE
2026-03-13,TATACONSUM,REDUCE
2026-03-13,ULTRACEMCO,EXIT
2026-03-16,MAXHEALTH,EXIT
2026-03-16,SHRIRAMFIN,REDUCE
2026-03-16,TATACONSUM,HOLD
2026-03-16,ULTRACEMCO,REDUCE
2026-03-17,BAJAJ-AUTO,HOLD
2026-03-17,GRASIM,HOLD
2026-03-17,HINDALCO,HOLD
2026-03-17,JSWSTEEL,HOLD
2026-03-17,MAXHEALTH,REDUCE
2026-03-17,SHRIRAMFIN,HOLD
2026-03-17,TATACONSUM,EXIT
2026-03-17,TATASTEEL,HOLD
2026-03-18,HINDUNILVR,EXIT
2026-03-18,TATACONSUM,REDUCE
2026-03-19,BAJAJ-AUTO,REDUCE
2026-03-19,GRASIM,REDUCE
2026-03-19,HINDALCO,REDUCE
2026-03-19,JSWSTEEL,REDUCE
2026-03-19,MAXHEALTH,EXIT
2026-03-19,NESTLEIND,REDUCE
2026-03-19,SHRIRAMFIN,REDUCE
2026-03-19,TATASTEEL,REDUCE
2026-03-20,ICICIBANK,EXIT
2026-03-20,JSWSTEEL,HOLD
2026-03-20,NESTLEIND,HOLD
2026-03-20,RELIANCE,REDUCE
2026-03-20,TATACONSUM,EXIT
2026-03-20,TATASTEEL,HOLD
2026-03-23,APOLLOHOSP,REDUCE
2026-03-23,BEL,REDUCE
2026-03-23,BHARTIARTL,REDUCE
2026-03-23,JSWSTEEL,REDUCE
2026-03-23,NESTLEIND,REDUCE
2026-03-23,SBILIFE,REDUCE
2026-03-23,TATASTEEL,REDUCE
2026-03-23,TITAN,REDUCE
2026-03-23,ULTRACEMCO,EXIT
2026-03-24,APOLLOHOSP,HOLD
2026-03-24,BHARTIARTL,EXIT
2026-03-24,SBILIFE,EXIT
2026-03-24,TECHM,REDUCE
2026-03-24,ULTRACEMCO,REDUCE
2026-03-25,BAJFINANCE,REDUCE
2026-03-25,JSWSTEEL,HOLD
2026-03-25,MAXHEALTH,REDUCE
2026-03-25,NESTLEIND,HOLD
2026-03-25,TATASTEEL,HOLD
2026-03-25,TECHM,EXIT
2026-03-25,TITAN,HOLD
2026-03-27,BAJFINANCE,EXIT
2026-03-27,BHARTIARTL,REDUCE
2026-03-27,JSWSTEEL,REDUCE
2026-03-27,TATASTEEL,REDUCE
2026-03-30,LT,REDUCE
2026-03-30,MAXHEALTH,EXIT
2026-03-30,NESTLEIND,REDUCE
2026-04-01,BHARTIARTL,EXIT
2026-04-01,DRREDDY,REDUCE
2026-04-01,TATASTEEL,HOLD
2026-04-01,ULTRACEMCO,EXIT
2026-04-06,BEL,HOLD
2026-04-06,EICHERMOT,EXIT
2026-04-06,HINDALCO,HOLD
2026-04-06,NESTLEIND,HOLD
2026-04-08,ADANIENT,REDUCE
2026-04-08,ADANIPORTS,HOLD
2026-04-08,AXISBANK,HOLD
2026-04-08,BAJAJ-AUTO,HOLD
2026-04-08,BAJFINANCE,REDUCE
2026-04-08,EICHERMOT,REDUCE
2026-04-08,GRASIM,HOLD
2026-04-08,ICICIBANK,REDUCE
2026-04-08,JSWSTEEL,HOLD
2026-04-08,LT,HOLD
2026-04-08,NESTLEIND,REDUCE
2026-04-08,RELIANCE,EXIT
2026-04-08,SBILIFE,REDUCE
2026-04-08,SHRIRAMFIN,HOLD
2026-04-09,ICICIBANK,EXIT
2026-04-09,LT,REDUCE
2026-04-10,DRREDDY,HOLD
2026-04-10,EICHERMOT,HOLD
2026-04-10,LT,HOLD
2026-04-10,TATACONSUM,REDUCE
2026-04-13,EICHERMOT,REDUCE
2026-04-13,GRASIM,REDUCE
2026-04-13,ICICIBANK,HOLD
2026-04-13,TATACONSUM,EXIT
2026-04-15,BAJFINANCE,EXIT
2026-04-15,DRREDDY,REDUCE
2026-04-15,MAXHEALTH,REDUCE
2026-04-15,NESTLEIND,HOLD
2026-04-15,SBILIFE,HOLD
2026-04-15,TATACONSUM,REDUCE
2026-04-15,ULTRACEMCO,REDUCE
2026-04-16,ASIANPAINT,REDUCE
2026-04-16,COALINDIA,REDUCE
2026-04-16,DRREDDY,HOLD
2026-04-16,ICICIBANK,REDUCE
2026-04-16,TATACONSUM,HOLD
2026-04-17,COALINDIA,HOLD
2026-04-17,ICICIBANK,HOLD
2026-04-17,INDIGO,REDUCE
2026-04-17,TATACONSUM,REDUCE
2026-04-20,BAJFINANCE,REDUCE
2026-04-20,INDIGO,EXIT
2026-04-20,SBIN,HOLD
