date,symbol,decision
2021-04-22,AXISBANK,EXIT
2021-04-22,BAJAJ-AUTO,EXIT
2021-04-22,BAJFINANCE,EXIT
2021-04-22,BEL,EXIT
2021-04-22,BHARTIARTL,EXIT
2021-04-22,COALINDIA,EXIT
2021-04-22,DRREDDY,REDUCE
2021-04-22,EICHERMOT,EXIT
2021-04-22,HDFCBANK,EXIT
2021-04-22,HDFCLIFE,REDUCE
2021-04-22,ICICIBANK,EXIT
2021-04-22,ITC,REDUCE
2021-04-22,INDIGO,EXIT
2021-04-22,KOTAKBANK,EXIT
2021-04-22,LT,EXIT
2021-04-22,M&M,EXIT
2021-04-22,MARUTI,EXIT
2021-04-22,MAXHEALTH,REDUCE
2021-04-22,NESTLEIND,EXIT
2021-04-22,ONGC,REDUCE
2021-04-22,RELIANCE,EXIT
2021-04-22,SHRIRAMFIN,REDUCE
2021-04-22,SBIN,EXIT
2021-04-22,TCS,REDUCE
2021-04-22,TITAN,REDUCE
2021-04-22,ULTRACEMCO,REDUCE
2021-04-23,SHRIRAMFIN,HOLD
2021-04-26,HCLTECH,REDUCE
2021-04-26,HDFCLIFE,HOLD
2021-04-27,HDFCLIFE,REDUCE
2021-04-28,INDIGO,REDUCE
2021-04-28,SHRIRAMFIN,REDUCE
2021-04-29,INDIGO,HOLD
2021-04-30,ONGC,HOLD
2021-04-30,TITAN,HOLD
2021-05-03,TECHM,REDUCE
2021-05-04,BAJFINANCE,REDUCE
2021-05-04,BEL,REDUCE
2021-05-04,TITAN,REDUCE
2021-05-05,BEL,HOLD
2021-05-05,TRENT,REDUCE
2021-05-06,TCS,HOLD
2021-05-07,COALINDIA,REDUCE
2021-05-07,NTPC,REDUCE
2021-05-10,COALINDIA,HOLD
2021-05-10,NTPC,HOLD
2021-05-10,NESTLEIND,REDUCE
2021-05-10,POWERGRID,REDUCE
2021-05-10,TECHM,HOLD
2021-05-11,TATACONSUM,REDUCE
2021-05-12,POWERGRID,HOLD
2021-05-14,ITC,HOLD
2021-05-14,TATACONSUM,HOLD
2021-05-17,ICICIBANK,REDUCE
2021-05-17,MAXHEALTH,REDUCE
2021-05-17,SHRIRAMFIN,HOLD
2021-05-17,TECHM,REDUCE
2021-05-18,BAJAJ-AUTO,REDUCE
2021-05-18,BAJFINANCE,HOLD
2021-05-18,ICICIBANK,HOLD
2021-05-18,TITAN,HOLD
2021-05-18,TRENT,EXIT
2021-05-18,ULTRACEMCO,HOLD
2021-05-19,BAJAJ-AUTO,HOLD
2021-05-19,NESTLEIND,HOLD
2021-05-24,SBIN,REDUCE
2021-05-24,TCS,REDUCE
2021-05-24,TATACONSUM,REDUCE
2021-05-25,DRREDDY,HOLD
2021-05-25,SBIN,HOLD
2021-05-25,TCS,HOLD
2021-05-25,TATACONSUM,HOLD
2021-05-26,ITC,REDUCE
2021-06-02,ULTRACEMCO,REDUCE
2021-06-03,RELIANCE,REDUCE
2021-06-04,HINDUNILVR,REDUCE
2021-06-04,LT,REDUCE
2021-06-07,LT,HOLD
2021-06-10,TRENT,REDUCE
2021-06-11,TRENT,HOLD
2021-06-14,ADANIPORTS,REDUCE
2021-06-14,MAXHEALTH,HOLD
2021-06-17,ADANIPORTS,EXIT
2021-06-18,AXISBANK,REDUCE
2021-06-18,EICHERMOT,REDUCE
2021-06-18,HINDALCO,REDUCE
2021-06-18,SHRIRAMFIN,REDUCE
2021-06-22,AXISBANK,HOLD
2021-06-23,EICHERMOT,HOLD
2021-06-23,MARUTI,REDUCE
2021-06-23,SUNPHARMA,REDUCE
2021-06-24,APOLLOHOSP,REDUCE
2021-06-25,APOLLOHOSP,HOLD
2021-06-28,TECHM,HOLD
2021-07-02,RELIANCE,HOLD
2021-07-08,ULTRACEMCO,HOLD
2021-07-12,RELIANCE,REDUCE
2021-07-13,SHRIRAMFIN,HOLD
2021-07-15,HCLTECH,HOLD
2021-07-15,TCS,REDUCE
2021-07-19,SHRIRAMFIN,REDUCE
2021-07-22,MARUTI,HOLD
2021-07-26,BAJAJ-AUTO,REDUCE
2021-07-28,BHARTIARTL,REDUCE
2021-07-28,CIPLA,REDUCE
2021-07-29,BHARTIARTL,HOLD
2021-07-29,HINDALCO,HOLD
2021-07-30,AXISBANK,REDUCE
2021-07-30,SUNPHARMA,HOLD
2021-08-10,TCS,HOLD
2021-08-11,SHRIRAMFIN,EXIT
2021-08-17,COALINDIA,REDUCE
2021-08-17,HINDUNILVR,HOLD
2021-08-23,HDFCBANK,REDUCE
2021-08-23,HDFCLIFE,EXIT
2021-08-23,NTPC,REDUCE
2021-08-24,AXISBANK,REDUCE
2021-08-24,HDFCBANK,HOLD
2021-08-27,AXISBANK,REDUCE
2021-08-30,ADANIPORTS,REDUCE
2021-08-30,COALINDIA,EXIT
2021-08-30,DRREDDY,EXIT
2021-08-31,INDIGO,REDUCE
2021-09-01,INDIGO,HOLD
2021-09-06,SBIN,REDUCE
2021-09-08,ONGC,REDUCE
2021-09-15,BAJAJ-AUTO,EXIT
2021-09-15,COALINDIA,REDUCE
2021-09-15,EICHERMOT,EXIT
2021-09-16,HDFCLIFE,REDUCE
2021-09-16,ITC,HOLD
2021-09-16,MARUTI,EXIT
2021-09-17,KOTAKBANK,REDUCE
2021-09-17,POWERGRID,REDUCE
2021-09-20,ONGC,HOLD
2021-09-21,ADANIPORTS,REDUCE
2021-09-22,COALINDIA,HOLD
2021-09-24,ULTRACEMCO,REDUCE
2021-09-28,NTPC,HOLD
2021-09-30,TATACONSUM,REDUCE
2021-10-05,ETERNAL,REDUCE
2021-10-05,ICICIBANK,REDUCE
2021-10-07,APOLLOHOSP,REDUCE
2021-10-07,M&M,REDUCE
2021-10-07,NESTLEIND,REDUCE
2021-10-11,EICHERMOT,REDUCE
2021-10-11,GRASIM,REDUCE
2021-10-12,EICHERMOT,HOLD
2021-10-13,ADANIPORTS,EXIT
2021-10-14,ADANIPORTS,REDUCE
2021-10-14,HDFCLIFE,REDUCE
2021-10-14,TCS,REDUCE
2021-10-18,ADANIPORTS,HOLD
2021-10-18,M&M,HOLD
2021-10-20,APOLLOHOSP,EXIT
2021-10-20,HINDUNILVR,REDUCE
2021-10-20,SBIN,HOLD
2021-10-21,SHRIRAMFIN,REDUCE
2021-10-25,AXISBANK,HOLD
2021-10-25,ICICIBANK,HOLD
2021-10-26,HCLTECH,REDUCE
2021-10-29,MARUTI,REDUCE
2021-10-29,SHRIRAMFIN,REDUCE
2021-11-01,AXISBANK,REDUCE
2021-11-01,ITC,REDUCE
2021-11-01,MARUTI,HOLD
2021-11-02,SHRIRAMFIN,HOLD
2021-11-04,ITC,EXIT
2021-11-08,ITC,REDUCE
2021-11-08,INFY,REDUCE
2021-11-08,ULTRACEMCO,HOLD
2021-11-10,ADANIPORTS,EXIT
2021-11-12,AXISBANK,EXIT
2021-11-15,INFY,HOLD
2021-11-17,APOLLOHOSP,REDUCE
2021-11-17,BAJFINANCE,REDUCE
2021-11-17,HDFCBANK,REDUCE
2021-11-18,APOLLOHOSP,HOLD
2021-11-23,BAJFINANCE,REDUCE
2021-11-24,ADANIPORTS,REDUCE
2021-11-24,CIPLA,EXIT
2021-11-24,ULTRACEMCO,REDUCE
2021-11-25,ADANIPORTS,HOLD
2021-11-26,CIPLA,REDUCE
2021-11-26,ULTRACEMCO,REDUCE
2021-11-29,CIPLA,HOLD
2021-12-02,BEL,REDUCE
2021-12-07,ADANIPORTS,REDUCE
2021-12-07,NESTLEIND,HOLD
2021-12-08,ADANIPORTS,HOLD
2021-12-08,ICICIBANK,REDUCE
2021-12-09,ICICIBANK,HOLD
2021-12-10,TATACONSUM,EXIT
2021-12-14,NESTLEIND,REDUCE
2021-12-14,ULTRACEMCO,REDUCE
2021-12-16,NESTLEIND,HOLD
2021-12-20,TCS,REDUCE
2021-12-21,ULTRACEMCO,REDUCE
2021-12-22,ICICIBANK,EXIT
2021-12-23,TCS,HOLD
2021-12-27,ADANIPORTS,EXIT
2021-12-28,ULTRACEMCO,REDUCE
2021-12-30,DRREDDY,REDUCE
2021-12-30,EICHERMOT,EXIT
2021-12-31,ULTRACEMCO,HOLD
2022-01-03,BHARTIARTL,REDUCE
2022-01-03,EICHERMOT,REDUCE
2022-01-03,HDFCBANK,EXIT
2022-01-03,ICICIBANK,REDUCE
2022-01-03,INDIGO,EXIT
2022-01-03,SBIN,EXIT
2022-01-04,ICICIBANK,HOLD
2022-01-06,ADANIPORTS,REDUCE
2022-01-06,BHARTIARTL,HOLD
2022-01-06,CIPLA,REDUCE
2022-01-06,HINDUNILVR,EXIT
2022-01-10,INDIGO,REDUCE
2022-01-10,JSWSTEEL,REDUCE
2022-01-11,BHARTIARTL,REDUCE
2022-01-12,BHARTIARTL,HOLD
2022-01-14,ADANIPORTS,HOLD
2022-01-17,CIPLA,EXIT
2022-01-19,BHARTIARTL,REDUCE
2022-01-19,ULTRACEMCO,REDUCE
2022-01-21,NTPC,EXIT
2022-01-21,SBIN,REDUCE
2022-01-24,NTPC,REDUCE
2022-01-24,NESTLEIND,REDUCE
2022-01-24,RELIANCE,REDUCE
2022-01-24,SBIN,HOLD
2022-01-24,ULTRACEMCO,EXIT
2022-01-25,AXISBANK,REDUCE
2022-01-25,BAJFINANCE,REDUCE
2022-01-25,BHARTIARTL,HOLD
2022-01-25,M&M,REDUCE
2022-01-25,NTPC,HOLD
2022-01-27,CIPLA,REDUCE
2022-01-27,DRREDDY,EXIT
2022-01-27,NESTLEIND,EXIT
2022-01-28,TITAN,REDUCE
2022-02-01,ADANIPORTS,REDUCE
2022-02-01,TITAN,HOLD
2022-02-02,ADANIPORTS,HOLD
2022-02-02,BAJFINANCE,HOLD
2022-02-04,HDFCBANK,REDUCE
2022-02-04,INFY,REDUCE
2022-02-08,INDIGO,HOLD
2022-02-09,ADANIPORTS,EXIT
2022-02-11,M&M,HOLD
2022-02-15,APOLLOHOSP,EXIT
2022-02-16,RELIANCE,HOLD
2022-02-18,BAJFINANCE,EXIT
2022-02-22,BEL,REDUCE
2022-02-24,M&M,EXIT
2022-02-28,APOLLOHOSP,REDUCE
2022-02-28,BEL,REDUCE
2022-02-28,INFY,REDUCE
2022-03-02,BEL,HOLD
2022-03-02,RELIANCE,EXIT
2022-03-07,TCS,EXIT
2022-03-09,CIPLA,REDUCE
2022-03-11,CIPLA,HOLD
2022-03-11,RELIANCE,REDUCE
2022-03-11,SHRIRAMFIN,EXIT
2022-03-14,ICICIBANK,EXIT
2022-03-14,RELIANCE,HOLD
2022-03-17,ADANIPORTS,REDUCE
2022-03-17,HCLTECH,EXIT
2022-03-17,TATACONSUM,REDUCE
2022-03-17,TECHM,EXIT
2022-03-24,TCS,REDUCE
2022-03-24,TATACONSUM,EXIT
2022-03-28,BAJAJ-AUTO,REDUCE
2022-03-28,EICHERMOT,EXIT
2022-03-31,TATACONSUM,REDUCE
2022-04-01,HDFCLIFE,EXIT
2022-04-04,HCLTECH,REDUCE
2022-04-04,HDFCBANK,REDUCE
2022-04-05,HCLTECH,HOLD
2022-04-06,ADANIPORTS,HOLD
2022-04-07,BAJFINANCE,REDUCE
2022-04-07,HDFCBANK,EXIT
2022-04-07,TITAN,REDUCE
2022-04-08,TITAN,HOLD
2022-04-18,HCLTECH,EXIT
2022-04-18,M&M,REDUCE
2022-04-18,MARUTI,EXIT
2022-04-20,BAJAJ-AUTO,REDUCE
2022-04-21,EICHERMOT,REDUCE
2022-04-21,INDIGO,EXIT
2022-04-25,SBIN,REDUCE
2022-04-28,ONGC,REDUCE
2022-05-02,ONGC,EXIT
2022-05-02,TITAN,REDUCE
2022-05-04,APOLLOHOSP,EXIT
2022-05-04,ASIANPAINT,EXIT
2022-05-04,AXISBANK,EXIT
2022-05-04,BAJAJ-AUTO,EXIT
2022-05-04,BAJFINANCE,EXIT
2022-05-04,BAJAJFINSV,EXIT
2022-05-04,EICHERMOT,EXIT
2022-05-04,GRASIM,EXIT
2022-05-04,HINDALCO,EXIT
2022-05-04,INFY,EXIT
2022-05-04,KOTAKBANK,EXIT
2022-05-04,LT,EXIT
2022-05-04,M&M,REDUCE
2022-05-04,MAXHEALTH,EXIT
2022-05-04,SBILIFE,EXIT
2022-05-04,TCS,EXIT
2022-05-04,TATACONSUM,REDUCE
2022-05-04,TATASTEEL,EXIT
2022-05-04,TITAN,EXIT
2022-05-04,WIPRO,EXIT
2022-05-05,MAXHEALTH,REDUCE
2022-05-05,TATACONSUM,EXIT
2022-05-05,TATASTEEL,REDUCE
2022-05-06,CIPLA,EXIT
2022-05-06,MAXHEALTH,EXIT
2022-05-06,TATASTEEL,EXIT
2022-05-09,JSWSTEEL,EXIT
2022-05-09,SBIN,EXIT
2022-05-09,TRENT,EXIT
2022-05-10,ADANIPORTS,EXIT
2022-05-10,COALINDIA,EXIT
2022-05-11,BAJAJ-AUTO,REDUCE
2022-05-12,BAJAJ-AUTO,EXIT
2022-05-12,RELIANCE,EXIT
2022-05-13,BAJAJ-AUTO,REDUCE
2022-05-13,BHARTIARTL,EXIT
2022-05-16,BAJAJ-AUTO,HOLD
2022-05-16,EICHERMOT,REDUCE
2022-05-16,MAXHEALTH,REDUCE
2022-05-17,M&M,HOLD
2022-05-17,MAXHEALTH,EXIT
2022-05-18,MARUTI,REDUCE
2022-05-19,MARUTI,EXIT
2022-05-19,MAXHEALTH,REDUCE
2022-05-20,MARUTI,REDUCE
2022-05-20,MAXHEALTH,EXIT
2022-05-20,RELIANCE,REDUCE
2022-05-23,ASIANPAINT,REDUCE
2022-05-23,HINDUNILVR,REDUCE
2022-05-23,MARUTI,HOLD
2022-05-23,MAXHEALTH,REDUCE
2022-05-23,RELIANCE,HOLD
2022-05-24,ASIANPAINT,EXIT
2022-05-24,HINDUNILVR,EXIT
2022-05-24,KOTAKBANK,REDUCE
2022-05-24,MAXHEALTH,EXIT
2022-05-27,MAXHEALTH,REDUCE
2022-05-30,COALINDIA,REDUCE
2022-05-30,ICICIBANK,REDUCE
2022-05-30,MAXHEALTH,EXIT
2022-05-31,COALINDIA,HOLD
2022-05-31,KOTAKBANK,EXIT
2022-05-31,MAXHEALTH,REDUCE
2022-05-31,SBILIFE,REDUCE
2022-05-31,SUNPHARMA,REDUCE
2022-06-01,MAXHEALTH,EXIT
2022-06-02,MAXHEALTH,REDUCE
2022-06-02,SBILIFE,EXIT
2022-06-03,MAXHEALTH,EXIT
2022-06-07,ICICIBANK,EXIT
2022-06-09,SBILIFE,REDUCE
2022-06-10,ONGC,REDUCE
2022-06-13,SBILIFE,EXIT
2022-06-13,SUNPHARMA,EXIT
2022-06-14,ONGC,EXIT
2022-06-17,EICHERMOT,EXIT
2022-06-20,EICHERMOT,REDUCE
2022-06-20,NTPC,EXIT
2022-06-20,POWERGRID,EXIT
2022-06-22,RELIANCE,EXIT
2022-06-23,EICHERMOT,HOLD
2022-06-24,HINDUNILVR,REDUCE
2022-06-27,HINDUNILVR,EXIT
2022-06-27,MAXHEALTH,REDUCE
2022-06-28,HINDUNILVR,REDUCE
2022-06-28,MAXHEALTH,EXIT
2022-06-29,HINDUNILVR,EXIT
2022-06-30,SHRIRAMFIN,REDUCE
2022-07-01,COALINDIA,REDUCE
2022-07-01,SHRIRAMFIN,EXIT
2022-07-04,HINDUNILVR,REDUCE
2022-07-04,SHRIRAMFIN,REDUCE
2022-07-05,SHRIRAMFIN,EXIT
2022-07-06,NESTLEIND,REDUCE
2022-07-06,SHRIRAMFIN,REDUCE
2022-07-06,SBIN,REDUCE
2022-07-06,TRENT,REDUCE
2022-07-07,COALINDIA,HOLD
2022-07-07,ICICIBANK,REDUCE
2022-07-08,SBILIFE,REDUCE
2022-07-08,TATACONSUM,REDUCE
2022-07-11,DRREDDY,REDUCE
2022-07-13,CIPLA,REDUCE
2022-07-13,MAXHEALTH,REDUCE
2022-07-13,SUNPHARMA,REDUCE
2022-07-21,ADANIPORTS,REDUCE
2022-07-21,LT,REDUCE
2022-07-22,AXISBANK,REDUCE
2022-07-26,ASIANPAINT,REDUCE
2022-07-28,BAJFINANCE,REDUCE
2022-08-01,HDFCBANK,REDUCE
2022-08-01,JSWSTEEL,REDUCE
2022-08-01,TITAN,REDUCE
2022-08-02,INDIGO,REDUCE
2022-08-02,NTPC,REDUCE
2022-08-04,AXISBANK,REDUCE
2022-08-05,ULTRACEMCO,REDUCE
2022-08-08,ADANIPORTS,REDUCE
2022-08-08,BAJAJFINSV,REDUCE
2022-08-08,ICICIBANK,REDUCE
2022-08-10,APOLLOHOSP,REDUCE
2022-08-10,ASIANPAINT,REDUCE
2022-08-10,GRASIM,REDUCE
2022-08-10,ICICIBANK,HOLD
2022-08-10,JSWSTEEL,REDUCE
2022-08-12,APOLLOHOSP,EXIT
2022-08-12,TATASTEEL,REDUCE
2022-08-12,ULTRACEMCO,EXIT
2022-08-18,ULTRACEMCO,REDUCE
2022-08-19,BAJFINANCE,REDUCE
2022-08-19,BHARTIARTL,REDUCE
2022-08-19,HDFCBANK,REDUCE
2022-08-23,ASIANPAINT,REDUCE
2022-08-25,ADANIPORTS,HOLD
2022-08-29,BAJFINANCE,REDUCE
2022-08-29,NTPC,HOLD
2022-08-30,ASIANPAINT,HOLD
2022-09-05,SUNPHARMA,REDUCE
2022-09-07,BAJAJ-AUTO,REDUCE
2022-09-08,AXISBANK,HOLD
2022-09-09,APOLLOHOSP,REDUCE
2022-09-09,BAJAJFINSV,REDUCE
2022-09-09,KOTAKBANK,REDUCE
2022-09-09,TATASTEEL,EXIT
2022-09-12,BAJFINANCE,HOLD
2022-09-12,KOTAKBANK,HOLD
2022-09-13,JSWSTEEL,HOLD
2022-09-14,APOLLOHOSP,EXIT
2022-09-14,BHARTIARTL,HOLD
2022-09-14,TATASTEEL,REDUCE
2022-09-14,ULTRACEMCO,EXIT
2022-09-15,DRREDDY,EXIT
2022-09-15,GRASIM,REDUCE
2022-09-15,HINDUNILVR,REDUCE
2022-09-15,INDIGO,EXIT
2022-09-15,NESTLEIND,REDUCE
2022-09-19,GRASIM,HOLD
2022-09-19,TATACONSUM,REDUCE
2022-09-20,APOLLOHOSP,REDUCE
2022-09-20,TATASTEEL,EXIT
2022-09-23,HINDUNILVR,HOLD
2022-09-27,BAJAJ-AUTO,EXIT
2022-09-29,SUNPHARMA,HOLD
2022-09-30,ADANIPORTS,EXIT
2022-10-10,APOLLOHOSP,REDUCE
2022-10-12,ASIANPAINT,REDUCE
2022-10-13,BAJFINANCE,REDUCE
2022-10-14,DRREDDY,REDUCE
2022-10-14,HINDUNILVR,REDUCE
2022-10-17,M&M,REDUCE
2022-10-18,BAJFINANCE,HOLD
2022-10-20,DRREDDY,HOLD
2022-10-21,ASIANPAINT,EXIT
2022-10-21,HCLTECH,REDUCE
2022-10-21,JSWSTEEL,EXIT
2022-10-25,BAJFINANCE,REDUCE
2022-10-25,M&M,HOLD
2022-10-28,POWERGRID,REDUCE
2022-10-28,SBILIFE,REDUCE
2022-10-31,POWERGRID,HOLD
2022-11-01,JSWSTEEL,REDUCE
2022-11-01,SHRIRAMFIN,EXIT
2022-11-02,JSWSTEEL,HOLD
2022-11-04,ADANIPORTS,REDUCE
2022-11-04,APOLLOHOSP,EXIT
2022-11-09,ADANIPORTS,HOLD
2022-11-11,INFY,REDUCE
2022-11-11,POWERGRID,EXIT
2022-11-14,APOLLOHOSP,REDUCE
2022-11-14,HCLTECH,REDUCE
2022-11-14,HINDALCO,REDUCE
2022-11-14,INFY,EXIT
2022-11-15,APOLLOHOSP,EXIT
2022-11-15,BAJAJFINSV,REDUCE
2022-11-15,EICHERMOT,REDUCE
2022-11-15,HINDALCO,EXIT
2022-11-15,M&M,REDUCE
2022-11-15,TATACONSUM,EXIT
2022-11-16,APOLLOHOSP,REDUCE
2022-11-16,HINDALCO,REDUCE
2022-11-16,TCS,REDUCE
2022-11-16,TITAN,REDUCE
2022-11-16,TRENT,REDUCE
2022-11-17,APOLLOHOSP,EXIT
2022-11-17,GRASIM,REDUCE
2022-11-17,HCLTECH,EXIT
2022-11-18,HCLTECH,REDUCE
2022-11-18,MARUTI,REDUCE
2022-11-18,NTPC,REDUCE
2022-11-18,TCS,EXIT
2022-11-21,APOLLOHOSP,REDUCE
2022-11-21,BAJFINANCE,EXIT
2022-11-21,BEL,REDUCE
2022-11-23,SHRIRAMFIN,REDUCE
2022-11-24,APOLLOHOSP,EXIT
2022-11-24,NTPC,HOLD
2022-11-24,ONGC,REDUCE
2022-11-24,POWERGRID,REDUCE
2022-11-24,SHRIRAMFIN,EXIT
2022-11-24,TCS,REDUCE
2022-11-25,APOLLOHOSP,REDUCE
2022-11-25,HINDALCO,EXIT
2022-11-25,MARUTI,HOLD
2022-11-25,ONGC,EXIT
2022-11-28,APOLLOHOSP,EXIT
2022-11-28,HDFCLIFE,REDUCE
2022-11-28,INFY,REDUCE
2022-11-28,MARUTI,REDUCE
2022-11-28,RELIANCE,REDUCE
2022-11-29,APOLLOHOSP,REDUCE
2022-11-29,HDFCLIFE,EXIT
2022-11-29,HINDUNILVR,HOLD
2022-11-29,TRENT,HOLD
2022-11-30,APOLLOHOSP,EXIT
2022-11-30,HDFCLIFE,REDUCE
2022-11-30,HINDALCO,REDUCE
2022-11-30,ITC,REDUCE
2022-11-30,INDIGO,REDUCE
2022-11-30,ONGC,REDUCE
2022-11-30,SHRIRAMFIN,REDUCE
2022-12-01,APOLLOHOSP,REDUCE
2022-12-01,HCLTECH,HOLD
2022-12-01,HDFCLIFE,EXIT
2022-12-01,HINDALCO,EXIT
2022-12-01,ONGC,EXIT
2022-12-01,TATASTEEL,REDUCE
2022-12-02,APOLLOHOSP,HOLD
2022-12-02,CIPLA,REDUCE
2022-12-02,GRASIM,HOLD
2022-12-02,HDFCLIFE,REDUCE
2022-12-02,HINDALCO,REDUCE
2022-12-02,INDIGO,EXIT
2022-12-02,ONGC,REDUCE
2022-12-05,HDFCLIFE,EXIT
2022-12-05,HINDALCO,EXIT
2022-12-06,HDFCLIFE,REDUCE
2022-12-06,HINDALCO,REDUCE
2022-12-06,INFY,EXIT
2022-12-06,SHRIRAMFIN,HOLD
2022-12-07,EICHERMOT,EXIT
2022-12-07,HDFCLIFE,EXIT
2022-12-07,HINDALCO,EXIT
2022-12-07,INFY,REDUCE
2022-12-07,INDIGO,REDUCE
2022-12-07,POWERGRID,HOLD
2022-12-08,DRREDDY,REDUCE
2022-12-08,HDFCLIFE,REDUCE
2022-12-08,HINDALCO,REDUCE
2022-12-08,TCS,EXIT
2022-12-09,HCLTECH,EXIT
2022-12-09,HDFCLIFE,EXIT
2022-12-09,HINDALCO,EXIT
2022-12-09,INFY,EXIT
2022-12-09,TATASTEEL,EXIT
2022-12-12,HDFCLIFE,REDUCE
2022-12-12,HINDALCO,REDUCE
2022-12-12,INFY,REDUCE
2022-12-12,KOTAKBANK,REDUCE
2022-12-12,NTPC,REDUCE
2022-12-12,RELIANCE,HOLD
2022-12-12,SUNPHARMA,REDUCE
2022-12-12,TATASTEEL,REDUCE
2022-12-13,HINDALCO,EXIT
2022-12-13,INFY,EXIT
2022-12-13,TRENT,REDUCE
2022-12-14,HCLTECH,REDUCE
2022-12-14,HDFCLIFE,EXIT
2022-12-14,HINDALCO,REDUCE
2022-12-14,INFY,REDUCE
2022-12-14,MAXHEALTH,REDUCE
2022-12-15,HCLTECH,EXIT
2022-12-15,HDFCLIFE,REDUCE
2022-12-15,HINDALCO,EXIT
2022-12-15,ICICIBANK,REDUCE
2022-12-15,INFY,EXIT
2022-12-15,INDIGO,HOLD
2022-12-16,HINDALCO,REDUCE
2022-12-16,NESTLEIND,REDUCE
2022-12-16,POWERGRID,EXIT
2022-12-19,COALINDIA,REDUCE
2022-12-19,NTPC,HOLD
2022-12-19,NESTLEIND,HOLD
2022-12-19,POWERGRID,REDUCE
2022-12-20,MAXHEALTH,HOLD
2022-12-20,NTPC,REDUCE
2022-12-20,POWERGRID,HOLD
2022-12-21,BHARTIARTL,REDUCE
2022-12-21,GRASIM,REDUCE
2022-12-21,HDFCLIFE,HOLD
2022-12-21,KOTAKBANK,EXIT
2022-12-21,TATACONSUM,REDUCE
2022-12-21,TATASTEEL,EXIT
2022-12-22,BAJAJFINSV,EXIT
2022-12-22,GRASIM,HOLD
2022-12-22,MARUTI,EXIT
2022-12-22,SUNPHARMA,HOLD
2022-12-22,TATACONSUM,HOLD
2022-12-22,TATASTEEL,REDUCE
2022-12-23,ADANIPORTS,EXIT
2022-12-23,TRENT,EXIT
2022-12-27,GRASIM,REDUCE
2022-12-29,HINDUNILVR,REDUCE
2022-12-29,SBILIFE,HOLD
2022-12-30,TATASTEEL,HOLD
2023-01-03,ONGC,HOLD
2023-01-03,SUNPHARMA,REDUCE
2023-01-05,APOLLOHOSP,REDUCE
2023-01-05,DRREDDY,EXIT
2023-01-05,NESTLEIND,REDUCE
2023-01-05,SUNPHARMA,HOLD
2023-01-09,HINDUNILVR,HOLD
2023-01-09,RELIANCE,REDUCE
2023-01-12,HCLTECH,REDUCE
2023-01-12,POWERGRID,EXIT
2023-01-17,HCLTECH,HOLD
2023-01-19,POWERGRID,REDUCE
2023-01-19,RELIANCE,EXIT
2023-01-20,M&M,HOLD
2023-01-20,MAXHEALTH,REDUCE
2023-01-20,POWERGRID,HOLD
2023-01-23,MAXHEALTH,HOLD
2023-01-23,TECHM,REDUCE
2023-01-23,TITAN,EXIT
2023-01-25,BAJAJ-AUTO,REDUCE
2023-01-25,CIPLA,EXIT
2023-01-25,COALINDIA,HOLD
2023-01-25,GRASIM,EXIT
2023-01-25,ITC,HOLD
2023-01-25,MAXHEALTH,REDUCE
2023-01-27,MARUTI,REDUCE
2023-01-27,MAXHEALTH,HOLD
2023-01-30,MARUTI,HOLD
2023-01-30,NTPC,HOLD
2023-01-31,BEL,EXIT
2023-02-01,EICHERMOT,REDUCE
2023-02-01,INFY,REDUCE
2023-02-01,POWERGRID,EXIT
2023-02-02,DRREDDY,REDUCE
2023-02-02,ICICIBANK,EXIT
2023-02-03,DRREDDY,HOLD
2023-02-06,POWERGRID,REDUCE
2023-02-07,COALINDIA,REDUCE
2023-02-07,POWERGRID,HOLD
2023-02-08,EICHERMOT,EXIT
2023-02-08,INFY,HOLD
2023-02-10,BAJAJ-AUTO,REDUCE
2023-02-13,EICHERMOT,REDUCE
2023-02-13,TITAN,REDUCE
2023-02-14,APOLLOHOSP,EXIT
2023-02-14,INFY,REDUCE
2023-02-14,TITAN,HOLD
2023-02-15,INFY,HOLD
2023-02-16,APOLLOHOSP,REDUCE
2023-02-16,EICHERMOT,HOLD
2023-02-16,INDIGO,EXIT
2023-02-16,NESTLEIND,HOLD
2023-02-17,APOLLOHOSP,HOLD
2023-02-17,COALINDIA,HOLD
2023-02-17,ETERNAL,EXIT
2023-02-17,HINDUNILVR,REDUCE
2023-02-22,HINDUNILVR,EXIT
2023-02-22,INFY,REDUCE
2023-03-01,AXISBANK,REDUCE
2023-03-03,ICICIBANK,REDUCE
2023-03-03,INFY,EXIT
2023-03-03,JSWSTEEL,REDUCE
2023-03-03,NESTLEIND,EXIT
2023-03-03,TRENT,REDUCE
2023-03-06,BHARTIARTL,EXIT
2023-03-06,ICICIBANK,HOLD
2023-03-08,MAXHEALTH,REDUCE
2023-03-08,SUNPHARMA,REDUCE
2023-03-09,MAXHEALTH,HOLD
2023-03-10,APOLLOHOSP,REDUCE
2023-03-21,SUNPHARMA,REDUCE
2023-03-22,ADANIENT,EXIT
2023-03-22,APOLLOHOSP,EXIT
2023-03-22,EICHERMOT,EXIT
2023-03-22,HDFCLIFE,EXIT
2023-03-22,HINDALCO,EXIT
2023-03-22,ICICIBANK,REDUCE
2023-03-22,JSWSTEEL,EXIT
2023-03-22,M&M,EXIT
2023-03-22,MARUTI,EXIT
2023-03-22,SBILIFE,EXIT
2023-03-22,SHRIRAMFIN,EXIT
2023-03-22,SBIN,EXIT
2023-03-22,TCS,EXIT
2023-03-22,TATACONSUM,EXIT
2023-03-22,TATASTEEL,EXIT
2023-03-22,TECHM,REDUCE
2023-03-22,TITAN,REDUCE
2023-03-22,TRENT,REDUCE
2023-03-23,ICICIBANK,HOLD
2023-03-23,TECHM,EXIT
2023-03-24,TECHM,REDUCE
2023-03-24,TRENT,EXIT
2023-03-27,GRASIM,REDUCE
2023-03-27,ICICIBANK,EXIT
2023-03-27,TECHM,EXIT
2023-03-27,TRENT,REDUCE
2023-03-28,GRASIM,EXIT
2023-03-28,ICICIBANK,REDUCE
2023-03-28,TRENT,EXIT
2023-03-29,APOLLOHOSP,REDUCE
2023-03-29,GRASIM,REDUCE
2023-03-29,ICICIBANK,EXIT
2023-03-29,SUNPHARMA,HOLD
2023-03-29,TECHM,REDUCE
2023-03-29,TRENT,REDUCE
2023-03-31,APOLLOHOSP,EXIT
2023-03-31,BEL,REDUCE
2023-03-31,HINDUNILVR,REDUCE
2023-03-31,ICICIBANK,REDUCE
2023-03-31,NESTLEIND,REDUCE
2023-03-31,TECHM,EXIT
2023-04-03,HINDUNILVR,EXIT
2023-04-03,SHRIRAMFIN,REDUCE
2023-04-03,TECHM,REDUCE
2023-04-05,HINDUNILVR,REDUCE
2023-04-10,BHARTIARTL,REDUCE
2023-04-11,JSWSTEEL,REDUCE
2023-04-11,KOTAKBANK,REDUCE
2023-04-13,APOLLOHOSP,REDUCE
2023-04-24,HDFCLIFE,REDUCE
2023-04-24,SBIN,REDUCE
2023-04-27,BEL,REDUCE
2023-04-27,BHARTIARTL,REDUCE
2023-04-27,SUNPHARMA,REDUCE
2023-04-28,EICHERMOT,REDUCE
2023-04-28,GRASIM,REDUCE
2023-04-28,HCLTECH,REDUCE
2023-05-02,HINDALCO,REDUCE
2023-05-02,ICICIBANK,REDUCE
2023-05-02,TATACONSUM,REDUCE
2023-05-02,TITAN,REDUCE
2023-05-03,INDIGO,REDUCE
2023-05-03,KOTAKBANK,REDUCE
2023-05-05,MARUTI,REDUCE
2023-05-05,SHRIRAMFIN,REDUCE
2023-05-08,BAJFINANCE,REDUCE
2023-05-08,HDFCBANK,REDUCE
2023-05-08,SUNPHARMA,EXIT
2023-05-10,INDIGO,HOLD
2023-05-11,ASIANPAINT,REDUCE
2023-05-11,DRREDDY,REDUCE
2023-05-11,HDFCLIFE,REDUCE
2023-05-12,ICICIBANK,HOLD
2023-05-12,SHRIRAMFIN,HOLD
2023-05-17,APOLLOHOSP,REDUCE
2023-05-17,HINDALCO,EXIT
2023-05-17,HINDUNILVR,REDUCE
2023-05-17,JSWSTEEL,EXIT
2023-05-17,LT,REDUCE
2023-05-17,SBIN,REDUCE
2023-05-17,TECHM,EXIT
2023-05-18,APOLLOHOSP,REDUCE
2023-05-18,ASIANPAINT,REDUCE
2023-05-18,BAJFINANCE,REDUCE
2023-05-18,BEL,REDUCE
2023-05-18,BHARTIARTL,REDUCE
2023-05-18,DRREDDY,REDUCE
2023-05-18,EICHERMOT,REDUCE
2023-05-18,GRASIM,REDUCE
2023-05-19,NTPC,REDUCE
2023-05-24,BEL,HOLD
2023-05-25,DRREDDY,EXIT
2023-05-26,HCLTECH,REDUCE
2023-05-26,HDFCBANK,REDUCE
2023-05-26,HDFCLIFE,REDUCE
2023-05-26,HINDUNILVR,REDUCE
2023-05-26,LT,REDUCE
2023-05-26,MARUTI,REDUCE
2023-05-26,RELIANCE,REDUCE
2023-05-26,SBIN,REDUCE
2023-05-26,TATACONSUM,REDUCE
2023-05-29,APOLLOHOSP,REDUCE
2023-05-29,ASIANPAINT,REDUCE
2023-05-29,BAJFINANCE,REDUCE
2023-05-29,BHARTIARTL,REDUCE
2023-05-29,EICHERMOT,REDUCE
2023-05-29,ETERNAL,REDUCE
2023-05-29,M&M,REDUCE
2023-05-29,MARUTI,REDUCE
2023-05-29,NTPC,REDUCE
2023-05-29,SBILIFE,REDUCE
2023-05-29,SBIN,REDUCE
2023-06-01,APOLLOHOSP,HOLD
2023-06-01,MARUTI,HOLD
2023-06-05,COALINDIA,REDUCE
2023-06-06,HCLTECH,REDUCE
2023-06-07,BHARTIARTL,HOLD
2023-06-08,EICHERMOT,HOLD
2023-06-08,JSWSTEEL,REDUCE
2023-06-08,POWERGRID,REDUCE
2023-06-09,JSWSTEEL,HOLD
2023-06-09,SBIN,HOLD
2023-06-14,KOTAKBANK,REDUCE
2023-06-16,BAJAJFINSV,REDUCE
2023-06-16,HDFCBANK,REDUCE
2023-06-19,ASIANPAINT,HOLD
2023-06-19,M&M,HOLD
2023-06-20,BAJFINANCE,HOLD
2023-06-20,BAJAJFINSV,EXIT
2023-06-20,HINDUNILVR,REDUCE
2023-06-20,ICICIBANK,REDUCE
2023-06-20,KOTAKBANK,EXIT
2023-06-20,POWERGRID,HOLD
2023-06-21,BAJAJFINSV,REDUCE
2023-06-21,LT,REDUCE
2023-06-21,ONGC,REDUCE
2023-06-22,HCLTECH,HOLD
2023-06-26,CIPLA,REDUCE
2023-06-26,GRASIM,REDUCE
2023-06-26,RELIANCE,REDUCE
2023-06-27,NTPC,HOLD
2023-06-27,TECHM,REDUCE
2023-06-28,ADANIPORTS,REDUCE
2023-06-28,CIPLA,EXIT
2023-06-28,SBILIFE,REDUCE
2023-06-30,ADANIPORTS,EXIT
2023-06-30,LT,HOLD
2023-06-30,SBIN,EXIT
2023-06-30,TECHM,HOLD
2023-07-03,BAJAJFINSV,REDUCE
2023-07-03,COALINDIA,REDUCE
2023-07-03,GRASIM,REDUCE
2023-07-03,HDFCBANK,REDUCE
2023-07-03,HINDUNILVR,REDUCE
2023-07-03,ICICIBANK,REDUCE
2023-07-03,ONGC,REDUCE
2023-07-03,SBILIFE,REDUCE
2023-07-04,BAJAJFINSV,REDUCE
2023-07-04,COALINDIA,REDUCE
2023-07-04,EICHERMOT,REDUCE
2023-07-04,GRASIM,REDUCE
2023-07-04,HDFCBANK,REDUCE
2023-07-04,HINDUNILVR,REDUCE
2023-07-04,ICICIBANK,REDUCE
2023-07-04,ONGC,REDUCE
2023-07-05,BAJAJFINSV,REDUCE
2023-07-05,COALINDIA,REDUCE
2023-07-05,EICHERMOT,EXIT
2023-07-05,GRASIM,REDUCE
2023-07-05,HDFCBANK,REDUCE
2023-07-05,HINDUNILVR,REDUCE
2023-07-05,ICICIBANK,REDUCE
2023-07-05,ONGC,REDUCE
2023-07-06,BAJAJFINSV,REDUCE
2023-07-06,CIPLA,REDUCE
2023-07-06,COALINDIA,REDUCE
2023-07-06,ETERNAL,REDUCE
2023-07-06,GRASIM,REDUCE
2023-07-06,HDFCBANK,REDUCE
2023-07-06,ICICIBANK,REDUCE
2023-07-10,CIPLA,EXIT
2023-07-10,HCLTECH,REDUCE
2023-07-10,HINDUNILVR,REDUCE
2023-07-10,ONGC,REDUCE
2023-07-10,TATASTEEL,REDUCE
2023-07-11,BAJAJFINSV,REDUCE
2023-07-11,CIPLA,REDUCE
2023-07-11,COALINDIA,REDUCE
2023-07-11,GRASIM,REDUCE
2023-07-11,HCLTECH,REDUCE
2023-07-11,HDFCBANK,REDUCE
2023-07-11,ICICIBANK,REDUCE
2023-07-11,ONGC,REDUCE
2023-07-12,BAJAJFINSV,REDUCE
2023-07-12,CIPLA,REDUCE
2023-07-12,COALINDIA,REDUCE
2023-07-12,GRASIM,REDUCE
2023-07-12,HCLTECH,REDUCE
2023-07-12,HDFCBANK,REDUCE
2023-07-12,ICICIBANK,REDUCE
2023-07-12,ONGC,REDUCE
2023-07-12,SUNPHARMA,REDUCE
2023-07-13,BAJAJFINSV,REDUCE
2023-07-13,CIPLA,REDUCE
2023-07-13,COALINDIA,REDUCE
2023-07-13,ETERNAL,REDUCE
2023-07-13,GRASIM,REDUCE
2023-07-13,HCLTECH,REDUCE
2023-07-13,HDFCBANK,REDUCE
2023-07-13,ICICIBANK,REDUCE
2023-07-13,ONGC,REDUCE
2023-07-13,POWERGRID,REDUCE
2023-07-14,BAJAJFINSV,HOLD
2023-07-14,INFY,REDUCE
2023-07-14,TCS,REDUCE
2023-07-18,CIPLA,REDUCE
2023-07-18,COALINDIA,REDUCE
2023-07-18,GRASIM,REDUCE
2023-07-18,HCLTECH,REDUCE
2023-07-18,HDFCBANK,REDUCE
2023-07-18,ICICIBANK,REDUCE
2023-07-18,INFY,REDUCE
2023-07-18,ONGC,REDUCE
2023-07-18,POWERGRID,REDUCE
2023-07-18,TCS,REDUCE
2023-07-18,WIPRO,REDUCE
2023-07-20,DRREDDY,REDUCE
2023-07-21,DRREDDY,HOLD
2023-07-21,HINDUNILVR,REDUCE
2023-07-21,INFY,EXIT
2023-07-21,SBIN,REDUCE
2023-07-25,CIPLA,REDUCE
2023-07-25,COALINDIA,REDUCE
2023-07-25,GRASIM,REDUCE
2023-07-25,HCLTECH,REDUCE
2023-07-25,HDFCBANK,REDUCE
2023-07-25,HINDALCO,REDUCE
2023-07-25,HINDUNILVR,REDUCE
2023-07-25,ICICIBANK,REDUCE
2023-07-25,ONGC,REDUCE
2023-07-25,POWERGRID,REDUCE
2023-07-25,SBIN,REDUCE
2023-07-25,TCS,REDUCE
2023-07-25,WIPRO,REDUCE
2023-07-27,CIPLA,REDUCE
2023-07-27,COALINDIA,REDUCE
2023-07-27,GRASIM,REDUCE
2023-07-27,HCLTECH,REDUCE
2023-07-27,HDFCBANK,REDUCE
2023-07-27,HINDALCO,REDUCE
2023-07-27,HINDUNILVR,REDUCE
2023-07-27,ICICIBANK,REDUCE
2023-07-27,NESTLEIND,REDUCE
2023-07-27,ONGC,REDUCE
2023-07-27,POWERGRID,REDUCE
2023-07-27,SBIN,REDUCE
2023-07-27,TCS,REDUCE
2023-07-27,TECHM,REDUCE
2023-07-27,WIPRO,REDUCE
2023-07-28,ADANIPORTS,REDUCE
2023-07-28,AXISBANK,REDUCE
2023-07-31,ADANIPORTS,EXIT
2023-07-31,AXISBANK,REDUCE
2023-07-31,CIPLA,REDUCE
2023-07-31,COALINDIA,REDUCE
2023-07-31,GRASIM,REDUCE
2023-07-31,HCLTECH,REDUCE
2023-07-31,HDFCBANK,REDUCE
2023-07-31,HINDALCO,REDUCE
2023-07-31,HINDUNILVR,EXIT
2023-07-31,ICICIBANK,REDUCE
2023-07-31,NESTLEIND,REDUCE
2023-07-31,ONGC,REDUCE
2023-07-31,SBIN,REDUCE
2023-07-31,TCS,REDUCE
2023-07-31,TECHM,REDUCE
2023-07-31,WIPRO,REDUCE
2023-08-01,ADANIPORTS,EXIT
2023-08-01,APOLLOHOSP,REDUCE
2023-08-01,AXISBANK,REDUCE
2023-08-01,CIPLA,REDUCE
2023-08-01,COALINDIA,REDUCE
2023-08-01,GRASIM,REDUCE
2023-08-01,HCLTECH,REDUCE
2023-08-01,HDFCBANK,REDUCE
2023-08-01,HINDALCO,REDUCE
2023-08-01,ICICIBANK,REDUCE
2023-08-01,MAXHEALTH,REDUCE
2023-08-01,NESTLEIND,REDUCE
2023-08-01,ONGC,REDUCE
2023-08-01,SBIN,REDUCE
2023-08-01,TCS,REDUCE
2023-08-01,TECHM,REDUCE
2023-08-01,WIPRO,REDUCE
2023-08-02,APOLLOHOSP,REDUCE
2023-08-02,AXISBANK,REDUCE
2023-08-02,BAJFINANCE,REDUCE
2023-08-02,BAJAJFINSV,EXIT
2023-08-02,COALINDIA,REDUCE
2023-08-02,GRASIM,REDUCE
2023-08-02,HCLTECH,REDUCE
2023-08-02,HDFCBANK,REDUCE
2023-08-02,HINDALCO,REDUCE
2023-08-02,ICICIBANK,REDUCE
2023-08-02,MAXHEALTH,REDUCE
2023-08-02,NESTLEIND,REDUCE
2023-08-02,ONGC,REDUCE
2023-08-02,SBILIFE,REDUCE
2023-08-02,SBIN,REDUCE
2023-08-02,TCS,REDUCE
2023-08-02,TECHM,REDUCE
2023-08-02,WIPRO,REDUCE
2023-08-03,ADANIPORTS,REDUCE
2023-08-03,APOLLOHOSP,REDUCE
2023-08-03,AXISBANK,REDUCE
2023-08-03,BAJFINANCE,REDUCE
2023-08-03,COALINDIA,REDUCE
2023-08-03,GRASIM,REDUCE
2023-08-03,HCLTECH,REDUCE
2023-08-03,HDFCBANK,REDUCE
2023-08-03,HINDALCO,REDUCE
2023-08-03,ICICIBANK,REDUCE
2023-08-03,ITC,REDUCE
2023-08-03,INDIGO,REDUCE
2023-08-03,MAXHEALTH,REDUCE
2023-08-03,NESTLEIND,REDUCE
2023-08-03,ONGC,REDUCE
2023-08-03,SBILIFE,REDUCE
2023-08-03,SBIN,REDUCE
2023-08-03,TCS,REDUCE
2023-08-03,TECHM,REDUCE
2023-08-03,TITAN,REDUCE
2023-08-03,ULTRACEMCO,REDUCE
2023-08-03,WIPRO,REDUCE
2023-08-04,ADANIPORTS,EXIT
2023-08-04,APOLLOHOSP,REDUCE
2023-08-04,AXISBANK,REDUCE
2023-08-04,BAJFINANCE,REDUCE
2023-08-04,COALINDIA,REDUCE
2023-08-04,ETERNAL,REDUCE
2023-08-04,GRASIM,REDUCE
2023-08-04,HCLTECH,REDUCE
2023-08-04,HDFCBANK,REDUCE
2023-08-04,HINDALCO,REDUCE
2023-08-04,ICICIBANK,REDUCE
2023-08-04,ITC,REDUCE
2023-08-04,INDIGO,REDUCE
2023-08-04,MARUTI,REDUCE
2023-08-04,MAXHEALTH,REDUCE
2023-08-04,NESTLEIND,REDUCE
2023-08-04,ONGC,REDUCE
2023-08-04,SBILIFE,REDUCE
2023-08-04,SBIN,REDUCE
2023-08-04,TCS,REDUCE
2023-08-04,TATACONSUM,REDUCE
2023-08-04,TITAN,REDUCE
2023-08-04,ULTRACEMCO,REDUCE
2023-08-04,WIPRO,REDUCE
2023-08-07,ADANIPORTS,REDUCE
2023-08-07,APOLLOHOSP,REDUCE
2023-08-07,AXISBANK,REDUCE
2023-08-07,BAJAJ-AUTO,REDUCE
2023-08-07,BAJFINANCE,REDUCE
2023-08-07,COALINDIA,REDUCE
2023-08-07,ETERNAL,REDUCE
2023-08-07,HCLTECH,REDUCE
2023-08-07,HDFCBANK,REDUCE
2023-08-07,HINDALCO,REDUCE
2023-08-07,ICICIBANK,REDUCE
2023-08-07,ITC,REDUCE
2023-08-07,INDIGO,REDUCE
2023-08-07,MARUTI,REDUCE
2023-08-07,MAXHEALTH,REDUCE
2023-08-07,NESTLEIND,REDUCE
2023-08-07,ONGC,REDUCE
2023-08-07,SBIN,REDUCE
2023-08-07,TCS,REDUCE
2023-08-07,TATACONSUM,REDUCE
2023-08-07,TITAN,REDUCE
2023-08-07,ULTRACEMCO,REDUCE
2023-08-07,WIPRO,REDUCE
2023-08-08,ADANIPORTS,EXIT
2023-08-08,APOLLOHOSP,REDUCE
2023-08-08,AXISBANK,REDUCE
2023-08-08,BAJAJ-AUTO,REDUCE
2023-08-08,BAJFINANCE,REDUCE
2023-08-08,COALINDIA,REDUCE
2023-08-08,ETERNAL,REDUCE
2023-08-08,HCLTECH,REDUCE
2023-08-08,HDFCBANK,REDUCE
2023-08-08,HINDALCO,REDUCE
2023-08-08,ICICIBANK,REDUCE
2023-08-08,ITC,REDUCE
2023-08-08,MARUTI,REDUCE
2023-08-08,MAXHEALTH,REDUCE
2023-08-08,NESTLEIND,REDUCE
2023-08-08,POWERGRID,REDUCE
2023-08-08,SBIN,REDUCE
2023-08-08,TCS,REDUCE
2023-08-08,TATACONSUM,REDUCE
2023-08-08,TITAN,REDUCE
2023-08-08,ULTRACEMCO,REDUCE
2023-08-08,WIPRO,REDUCE
2023-08-09,ADANIPORTS,REDUCE
2023-08-09,APOLLOHOSP,REDUCE
2023-08-09,ASIANPAINT,REDUCE
2023-08-09,AXISBANK,REDUCE
2023-08-09,BAJAJ-AUTO,REDUCE
2023-08-09,BAJFINANCE,REDUCE
2023-08-09,COALINDIA,REDUCE
2023-08-09,HCLTECH,REDUCE
2023-08-09,HDFCBANK,REDUCE
2023-08-09,HINDALCO,REDUCE
2023-08-09,ICICIBANK,REDUCE
2023-08-09,ITC,REDUCE
2023-08-09,MARUTI,REDUCE
2023-08-09,MAXHEALTH,REDUCE
2023-08-09,NESTLEIND,REDUCE
2023-08-09,POWERGRID,REDUCE
2023-08-09,SBIN,REDUCE
2023-08-09,TCS,REDUCE
2023-08-09,TITAN,REDUCE
2023-08-09,ULTRACEMCO,REDUCE
2023-08-09,WIPRO,REDUCE
2023-08-10,ADANIPORTS,EXIT
2023-08-10,APOLLOHOSP,REDUCE
2023-08-10,ASIANPAINT,REDUCE
2023-08-10,AXISBANK,REDUCE
2023-08-10,BAJAJ-AUTO,REDUCE
2023-08-10,BAJFINANCE,REDUCE
2023-08-10,COALINDIA,REDUCE
2023-08-10,ETERNAL,REDUCE
2023-08-10,HCLTECH,REDUCE
2023-08-10,HDFCBANK,REDUCE
2023-08-10,HINDALCO,REDUCE
2023-08-10,ICICIBANK,REDUCE
2023-08-10,ITC,REDUCE
2023-08-10,MARUTI,REDUCE
2023-08-10,MAXHEALTH,REDUCE
2023-08-10,NESTLEIND,REDUCE
2023-08-10,POWERGRID,REDUCE
2023-08-10,SBIN,REDUCE
2023-08-10,TCS,REDUCE
2023-08-10,TITAN,REDUCE
2023-08-10,ULTRACEMCO,REDUCE
2023-08-10,WIPRO,REDUCE
2023-08-11,ADANIPORTS,REDUCE
2023-08-11,APOLLOHOSP,REDUCE
2023-08-11,ASIANPAINT,REDUCE
2023-08-11,AXISBANK,REDUCE
2023-08-11,BAJAJ-AUTO,REDUCE
2023-08-11,BAJFINANCE,REDUCE
2023-08-11,COALINDIA,REDUCE
2023-08-11,ETERNAL,REDUCE
2023-08-11,HCLTECH,REDUCE
2023-08-11,HDFCBANK,REDUCE
2023-08-11,HINDALCO,REDUCE
2023-08-11,ICICIBANK,REDUCE
2023-08-11,ITC,REDUCE
2023-08-11,MARUTI,REDUCE
2023-08-11,MAXHEALTH,REDUCE
2023-08-11,NESTLEIND,REDUCE
2023-08-11,POWERGRID,REDUCE
2023-08-11,SBIN,REDUCE
2023-08-11,TCS,REDUCE
2023-08-11,TATACONSUM,REDUCE
2023-08-11,ULTRACEMCO,REDUCE
2023-08-11,WIPRO,REDUCE
2023-08-14,ADANIPORTS,EXIT
2023-08-14,APOLLOHOSP,REDUCE
2023-08-14,ASIANPAINT,REDUCE
2023-08-14,AXISBANK,REDUCE
2023-08-14,BAJAJ-AUTO,REDUCE
2023-08-14,BAJFINANCE,REDUCE
2023-08-14,COALINDIA,REDUCE
2023-08-14,ETERNAL,REDUCE
2023-08-14,HCLTECH,REDUCE
2023-08-14,HDFCBANK,EXIT
2023-08-14,HINDALCO,REDUCE
2023-08-14,ICICIBANK,REDUCE
2023-08-14,ITC,REDUCE
2023-08-14,MARUTI,REDUCE
2023-08-14,MAXHEALTH,EXIT
2023-08-14,NESTLEIND,REDUCE
2023-08-14,POWERGRID,REDUCE
2023-08-14,SBIN,EXIT
2023-08-14,TCS,REDUCE
2023-08-14,TATACONSUM,REDUCE
2023-08-14,ULTRACEMCO,REDUCE
2023-08-14,WIPRO,REDUCE
2023-08-16,ADANIPORTS,EXIT
2023-08-16,APOLLOHOSP,REDUCE
2023-08-16,ASIANPAINT,REDUCE
2023-08-16,AXISBANK,REDUCE
2023-08-16,BAJAJ-AUTO,REDUCE
2023-08-16,BAJFINANCE,REDUCE
2023-08-16,BHARTIARTL,REDUCE
2023-08-16,COALINDIA,REDUCE
2023-08-16,ETERNAL,REDUCE
2023-08-16,HCLTECH,REDUCE
2023-08-16,ICICIBANK,REDUCE
2023-08-16,ITC,REDUCE
2023-08-16,INDIGO,REDUCE
2023-08-16,MARUTI,REDUCE
2023-08-16,NESTLEIND,REDUCE
2023-08-16,TCS,REDUCE
2023-08-16,TATACONSUM,REDUCE
2023-08-16,ULTRACEMCO,REDUCE
2023-08-16,WIPRO,REDUCE
2023-08-17,ADANIPORTS,REDUCE
2023-08-17,APOLLOHOSP,REDUCE
2023-08-17,ASIANPAINT,REDUCE
2023-08-17,AXISBANK,REDUCE
2023-08-17,BAJAJ-AUTO,REDUCE
2023-08-17,BAJFINANCE,REDUCE
2023-08-17,BHARTIARTL,REDUCE
2023-08-17,COALINDIA,REDUCE
2023-08-17,ETERNAL,REDUCE
2023-08-17,HCLTECH,REDUCE
2023-08-17,ICICIBANK,REDUCE
2023-08-17,ITC,REDUCE
2023-08-17,INDIGO,REDUCE
2023-08-17,MARUTI,REDUCE
2023-08-17,NESTLEIND,REDUCE
2023-08-17,POWERGRID,REDUCE
2023-08-17,SBILIFE,REDUCE
2023-08-17,TATACONSUM,REDUCE
2023-08-17,ULTRACEMCO,REDUCE
2023-08-17,WIPRO,REDUCE
2023-08-18,APOLLOHOSP,REDUCE
2023-08-18,ASIANPAINT,REDUCE
2023-08-18,AXISBANK,REDUCE
2023-08-18,BAJAJ-AUTO,REDUCE
2023-08-18,BAJFINANCE,REDUCE
2023-08-18,BHARTIARTL,REDUCE
2023-08-18,COALINDIA,REDUCE
2023-08-18,ETERNAL,REDUCE
2023-08-18,ICICIBANK,REDUCE
2023-08-18,ITC,REDUCE
2023-08-18,INDIGO,REDUCE
2023-08-18,MARUTI,REDUCE
2023-08-18,NESTLEIND,REDUCE
2023-08-18,POWERGRID,REDUCE
2023-08-18,SBILIFE,REDUCE
2023-08-18,TATACONSUM,REDUCE
2023-08-18,ULTRACEMCO,REDUCE
2023-08-18,WIPRO,REDUCE
2023-08-21,APOLLOHOSP,REDUCE
2023-08-21,ASIANPAINT,REDUCE
2023-08-21,AXISBANK,REDUCE
2023-08-21,BAJAJ-AUTO,REDUCE
2023-08-21,BAJFINANCE,REDUCE
2023-08-21,BHARTIARTL,REDUCE
2023-08-21,COALINDIA,REDUCE
2023-08-21,ETERNAL,REDUCE
2023-08-21,HDFCLIFE,REDUCE
2023-08-21,ICICIBANK,REDUCE
2023-08-21,ITC,REDUCE
2023-08-21,INDIGO,REDUCE
2023-08-21,MARUTI,REDUCE
2023-08-21,NESTLEIND,REDUCE
2023-08-21,POWERGRID,REDUCE
2023-08-21,SBILIFE,REDUCE
2023-08-21,TATACONSUM,REDUCE
2023-08-21,ULTRACEMCO,REDUCE
2023-08-21,WIPRO,REDUCE
2023-08-22,ADANIENT,REDUCE
2023-08-22,APOLLOHOSP,REDUCE
2023-08-22,ASIANPAINT,REDUCE
2023-08-22,AXISBANK,REDUCE
2023-08-22,BAJAJ-AUTO,REDUCE
2023-08-22,BAJFINANCE,REDUCE
2023-08-22,BHARTIARTL,REDUCE
2023-08-22,COALINDIA,REDUCE
2023-08-22,ETERNAL,REDUCE
2023-08-22,HDFCLIFE,REDUCE
2023-08-22,ICICIBANK,REDUCE
2023-08-22,ITC,REDUCE
2023-08-22,INDIGO,REDUCE
2023-08-22,MARUTI,REDUCE
2023-08-22,NESTLEIND,REDUCE
2023-08-22,POWERGRID,REDUCE
2023-08-22,SBILIFE,REDUCE
2023-08-22,TATACONSUM,REDUCE
2023-08-22,ULTRACEMCO,REDUCE
2023-08-22,WIPRO,REDUCE
2023-08-23,ADANIENT,EXIT
2023-08-23,APOLLOHOSP,REDUCE
2023-08-23,ASIANPAINT,REDUCE
2023-08-23,AXISBANK,REDUCE
2023-08-23,BAJAJ-AUTO,REDUCE
2023-08-23,BAJFINANCE,REDUCE
2023-08-23,BHARTIARTL,REDUCE
2023-08-23,COALINDIA,REDUCE
2023-08-23,ETERNAL,REDUCE
2023-08-23,HDFCLIFE,REDUCE
2023-08-23,ICICIBANK,REDUCE
2023-08-23,ITC,REDUCE
2023-08-23,INDIGO,REDUCE
2023-08-23,MARUTI,REDUCE
2023-08-23,NESTLEIND,REDUCE
2023-08-23,POWERGRID,REDUCE
2023-08-23,SBILIFE,REDUCE
2023-08-23,TATACONSUM,REDUCE
2023-08-23,ULTRACEMCO,REDUCE
2023-08-23,WIPRO,REDUCE
2023-08-24,APOLLOHOSP,REDUCE
2023-08-24,ASIANPAINT,REDUCE
2023-08-24,AXISBANK,REDUCE
2023-08-24,BAJAJ-AUTO,REDUCE
2023-08-24,BAJFINANCE,REDUCE
2023-08-24,BHARTIARTL,REDUCE
2023-08-24,COALINDIA,REDUCE
2023-08-24,ETERNAL,REDUCE
2023-08-24,GRASIM,REDUCE
2023-08-24,HDFCLIFE,REDUCE
2023-08-24,ICICIBANK,REDUCE
2023-08-24,ITC,REDUCE
2023-08-24,INFY,REDUCE
2023-08-24,INDIGO,REDUCE
2023-08-24,JSWSTEEL,REDUCE
2023-08-24,MARUTI,REDUCE
2023-08-24,NESTLEIND,REDUCE
2023-08-24,POWERGRID,REDUCE
2023-08-24,SBILIFE,REDUCE
2023-08-24,TATACONSUM,REDUCE
2023-08-24,ULTRACEMCO,REDUCE
2023-08-24,WIPRO,REDUCE
2023-08-25,ADANIPORTS,EXIT
2023-08-25,APOLLOHOSP,REDUCE
2023-08-25,ASIANPAINT,REDUCE
2023-08-25,AXISBANK,REDUCE
2023-08-25,BAJAJ-AUTO,REDUCE
2023-08-25,BAJFINANCE,REDUCE
2023-08-25,COALINDIA,REDUCE
2023-08-25,ETERNAL,REDUCE
2023-08-25,GRASIM,REDUCE
2023-08-25,HDFCLIFE,REDUCE
2023-08-25,ICICIBANK,REDUCE
2023-08-25,ITC,REDUCE
2023-08-25,INFY,REDUCE
2023-08-25,INDIGO,REDUCE
2023-08-25,JSWSTEEL,REDUCE
2023-08-25,MARUTI,REDUCE
2023-08-25,NESTLEIND,REDUCE
2023-08-25,POWERGRID,REDUCE
2023-08-25,SBILIFE,REDUCE
2023-08-25,TATACONSUM,REDUCE
2023-08-25,ULTRACEMCO,REDUCE
2023-08-25,WIPRO,REDUCE
2023-08-28,ADANIPORTS,REDUCE
2023-08-28,APOLLOHOSP,REDUCE
2023-08-28,ASIANPAINT,REDUCE
2023-08-28,AXISBANK,REDUCE
2023-08-28,BAJAJ-AUTO,REDUCE
2023-08-28,BAJFINANCE,REDUCE
2023-08-28,COALINDIA,REDUCE
2023-08-28,ETERNAL,REDUCE
2023-08-28,GRASIM,REDUCE
2023-08-28,HCLTECH,REDUCE
2023-08-28,HDFCLIFE,REDUCE
2023-08-28,ITC,REDUCE
2023-08-28,INFY,REDUCE
2023-08-28,INDIGO,REDUCE
2023-08-28,JSWSTEEL,REDUCE
2023-08-28,MARUTI,REDUCE
2023-08-28,NESTLEIND,REDUCE
2023-08-28,POWERGRID,REDUCE
2023-08-28,RELIANCE,REDUCE
2023-08-28,SBILIFE,REDUCE
2023-08-28,TATACONSUM,REDUCE
2023-08-28,ULTRACEMCO,REDUCE
2023-08-28,WIPRO,REDUCE
2023-08-29,APOLLOHOSP,REDUCE
2023-08-29,ASIANPAINT,REDUCE
2023-08-29,AXISBANK,REDUCE
2023-08-29,BAJAJ-AUTO,REDUCE
2023-08-29,BAJFINANCE,REDUCE
2023-08-29,BHARTIARTL,REDUCE
2023-08-29,COALINDIA,REDUCE
2023-08-29,ETERNAL,REDUCE
2023-08-29,GRASIM,REDUCE
2023-08-29,HCLTECH,REDUCE
2023-08-29,HDFCLIFE,REDUCE
2023-08-29,ITC,REDUCE
2023-08-29,INFY,REDUCE
2023-08-29,INDIGO,REDUCE
2023-08-29,JSWSTEEL,REDUCE
2023-08-29,MARUTI,REDUCE
2023-08-29,NESTLEIND,REDUCE
2023-08-29,POWERGRID,REDUCE
2023-08-29,RELIANCE,REDUCE
2023-08-29,SBILIFE,REDUCE
2023-08-29,TATACONSUM,REDUCE
2023-08-29,ULTRACEMCO,REDUCE
2023-08-30,ADANIPORTS,EXIT
2023-08-30,APOLLOHOSP,REDUCE
2023-08-30,ASIANPAINT,REDUCE
2023-08-30,AXISBANK,REDUCE
2023-08-30,BAJAJ-AUTO,REDUCE
2023-08-30,BAJFINANCE,REDUCE
2023-08-30,BHARTIARTL,REDUCE
2023-08-30,COALINDIA,REDUCE
2023-08-30,ETERNAL,REDUCE
2023-08-30,GRASIM,REDUCE
2023-08-30,HCLTECH,REDUCE
2023-08-30,HDFCLIFE,REDUCE
2023-08-30,ITC,REDUCE
2023-08-30,INFY,REDUCE
2023-08-30,INDIGO,REDUCE
2023-08-30,JSWSTEEL,REDUCE
2023-08-30,MARUTI,REDUCE
2023-08-30,NESTLEIND,REDUCE
2023-08-30,POWERGRID,REDUCE
2023-08-30,RELIANCE,REDUCE
2023-08-30,SBILIFE,REDUCE
2023-08-30,TATACONSUM,REDUCE
2023-08-30,ULTRACEMCO,REDUCE
2023-08-31,ADANIPORTS,REDUCE
2023-08-31,APOLLOHOSP,REDUCE
2023-08-31,ASIANPAINT,REDUCE
2023-08-31,AXISBANK,REDUCE
2023-08-31,BAJAJ-AUTO,REDUCE
2023-08-31,BAJFINANCE,REDUCE
2023-08-31,BHARTIARTL,REDUCE
2023-08-31,COALINDIA,REDUCE
2023-08-31,ETERNAL,REDUCE
2023-08-31,GRASIM,REDUCE
2023-08-31,HCLTECH,REDUCE
2023-08-31,HDFCLIFE,REDUCE
2023-08-31,ITC,REDUCE
2023-08-31,INFY,REDUCE
2023-08-31,INDIGO,REDUCE
2023-08-31,JSWSTEEL,REDUCE
2023-08-31,NESTLEIND,REDUCE
2023-08-31,POWERGRID,REDUCE
2023-08-31,RELIANCE,REDUCE
2023-08-31,SBILIFE,REDUCE
2023-08-31,TCS,REDUCE
2023-08-31,TATACONSUM,REDUCE
2023-08-31,ULTRACEMCO,REDUCE
2023-09-01,ADANIPORTS,EXIT
2023-09-01,APOLLOHOSP,REDUCE
2023-09-01,ASIANPAINT,REDUCE
2023-09-01,AXISBANK,REDUCE
2023-09-01,BAJAJ-AUTO,REDUCE
2023-09-01,BAJFINANCE,REDUCE
2023-09-01,BHARTIARTL,REDUCE
2023-09-01,ETERNAL,REDUCE
2023-09-01,GRASIM,REDUCE
2023-09-01,HCLTECH,REDUCE
2023-09-01,HDFCLIFE,REDUCE
2023-09-01,ITC,REDUCE
2023-09-01,INFY,REDUCE
2023-09-01,INDIGO,REDUCE
2023-09-01,NESTLEIND,REDUCE
2023-09-01,POWERGRID,REDUCE
2023-09-01,RELIANCE,REDUCE
2023-09-01,SBILIFE,REDUCE
2023-09-01,TCS,REDUCE
2023-09-01,TATACONSUM,REDUCE
2023-09-01,ULTRACEMCO,REDUCE
2023-09-04,ADANIPORTS,REDUCE
2023-09-04,APOLLOHOSP,REDUCE
2023-09-04,ASIANPAINT,REDUCE
2023-09-04,AXISBANK,REDUCE
2023-09-04,BAJAJ-AUTO,REDUCE
2023-09-04,BAJFINANCE,REDUCE
2023-09-04,BHARTIARTL,REDUCE
2023-09-04,ETERNAL,REDUCE
2023-09-04,GRASIM,REDUCE
2023-09-04,HDFCLIFE,REDUCE
2023-09-04,ITC,REDUCE
2023-09-04,INFY,REDUCE
2023-09-04,INDIGO,REDUCE
2023-09-04,NESTLEIND,REDUCE
2023-09-04,POWERGRID,REDUCE
2023-09-04,RELIANCE,REDUCE
2023-09-04,SBILIFE,REDUCE
2023-09-04,TCS,REDUCE
2023-09-04,TATACONSUM,REDUCE
2023-09-04,ULTRACEMCO,REDUCE
2023-09-05,ADANIPORTS,EXIT
2023-09-05,APOLLOHOSP,REDUCE
2023-09-05,ASIANPAINT,REDUCE
2023-09-05,AXISBANK,REDUCE
2023-09-05,BAJAJ-AUTO,REDUCE
2023-09-05,BAJFINANCE,REDUCE
2023-09-05,BHARTIARTL,REDUCE
2023-09-05,ETERNAL,REDUCE
2023-09-05,HDFCLIFE,REDUCE
2023-09-05,ITC,REDUCE
2023-09-05,INFY,REDUCE
2023-09-05,INDIGO,REDUCE
2023-09-05,NESTLEIND,REDUCE
2023-09-05,POWERGRID,REDUCE
2023-09-05,RELIANCE,REDUCE
2023-09-05,SBILIFE,REDUCE
2023-09-05,TCS,REDUCE
2023-09-05,TATACONSUM,REDUCE
2023-09-05,ULTRACEMCO,REDUCE
2023-09-06,ADANIPORTS,REDUCE
2023-09-06,APOLLOHOSP,REDUCE
2023-09-06,ASIANPAINT,REDUCE
2023-09-06,AXISBANK,REDUCE
2023-09-06,BAJAJ-AUTO,REDUCE
2023-09-06,BAJFINANCE,REDUCE
2023-09-06,BHARTIARTL,REDUCE
2023-09-06,ETERNAL,REDUCE
2023-09-06,HDFCLIFE,REDUCE
2023-09-06,ICICIBANK,REDUCE
2023-09-06,ITC,REDUCE
2023-09-06,INFY,REDUCE
2023-09-06,INDIGO,REDUCE
2023-09-06,NESTLEIND,REDUCE
2023-09-06,POWERGRID,REDUCE
2023-09-06,RELIANCE,REDUCE
2023-09-06,SBILIFE,REDUCE
2023-09-06,TATACONSUM,REDUCE
2023-09-06,ULTRACEMCO,REDUCE
2023-09-07,ADANIPORTS,EXIT
2023-09-07,APOLLOHOSP,REDUCE
2023-09-07,ASIANPAINT,REDUCE
2023-09-07,AXISBANK,REDUCE
2023-09-07,BAJAJ-AUTO,REDUCE
2023-09-07,BAJFINANCE,REDUCE
2023-09-07,BHARTIARTL,REDUCE
2023-09-07,ETERNAL,REDUCE
2023-09-07,HDFCLIFE,REDUCE
2023-09-07,ICICIBANK,REDUCE
2023-09-07,ITC,REDUCE
2023-09-07,INFY,REDUCE
2023-09-07,INDIGO,REDUCE
2023-09-07,NESTLEIND,REDUCE
2023-09-07,POWERGRID,REDUCE
2023-09-07,RELIANCE,REDUCE
2023-09-07,SBILIFE,REDUCE
2023-09-07,TATACONSUM,REDUCE
2023-09-07,ULTRACEMCO,REDUCE
2023-09-08,ADANIPORTS,REDUCE
2023-09-08,APOLLOHOSP,REDUCE
2023-09-08,ASIANPAINT,REDUCE
2023-09-08,AXISBANK,REDUCE
2023-09-08,BAJAJ-AUTO,REDUCE
2023-09-08,BAJFINANCE,REDUCE
2023-09-08,BHARTIARTL,REDUCE
2023-09-08,ETERNAL,REDUCE
2023-09-08,HDFCLIFE,REDUCE
2023-09-08,ICICIBANK,REDUCE
2023-09-08,ITC,REDUCE
2023-09-08,INFY,REDUCE
2023-09-08,INDIGO,REDUCE
2023-09-08,NESTLEIND,REDUCE
2023-09-08,POWERGRID,REDUCE
2023-09-08,RELIANCE,REDUCE
2023-09-08,SBILIFE,REDUCE
2023-09-08,TATACONSUM,REDUCE
2023-09-08,ULTRACEMCO,REDUCE
2023-09-11,ADANIENT,REDUCE
2023-09-11,APOLLOHOSP,REDUCE
2023-09-11,ASIANPAINT,REDUCE
2023-09-11,AXISBANK,REDUCE
2023-09-11,BAJAJ-AUTO,REDUCE
2023-09-11,BAJFINANCE,REDUCE
2023-09-11,BHARTIARTL,REDUCE
2023-09-11,ETERNAL,REDUCE
2023-09-11,HDFCLIFE,REDUCE
2023-09-11,ICICIBANK,REDUCE
2023-09-11,ITC,REDUCE
2023-09-11,INFY,REDUCE
2023-09-11,INDIGO,REDUCE
2023-09-11,NESTLEIND,REDUCE
2023-09-11,POWERGRID,REDUCE
2023-09-11,RELIANCE,REDUCE
2023-09-11,SBILIFE,REDUCE
2023-09-11,TATACONSUM,REDUCE
2023-09-11,ULTRACEMCO,REDUCE
2023-09-12,ADANIENT,EXIT
2023-09-12,APOLLOHOSP,REDUCE
2023-09-12,ASIANPAINT,REDUCE
2023-09-12,AXISBANK,REDUCE
2023-09-12,BAJAJ-AUTO,REDUCE
2023-09-12,BAJFINANCE,REDUCE
2023-09-12,BHARTIARTL,REDUCE
2023-09-12,ETERNAL,REDUCE
2023-09-12,HDFCLIFE,REDUCE
2023-09-12,ITC,REDUCE
2023-09-12,INFY,REDUCE
2023-09-12,INDIGO,REDUCE
2023-09-12,NESTLEIND,REDUCE
2023-09-12,POWERGRID,REDUCE
2023-09-12,RELIANCE,REDUCE
2023-09-12,SBILIFE,REDUCE
2023-09-12,TATACONSUM,REDUCE
2023-09-12,ULTRACEMCO,REDUCE
2023-09-13,ADANIENT,EXIT
2023-09-13,APOLLOHOSP,REDUCE
2023-09-13,ASIANPAINT,REDUCE
2023-09-13,AXISBANK,REDUCE
2023-09-13,BAJAJ-AUTO,REDUCE
2023-09-13,BAJFINANCE,REDUCE
2023-09-13,HDFCLIFE,REDUCE
2023-09-13,ITC,REDUCE
2023-09-13,INFY,REDUCE
2023-09-13,INDIGO,REDUCE
2023-09-13,NESTLEIND,REDUCE
2023-09-13,POWERGRID,REDUCE
2023-09-13,RELIANCE,REDUCE
2023-09-13,SBILIFE,REDUCE
2023-09-13,TATACONSUM,REDUCE
2023-09-13,ULTRACEMCO,REDUCE
2023-09-14,APOLLOHOSP,REDUCE
2023-09-14,ASIANPAINT,REDUCE
2023-09-14,AXISBANK,REDUCE
2023-09-14,BAJAJ-AUTO,REDUCE
2023-09-14,BAJFINANCE,REDUCE
2023-09-14,HDFCLIFE,REDUCE
2023-09-14,ITC,REDUCE
2023-09-14,INFY,REDUCE
2023-09-14,INDIGO,REDUCE
2023-09-14,NESTLEIND,REDUCE
2023-09-14,POWERGRID,REDUCE
2023-09-14,RELIANCE,REDUCE
2023-09-14,SBILIFE,REDUCE
2023-09-14,TATACONSUM,REDUCE
2023-09-14,ULTRACEMCO,REDUCE
2023-09-15,APOLLOHOSP,REDUCE
2023-09-15,ASIANPAINT,REDUCE
2023-09-15,AXISBANK,REDUCE
2023-09-15,BAJAJ-AUTO,REDUCE
2023-09-15,BAJFINANCE,REDUCE
2023-09-15,EICHERMOT,REDUCE
2023-09-15,HDFCLIFE,REDUCE
2023-09-15,ITC,REDUCE
2023-09-15,INFY,REDUCE
2023-09-15,INDIGO,REDUCE
2023-09-15,NESTLEIND,REDUCE
2023-09-15,POWERGRID,REDUCE
2023-09-15,RELIANCE,REDUCE
2023-09-15,TATACONSUM,REDUCE
2023-09-15,ULTRACEMCO,REDUCE
2023-09-18,APOLLOHOSP,REDUCE
2023-09-18,ASIANPAINT,REDUCE
2023-09-18,AXISBANK,REDUCE
2023-09-18,BAJFINANCE,REDUCE
2023-09-18,HDFCLIFE,REDUCE
2023-09-18,ITC,REDUCE
2023-09-18,INDIGO,REDUCE
2023-09-18,NESTLEIND,REDUCE
2023-09-18,RELIANCE,REDUCE
2023-09-18,TATACONSUM,REDUCE
2023-09-18,ULTRACEMCO,REDUCE
2023-09-20,ADANIPORTS,EXIT
2023-09-20,APOLLOHOSP,REDUCE
2023-09-20,ASIANPAINT,REDUCE
2023-09-20,BAJFINANCE,REDUCE
2023-09-20,ETERNAL,REDUCE
2023-09-20,HDFCLIFE,REDUCE
2023-09-20,ITC,REDUCE
2023-09-20,INDIGO,REDUCE
2023-09-20,JSWSTEEL,REDUCE
2023-09-20,NESTLEIND,REDUCE
2023-09-20,RELIANCE,REDUCE
2023-09-20,TATACONSUM,REDUCE
2023-09-20,ULTRACEMCO,REDUCE
2023-09-21,ADANIPORTS,REDUCE
2023-09-21,APOLLOHOSP,REDUCE
2023-09-21,ASIANPAINT,REDUCE
2023-09-21,BAJFINANCE,REDUCE
2023-09-21,ETERNAL,REDUCE
2023-09-21,HDFCLIFE,REDUCE
2023-09-21,ICICIBANK,REDUCE
2023-09-21,ITC,REDUCE
2023-09-21,INDIGO,REDUCE
2023-09-21,JSWSTEEL,REDUCE
2023-09-21,NESTLEIND,REDUCE
2023-09-21,RELIANCE,REDUCE
2023-09-21,TATACONSUM,REDUCE
2023-09-21,ULTRACEMCO,REDUCE
2023-09-22,APOLLOHOSP,REDUCE
2023-09-22,ASIANPAINT,REDUCE
2023-09-22,BAJFINANCE,REDUCE
2023-09-22,HDFCLIFE,REDUCE
2023-09-22,ICICIBANK,REDUCE
2023-09-22,ITC,REDUCE
2023-09-22,INDIGO,REDUCE
2023-09-22,JSWSTEEL,REDUCE
2023-09-22,NESTLEIND,REDUCE
2023-09-22,RELIANCE,REDUCE
2023-09-22,ULTRACEMCO,REDUCE
2023-09-25,APOLLOHOSP,REDUCE
2023-09-25,ASIANPAINT,REDUCE
2023-09-25,HDFCLIFE,REDUCE
2023-09-25,ICICIBANK,REDUCE
2023-09-25,ITC,REDUCE
2023-09-25,INDIGO,REDUCE
2023-09-25,JSWSTEEL,REDUCE
2023-09-25,NESTLEIND,REDUCE
2023-09-25,RELIANCE,REDUCE
2023-09-25,SBILIFE,REDUCE
2023-09-25,ULTRACEMCO,REDUCE
2023-09-26,APOLLOHOSP,REDUCE
2023-09-26,ASIANPAINT,REDUCE
2023-09-26,HDFCLIFE,REDUCE
2023-09-26,ICICIBANK,REDUCE
2023-09-26,ITC,REDUCE
2023-09-26,INDIGO,REDUCE
2023-09-26,JSWSTEEL,REDUCE
2023-09-26,NESTLEIND,REDUCE
2023-09-26,RELIANCE,REDUCE
2023-09-26,SBILIFE,REDUCE
2023-09-26,ULTRACEMCO,REDUCE
2023-09-26,WIPRO,REDUCE
2023-09-27,APOLLOHOSP,REDUCE
2023-09-27,ASIANPAINT,REDUCE
2023-09-27,ETERNAL,REDUCE
2023-09-27,HDFCLIFE,REDUCE
2023-09-27,ICICIBANK,REDUCE
2023-09-27,ITC,REDUCE
2023-09-27,INDIGO,REDUCE
2023-09-27,JSWSTEEL,REDUCE
2023-09-27,NESTLEIND,REDUCE
2023-09-27,RELIANCE,REDUCE
2023-09-27,SBILIFE,REDUCE
2023-09-27,ULTRACEMCO,REDUCE
2023-09-27,WIPRO,REDUCE
2023-09-28,APOLLOHOSP,REDUCE
2023-09-28,ASIANPAINT,REDUCE
2023-09-28,ETERNAL,REDUCE
2023-09-28,HDFCLIFE,REDUCE
2023-09-28,ICICIBANK,REDUCE
2023-09-28,ITC,REDUCE
2023-09-28,INDIGO,REDUCE
2023-09-28,JSWSTEEL,REDUCE
2023-09-28,NESTLEIND,REDUCE
2023-09-28,RELIANCE,REDUCE
2023-09-28,SBILIFE,REDUCE
2023-09-28,ULTRACEMCO,REDUCE
2023-09-28,WIPRO,REDUCE
2023-09-29,APOLLOHOSP,REDUCE
2023-09-29,ASIANPAINT,REDUCE
2023-09-29,HDFCLIFE,REDUCE
2023-09-29,ICICIBANK,REDUCE
2023-09-29,ITC,REDUCE
2023-09-29,INDIGO,REDUCE
2023-09-29,JSWSTEEL,REDUCE
2023-09-29,NESTLEIND,REDUCE
2023-09-29,RELIANCE,REDUCE
2023-09-29,SBILIFE,REDUCE
2023-09-29,ULTRACEMCO,REDUCE
2023-09-29,WIPRO,REDUCE
2023-10-03,APOLLOHOSP,REDUCE
2023-10-03,ASIANPAINT,REDUCE
2023-10-03,ETERNAL,REDUCE
2023-10-03,HDFCLIFE,REDUCE
2023-10-03,ICICIBANK,REDUCE
2023-10-03,ITC,REDUCE
2023-10-03,INDIGO,REDUCE
2023-10-03,JSWSTEEL,REDUCE
2023-10-03,M&M,REDUCE
2023-10-03,NESTLEIND,REDUCE
2023-10-03,RELIANCE,REDUCE
2023-10-03,SBILIFE,REDUCE
2023-10-03,TECHM,REDUCE
2023-10-03,WIPRO,REDUCE
2023-10-04,APOLLOHOSP,REDUCE
2023-10-04,ASIANPAINT,REDUCE
2023-10-04,ETERNAL,REDUCE
2023-10-04,HDFCLIFE,REDUCE
2023-10-04,ICICIBANK,REDUCE
2023-10-04,ITC,REDUCE
2023-10-04,INDIGO,REDUCE
2023-10-04,JSWSTEEL,REDUCE
2023-10-04,M&M,REDUCE
2023-10-04,NESTLEIND,REDUCE
2023-10-04,RELIANCE,REDUCE
2023-10-04,SBILIFE,REDUCE
2023-10-04,SHRIRAMFIN,REDUCE
2023-10-04,TECHM,REDUCE
2023-10-04,ULTRACEMCO,REDUCE
2023-10-04,WIPRO,REDUCE
2023-10-05,APOLLOHOSP,REDUCE
2023-10-05,ASIANPAINT,REDUCE
2023-10-05,DRREDDY,REDUCE
2023-10-05,ETERNAL,REDUCE
2023-10-05,HDFCLIFE,REDUCE
2023-10-05,ICICIBANK,REDUCE
2023-10-05,ITC,REDUCE
2023-10-05,INDIGO,REDUCE
2023-10-05,JSWSTEEL,REDUCE
2023-10-05,M&M,REDUCE
2023-10-05,NESTLEIND,REDUCE
2023-10-05,RELIANCE,REDUCE
2023-10-05,SBILIFE,REDUCE
2023-10-05,SHRIRAMFIN,REDUCE
2023-10-05,TECHM,REDUCE
2023-10-05,ULTRACEMCO,REDUCE
2023-10-05,WIPRO,REDUCE
2023-10-06,APOLLOHOSP,REDUCE
2023-10-06,ASIANPAINT,REDUCE
2023-10-06,DRREDDY,REDUCE
2023-10-06,ETERNAL,REDUCE
2023-10-06,HDFCLIFE,REDUCE
2023-10-06,ICICIBANK,REDUCE
2023-10-06,ITC,REDUCE
2023-10-06,INDIGO,REDUCE
2023-10-06,JSWSTEEL,REDUCE
2023-10-06,M&M,REDUCE
2023-10-06,NESTLEIND,REDUCE
2023-10-06,RELIANCE,REDUCE
2023-10-06,SBILIFE,REDUCE
2023-10-06,SHRIRAMFIN,REDUCE
2023-10-06,TECHM,REDUCE
2023-10-06,ULTRACEMCO,REDUCE
2023-10-06,WIPRO,REDUCE
2023-10-09,APOLLOHOSP,REDUCE
2023-10-09,ASIANPAINT,REDUCE
2023-10-09,DRREDDY,REDUCE
2023-10-09,HDFCLIFE,REDUCE
2023-10-09,ICICIBANK,REDUCE
2023-10-09,ITC,REDUCE
2023-10-09,INDIGO,REDUCE
2023-10-09,JSWSTEEL,REDUCE
2023-10-09,M&M,REDUCE
2023-10-09,NESTLEIND,REDUCE
2023-10-09,RELIANCE,EXIT
2023-10-09,SBILIFE,REDUCE
2023-10-09,SHRIRAMFIN,REDUCE
2023-10-09,TECHM,REDUCE
2023-10-09,ULTRACEMCO,REDUCE
2023-10-09,WIPRO,REDUCE
2023-10-10,APOLLOHOSP,REDUCE
2023-10-10,ASIANPAINT,REDUCE
2023-10-10,CIPLA,REDUCE
2023-10-10,DRREDDY,REDUCE
2023-10-10,ETERNAL,REDUCE
2023-10-10,HDFCLIFE,REDUCE
2023-10-10,ICICIBANK,REDUCE
2023-10-10,ITC,REDUCE
2023-10-10,INDIGO,REDUCE
2023-10-10,JSWSTEEL,REDUCE
2023-10-10,M&M,REDUCE
2023-10-10,SBILIFE,REDUCE
2023-10-10,SUNPHARMA,REDUCE
2023-10-10,ULTRACEMCO,REDUCE
2023-10-10,WIPRO,REDUCE
2023-10-11,APOLLOHOSP,REDUCE
2023-10-11,ASIANPAINT,REDUCE
2023-10-11,BAJAJFINSV,REDUCE
2023-10-11,CIPLA,REDUCE
2023-10-11,DRREDDY,REDUCE
2023-10-11,HDFCLIFE,REDUCE
2023-10-11,ICICIBANK,REDUCE
2023-10-11,ITC,REDUCE
2023-10-11,INDIGO,REDUCE
2023-10-11,JSWSTEEL,REDUCE
2023-10-11,SBILIFE,REDUCE
2023-10-11,SUNPHARMA,REDUCE
2023-10-11,ULTRACEMCO,REDUCE
2023-10-12,APOLLOHOSP,REDUCE
2023-10-12,ASIANPAINT,REDUCE
2023-10-12,CIPLA,REDUCE
2023-10-12,DRREDDY,REDUCE
2023-10-12,ETERNAL,REDUCE
2023-10-12,HDFCLIFE,REDUCE
2023-10-12,ICICIBANK,REDUCE
2023-10-12,ITC,REDUCE
2023-10-12,INDIGO,REDUCE
2023-10-12,JSWSTEEL,REDUCE
2023-10-12,SUNPHARMA,REDUCE
2023-10-12,ULTRACEMCO,REDUCE
2023-10-13,APOLLOHOSP,REDUCE
2023-10-13,ASIANPAINT,REDUCE
2023-10-13,CIPLA,REDUCE
2023-10-13,DRREDDY,REDUCE
2023-10-13,HDFCLIFE,REDUCE
2023-10-13,ICICIBANK,REDUCE
2023-10-13,ITC,REDUCE
2023-10-13,INDIGO,REDUCE
2023-10-13,JSWSTEEL,REDUCE
2023-10-13,MAXHEALTH,REDUCE
2023-10-13,SUNPHARMA,REDUCE
2023-10-13,ULTRACEMCO,REDUCE
2023-10-13,WIPRO,REDUCE
2023-10-16,APOLLOHOSP,REDUCE
2023-10-16,ASIANPAINT,REDUCE
2023-10-16,CIPLA,REDUCE
2023-10-16,DRREDDY,REDUCE
2023-10-16,HDFCLIFE,REDUCE
2023-10-16,ICICIBANK,REDUCE
2023-10-16,ITC,REDUCE
2023-10-16,INDIGO,REDUCE
2023-10-16,JSWSTEEL,REDUCE
2023-10-16,MAXHEALTH,REDUCE
2023-10-16,SHRIRAMFIN,REDUCE
2023-10-16,SUNPHARMA,REDUCE
2023-10-16,ULTRACEMCO,REDUCE
2023-10-16,WIPRO,REDUCE
2023-10-17,ADANIPORTS,REDUCE
2023-10-17,APOLLOHOSP,REDUCE
2023-10-17,ASIANPAINT,REDUCE
2023-10-17,CIPLA,REDUCE
2023-10-17,DRREDDY,REDUCE
2023-10-17,HDFCLIFE,REDUCE
2023-10-17,ICICIBANK,REDUCE
2023-10-17,ITC,REDUCE
2023-10-17,JSWSTEEL,REDUCE
2023-10-17,MAXHEALTH,REDUCE
2023-10-17,SHRIRAMFIN,REDUCE
2023-10-17,SUNPHARMA,REDUCE
2023-10-17,ULTRACEMCO,REDUCE
2023-10-17,WIPRO,REDUCE
2023-10-18,ADANIPORTS,REDUCE
2023-10-18,APOLLOHOSP,REDUCE
2023-10-18,ASIANPAINT,REDUCE
2023-10-18,CIPLA,REDUCE
2023-10-18,DRREDDY,REDUCE
2023-10-18,ETERNAL,REDUCE
2023-10-18,HDFCLIFE,REDUCE
2023-10-18,ICICIBANK,REDUCE
2023-10-18,ITC,REDUCE
2023-10-18,JSWSTEEL,REDUCE
2023-10-18,SHRIRAMFIN,REDUCE
2023-10-18,SUNPHARMA,REDUCE
2023-10-18,TCS,REDUCE
2023-10-18,TECHM,REDUCE
2023-10-18,ULTRACEMCO,REDUCE
2023-10-18,WIPRO,REDUCE
2023-10-19,ADANIPORTS,REDUCE
2023-10-19,APOLLOHOSP,REDUCE
2023-10-19,ASIANPAINT,REDUCE
2023-10-19,CIPLA,REDUCE
2023-10-19,DRREDDY,REDUCE
2023-10-19,ETERNAL,REDUCE
2023-10-19,HDFCLIFE,REDUCE
2023-10-19,ICICIBANK,REDUCE
2023-10-19,ITC,REDUCE
2023-10-19,JSWSTEEL,REDUCE
2023-10-19,SHRIRAMFIN,REDUCE
2023-10-19,SUNPHARMA,REDUCE
2023-10-19,TCS,REDUCE
2023-10-19,TECHM,REDUCE
2023-10-19,WIPRO,EXIT
2023-10-20,ADANIPORTS,REDUCE
2023-10-20,APOLLOHOSP,REDUCE
2023-10-20,ASIANPAINT,REDUCE
2023-10-20,CIPLA,REDUCE
2023-10-20,DRREDDY,REDUCE
2023-10-20,ETERNAL,REDUCE
2023-10-20,HDFCLIFE,REDUCE
2023-10-20,ICICIBANK,REDUCE
2023-10-20,ITC,REDUCE
2023-10-20,INDIGO,REDUCE
2023-10-20,JSWSTEEL,REDUCE
2023-10-20,SHRIRAMFIN,REDUCE
2023-10-20,SUNPHARMA,REDUCE
2023-10-20,TCS,REDUCE
2023-10-20,TECHM,REDUCE
2023-10-23,ADANIPORTS,REDUCE
2023-10-23,APOLLOHOSP,REDUCE
2023-10-23,ASIANPAINT,REDUCE
2023-10-23,CIPLA,REDUCE
2023-10-23,DRREDDY,REDUCE
2023-10-23,ETERNAL,REDUCE
2023-10-23,HDFCLIFE,REDUCE
2023-10-23,HINDALCO,REDUCE
2023-10-23,ICICIBANK,REDUCE
2023-10-23,ITC,REDUCE
2023-10-23,INDIGO,REDUCE
2023-10-23,JSWSTEEL,REDUCE
2023-10-23,SHRIRAMFIN,REDUCE
2023-10-23,SUNPHARMA,REDUCE
2023-10-23,TCS,REDUCE
2023-10-23,TECHM,REDUCE
2023-10-25,ADANIPORTS,REDUCE
2023-10-25,APOLLOHOSP,REDUCE
2023-10-25,ASIANPAINT,EXIT
2023-10-25,CIPLA,REDUCE
2023-10-25,DRREDDY,REDUCE
2023-10-25,ETERNAL,REDUCE
2023-10-25,HDFCLIFE,REDUCE
2023-10-25,HINDALCO,REDUCE
2023-10-25,ICICIBANK,REDUCE
2023-10-25,ITC,REDUCE
2023-10-25,INFY,EXIT
2023-10-25,INDIGO,REDUCE
2023-10-25,JSWSTEEL,REDUCE
2023-10-25,SBILIFE,REDUCE
2023-10-25,SHRIRAMFIN,REDUCE
2023-10-25,SUNPHARMA,REDUCE
2023-10-25,TCS,REDUCE
2023-10-25,TECHM,REDUCE
2023-10-26,ADANIPORTS,REDUCE
2023-10-26,APOLLOHOSP,REDUCE
2023-10-26,BEL,REDUCE
2023-10-26,CIPLA,REDUCE
2023-10-26,DRREDDY,REDUCE
2023-10-26,ETERNAL,REDUCE
2023-10-26,HDFCLIFE,REDUCE
2023-10-26,HINDALCO,REDUCE
2023-10-26,ICICIBANK,EXIT
2023-10-26,ITC,REDUCE
2023-10-26,INDIGO,REDUCE
2023-10-26,JSWSTEEL,EXIT
2023-10-26,M&M,REDUCE
2023-10-26,SBILIFE,REDUCE
2023-10-26,SHRIRAMFIN,REDUCE
2023-10-26,SUNPHARMA,REDUCE
2023-10-26,TCS,REDUCE
2023-10-26,TECHM,REDUCE
2023-10-27,ADANIPORTS,REDUCE
2023-10-27,APOLLOHOSP,REDUCE
2023-10-27,BEL,REDUCE
2023-10-27,CIPLA,REDUCE
2023-10-27,DRREDDY,REDUCE
2023-10-27,ETERNAL,REDUCE
2023-10-27,HDFCLIFE,REDUCE
2023-10-27,HINDALCO,REDUCE
2023-10-27,ITC,REDUCE
2023-10-27,INDIGO,REDUCE
2023-10-27,M&M,REDUCE
2023-10-27,SBILIFE,REDUCE
2023-10-27,SUNPHARMA,REDUCE
2023-10-27,TCS,REDUCE
2023-10-27,TECHM,REDUCE
2023-10-30,ADANIPORTS,REDUCE
2023-10-30,APOLLOHOSP,REDUCE
2023-10-30,BEL,REDUCE
2023-10-30,CIPLA,REDUCE
2023-10-30,DRREDDY,REDUCE
2023-10-30,ETERNAL,REDUCE
2023-10-30,HDFCLIFE,REDUCE
2023-10-30,HINDALCO,REDUCE
2023-10-30,ITC,REDUCE
2023-10-30,M&M,REDUCE
2023-10-30,SUNPHARMA,REDUCE
2023-10-30,TCS,REDUCE
2023-10-30,TECHM,REDUCE
2023-10-31,ADANIPORTS,REDUCE
2023-10-31,APOLLOHOSP,REDUCE
2023-10-31,BEL,REDUCE
2023-10-31,CIPLA,REDUCE
2023-10-31,DRREDDY,REDUCE
2023-10-31,EICHERMOT,EXIT
2023-10-31,ETERNAL,REDUCE
2023-10-31,HDFCLIFE,REDUCE
2023-10-31,HINDALCO,REDUCE
2023-10-31,ITC,REDUCE
2023-10-31,INDIGO,REDUCE
2023-10-31,M&M,REDUCE
2023-10-31,SUNPHARMA,REDUCE
2023-10-31,TCS,REDUCE
2023-10-31,TECHM,REDUCE
2023-11-01,ADANIPORTS,REDUCE
2023-11-01,APOLLOHOSP,REDUCE
2023-11-01,BEL,REDUCE
2023-11-01,CIPLA,REDUCE
2023-11-01,DRREDDY,REDUCE
2023-11-01,ETERNAL,REDUCE
2023-11-01,HDFCLIFE,REDUCE
2023-11-01,HINDALCO,REDUCE
2023-11-01,ITC,REDUCE
2023-11-01,INDIGO,REDUCE
2023-11-01,M&M,REDUCE
2023-11-01,SUNPHARMA,REDUCE
2023-11-01,TCS,REDUCE
2023-11-01,TECHM,REDUCE
2023-11-02,ADANIPORTS,REDUCE
2023-11-02,APOLLOHOSP,REDUCE
2023-11-02,BEL,REDUCE
2023-11-02,CIPLA,REDUCE
2023-11-02,DRREDDY,REDUCE
2023-11-02,ETERNAL,REDUCE
2023-11-02,HDFCLIFE,REDUCE
2023-11-02,ITC,REDUCE
2023-11-02,JIOFIN,REDUCE
2023-11-02,M&M,REDUCE
2023-11-02,SUNPHARMA,REDUCE
2023-11-02,TCS,REDUCE
2023-11-02,TECHM,REDUCE
2023-11-03,ADANIPORTS,REDUCE
2023-11-03,BEL,REDUCE
2023-11-03,CIPLA,REDUCE
2023-11-03,DRREDDY,REDUCE
2023-11-03,EICHERMOT,REDUCE
2023-11-03,ETERNAL,REDUCE
2023-11-03,HDFCLIFE,REDUCE
2023-11-03,ITC,REDUCE
2023-11-03,M&M,REDUCE
2023-11-03,SUNPHARMA,REDUCE
2023-11-03,TCS,REDUCE
2023-11-03,TATASTEEL,REDUCE
2023-11-03,TECHM,REDUCE
2023-11-06,ADANIPORTS,REDUCE
2023-11-06,CIPLA,REDUCE
2023-11-06,DRREDDY,REDUCE
2023-11-06,ETERNAL,REDUCE
2023-11-06,HDFCLIFE,REDUCE
2023-11-06,ITC,REDUCE
2023-11-06,M&M,REDUCE
2023-11-06,TCS,REDUCE
2023-11-06,TATASTEEL,REDUCE
2023-11-06,TECHM,REDUCE
2023-11-07,ADANIPORTS,REDUCE
2023-11-07,CIPLA,REDUCE
2023-11-07,DRREDDY,REDUCE
2023-11-07,ETERNAL,REDUCE
2023-11-07,HDFCLIFE,REDUCE
2023-11-07,ITC,REDUCE
2023-11-07,M&M,REDUCE
2023-11-07,TCS,REDUCE
2023-11-07,TATASTEEL,REDUCE
2023-11-07,TECHM,REDUCE
2023-11-08,ADANIPORTS,REDUCE
2023-11-08,DRREDDY,REDUCE
2023-11-08,ETERNAL,REDUCE
2023-11-08,HDFCLIFE,REDUCE
2023-11-08,ITC,REDUCE
2023-11-08,M&M,REDUCE
2023-11-08,TCS,REDUCE
2023-11-08,TATASTEEL,REDUCE
2023-11-08,TECHM,REDUCE
2023-11-09,ADANIPORTS,REDUCE
2023-11-09,DRREDDY,REDUCE
2023-11-09,ETERNAL,REDUCE
2023-11-09,HDFCLIFE,REDUCE
2023-11-09,ITC,REDUCE
2023-11-09,M&M,REDUCE
2023-11-09,TCS,REDUCE
2023-11-09,TATASTEEL,REDUCE
2023-11-09,TECHM,REDUCE
2023-11-10,ADANIPORTS,REDUCE
2023-11-10,DRREDDY,REDUCE
2023-11-10,ETERNAL,REDUCE
2023-11-10,HDFCLIFE,REDUCE
2023-11-10,ITC,REDUCE
2023-11-10,M&M,REDUCE
2023-11-10,TCS,REDUCE
2023-11-10,TATASTEEL,REDUCE
2023-11-10,TECHM,REDUCE
2023-11-13,ADANIPORTS,REDUCE
2023-11-13,BAJFINANCE,REDUCE
2023-11-13,DRREDDY,REDUCE
2023-11-13,ETERNAL,REDUCE
2023-11-13,HDFCLIFE,REDUCE
2023-11-13,ITC,REDUCE
2023-11-13,M&M,REDUCE
2023-11-13,SBIN,REDUCE
2023-11-13,TCS,EXIT
2023-11-13,TATASTEEL,REDUCE
2023-11-13,TECHM,REDUCE
2023-11-15,ADANIPORTS,REDUCE
2023-11-15,BAJFINANCE,REDUCE
2023-11-15,DRREDDY,REDUCE
2023-11-15,ETERNAL,REDUCE
2023-11-15,HDFCLIFE,REDUCE
2023-11-15,ITC,REDUCE
2023-11-15,M&M,REDUCE
2023-11-15,TATASTEEL,REDUCE
2023-11-15,TECHM,REDUCE
2023-11-16,ADANIPORTS,REDUCE
2023-11-16,BAJFINANCE,REDUCE
2023-11-16,DRREDDY,REDUCE
2023-11-16,ETERNAL,REDUCE
2023-11-16,HDFCLIFE,REDUCE
2023-11-16,ITC,REDUCE
2023-11-16,M&M,REDUCE
2023-11-16,TCS,REDUCE
2023-11-16,TATASTEEL,REDUCE
2023-11-16,TECHM,REDUCE
2023-11-17,ADANIPORTS,REDUCE
2023-11-17,AXISBANK,REDUCE
2023-11-17,BAJFINANCE,REDUCE
2023-11-17,DRREDDY,REDUCE
2023-11-17,ETERNAL,REDUCE
2023-11-17,HDFCLIFE,REDUCE
2023-11-17,ITC,REDUCE
2023-11-17,M&M,REDUCE
2023-11-17,SBIN,EXIT
2023-11-17,TATASTEEL,REDUCE
2023-11-17,TECHM,REDUCE
2023-11-20,ADANIPORTS,REDUCE
2023-11-20,AXISBANK,REDUCE
2023-11-20,BAJFINANCE,REDUCE
2023-11-20,DRREDDY,REDUCE
2023-11-20,ETERNAL,REDUCE
2023-11-20,HDFCLIFE,REDUCE
2023-11-20,ITC,REDUCE
2023-11-20,M&M,REDUCE
2023-11-20,TATASTEEL,REDUCE
2023-11-20,TECHM,REDUCE
2023-11-21,ADANIPORTS,REDUCE
2023-11-21,AXISBANK,REDUCE
2023-11-21,BAJFINANCE,REDUCE
2023-11-21,DRREDDY,REDUCE
2023-11-21,ETERNAL,REDUCE
2023-11-21,ITC,REDUCE
2023-11-21,M&M,REDUCE
2023-11-21,TATASTEEL,REDUCE
2023-11-21,TECHM,REDUCE
2023-11-22,ADANIPORTS,REDUCE
2023-11-22,AXISBANK,REDUCE
2023-11-22,BAJFINANCE,REDUCE
2023-11-22,DRREDDY,REDUCE
2023-11-22,ETERNAL,REDUCE
2023-11-22,ITC,REDUCE
2023-11-22,M&M,REDUCE
2023-11-22,TATASTEEL,REDUCE
2023-11-22,TECHM,REDUCE
2023-11-23,ADANIPORTS,REDUCE
2023-11-23,AXISBANK,REDUCE
2023-11-23,BAJFINANCE,REDUCE
2023-11-23,CIPLA,REDUCE
2023-11-23,ETERNAL,REDUCE
2023-11-23,ITC,REDUCE
2023-11-23,M&M,REDUCE
2023-11-23,TATASTEEL,REDUCE
2023-11-23,TECHM,REDUCE
2023-11-24,ADANIPORTS,REDUCE
2023-11-24,BAJFINANCE,REDUCE
2023-11-24,CIPLA,REDUCE
2023-11-24,ETERNAL,REDUCE
2023-11-24,ITC,REDUCE
2023-11-24,M&M,REDUCE
2023-11-24,TCS,REDUCE
2023-11-24,TATASTEEL,REDUCE
2023-11-24,TECHM,REDUCE
2023-11-28,ADANIPORTS,REDUCE
2023-11-28,BAJFINANCE,REDUCE
2023-11-28,CIPLA,REDUCE
2023-11-28,ETERNAL,REDUCE
2023-11-28,ITC,REDUCE
2023-11-28,M&M,REDUCE
2023-11-28,TCS,REDUCE
2023-11-28,TATASTEEL,REDUCE
2023-11-28,TECHM,REDUCE
2023-11-29,ADANIPORTS,REDUCE
2023-11-29,BAJFINANCE,REDUCE
2023-11-29,CIPLA,REDUCE
2023-11-29,ETERNAL,REDUCE
2023-11-29,ITC,REDUCE
2023-11-29,TCS,REDUCE
2023-11-29,TATASTEEL,REDUCE
2023-11-29,TECHM,REDUCE
2023-11-30,ADANIPORTS,REDUCE
2023-11-30,BAJFINANCE,REDUCE
2023-11-30,CIPLA,REDUCE
2023-11-30,ETERNAL,REDUCE
2023-11-30,HINDUNILVR,REDUCE
2023-11-30,ITC,REDUCE
2023-11-30,TCS,REDUCE
2023-11-30,TATASTEEL,REDUCE
2023-11-30,TECHM,REDUCE
2023-12-01,ADANIPORTS,REDUCE
2023-12-01,BAJFINANCE,REDUCE
2023-12-01,CIPLA,REDUCE
2023-12-01,ETERNAL,REDUCE
2023-12-01,HINDUNILVR,REDUCE
2023-12-01,ITC,REDUCE
2023-12-01,TCS,REDUCE
2023-12-01,TATASTEEL,REDUCE
2023-12-01,TECHM,REDUCE
2023-12-04,BAJFINANCE,REDUCE
2023-12-04,CIPLA,REDUCE
2023-12-04,ETERNAL,REDUCE
2023-12-04,HINDUNILVR,REDUCE
2023-12-04,ITC,REDUCE
2023-12-04,TCS,REDUCE
2023-12-04,TATASTEEL,REDUCE
2023-12-04,TECHM,REDUCE
2023-12-05,ADANIENT,REDUCE
2023-12-05,BAJFINANCE,REDUCE
2023-12-05,CIPLA,REDUCE
2023-12-05,ETERNAL,REDUCE
2023-12-05,HINDUNILVR,REDUCE
2023-12-05,ITC,REDUCE
2023-12-05,TCS,REDUCE
2023-12-05,TATASTEEL,REDUCE
2023-12-05,TECHM,REDUCE
2023-12-06,ADANIENT,EXIT
2023-12-06,BAJFINANCE,REDUCE
2023-12-06,CIPLA,REDUCE
2023-12-06,ETERNAL,REDUCE
2023-12-06,HINDUNILVR,REDUCE
2023-12-06,ITC,REDUCE
2023-12-06,TCS,REDUCE
2023-12-06,TATASTEEL,REDUCE
2023-12-06,TECHM,REDUCE
2023-12-07,ADANIENT,REDUCE
2023-12-07,BAJFINANCE,REDUCE
2023-12-07,CIPLA,REDUCE
2023-12-07,ETERNAL,REDUCE
2023-12-07,HINDUNILVR,EXIT
2023-12-07,ITC,REDUCE
2023-12-07,TCS,REDUCE
2023-12-07,TATASTEEL,REDUCE
2023-12-07,TECHM,REDUCE
2023-12-08,ADANIENT,EXIT
2023-12-08,BAJFINANCE,REDUCE
2023-12-08,CIPLA,REDUCE
2023-12-08,ETERNAL,REDUCE
2023-12-08,ITC,REDUCE
2023-12-08,TCS,REDUCE
2023-12-08,TATASTEEL,REDUCE
2023-12-08,TECHM,REDUCE
2023-12-11,ADANIENT,REDUCE
2023-12-11,BAJFINANCE,REDUCE
2023-12-11,CIPLA,REDUCE
2023-12-11,DRREDDY,REDUCE
2023-12-11,ETERNAL,REDUCE
2023-12-11,ITC,REDUCE
2023-12-11,TCS,REDUCE
2023-12-11,TATASTEEL,REDUCE
2023-12-11,TECHM,REDUCE
2023-12-12,ADANIENT,EXIT
2023-12-12,BAJFINANCE,REDUCE
2023-12-12,CIPLA,REDUCE
2023-12-12,DRREDDY,REDUCE
2023-12-12,ETERNAL,REDUCE
2023-12-12,ITC,REDUCE
2023-12-12,JSWSTEEL,REDUCE
2023-12-12,MARUTI,REDUCE
2023-12-12,TCS,REDUCE
2023-12-12,TATASTEEL,REDUCE
2023-12-12,TECHM,REDUCE
2023-12-13,ADANIENT,REDUCE
2023-12-13,BAJFINANCE,REDUCE
2023-12-13,CIPLA,REDUCE
2023-12-13,DRREDDY,REDUCE
2023-12-13,ETERNAL,REDUCE
2023-12-13,ITC,REDUCE
2023-12-13,MARUTI,REDUCE
2023-12-13,TCS,REDUCE
2023-12-13,TATASTEEL,REDUCE
2023-12-13,TECHM,REDUCE
2023-12-14,ADANIENT,EXIT
2023-12-14,BAJFINANCE,REDUCE
2023-12-14,CIPLA,REDUCE
2023-12-14,DRREDDY,REDUCE
2023-12-14,ETERNAL,REDUCE
2023-12-14,ITC,REDUCE
2023-12-14,MARUTI,REDUCE
2023-12-14,TCS,REDUCE
2023-12-14,TATASTEEL,REDUCE
2023-12-14,TECHM,REDUCE
2023-12-15,ADANIENT,REDUCE
2023-12-15,BAJFINANCE,REDUCE
2023-12-15,CIPLA,REDUCE
2023-12-15,DRREDDY,REDUCE
2023-12-15,ETERNAL,REDUCE
2023-12-15,ITC,REDUCE
2023-12-15,INFY,REDUCE
2023-12-15,MARUTI,REDUCE
2023-12-15,TCS,REDUCE
2023-12-15,TATASTEEL,REDUCE
2023-12-15,TECHM,REDUCE
2023-12-18,ADANIENT,EXIT
2023-12-18,BAJFINANCE,REDUCE
2023-12-18,CIPLA,REDUCE
2023-12-18,DRREDDY,REDUCE
2023-12-18,ETERNAL,REDUCE
2023-12-18,ITC,REDUCE
2023-12-18,INFY,REDUCE
2023-12-18,MARUTI,REDUCE
2023-12-18,TCS,REDUCE
2023-12-18,TATASTEEL,REDUCE
2023-12-18,TECHM,REDUCE
2023-12-19,ADANIENT,REDUCE
2023-12-19,BAJFINANCE,REDUCE
2023-12-19,CIPLA,REDUCE
2023-12-19,DRREDDY,REDUCE
2023-12-19,ETERNAL,REDUCE
2023-12-19,ITC,REDUCE
2023-12-19,INFY,REDUCE
2023-12-19,MARUTI,REDUCE
2023-12-19,TCS,REDUCE
2023-12-19,TATASTEEL,REDUCE
2023-12-19,TECHM,REDUCE
2023-12-20,ADANIENT,EXIT
2023-12-20,BAJFINANCE,REDUCE
2023-12-20,CIPLA,REDUCE
2023-12-20,DRREDDY,REDUCE
2023-12-20,ETERNAL,REDUCE
2023-12-20,HDFCLIFE,REDUCE
2023-12-20,ITC,REDUCE
2023-12-20,INFY,REDUCE
2023-12-20,MARUTI,REDUCE
2023-12-20,RELIANCE,REDUCE
2023-12-20,TCS,REDUCE
2023-12-20,TATASTEEL,REDUCE
2023-12-20,TECHM,REDUCE
2023-12-21,ADANIENT,REDUCE
2023-12-21,BAJFINANCE,REDUCE
2023-12-21,CIPLA,REDUCE
2023-12-21,DRREDDY,REDUCE
2023-12-21,ETERNAL,REDUCE
2023-12-21,HDFCBANK,REDUCE
2023-12-21,HDFCLIFE,REDUCE
2023-12-21,ITC,REDUCE
2023-12-21,INFY,REDUCE
2023-12-21,MARUTI,REDUCE
2023-12-21,TCS,REDUCE
2023-12-21,TATASTEEL,REDUCE
2023-12-21,TECHM,REDUCE
2023-12-22,ADANIENT,EXIT
2023-12-22,BAJFINANCE,REDUCE
2023-12-22,CIPLA,REDUCE
2023-12-22,DRREDDY,REDUCE
2023-12-22,ETERNAL,REDUCE
2023-12-22,HDFCBANK,REDUCE
2023-12-22,HDFCLIFE,REDUCE
2023-12-22,ITC,REDUCE
2023-12-22,INFY,REDUCE
2023-12-22,MARUTI,REDUCE
2023-12-22,TCS,REDUCE
2023-12-22,TATASTEEL,REDUCE
2023-12-22,TECHM,REDUCE
2023-12-22,WIPRO,REDUCE
2023-12-26,ADANIENT,REDUCE
2023-12-26,BAJFINANCE,REDUCE
2023-12-26,CIPLA,REDUCE
2023-12-26,DRREDDY,REDUCE
2023-12-26,ETERNAL,REDUCE
2023-12-26,HDFCBANK,REDUCE
2023-12-26,HDFCLIFE,REDUCE
2023-12-26,ITC,REDUCE
2023-12-26,INFY,REDUCE
2023-12-26,MARUTI,REDUCE
2023-12-26,TCS,REDUCE
2023-12-26,TATASTEEL,REDUCE
2023-12-26,TECHM,REDUCE
2023-12-27,ADANIENT,EXIT
2023-12-27,BAJFINANCE,REDUCE
2023-12-27,CIPLA,REDUCE
2023-12-27,DRREDDY,REDUCE
2023-12-27,ETERNAL,REDUCE
2023-12-27,HDFCBANK,REDUCE
2023-12-27,HDFCLIFE,REDUCE
2023-12-27,ITC,REDUCE
2023-12-27,INFY,REDUCE
2023-12-27,MARUTI,REDUCE
2023-12-27,TCS,REDUCE
2023-12-27,TATASTEEL,REDUCE
2023-12-27,TECHM,REDUCE
2023-12-28,ADANIENT,REDUCE
2023-12-28,BAJFINANCE,REDUCE
2023-12-28,CIPLA,REDUCE
2023-12-28,DRREDDY,REDUCE
2023-12-28,ETERNAL,REDUCE
2023-12-28,HDFCBANK,REDUCE
2023-12-28,HDFCLIFE,REDUCE
2023-12-28,ITC,REDUCE
2023-12-28,INFY,REDUCE
2023-12-28,MARUTI,REDUCE
2023-12-28,SBIN,REDUCE
2023-12-28,TCS,REDUCE
2023-12-28,TATASTEEL,REDUCE
2023-12-28,TECHM,REDUCE
2023-12-29,ADANIENT,EXIT
2023-12-29,BAJFINANCE,REDUCE
2023-12-29,CIPLA,REDUCE
2023-12-29,DRREDDY,REDUCE
2023-12-29,ETERNAL,REDUCE
2023-12-29,HDFCBANK,REDUCE
2023-12-29,HDFCLIFE,REDUCE
2023-12-29,ITC,REDUCE
2023-12-29,INFY,REDUCE
2023-12-29,MARUTI,REDUCE
2023-12-29,SBIN,REDUCE
2023-12-29,TCS,REDUCE
2023-12-29,TATASTEEL,REDUCE
2023-12-29,TECHM,REDUCE
2024-01-02,ADANIENT,REDUCE
2024-01-02,BAJFINANCE,REDUCE
2024-01-02,CIPLA,REDUCE
2024-01-02,DRREDDY,REDUCE
2024-01-02,ETERNAL,REDUCE
2024-01-02,HDFCBANK,REDUCE
2024-01-02,HDFCLIFE,REDUCE
2024-01-02,ITC,REDUCE
2024-01-02,INFY,REDUCE
2024-01-02,MARUTI,REDUCE
2024-01-02,SBIN,REDUCE
2024-01-02,TCS,REDUCE
2024-01-02,TATASTEEL,REDUCE
2024-01-02,TECHM,REDUCE
2024-01-03,ADANIENT,EXIT
2024-01-03,BAJFINANCE,REDUCE
2024-01-03,CIPLA,REDUCE
2024-01-03,DRREDDY,REDUCE
2024-01-03,ETERNAL,REDUCE
2024-01-03,HDFCBANK,REDUCE
2024-01-03,HDFCLIFE,REDUCE
2024-01-03,ITC,REDUCE
2024-01-03,INFY,REDUCE
2024-01-03,MARUTI,REDUCE
2024-01-03,TCS,REDUCE
2024-01-03,TATASTEEL,REDUCE
2024-01-03,TECHM,REDUCE
2024-01-04,ADANIENT,REDUCE
2024-01-04,BAJFINANCE,REDUCE
2024-01-04,CIPLA,REDUCE
2024-01-04,DRREDDY,REDUCE
2024-01-04,ETERNAL,REDUCE
2024-01-04,HDFCBANK,REDUCE
2024-01-04,HDFCLIFE,REDUCE
2024-01-04,ITC,REDUCE
2024-01-04,INFY,REDUCE
2024-01-04,MARUTI,REDUCE
2024-01-04,TCS,REDUCE
2024-01-04,TATASTEEL,REDUCE
2024-01-04,TECHM,REDUCE
2024-01-05,ADANIENT,EXIT
2024-01-05,BAJFINANCE,REDUCE
2024-01-05,CIPLA,REDUCE
2024-01-05,DRREDDY,REDUCE
2024-01-05,ETERNAL,REDUCE
2024-01-05,HDFCBANK,REDUCE
2024-01-05,HDFCLIFE,REDUCE
2024-01-05,ITC,REDUCE
2024-01-05,INFY,REDUCE
2024-01-05,MARUTI,REDUCE
2024-01-05,TCS,REDUCE
2024-01-05,TATASTEEL,REDUCE
2024-01-05,TECHM,REDUCE
2024-01-08,ADANIENT,REDUCE
2024-01-08,BAJFINANCE,REDUCE
2024-01-08,CIPLA,REDUCE
2024-01-08,DRREDDY,REDUCE
2024-01-08,ETERNAL,REDUCE
2024-01-08,HDFCBANK,REDUCE
2024-01-08,HDFCLIFE,REDUCE
2024-01-08,ITC,REDUCE
2024-01-08,INFY,REDUCE
2024-01-08,MARUTI,REDUCE
2024-01-08,TCS,REDUCE
2024-01-08,TATASTEEL,REDUCE
2024-01-08,TECHM,REDUCE
2024-01-09,ADANIENT,EXIT
2024-01-09,BAJFINANCE,REDUCE
2024-01-09,CIPLA,REDUCE
2024-01-09,DRREDDY,REDUCE
2024-01-09,ETERNAL,REDUCE
2024-01-09,HDFCBANK,REDUCE
2024-01-09,HDFCLIFE,REDUCE
2024-01-09,ITC,REDUCE
2024-01-09,INFY,REDUCE
2024-01-09,MARUTI,REDUCE
2024-01-09,TCS,REDUCE
2024-01-09,TATASTEEL,REDUCE
2024-01-09,TECHM,REDUCE
2024-01-10,ADANIENT,REDUCE
2024-01-10,BAJFINANCE,REDUCE
2024-01-10,CIPLA,REDUCE
2024-01-10,DRREDDY,REDUCE
2024-01-10,ETERNAL,REDUCE
2024-01-10,HDFCBANK,REDUCE
2024-01-10,HDFCLIFE,REDUCE
2024-01-10,ITC,REDUCE
2024-01-10,INFY,REDUCE
2024-01-10,MARUTI,REDUCE
2024-01-10,TCS,REDUCE
2024-01-10,TATASTEEL,REDUCE
2024-01-10,TECHM,REDUCE
2024-01-11,ADANIENT,EXIT
2024-01-11,BAJFINANCE,REDUCE
2024-01-11,CIPLA,REDUCE
2024-01-11,DRREDDY,REDUCE
2024-01-11,ETERNAL,REDUCE
2024-01-11,HDFCBANK,REDUCE
2024-01-11,HDFCLIFE,REDUCE
2024-01-11,ITC,REDUCE
2024-01-11,INFY,REDUCE
2024-01-11,MARUTI,REDUCE
2024-01-11,TCS,REDUCE
2024-01-11,TATASTEEL,REDUCE
2024-01-11,TECHM,REDUCE
2024-01-12,ADANIENT,REDUCE
2024-01-12,BAJFINANCE,REDUCE
2024-01-12,BAJAJFINSV,REDUCE
2024-01-12,CIPLA,REDUCE
2024-01-12,DRREDDY,REDUCE
2024-01-12,ETERNAL,REDUCE
2024-01-12,HDFCBANK,REDUCE
2024-01-12,HDFCLIFE,REDUCE
2024-01-12,ITC,REDUCE
2024-01-12,INFY,REDUCE
2024-01-12,MARUTI,REDUCE
2024-01-12,TCS,REDUCE
2024-01-12,TATASTEEL,REDUCE
2024-01-12,TECHM,REDUCE
2024-01-15,ADANIENT,EXIT
2024-01-15,BAJFINANCE,REDUCE
2024-01-15,BAJAJFINSV,REDUCE
2024-01-15,CIPLA,REDUCE
2024-01-15,DRREDDY,REDUCE
2024-01-15,EICHERMOT,REDUCE
2024-01-15,ETERNAL,REDUCE
2024-01-15,HDFCBANK,REDUCE
2024-01-15,HDFCLIFE,EXIT
2024-01-15,ITC,REDUCE
2024-01-15,MARUTI,REDUCE
2024-01-15,TCS,REDUCE
2024-01-15,TATASTEEL,REDUCE
2024-01-16,ADANIENT,REDUCE
2024-01-16,BAJFINANCE,REDUCE
2024-01-16,BAJAJFINSV,REDUCE
2024-01-16,CIPLA,REDUCE
2024-01-16,DRREDDY,REDUCE
2024-01-16,EICHERMOT,REDUCE
2024-01-16,ETERNAL,REDUCE
2024-01-16,HDFCBANK,REDUCE
2024-01-16,ITC,REDUCE
2024-01-16,MARUTI,REDUCE
2024-01-16,SBILIFE,REDUCE
2024-01-16,TCS,REDUCE
2024-01-16,TATASTEEL,REDUCE
2024-01-17,ADANIENT,EXIT
2024-01-17,BAJFINANCE,REDUCE
2024-01-17,BAJAJFINSV,REDUCE
2024-01-17,CIPLA,REDUCE
2024-01-17,DRREDDY,REDUCE
2024-01-17,EICHERMOT,REDUCE
2024-01-17,HDFCBANK,EXIT
2024-01-17,ITC,REDUCE
2024-01-17,JSWSTEEL,REDUCE
2024-01-17,M&M,REDUCE
2024-01-17,MARUTI,REDUCE
2024-01-17,SBILIFE,REDUCE
2024-01-17,TATASTEEL,REDUCE
2024-01-18,ADANIENT,REDUCE
2024-01-18,BAJFINANCE,REDUCE
2024-01-18,BAJAJFINSV,REDUCE
2024-01-18,CIPLA,REDUCE
2024-01-18,DRREDDY,REDUCE
2024-01-18,EICHERMOT,REDUCE
2024-01-18,ETERNAL,REDUCE
2024-01-18,ITC,REDUCE
2024-01-18,JSWSTEEL,REDUCE
2024-01-18,M&M,REDUCE
2024-01-18,MARUTI,REDUCE
2024-01-18,NESTLEIND,REDUCE
2024-01-18,SBILIFE,REDUCE
2024-01-18,TATASTEEL,REDUCE
2024-01-19,ADANIENT,EXIT
2024-01-19,BAJFINANCE,REDUCE
2024-01-19,BAJAJFINSV,REDUCE
2024-01-19,CIPLA,REDUCE
2024-01-19,DRREDDY,REDUCE
2024-01-19,EICHERMOT,REDUCE
2024-01-19,ITC,REDUCE
2024-01-19,JSWSTEEL,REDUCE
2024-01-19,M&M,REDUCE
2024-01-19,MARUTI,REDUCE
2024-01-19,NESTLEIND,REDUCE
2024-01-19,SBILIFE,REDUCE
2024-01-19,TATASTEEL,REDUCE
2024-01-23,ADANIENT,REDUCE
2024-01-23,BAJFINANCE,EXIT
2024-01-23,BAJAJFINSV,REDUCE
2024-01-23,DRREDDY,REDUCE
2024-01-23,EICHERMOT,REDUCE
2024-01-23,ETERNAL,REDUCE
2024-01-23,HINDALCO,REDUCE
2024-01-23,ITC,REDUCE
2024-01-23,JSWSTEEL,REDUCE
2024-01-23,M&M,REDUCE
2024-01-23,MARUTI,REDUCE
2024-01-23,NESTLEIND,REDUCE
2024-01-23,SBILIFE,REDUCE
2024-01-23,SBIN,REDUCE
2024-01-23,TATASTEEL,REDUCE
2024-01-24,ADANIENT,EXIT
2024-01-24,AXISBANK,REDUCE
2024-01-24,BAJAJFINSV,REDUCE
2024-01-24,DRREDDY,REDUCE
2024-01-24,EICHERMOT,REDUCE
2024-01-24,ETERNAL,REDUCE
2024-01-24,ITC,REDUCE
2024-01-24,JSWSTEEL,REDUCE
2024-01-24,M&M,REDUCE
2024-01-24,MARUTI,REDUCE
2024-01-24,NESTLEIND,REDUCE
2024-01-24,SBILIFE,REDUCE
2024-01-24,SBIN,REDUCE
2024-01-25,ADANIENT,REDUCE
2024-01-25,AXISBANK,REDUCE
2024-01-25,BAJAJFINSV,REDUCE
2024-01-25,DRREDDY,REDUCE
2024-01-25,EICHERMOT,REDUCE
2024-01-25,ETERNAL,REDUCE
2024-01-25,ITC,REDUCE
2024-01-25,JSWSTEEL,REDUCE
2024-01-25,M&M,REDUCE
2024-01-25,MARUTI,REDUCE
2024-01-25,NESTLEIND,REDUCE
2024-01-25,SBILIFE,REDUCE
2024-01-25,SBIN,REDUCE
2024-01-29,ADANIENT,EXIT
2024-01-29,AXISBANK,REDUCE
2024-01-29,BAJAJFINSV,REDUCE
2024-01-29,DRREDDY,REDUCE
2024-01-29,EICHERMOT,REDUCE
2024-01-29,ETERNAL,REDUCE
2024-01-29,ITC,REDUCE
2024-01-29,JSWSTEEL,REDUCE
2024-01-29,M&M,REDUCE
2024-01-29,MARUTI,REDUCE
2024-01-29,NESTLEIND,REDUCE
2024-01-29,SBILIFE,REDUCE
2024-01-29,SBIN,REDUCE
2024-01-30,ADANIENT,REDUCE
2024-01-30,AXISBANK,REDUCE
2024-01-30,BAJAJFINSV,REDUCE
2024-01-30,DRREDDY,REDUCE
2024-01-30,EICHERMOT,REDUCE
2024-01-30,ETERNAL,REDUCE
2024-01-30,ITC,EXIT
2024-01-30,JSWSTEEL,REDUCE
2024-01-30,M&M,REDUCE
2024-01-30,MARUTI,REDUCE
2024-01-30,NESTLEIND,REDUCE
2024-01-30,SBILIFE,REDUCE
2024-01-30,SBIN,REDUCE
2024-01-31,AXISBANK,REDUCE
2024-01-31,BAJAJFINSV,REDUCE
2024-01-31,DRREDDY,REDUCE
2024-01-31,EICHERMOT,REDUCE
2024-01-31,ETERNAL,REDUCE
2024-01-31,JSWSTEEL,REDUCE
2024-01-31,M&M,REDUCE
2024-01-31,MARUTI,REDUCE
2024-01-31,NESTLEIND,REDUCE
2024-01-31,SBILIFE,REDUCE
2024-01-31,SBIN,REDUCE
2024-02-01,AXISBANK,REDUCE
2024-02-01,BAJAJFINSV,REDUCE
2024-02-01,DRREDDY,REDUCE
2024-02-01,EICHERMOT,REDUCE
2024-02-01,ETERNAL,REDUCE
2024-02-01,JSWSTEEL,REDUCE
2024-02-01,LT,REDUCE
2024-02-01,M&M,REDUCE
2024-02-01,MARUTI,REDUCE
2024-02-01,NESTLEIND,REDUCE
2024-02-01,SBILIFE,REDUCE
2024-02-01,SBIN,REDUCE
2024-02-02,AXISBANK,REDUCE
2024-02-02,BAJAJFINSV,REDUCE
2024-02-02,DRREDDY,REDUCE
2024-02-02,EICHERMOT,REDUCE
2024-02-02,ETERNAL,REDUCE
2024-02-02,JSWSTEEL,REDUCE
2024-02-02,LT,REDUCE
2024-02-02,M&M,REDUCE
2024-02-02,MARUTI,REDUCE
2024-02-02,NESTLEIND,REDUCE
2024-02-02,SBILIFE,REDUCE
2024-02-02,TITAN,REDUCE
2024-02-05,AXISBANK,REDUCE
2024-02-05,BAJAJFINSV,REDUCE
2024-02-05,DRREDDY,REDUCE
2024-02-05,EICHERMOT,REDUCE
2024-02-05,ETERNAL,REDUCE
2024-02-05,JSWSTEEL,REDUCE
2024-02-05,LT,REDUCE
2024-02-05,M&M,REDUCE
2024-02-05,MARUTI,REDUCE
2024-02-05,NESTLEIND,REDUCE
2024-02-05,SBILIFE,REDUCE
2024-02-05,TITAN,REDUCE
2024-02-06,AXISBANK,REDUCE
2024-02-06,BAJAJFINSV,REDUCE
2024-02-06,DRREDDY,REDUCE
2024-02-06,EICHERMOT,REDUCE
2024-02-06,ETERNAL,REDUCE
2024-02-06,GRASIM,REDUCE
2024-02-06,JSWSTEEL,REDUCE
2024-02-06,LT,REDUCE
2024-02-06,M&M,REDUCE
2024-02-06,MARUTI,REDUCE
2024-02-06,NESTLEIND,REDUCE
2024-02-06,SBILIFE,REDUCE
2024-02-06,TITAN,REDUCE
2024-02-07,AXISBANK,REDUCE
2024-02-07,BAJAJFINSV,REDUCE
2024-02-07,DRREDDY,REDUCE
2024-02-07,EICHERMOT,REDUCE
2024-02-07,ETERNAL,REDUCE
2024-02-07,GRASIM,REDUCE
2024-02-07,JSWSTEEL,REDUCE
2024-02-07,LT,REDUCE
2024-02-07,M&M,REDUCE
2024-02-07,MARUTI,REDUCE
2024-02-07,NESTLEIND,REDUCE
2024-02-07,SBILIFE,REDUCE
2024-02-07,TITAN,REDUCE
2024-02-08,AXISBANK,REDUCE
2024-02-08,BAJAJFINSV,REDUCE
2024-02-08,DRREDDY,REDUCE
2024-02-08,EICHERMOT,REDUCE
2024-02-08,ETERNAL,REDUCE
2024-02-08,GRASIM,REDUCE
2024-02-08,JSWSTEEL,REDUCE
2024-02-08,LT,REDUCE
2024-02-08,M&M,REDUCE
2024-02-08,MARUTI,REDUCE
2024-02-08,NESTLEIND,REDUCE
2024-02-08,SBILIFE,REDUCE
2024-02-08,TITAN,REDUCE
2024-02-09,AXISBANK,REDUCE
2024-02-09,BAJAJFINSV,REDUCE
2024-02-09,DRREDDY,REDUCE
2024-02-09,EICHERMOT,REDUCE
2024-02-09,ETERNAL,REDUCE
2024-02-09,GRASIM,REDUCE
2024-02-09,JSWSTEEL,REDUCE
2024-02-09,LT,REDUCE
2024-02-09,M&M,REDUCE
2024-02-09,MARUTI,REDUCE
2024-02-09,NESTLEIND,REDUCE
2024-02-09,SBILIFE,REDUCE
2024-02-09,TITAN,REDUCE
2024-02-12,AXISBANK,REDUCE
2024-02-12,BAJAJFINSV,EXIT
2024-02-12,EICHERMOT,REDUCE
2024-02-12,ETERNAL,REDUCE
2024-02-12,GRASIM,REDUCE
2024-02-12,JSWSTEEL,REDUCE
2024-02-12,LT,REDUCE
2024-02-12,M&M,REDUCE
2024-02-12,MARUTI,REDUCE
2024-02-12,NESTLEIND,REDUCE
2024-02-12,SBILIFE,REDUCE
2024-02-12,TITAN,REDUCE
2024-02-13,AXISBANK,REDUCE
2024-02-13,EICHERMOT,REDUCE
2024-02-13,ETERNAL,REDUCE
2024-02-13,GRASIM,REDUCE
2024-02-13,HINDALCO,EXIT
2024-02-13,JSWSTEEL,REDUCE
2024-02-13,LT,REDUCE
2024-02-13,M&M,REDUCE
2024-02-13,MARUTI,REDUCE
2024-02-13,NESTLEIND,REDUCE
2024-02-13,SBILIFE,REDUCE
2024-02-13,TITAN,REDUCE
2024-02-14,AXISBANK,REDUCE
2024-02-14,EICHERMOT,REDUCE
2024-02-14,ETERNAL,REDUCE
2024-02-14,GRASIM,REDUCE
2024-02-14,JSWSTEEL,REDUCE
2024-02-14,LT,REDUCE
2024-02-14,M&M,REDUCE
2024-02-14,MARUTI,REDUCE
2024-02-14,NESTLEIND,REDUCE
2024-02-14,SBILIFE,REDUCE
2024-02-14,TITAN,REDUCE
2024-02-14,ULTRACEMCO,REDUCE
2024-02-15,AXISBANK,REDUCE
2024-02-15,EICHERMOT,REDUCE
2024-02-15,ETERNAL,REDUCE
2024-02-15,GRASIM,REDUCE
2024-02-15,JSWSTEEL,REDUCE
2024-02-15,LT,REDUCE
2024-02-15,M&M,REDUCE
2024-02-15,MARUTI,REDUCE
2024-02-15,NESTLEIND,REDUCE
2024-02-15,SBILIFE,REDUCE
2024-02-15,TITAN,REDUCE
2024-02-15,ULTRACEMCO,REDUCE
2024-02-16,AXISBANK,REDUCE
2024-02-16,EICHERMOT,REDUCE
2024-02-16,ETERNAL,REDUCE
2024-02-16,GRASIM,REDUCE
2024-02-16,JSWSTEEL,REDUCE
2024-02-16,LT,REDUCE
2024-02-16,MARUTI,REDUCE
2024-02-16,NESTLEIND,REDUCE
2024-02-16,SBILIFE,REDUCE
2024-02-16,TITAN,REDUCE
2024-02-16,ULTRACEMCO,REDUCE
2024-02-20,AXISBANK,REDUCE
2024-02-20,EICHERMOT,REDUCE
2024-02-20,ETERNAL,REDUCE
2024-02-20,GRASIM,REDUCE
2024-02-20,JSWSTEEL,REDUCE
2024-02-20,LT,REDUCE
2024-02-20,MARUTI,REDUCE
2024-02-20,NESTLEIND,REDUCE
2024-02-20,SBILIFE,REDUCE
2024-02-20,TITAN,REDUCE
2024-02-20,ULTRACEMCO,REDUCE
2024-02-21,AXISBANK,REDUCE
2024-02-21,EICHERMOT,REDUCE
2024-02-21,ETERNAL,REDUCE
2024-02-21,GRASIM,REDUCE
2024-02-21,JSWSTEEL,REDUCE
2024-02-21,LT,REDUCE
2024-02-21,NESTLEIND,REDUCE
2024-02-21,SBILIFE,REDUCE
2024-02-21,TITAN,REDUCE
2024-02-22,AXISBANK,REDUCE
2024-02-22,EICHERMOT,REDUCE
2024-02-22,ETERNAL,REDUCE
2024-02-22,GRASIM,REDUCE
2024-02-22,JSWSTEEL,REDUCE
2024-02-22,LT,REDUCE
2024-02-22,NESTLEIND,REDUCE
2024-02-22,SBILIFE,REDUCE
2024-02-22,TITAN,REDUCE
2024-02-22,ULTRACEMCO,REDUCE
2024-02-23,AXISBANK,REDUCE
2024-02-23,EICHERMOT,REDUCE
2024-02-23,ETERNAL,REDUCE
2024-02-23,GRASIM,REDUCE
2024-02-23,JSWSTEEL,REDUCE
2024-02-23,LT,REDUCE
2024-02-23,NESTLEIND,REDUCE
2024-02-23,SBILIFE,REDUCE
2024-02-23,TITAN,REDUCE
2024-02-23,ULTRACEMCO,REDUCE
2024-02-26,AXISBANK,REDUCE
2024-02-26,EICHERMOT,REDUCE
2024-02-26,ETERNAL,REDUCE
2024-02-26,GRASIM,REDUCE
2024-02-26,JSWSTEEL,REDUCE
2024-02-26,LT,REDUCE
2024-02-26,NESTLEIND,REDUCE
2024-02-26,SBILIFE,REDUCE
2024-02-26,TECHM,REDUCE
2024-02-26,TITAN,REDUCE
2024-02-26,ULTRACEMCO,REDUCE
2024-02-27,AXISBANK,REDUCE
2024-02-27,EICHERMOT,REDUCE
2024-02-27,ETERNAL,REDUCE
2024-02-27,GRASIM,REDUCE
2024-02-27,JSWSTEEL,REDUCE
2024-02-27,LT,REDUCE
2024-02-27,NESTLEIND,REDUCE
2024-02-27,SBILIFE,REDUCE
2024-02-27,TECHM,REDUCE
2024-02-27,TITAN,REDUCE
2024-02-27,ULTRACEMCO,REDUCE
2024-02-28,AXISBANK,REDUCE
2024-02-28,EICHERMOT,REDUCE
2024-02-28,ETERNAL,REDUCE
2024-02-28,GRASIM,REDUCE
2024-02-28,JSWSTEEL,REDUCE
2024-02-28,LT,REDUCE
2024-02-28,NESTLEIND,REDUCE
2024-02-28,SBILIFE,REDUCE
2024-02-28,TECHM,REDUCE
2024-02-28,TITAN,REDUCE
2024-02-28,ULTRACEMCO,REDUCE
2024-02-29,AXISBANK,REDUCE
2024-02-29,EICHERMOT,REDUCE
2024-02-29,ETERNAL,REDUCE
2024-02-29,GRASIM,REDUCE
2024-02-29,JSWSTEEL,REDUCE
2024-02-29,LT,REDUCE
2024-02-29,NESTLEIND,REDUCE
2024-02-29,SBILIFE,REDUCE
2024-02-29,TECHM,REDUCE
2024-02-29,TITAN,REDUCE
2024-02-29,ULTRACEMCO,REDUCE
2024-03-01,AXISBANK,REDUCE
2024-03-01,EICHERMOT,REDUCE
2024-03-01,ETERNAL,REDUCE
2024-03-01,JSWSTEEL,REDUCE
2024-03-01,LT,REDUCE
2024-03-01,MAXHEALTH,EXIT
2024-03-01,SBILIFE,REDUCE
2024-03-01,TECHM,REDUCE
2024-03-01,TITAN,REDUCE
2024-03-01,ULTRACEMCO,REDUCE
2024-03-04,AXISBANK,REDUCE
2024-03-04,EICHERMOT,REDUCE
2024-03-04,ETERNAL,REDUCE
2024-03-04,ICICIBANK,REDUCE
2024-03-04,JSWSTEEL,REDUCE
2024-03-04,LT,REDUCE
2024-03-04,SBILIFE,REDUCE
2024-03-04,TECHM,REDUCE
2024-03-04,TITAN,REDUCE
2024-03-04,ULTRACEMCO,REDUCE
2024-03-05,AXISBANK,REDUCE
2024-03-05,EICHERMOT,REDUCE
2024-03-05,ETERNAL,REDUCE
2024-03-05,INFY,REDUCE
2024-03-05,JSWSTEEL,REDUCE
2024-03-05,LT,REDUCE
2024-03-05,SBILIFE,REDUCE
2024-03-05,TECHM,REDUCE
2024-03-05,TITAN,REDUCE
2024-03-05,ULTRACEMCO,REDUCE
2024-03-06,AXISBANK,REDUCE
2024-03-06,EICHERMOT,REDUCE
2024-03-06,ETERNAL,REDUCE
2024-03-06,INFY,REDUCE
2024-03-06,JSWSTEEL,REDUCE
2024-03-06,LT,REDUCE
2024-03-06,NESTLEIND,REDUCE
2024-03-06,SBILIFE,REDUCE
2024-03-06,TECHM,REDUCE
2024-03-06,TITAN,REDUCE
2024-03-06,ULTRACEMCO,REDUCE
2024-03-07,AXISBANK,REDUCE
2024-03-07,EICHERMOT,REDUCE
2024-03-07,ETERNAL,REDUCE
2024-03-07,INFY,REDUCE
2024-03-07,JSWSTEEL,REDUCE
2024-03-07,LT,REDUCE
2024-03-07,NESTLEIND,REDUCE
2024-03-07,SBILIFE,REDUCE
2024-03-07,TECHM,REDUCE
2024-03-07,TITAN,REDUCE
2024-03-07,ULTRACEMCO,REDUCE
2024-03-11,AXISBANK,REDUCE
2024-03-11,EICHERMOT,REDUCE
2024-03-11,ETERNAL,REDUCE
2024-03-11,INFY,REDUCE
2024-03-11,JSWSTEEL,REDUCE
2024-03-11,LT,REDUCE
2024-03-11,NESTLEIND,REDUCE
2024-03-11,TECHM,REDUCE
2024-03-11,TITAN,REDUCE
2024-03-11,ULTRACEMCO,REDUCE
2024-03-12,AXISBANK,REDUCE
2024-03-12,EICHERMOT,REDUCE
2024-03-12,ETERNAL,REDUCE
2024-03-12,INFY,REDUCE
2024-03-12,JSWSTEEL,REDUCE
2024-03-12,LT,REDUCE
2024-03-12,NESTLEIND,REDUCE
2024-03-12,TECHM,REDUCE
2024-03-12,TITAN,REDUCE
2024-03-12,ULTRACEMCO,REDUCE
2024-03-13,AXISBANK,REDUCE
2024-03-13,EICHERMOT,REDUCE
2024-03-13,ETERNAL,REDUCE
2024-03-13,INFY,REDUCE
2024-03-13,JSWSTEEL,REDUCE
2024-03-13,LT,REDUCE
2024-03-13,NESTLEIND,REDUCE
2024-03-13,TECHM,REDUCE
2024-03-13,TITAN,REDUCE
2024-03-13,ULTRACEMCO,REDUCE
2024-03-14,AXISBANK,REDUCE
2024-03-14,EICHERMOT,REDUCE
2024-03-14,ETERNAL,REDUCE
2024-03-14,JSWSTEEL,EXIT
2024-03-14,LT,REDUCE
2024-03-14,NESTLEIND,REDUCE
2024-03-14,TECHM,REDUCE
2024-03-14,TITAN,REDUCE
2024-03-14,ULTRACEMCO,REDUCE
2024-03-15,AXISBANK,REDUCE
2024-03-15,EICHERMOT,REDUCE
2024-03-15,ETERNAL,REDUCE
2024-03-15,LT,REDUCE
2024-03-15,NESTLEIND,REDUCE
2024-03-15,TECHM,REDUCE
2024-03-15,TITAN,REDUCE
2024-03-15,ULTRACEMCO,REDUCE
2024-03-18,AXISBANK,REDUCE
2024-03-18,EICHERMOT,REDUCE
2024-03-18,ETERNAL,REDUCE
2024-03-18,NESTLEIND,REDUCE
2024-03-18,TECHM,REDUCE
2024-03-18,TITAN,REDUCE
2024-03-18,ULTRACEMCO,REDUCE
2024-03-19,AXISBANK,REDUCE
2024-03-19,EICHERMOT,REDUCE
2024-03-19,ETERNAL,REDUCE
2024-03-19,NESTLEIND,REDUCE
2024-03-19,TECHM,REDUCE
2024-03-19,TITAN,REDUCE
2024-03-19,ULTRACEMCO,REDUCE
2024-03-20,AXISBANK,REDUCE
2024-03-20,EICHERMOT,REDUCE
2024-03-20,ETERNAL,REDUCE
2024-03-20,NTPC,REDUCE
2024-03-20,NESTLEIND,REDUCE
2024-03-20,TATACONSUM,REDUCE
2024-03-20,TECHM,REDUCE
2024-03-20,TITAN,REDUCE
2024-03-20,ULTRACEMCO,REDUCE
2024-03-21,AXISBANK,REDUCE
2024-03-21,EICHERMOT,REDUCE
2024-03-21,ETERNAL,REDUCE
2024-03-21,INFY,REDUCE
2024-03-21,NTPC,REDUCE
2024-03-21,NESTLEIND,REDUCE
2024-03-21,TATACONSUM,REDUCE
2024-03-21,TECHM,REDUCE
2024-03-21,TITAN,REDUCE
2024-03-21,ULTRACEMCO,REDUCE
2024-03-22,AXISBANK,REDUCE
2024-03-22,EICHERMOT,REDUCE
2024-03-22,ETERNAL,REDUCE
2024-03-22,INFY,REDUCE
2024-03-22,NTPC,REDUCE
2024-03-22,NESTLEIND,REDUCE
2024-03-22,TATACONSUM,REDUCE
2024-03-22,TECHM,REDUCE
2024-03-22,TITAN,REDUCE
2024-03-22,ULTRACEMCO,REDUCE
2024-03-26,AXISBANK,REDUCE
2024-03-26,EICHERMOT,REDUCE
2024-03-26,ETERNAL,REDUCE
2024-03-26,INFY,REDUCE
2024-03-26,NESTLEIND,REDUCE
2024-03-26,TATACONSUM,REDUCE
2024-03-26,TECHM,REDUCE
2024-03-26,TITAN,REDUCE
2024-03-26,ULTRACEMCO,REDUCE
2024-03-27,ADANIENT,REDUCE
2024-03-27,AXISBANK,REDUCE
2024-03-27,EICHERMOT,REDUCE
2024-03-27,ETERNAL,REDUCE
2024-03-27,INFY,REDUCE
2024-03-27,MAXHEALTH,REDUCE
2024-03-27,NESTLEIND,REDUCE
2024-03-27,TATACONSUM,REDUCE
2024-03-27,TECHM,REDUCE
2024-03-27,TITAN,REDUCE
2024-03-27,ULTRACEMCO,REDUCE
2024-03-28,AXISBANK,REDUCE
2024-03-28,EICHERMOT,REDUCE
2024-03-28,ETERNAL,REDUCE
2024-03-28,INFY,REDUCE
2024-03-28,NESTLEIND,REDUCE
2024-03-28,TATACONSUM,REDUCE
2024-03-28,TECHM,REDUCE
2024-03-28,TITAN,REDUCE
2024-03-28,ULTRACEMCO,REDUCE
2024-04-01,AXISBANK,REDUCE
2024-04-01,EICHERMOT,REDUCE
2024-04-01,ETERNAL,REDUCE
2024-04-01,HCLTECH,REDUCE
2024-04-01,INFY,REDUCE
2024-04-01,JSWSTEEL,REDUCE
2024-04-01,NESTLEIND,REDUCE
2024-04-01,TCS,REDUCE
2024-04-01,TATACONSUM,REDUCE
2024-04-01,TECHM,REDUCE
2024-04-01,TITAN,REDUCE
2024-04-01,ULTRACEMCO,REDUCE
2024-04-02,AXISBANK,REDUCE
2024-04-02,EICHERMOT,REDUCE
2024-04-02,ETERNAL,REDUCE
2024-04-02,HCLTECH,REDUCE
2024-04-02,INFY,REDUCE
2024-04-02,NESTLEIND,REDUCE
2024-04-02,SBILIFE,REDUCE
2024-04-02,TCS,REDUCE
2024-04-02,TATACONSUM,REDUCE
2024-04-02,TECHM,REDUCE
2024-04-02,TITAN,REDUCE
2024-04-02,ULTRACEMCO,REDUCE
2024-04-02,WIPRO,REDUCE
2024-04-03,AXISBANK,REDUCE
2024-04-03,EICHERMOT,REDUCE
2024-04-03,ETERNAL,REDUCE
2024-04-03,HCLTECH,REDUCE
2024-04-03,INFY,REDUCE
2024-04-03,NESTLEIND,REDUCE
2024-04-03,SBILIFE,REDUCE
2024-04-03,TCS,REDUCE
2024-04-03,TATACONSUM,REDUCE
2024-04-03,TECHM,REDUCE
2024-04-03,TITAN,REDUCE
2024-04-03,ULTRACEMCO,REDUCE
2024-04-03,WIPRO,REDUCE
2024-04-04,AXISBANK,REDUCE
2024-04-04,ETERNAL,REDUCE
2024-04-04,HCLTECH,REDUCE
2024-04-04,INFY,REDUCE
2024-04-04,NESTLEIND,REDUCE
2024-04-04,SBILIFE,REDUCE
2024-04-04,TCS,REDUCE
2024-04-04,TATACONSUM,REDUCE
2024-04-04,TECHM,REDUCE
2024-04-04,TITAN,REDUCE
2024-04-04,ULTRACEMCO,REDUCE
2024-04-04,WIPRO,REDUCE
2024-04-05,AXISBANK,REDUCE
2024-04-05,ETERNAL,REDUCE
2024-04-05,HCLTECH,REDUCE
2024-04-05,INFY,REDUCE
2024-04-05,NESTLEIND,REDUCE
2024-04-05,SBILIFE,REDUCE
2024-04-05,TCS,REDUCE
2024-04-05,TATACONSUM,REDUCE
2024-04-05,TECHM,REDUCE
2024-04-05,TITAN,REDUCE
2024-04-05,ULTRACEMCO,REDUCE
2024-04-05,WIPRO,REDUCE
2024-04-08,APOLLOHOSP,REDUCE
2024-04-08,AXISBANK,REDUCE
2024-04-08,HCLTECH,REDUCE
2024-04-08,INFY,REDUCE
2024-04-08,NESTLEIND,REDUCE
2024-04-08,SBILIFE,REDUCE
2024-04-08,TCS,REDUCE
2024-04-08,TATACONSUM,REDUCE
2024-04-08,TECHM,REDUCE
2024-04-08,TITAN,REDUCE
2024-04-08,ULTRACEMCO,REDUCE
2024-04-08,WIPRO,REDUCE
2024-04-09,APOLLOHOSP,REDUCE
2024-04-09,AXISBANK,REDUCE
2024-04-09,ETERNAL,REDUCE
2024-04-09,HCLTECH,REDUCE
2024-04-09,HINDALCO,REDUCE
2024-04-09,INFY,REDUCE
2024-04-09,NESTLEIND,REDUCE
2024-04-09,TCS,REDUCE
2024-04-09,TATACONSUM,REDUCE
2024-04-09,TECHM,REDUCE
2024-04-09,TITAN,REDUCE
2024-04-09,ULTRACEMCO,REDUCE
2024-04-09,WIPRO,REDUCE
2024-04-10,APOLLOHOSP,REDUCE
2024-04-10,AXISBANK,REDUCE
2024-04-10,CIPLA,REDUCE
2024-04-10,DRREDDY,REDUCE
2024-04-10,ETERNAL,REDUCE
2024-04-10,HCLTECH,REDUCE
2024-04-10,HINDALCO,REDUCE
2024-04-10,INFY,REDUCE
2024-04-10,NESTLEIND,REDUCE
2024-04-10,TCS,REDUCE
2024-04-10,TATACONSUM,REDUCE
2024-04-10,TECHM,REDUCE
2024-04-10,TITAN,REDUCE
2024-04-10,ULTRACEMCO,REDUCE
2024-04-10,WIPRO,REDUCE
2024-04-12,APOLLOHOSP,REDUCE
2024-04-12,AXISBANK,REDUCE
2024-04-12,CIPLA,REDUCE
2024-04-12,DRREDDY,REDUCE
2024-04-12,ETERNAL,REDUCE
2024-04-12,HCLTECH,REDUCE
2024-04-12,HINDALCO,REDUCE
2024-04-12,INFY,REDUCE
2024-04-12,NESTLEIND,REDUCE
2024-04-12,TCS,REDUCE
2024-04-12,TATACONSUM,REDUCE
2024-04-12,TECHM,REDUCE
2024-04-12,TITAN,REDUCE
2024-04-12,ULTRACEMCO,REDUCE
2024-04-12,WIPRO,REDUCE
2024-04-15,ADANIENT,REDUCE
2024-04-15,APOLLOHOSP,REDUCE
2024-04-15,AXISBANK,REDUCE
2024-04-15,CIPLA,REDUCE
2024-04-15,DRREDDY,REDUCE
2024-04-15,ETERNAL,REDUCE
2024-04-15,HCLTECH,REDUCE
2024-04-15,INFY,EXIT
2024-04-15,NESTLEIND,REDUCE
2024-04-15,SBILIFE,REDUCE
2024-04-15,TCS,REDUCE
2024-04-15,TATACONSUM,REDUCE
2024-04-15,TECHM,EXIT
2024-04-15,TITAN,REDUCE
2024-04-15,ULTRACEMCO,REDUCE
2024-04-15,WIPRO,EXIT
2024-04-16,ADANIENT,REDUCE
2024-04-16,APOLLOHOSP,REDUCE
2024-04-16,AXISBANK,REDUCE
2024-04-16,CIPLA,REDUCE
2024-04-16,DRREDDY,REDUCE
2024-04-16,ETERNAL,REDUCE
2024-04-16,HCLTECH,REDUCE
2024-04-16,LT,REDUCE
2024-04-16,NESTLEIND,REDUCE
2024-04-16,SBILIFE,REDUCE
2024-04-16,SHRIRAMFIN,REDUCE
2024-04-16,TCS,REDUCE
2024-04-16,TATACONSUM,REDUCE
2024-04-16,TITAN,REDUCE
2024-04-16,ULTRACEMCO,REDUCE
2024-04-18,ADANIENT,REDUCE
2024-04-18,APOLLOHOSP,REDUCE
2024-04-18,AXISBANK,EXIT
2024-04-18,CIPLA,REDUCE
2024-04-18,DRREDDY,REDUCE
2024-04-18,ETERNAL,REDUCE
2024-04-18,HCLTECH,REDUCE
2024-04-18,LT,REDUCE
2024-04-18,MAXHEALTH,REDUCE
2024-04-18,NESTLEIND,REDUCE
2024-04-18,SBILIFE,REDUCE
2024-04-18,SHRIRAMFIN,REDUCE
2024-04-18,TCS,REDUCE
2024-04-18,TATACONSUM,REDUCE
2024-04-18,TITAN,REDUCE
2024-04-18,ULTRACEMCO,REDUCE
2024-04-19,ADANIENT,REDUCE
2024-04-19,APOLLOHOSP,REDUCE
2024-04-19,CIPLA,REDUCE
2024-04-19,DRREDDY,REDUCE
2024-04-19,ETERNAL,REDUCE
2024-04-19,HCLTECH,REDUCE
2024-04-19,LT,REDUCE
2024-04-19,MAXHEALTH,REDUCE
2024-04-19,NESTLEIND,REDUCE
2024-04-19,SBILIFE,REDUCE
2024-04-19,SHRIRAMFIN,REDUCE
2024-04-19,TCS,REDUCE
2024-04-19,TATACONSUM,REDUCE
2024-04-19,TITAN,REDUCE
2024-04-19,ULTRACEMCO,REDUCE
2024-04-22,ADANIENT,REDUCE
2024-04-22,APOLLOHOSP,REDUCE
2024-04-22,BAJFINANCE,REDUCE
2024-04-22,CIPLA,REDUCE
2024-04-22,DRREDDY,REDUCE
2024-04-22,ETERNAL,REDUCE
2024-04-22,HCLTECH,REDUCE
2024-04-22,MAXHEALTH,EXIT
2024-04-22,NESTLEIND,REDUCE
2024-04-22,SBILIFE,REDUCE
2024-04-22,SHRIRAMFIN,REDUCE
2024-04-22,TCS,REDUCE
2024-04-22,TATACONSUM,REDUCE
2024-04-22,TITAN,REDUCE
2024-04-22,ULTRACEMCO,REDUCE
2024-04-23,ADANIENT,REDUCE
2024-04-23,APOLLOHOSP,REDUCE
2024-04-23,BAJFINANCE,REDUCE
2024-04-23,CIPLA,REDUCE
2024-04-23,COALINDIA,REDUCE
2024-04-23,DRREDDY,REDUCE
2024-04-23,ETERNAL,REDUCE
2024-04-23,HCLTECH,REDUCE
2024-04-23,NESTLEIND,REDUCE
2024-04-23,RELIANCE,REDUCE
2024-04-23,SBILIFE,REDUCE
2024-04-23,SHRIRAMFIN,REDUCE
2024-04-23,SUNPHARMA,REDUCE
2024-04-23,TCS,REDUCE
2024-04-23,TATACONSUM,REDUCE
2024-04-23,TITAN,REDUCE
2024-04-23,ULTRACEMCO,REDUCE
2024-04-24,ADANIENT,REDUCE
2024-04-24,APOLLOHOSP,REDUCE
2024-04-24,BAJFINANCE,REDUCE
2024-04-24,CIPLA,REDUCE
2024-04-24,COALINDIA,REDUCE
2024-04-24,DRREDDY,REDUCE
2024-04-24,ETERNAL,REDUCE
2024-04-24,HCLTECH,REDUCE
2024-04-24,NESTLEIND,REDUCE
2024-04-24,RELIANCE,REDUCE
2024-04-24,SBILIFE,REDUCE
2024-04-24,SHRIRAMFIN,REDUCE
2024-04-24,SUNPHARMA,REDUCE
2024-04-24,TCS,REDUCE
2024-04-24,TATACONSUM,REDUCE
2024-04-24,TITAN,REDUCE
2024-04-24,ULTRACEMCO,REDUCE
2024-04-25,ADANIENT,REDUCE
2024-04-25,APOLLOHOSP,REDUCE
2024-04-25,AXISBANK,REDUCE
2024-04-25,BAJFINANCE,REDUCE
2024-04-25,CIPLA,REDUCE
2024-04-25,COALINDIA,REDUCE
2024-04-25,DRREDDY,REDUCE
2024-04-25,ETERNAL,REDUCE
2024-04-25,HCLTECH,REDUCE
2024-04-25,NESTLEIND,REDUCE
2024-04-25,RELIANCE,REDUCE
2024-04-25,SBILIFE,REDUCE
2024-04-25,SHRIRAMFIN,REDUCE
2024-04-25,SUNPHARMA,REDUCE
2024-04-25,TCS,REDUCE
2024-04-25,TATACONSUM,REDUCE
2024-04-25,TITAN,REDUCE
2024-04-25,ULTRACEMCO,REDUCE
2024-04-26,ADANIENT,REDUCE
2024-04-26,APOLLOHOSP,REDUCE
2024-04-26,BAJFINANCE,EXIT
2024-04-26,CIPLA,REDUCE
2024-04-26,COALINDIA,REDUCE
2024-04-26,DRREDDY,REDUCE
2024-04-26,ETERNAL,REDUCE
2024-04-26,HCLTECH,REDUCE
2024-04-26,ITC,REDUCE
2024-04-26,NESTLEIND,REDUCE
2024-04-26,RELIANCE,REDUCE
2024-04-26,SBILIFE,REDUCE
2024-04-26,SUNPHARMA,REDUCE
2024-04-26,TCS,REDUCE
2024-04-26,TATACONSUM,REDUCE
2024-04-26,TITAN,REDUCE
2024-04-26,ULTRACEMCO,REDUCE
2024-04-29,ADANIENT,REDUCE
2024-04-29,APOLLOHOSP,REDUCE
2024-04-29,CIPLA,REDUCE
2024-04-29,COALINDIA,REDUCE
2024-04-29,DRREDDY,REDUCE
2024-04-29,ETERNAL,REDUCE
2024-04-29,HCLTECH,EXIT
2024-04-29,ITC,REDUCE
2024-04-29,NESTLEIND,REDUCE
2024-04-29,RELIANCE,REDUCE
2024-04-29,SBILIFE,REDUCE
2024-04-29,SUNPHARMA,REDUCE
2024-04-29,TCS,REDUCE
2024-04-29,TATACONSUM,REDUCE
2024-04-29,TITAN,REDUCE
2024-04-29,ULTRACEMCO,REDUCE
2024-04-30,ADANIENT,REDUCE
2024-04-30,APOLLOHOSP,REDUCE
2024-04-30,CIPLA,REDUCE
2024-04-30,COALINDIA,REDUCE
2024-04-30,DRREDDY,REDUCE
2024-04-30,ETERNAL,REDUCE
2024-04-30,ITC,EXIT
2024-04-30,NESTLEIND,REDUCE
2024-04-30,RELIANCE,REDUCE
2024-04-30,SBILIFE,REDUCE
2024-04-30,SUNPHARMA,REDUCE
2024-04-30,TCS,REDUCE
2024-04-30,TATACONSUM,REDUCE
2024-04-30,TITAN,REDUCE
2024-04-30,ULTRACEMCO,REDUCE
2024-05-02,ADANIENT,REDUCE
2024-05-02,APOLLOHOSP,REDUCE
2024-05-02,CIPLA,REDUCE
2024-05-02,COALINDIA,REDUCE
2024-05-02,DRREDDY,REDUCE
2024-05-02,ETERNAL,REDUCE
2024-05-02,ITC,REDUCE
2024-05-02,NESTLEIND,REDUCE
2024-05-02,RELIANCE,REDUCE
2024-05-02,SBILIFE,REDUCE
2024-05-02,SUNPHARMA,REDUCE
2024-05-02,TCS,REDUCE
2024-05-02,TATACONSUM,REDUCE
2024-05-02,TITAN,REDUCE
2024-05-02,ULTRACEMCO,REDUCE
2024-05-03,ADANIENT,REDUCE
2024-05-03,APOLLOHOSP,REDUCE
2024-05-03,CIPLA,REDUCE
2024-05-03,COALINDIA,REDUCE
2024-05-03,DRREDDY,REDUCE
2024-05-03,ETERNAL,REDUCE
2024-05-03,ITC,EXIT
2024-05-03,NESTLEIND,REDUCE
2024-05-03,RELIANCE,REDUCE
2024-05-03,SBILIFE,REDUCE
2024-05-03,SUNPHARMA,REDUCE
2024-05-03,TCS,REDUCE
2024-05-03,TATACONSUM,REDUCE
2024-05-03,TITAN,REDUCE
2024-05-03,ULTRACEMCO,REDUCE
2024-05-06,ADANIENT,REDUCE
2024-05-06,ADANIPORTS,REDUCE
2024-05-06,APOLLOHOSP,REDUCE
2024-05-06,CIPLA,REDUCE
2024-05-06,COALINDIA,REDUCE
2024-05-06,DRREDDY,REDUCE
2024-05-06,ETERNAL,REDUCE
2024-05-06,NESTLEIND,REDUCE
2024-05-06,RELIANCE,REDUCE
2024-05-06,SBILIFE,REDUCE
2024-05-06,SUNPHARMA,REDUCE
2024-05-06,TCS,REDUCE
2024-05-06,TATACONSUM,REDUCE
2024-05-06,TITAN,EXIT
2024-05-06,ULTRACEMCO,REDUCE
2024-05-07,ADANIENT,REDUCE
2024-05-07,ADANIPORTS,REDUCE
2024-05-07,APOLLOHOSP,REDUCE
2024-05-07,BAJAJFINSV,REDUCE
2024-05-07,CIPLA,REDUCE
2024-05-07,COALINDIA,REDUCE
2024-05-07,DRREDDY,REDUCE
2024-05-07,ETERNAL,REDUCE
2024-05-07,ITC,REDUCE
2024-05-07,LT,REDUCE
2024-05-07,NESTLEIND,REDUCE
2024-05-07,RELIANCE,REDUCE
2024-05-07,SBILIFE,REDUCE
2024-05-07,SUNPHARMA,REDUCE
2024-05-07,TCS,REDUCE
2024-05-07,TATACONSUM,REDUCE
2024-05-07,ULTRACEMCO,REDUCE
2024-05-08,ADANIENT,REDUCE
2024-05-08,ADANIPORTS,REDUCE
2024-05-08,APOLLOHOSP,REDUCE
2024-05-08,BAJAJFINSV,REDUCE
2024-05-08,CIPLA,REDUCE
2024-05-08,DRREDDY,REDUCE
2024-05-08,ETERNAL,REDUCE
2024-05-08,ITC,REDUCE
2024-05-08,LT,REDUCE
2024-05-08,NESTLEIND,REDUCE
2024-05-08,RELIANCE,REDUCE
2024-05-08,SBILIFE,REDUCE
2024-05-08,SUNPHARMA,REDUCE
2024-05-08,TCS,REDUCE
2024-05-08,TATACONSUM,REDUCE
2024-05-08,ULTRACEMCO,REDUCE
2024-05-09,ADANIENT,EXIT
2024-05-09,ADANIPORTS,REDUCE
2024-05-09,APOLLOHOSP,REDUCE
2024-05-09,BAJAJFINSV,EXIT
2024-05-09,CIPLA,REDUCE
2024-05-09,DRREDDY,REDUCE
2024-05-09,ETERNAL,REDUCE
2024-05-09,ITC,EXIT
2024-05-09,JSWSTEEL,REDUCE
2024-05-09,LT,REDUCE
2024-05-09,NESTLEIND,REDUCE
2024-05-09,ONGC,REDUCE
2024-05-09,RELIANCE,REDUCE
2024-05-09,SBILIFE,REDUCE
2024-05-09,SHRIRAMFIN,REDUCE
2024-05-09,SUNPHARMA,REDUCE
2024-05-09,TCS,REDUCE
2024-05-09,TATACONSUM,REDUCE
2024-05-09,ULTRACEMCO,REDUCE
2024-05-10,ADANIPORTS,REDUCE
2024-05-10,APOLLOHOSP,REDUCE
2024-05-10,CIPLA,REDUCE
2024-05-10,DRREDDY,REDUCE
2024-05-10,ETERNAL,REDUCE
2024-05-10,LT,REDUCE
2024-05-10,NESTLEIND,REDUCE
2024-05-10,ONGC,REDUCE
2024-05-10,RELIANCE,REDUCE
2024-05-10,SBILIFE,REDUCE
2024-05-10,SHRIRAMFIN,REDUCE
2024-05-10,SUNPHARMA,REDUCE
2024-05-10,TCS,REDUCE
2024-05-10,TATACONSUM,REDUCE
2024-05-10,ULTRACEMCO,REDUCE
2024-05-13,ADANIPORTS,REDUCE
2024-05-13,APOLLOHOSP,REDUCE
2024-05-13,CIPLA,REDUCE
2024-05-13,COALINDIA,REDUCE
2024-05-13,DRREDDY,REDUCE
2024-05-13,ETERNAL,REDUCE
2024-05-13,LT,REDUCE
2024-05-13,NESTLEIND,REDUCE
2024-05-13,ONGC,REDUCE
2024-05-13,RELIANCE,REDUCE
2024-05-13,SBILIFE,REDUCE
2024-05-13,SHRIRAMFIN,REDUCE
2024-05-13,SUNPHARMA,REDUCE
2024-05-13,TCS,REDUCE
2024-05-13,TATACONSUM,REDUCE
2024-05-13,ULTRACEMCO,REDUCE
2024-05-14,ADANIPORTS,REDUCE
2024-05-14,APOLLOHOSP,REDUCE
2024-05-14,CIPLA,REDUCE
2024-05-14,COALINDIA,REDUCE
2024-05-14,DRREDDY,REDUCE
2024-05-14,ETERNAL,REDUCE
2024-05-14,LT,REDUCE
2024-05-14,NESTLEIND,REDUCE
2024-05-14,ONGC,REDUCE
2024-05-14,RELIANCE,REDUCE
2024-05-14,SBILIFE,REDUCE
2024-05-14,SHRIRAMFIN,REDUCE
2024-05-14,SUNPHARMA,REDUCE
2024-05-14,TCS,REDUCE
2024-05-14,TATACONSUM,REDUCE
2024-05-14,ULTRACEMCO,REDUCE
2024-05-15,ADANIPORTS,REDUCE
2024-05-15,APOLLOHOSP,REDUCE
2024-05-15,CIPLA,REDUCE
2024-05-15,DRREDDY,REDUCE
2024-05-15,ETERNAL,REDUCE
2024-05-15,LT,REDUCE
2024-05-15,NESTLEIND,REDUCE
2024-05-15,ONGC,REDUCE
2024-05-15,RELIANCE,REDUCE
2024-05-15,SBILIFE,REDUCE
2024-05-15,SHRIRAMFIN,REDUCE
2024-05-15,SUNPHARMA,REDUCE
2024-05-15,TCS,REDUCE
2024-05-15,TATACONSUM,EXIT
2024-05-15,ULTRACEMCO,REDUCE
2024-05-16,ADANIPORTS,REDUCE
2024-05-16,APOLLOHOSP,REDUCE
2024-05-16,CIPLA,REDUCE
2024-05-16,DRREDDY,REDUCE
2024-05-16,ETERNAL,REDUCE
2024-05-16,LT,REDUCE
2024-05-16,NESTLEIND,REDUCE
2024-05-16,ONGC,REDUCE
2024-05-16,RELIANCE,REDUCE
2024-05-16,SBILIFE,REDUCE
2024-05-16,SHRIRAMFIN,REDUCE
2024-05-16,SUNPHARMA,REDUCE
2024-05-16,TCS,REDUCE
2024-05-16,ULTRACEMCO,REDUCE
2024-05-17,ADANIPORTS,REDUCE
2024-05-17,APOLLOHOSP,REDUCE
2024-05-17,CIPLA,REDUCE
2024-05-17,DRREDDY,EXIT
2024-05-17,ETERNAL,REDUCE
2024-05-17,ITC,REDUCE
2024-05-17,LT,REDUCE
2024-05-17,MAXHEALTH,REDUCE
2024-05-17,NESTLEIND,REDUCE
2024-05-17,RELIANCE,REDUCE
2024-05-17,SBILIFE,REDUCE
2024-05-17,SHRIRAMFIN,REDUCE
2024-05-17,SUNPHARMA,REDUCE
2024-05-17,TCS,REDUCE
2024-05-17,ULTRACEMCO,REDUCE
2024-05-21,APOLLOHOSP,REDUCE
2024-05-21,CIPLA,REDUCE
2024-05-21,ETERNAL,REDUCE
2024-05-21,ITC,EXIT
2024-05-21,LT,REDUCE
2024-05-21,NESTLEIND,REDUCE
2024-05-21,RELIANCE,REDUCE
2024-05-21,SBILIFE,REDUCE
2024-05-21,SHRIRAMFIN,REDUCE
2024-05-21,SUNPHARMA,REDUCE
2024-05-21,TCS,REDUCE
2024-05-21,ULTRACEMCO,REDUCE
2024-05-22,APOLLOHOSP,REDUCE
2024-05-22,CIPLA,REDUCE
2024-05-22,ETERNAL,REDUCE
2024-05-22,ITC,REDUCE
2024-05-22,LT,REDUCE
2024-05-22,NESTLEIND,REDUCE
2024-05-22,RELIANCE,REDUCE
2024-05-22,SBILIFE,REDUCE
2024-05-22,SHRIRAMFIN,REDUCE
2024-05-22,SUNPHARMA,REDUCE
2024-05-22,TCS,REDUCE
2024-05-22,ULTRACEMCO,REDUCE
2024-05-23,APOLLOHOSP,REDUCE
2024-05-23,CIPLA,REDUCE
2024-05-23,ETERNAL,REDUCE
2024-05-23,ITC,REDUCE
2024-05-23,LT,REDUCE
2024-05-23,NESTLEIND,REDUCE
2024-05-23,RELIANCE,REDUCE
2024-05-23,SBILIFE,REDUCE
2024-05-23,SHRIRAMFIN,REDUCE
2024-05-23,SUNPHARMA,REDUCE
2024-05-23,TCS,REDUCE
2024-05-23,ULTRACEMCO,REDUCE
2024-05-24,APOLLOHOSP,REDUCE
2024-05-24,CIPLA,REDUCE
2024-05-24,ETERNAL,REDUCE
2024-05-24,HDFCBANK,REDUCE
2024-05-24,ITC,REDUCE
2024-05-24,LT,REDUCE
2024-05-24,MAXHEALTH,REDUCE
2024-05-24,NESTLEIND,REDUCE
2024-05-24,RELIANCE,REDUCE
2024-05-24,SBILIFE,REDUCE
2024-05-24,SHRIRAMFIN,REDUCE
2024-05-24,SUNPHARMA,REDUCE
2024-05-24,TCS,REDUCE
2024-05-27,APOLLOHOSP,REDUCE
2024-05-27,CIPLA,REDUCE
2024-05-27,ETERNAL,REDUCE
2024-05-27,HDFCBANK,REDUCE
2024-05-27,ITC,EXIT
2024-05-27,LT,REDUCE
2024-05-27,NESTLEIND,REDUCE
2024-05-27,RELIANCE,REDUCE
2024-05-27,SBILIFE,REDUCE
2024-05-27,SHRIRAMFIN,REDUCE
2024-05-27,SUNPHARMA,REDUCE
2024-05-27,TCS,REDUCE
2024-05-28,APOLLOHOSP,REDUCE
2024-05-28,CIPLA,REDUCE
2024-05-28,ETERNAL,REDUCE
2024-05-28,HDFCBANK,REDUCE
2024-05-28,LT,REDUCE
2024-05-28,MAXHEALTH,REDUCE
2024-05-28,NESTLEIND,REDUCE
2024-05-28,RELIANCE,REDUCE
2024-05-28,SBILIFE,REDUCE
2024-05-28,SHRIRAMFIN,REDUCE
2024-05-28,SUNPHARMA,REDUCE
2024-05-28,TCS,REDUCE
2024-05-29,APOLLOHOSP,REDUCE
2024-05-29,CIPLA,REDUCE
2024-05-29,ETERNAL,REDUCE
2024-05-29,HDFCBANK,EXIT
2024-05-29,ICICIBANK,REDUCE
2024-05-29,LT,REDUCE
2024-05-29,MAXHEALTH,REDUCE
2024-05-29,NESTLEIND,REDUCE
2024-05-29,ONGC,REDUCE
2024-05-29,RELIANCE,REDUCE
2024-05-29,SBILIFE,REDUCE
2024-05-29,SHRIRAMFIN,REDUCE
2024-05-29,SUNPHARMA,REDUCE
2024-05-29,TCS,REDUCE
2024-05-30,ADANIENT,REDUCE
2024-05-30,APOLLOHOSP,REDUCE
2024-05-30,CIPLA,REDUCE
2024-05-30,ETERNAL,REDUCE
2024-05-30,ICICIBANK,REDUCE
2024-05-30,LT,REDUCE
2024-05-30,MAXHEALTH,REDUCE
2024-05-30,NESTLEIND,EXIT
2024-05-30,ONGC,REDUCE
2024-05-30,RELIANCE,REDUCE
2024-05-30,SBILIFE,EXIT
2024-05-30,SHRIRAMFIN,REDUCE
2024-05-30,SUNPHARMA,REDUCE
2024-05-30,TCS,REDUCE
2024-05-31,APOLLOHOSP,REDUCE
2024-05-31,CIPLA,REDUCE
2024-05-31,ETERNAL,REDUCE
2024-05-31,GRASIM,REDUCE
2024-05-31,HDFCBANK,REDUCE
2024-05-31,ICICIBANK,REDUCE
2024-05-31,LT,REDUCE
2024-05-31,MAXHEALTH,EXIT
2024-05-31,ONGC,REDUCE
2024-05-31,RELIANCE,REDUCE
2024-05-31,SHRIRAMFIN,REDUCE
2024-05-31,SUNPHARMA,REDUCE
2024-05-31,TCS,EXIT
2024-06-03,APOLLOHOSP,REDUCE
2024-06-03,CIPLA,REDUCE
2024-06-03,ETERNAL,REDUCE
2024-06-03,GRASIM,REDUCE
2024-06-03,HDFCBANK,REDUCE
2024-06-03,ICICIBANK,REDUCE
2024-06-03,MARUTI,REDUCE
2024-06-03,ONGC,REDUCE
2024-06-03,RELIANCE,REDUCE
2024-06-03,SUNPHARMA,REDUCE
2024-06-04,ADANIENT,EXIT
2024-06-04,ADANIPORTS,EXIT
2024-06-04,APOLLOHOSP,REDUCE
2024-06-04,BEL,EXIT
2024-06-04,CIPLA,REDUCE
2024-06-04,ETERNAL,REDUCE
2024-06-04,GRASIM,REDUCE
2024-06-04,HDFCBANK,EXIT
2024-06-04,HINDUNILVR,REDUCE
2024-06-04,ICICIBANK,REDUCE
2024-06-04,LT,REDUCE
2024-06-04,MARUTI,REDUCE
2024-06-04,NTPC,EXIT
2024-06-04,ONGC,EXIT
2024-06-04,RELIANCE,REDUCE
2024-06-04,SHRIRAMFIN,REDUCE
2024-06-04,SUNPHARMA,REDUCE
2024-06-05,ADANIPORTS,REDUCE
2024-06-05,APOLLOHOSP,REDUCE
2024-06-05,BEL,REDUCE
2024-06-05,CIPLA,REDUCE
2024-06-05,ETERNAL,REDUCE
2024-06-05,GRASIM,REDUCE
2024-06-05,HDFCBANK,REDUCE
2024-06-05,HINDUNILVR,REDUCE
2024-06-05,ICICIBANK,REDUCE
2024-06-05,LT,REDUCE
2024-06-05,MARUTI,REDUCE
2024-06-05,MAXHEALTH,REDUCE
2024-06-05,RELIANCE,REDUCE
2024-06-05,SHRIRAMFIN,REDUCE
2024-06-05,SUNPHARMA,REDUCE
2024-06-06,ADANIPORTS,REDUCE
2024-06-06,APOLLOHOSP,REDUCE
2024-06-06,CIPLA,REDUCE
2024-06-06,ETERNAL,REDUCE
2024-06-06,GRASIM,REDUCE
2024-06-06,HDFCBANK,REDUCE
2024-06-06,HINDUNILVR,REDUCE
2024-06-06,ICICIBANK,REDUCE
2024-06-06,LT,REDUCE
2024-06-06,MARUTI,REDUCE
2024-06-06,RELIANCE,REDUCE
2024-06-06,SHRIRAMFIN,REDUCE
2024-06-06,SUNPHARMA,REDUCE
2024-06-07,ADANIPORTS,REDUCE
2024-06-07,APOLLOHOSP,REDUCE
2024-06-07,CIPLA,REDUCE
2024-06-07,ETERNAL,REDUCE
2024-06-07,GRASIM,REDUCE
2024-06-07,HDFCBANK,REDUCE
2024-06-07,HINDUNILVR,REDUCE
2024-06-07,ICICIBANK,REDUCE
2024-06-07,LT,REDUCE
2024-06-07,MARUTI,REDUCE
2024-06-07,NTPC,REDUCE
2024-06-07,RELIANCE,REDUCE
2024-06-07,SHRIRAMFIN,REDUCE
2024-06-07,SUNPHARMA,REDUCE
2024-06-10,ADANIPORTS,REDUCE
2024-06-10,APOLLOHOSP,REDUCE
2024-06-10,CIPLA,REDUCE
2024-06-10,ETERNAL,REDUCE
2024-06-10,HDFCBANK,REDUCE
2024-06-10,HINDUNILVR,REDUCE
2024-06-10,ICICIBANK,REDUCE
2024-06-10,LT,REDUCE
2024-06-10,MARUTI,REDUCE
2024-06-10,RELIANCE,REDUCE
2024-06-10,SHRIRAMFIN,REDUCE
2024-06-10,SUNPHARMA,REDUCE
2024-06-11,ADANIPORTS,REDUCE
2024-06-11,APOLLOHOSP,REDUCE
2024-06-11,CIPLA,REDUCE
2024-06-11,ETERNAL,REDUCE
2024-06-11,HDFCBANK,REDUCE
2024-06-11,HINDUNILVR,REDUCE
2024-06-11,ICICIBANK,REDUCE
2024-06-11,LT,REDUCE
2024-06-11,MARUTI,REDUCE
2024-06-11,MAXHEALTH,REDUCE
2024-06-11,RELIANCE,REDUCE
2024-06-11,SHRIRAMFIN,REDUCE
2024-06-11,SUNPHARMA,REDUCE
2024-06-12,ADANIPORTS,REDUCE
2024-06-12,APOLLOHOSP,REDUCE
2024-06-12,CIPLA,REDUCE
2024-06-12,ETERNAL,REDUCE
2024-06-12,HDFCBANK,REDUCE
2024-06-12,HINDUNILVR,REDUCE
2024-06-12,ICICIBANK,REDUCE
2024-06-12,LT,REDUCE
2024-06-12,MARUTI,REDUCE
2024-06-12,MAXHEALTH,REDUCE
2024-06-12,RELIANCE,REDUCE
2024-06-12,SHRIRAMFIN,REDUCE
2024-06-12,SUNPHARMA,REDUCE
2024-06-13,ADANIPORTS,REDUCE
2024-06-13,APOLLOHOSP,REDUCE
2024-06-13,CIPLA,REDUCE
2024-06-13,ETERNAL,REDUCE
2024-06-13,HDFCBANK,REDUCE
2024-06-13,HINDUNILVR,REDUCE
2024-06-13,ICICIBANK,REDUCE
2024-06-13,LT,REDUCE
2024-06-13,MARUTI,REDUCE
2024-06-13,MAXHEALTH,REDUCE
2024-06-13,RELIANCE,REDUCE
2024-06-13,SUNPHARMA,REDUCE
2024-06-13,TECHM,REDUCE
2024-06-14,ADANIPORTS,REDUCE
2024-06-14,APOLLOHOSP,REDUCE
2024-06-14,CIPLA,REDUCE
2024-06-14,ETERNAL,REDUCE
2024-06-14,HDFCBANK,REDUCE
2024-06-14,HINDUNILVR,REDUCE
2024-06-14,ICICIBANK,REDUCE
2024-06-14,LT,REDUCE
2024-06-14,MARUTI,REDUCE
2024-06-14,RELIANCE,REDUCE
2024-06-14,SUNPHARMA,REDUCE
2024-06-18,ADANIPORTS,REDUCE
2024-06-18,APOLLOHOSP,REDUCE
2024-06-18,CIPLA,REDUCE
2024-06-18,ETERNAL,REDUCE
2024-06-18,HDFCBANK,REDUCE
2024-06-18,HINDUNILVR,REDUCE
2024-06-18,ICICIBANK,REDUCE
2024-06-18,LT,REDUCE
2024-06-18,MARUTI,REDUCE
2024-06-18,RELIANCE,REDUCE
2024-06-18,SUNPHARMA,REDUCE
2024-06-19,ADANIPORTS,REDUCE
2024-06-19,APOLLOHOSP,REDUCE
2024-06-19,CIPLA,REDUCE
2024-06-19,ETERNAL,REDUCE
2024-06-19,HDFCBANK,REDUCE
2024-06-19,HINDUNILVR,REDUCE
2024-06-19,ICICIBANK,REDUCE
2024-06-19,LT,REDUCE
2024-06-19,MARUTI,REDUCE
2024-06-19,RELIANCE,REDUCE
2024-06-19,SUNPHARMA,REDUCE
2024-06-20,APOLLOHOSP,REDUCE
2024-06-20,CIPLA,REDUCE
2024-06-20,ETERNAL,REDUCE
2024-06-20,HINDUNILVR,REDUCE
2024-06-20,ICICIBANK,REDUCE
2024-06-20,LT,REDUCE
2024-06-20,MARUTI,REDUCE
2024-06-20,NTPC,REDUCE
2024-06-20,RELIANCE,REDUCE
2024-06-20,SUNPHARMA,REDUCE
2024-06-21,APOLLOHOSP,REDUCE
2024-06-21,CIPLA,REDUCE
2024-06-21,ETERNAL,REDUCE
2024-06-21,HINDUNILVR,REDUCE
2024-06-21,ICICIBANK,REDUCE
2024-06-21,LT,REDUCE
2024-06-21,MARUTI,REDUCE
2024-06-21,NTPC,REDUCE
2024-06-21,RELIANCE,REDUCE
2024-06-21,SUNPHARMA,REDUCE
2024-06-24,APOLLOHOSP,REDUCE
2024-06-24,CIPLA,REDUCE
2024-06-24,ETERNAL,REDUCE
2024-06-24,HINDUNILVR,REDUCE
2024-06-24,LT,REDUCE
2024-06-24,MARUTI,REDUCE
2024-06-24,NTPC,REDUCE
2024-06-24,RELIANCE,REDUCE
2024-06-24,SUNPHARMA,REDUCE
2024-06-25,APOLLOHOSP,REDUCE
2024-06-25,CIPLA,REDUCE
2024-06-25,ETERNAL,REDUCE
2024-06-25,HINDUNILVR,REDUCE
2024-06-25,LT,REDUCE
2024-06-25,MARUTI,REDUCE
2024-06-25,NTPC,REDUCE
2024-06-25,RELIANCE,REDUCE
2024-06-25,SUNPHARMA,REDUCE
2024-06-26,APOLLOHOSP,REDUCE
2024-06-26,CIPLA,REDUCE
2024-06-26,COALINDIA,REDUCE
2024-06-26,ETERNAL,REDUCE
2024-06-26,HINDUNILVR,REDUCE
2024-06-26,LT,REDUCE
2024-06-26,MARUTI,REDUCE
2024-06-26,NTPC,REDUCE
2024-06-26,RELIANCE,REDUCE
2024-06-26,SUNPHARMA,REDUCE
2024-06-27,APOLLOHOSP,REDUCE
2024-06-27,CIPLA,REDUCE
2024-06-27,COALINDIA,REDUCE
2024-06-27,ETERNAL,REDUCE
2024-06-27,HINDUNILVR,REDUCE
2024-06-27,LT,REDUCE
2024-06-27,MARUTI,REDUCE
2024-06-27,NTPC,REDUCE
2024-06-27,RELIANCE,REDUCE
2024-06-27,SUNPHARMA,REDUCE
2024-06-28,APOLLOHOSP,REDUCE
2024-06-28,CIPLA,REDUCE
2024-06-28,COALINDIA,REDUCE
2024-06-28,ETERNAL,REDUCE
2024-06-28,HINDUNILVR,REDUCE
2024-06-28,LT,REDUCE
2024-06-28,MARUTI,REDUCE
2024-06-28,NTPC,REDUCE
2024-06-28,RELIANCE,REDUCE
2024-06-28,SUNPHARMA,REDUCE
2024-06-28,WIPRO,REDUCE
2024-07-01,APOLLOHOSP,REDUCE
2024-07-01,CIPLA,REDUCE
2024-07-01,COALINDIA,REDUCE
2024-07-01,EICHERMOT,REDUCE
2024-07-01,ETERNAL,REDUCE
2024-07-01,HINDUNILVR,REDUCE
2024-07-01,INFY,REDUCE
2024-07-01,LT,REDUCE
2024-07-01,MARUTI,REDUCE
2024-07-01,NTPC,REDUCE
2024-07-01,RELIANCE,REDUCE
2024-07-01,SUNPHARMA,REDUCE
2024-07-02,APOLLOHOSP,REDUCE
2024-07-02,CIPLA,REDUCE
2024-07-02,COALINDIA,REDUCE
2024-07-02,EICHERMOT,REDUCE
2024-07-02,ETERNAL,REDUCE
2024-07-02,HINDUNILVR,REDUCE
2024-07-02,INFY,REDUCE
2024-07-02,LT,REDUCE
2024-07-02,MARUTI,REDUCE
2024-07-02,NTPC,REDUCE
2024-07-02,RELIANCE,REDUCE
2024-07-02,SUNPHARMA,REDUCE
2024-07-03,APOLLOHOSP,REDUCE
2024-07-03,CIPLA,REDUCE
2024-07-03,COALINDIA,REDUCE
2024-07-03,EICHERMOT,REDUCE
2024-07-03,ETERNAL,REDUCE
2024-07-03,HINDUNILVR,REDUCE
2024-07-03,INFY,REDUCE
2024-07-03,LT,REDUCE
2024-07-03,MARUTI,REDUCE
2024-07-03,NTPC,REDUCE
2024-07-03,RELIANCE,REDUCE
2024-07-03,SUNPHARMA,REDUCE
2024-07-04,APOLLOHOSP,REDUCE
2024-07-04,CIPLA,REDUCE
2024-07-04,COALINDIA,REDUCE
2024-07-04,EICHERMOT,REDUCE
2024-07-04,ETERNAL,REDUCE
2024-07-04,HINDUNILVR,REDUCE
2024-07-04,INFY,REDUCE
2024-07-04,LT,REDUCE
2024-07-04,MARUTI,REDUCE
2024-07-04,NTPC,REDUCE
2024-07-04,RELIANCE,REDUCE
2024-07-04,SUNPHARMA,REDUCE
2024-07-05,APOLLOHOSP,REDUCE
2024-07-05,EICHERMOT,REDUCE
2024-07-05,ETERNAL,REDUCE
2024-07-05,HINDUNILVR,REDUCE
2024-07-05,INFY,REDUCE
2024-07-05,LT,REDUCE
2024-07-05,MARUTI,REDUCE
2024-07-05,NTPC,REDUCE
2024-07-05,RELIANCE,REDUCE
2024-07-05,SUNPHARMA,REDUCE
2024-07-08,APOLLOHOSP,REDUCE
2024-07-08,EICHERMOT,REDUCE
2024-07-08,ETERNAL,REDUCE
2024-07-08,HINDUNILVR,REDUCE
2024-07-08,INFY,REDUCE
2024-07-08,LT,REDUCE
2024-07-08,MARUTI,REDUCE
2024-07-08,NTPC,REDUCE
2024-07-08,RELIANCE,REDUCE
2024-07-08,SUNPHARMA,REDUCE
2024-07-09,APOLLOHOSP,REDUCE
2024-07-09,EICHERMOT,REDUCE
2024-07-09,ETERNAL,REDUCE
2024-07-09,HINDUNILVR,REDUCE
2024-07-09,INFY,REDUCE
2024-07-09,KOTAKBANK,REDUCE
2024-07-09,LT,REDUCE
2024-07-09,MARUTI,REDUCE
2024-07-09,NTPC,REDUCE
2024-07-09,RELIANCE,REDUCE
2024-07-09,SUNPHARMA,REDUCE
2024-07-10,APOLLOHOSP,REDUCE
2024-07-10,EICHERMOT,REDUCE
2024-07-10,ETERNAL,REDUCE
2024-07-10,HINDUNILVR,REDUCE
2024-07-10,INFY,REDUCE
2024-07-10,KOTAKBANK,REDUCE
2024-07-10,LT,REDUCE
2024-07-10,MARUTI,REDUCE
2024-07-10,NTPC,REDUCE
2024-07-10,RELIANCE,REDUCE
2024-07-10,SUNPHARMA,REDUCE
2024-07-10,TATASTEEL,REDUCE
2024-07-11,APOLLOHOSP,REDUCE
2024-07-11,EICHERMOT,REDUCE
2024-07-11,ETERNAL,REDUCE
2024-07-11,HCLTECH,REDUCE
2024-07-11,HDFCLIFE,REDUCE
2024-07-11,HINDUNILVR,REDUCE
2024-07-11,INFY,REDUCE
2024-07-11,KOTAKBANK,REDUCE
2024-07-11,LT,REDUCE
2024-07-11,MARUTI,REDUCE
2024-07-11,NTPC,REDUCE
2024-07-11,RELIANCE,REDUCE
2024-07-11,SBILIFE,REDUCE
2024-07-11,SUNPHARMA,REDUCE
2024-07-11,TATASTEEL,REDUCE
2024-07-12,APOLLOHOSP,REDUCE
2024-07-12,EICHERMOT,REDUCE
2024-07-12,ETERNAL,REDUCE
2024-07-12,HCLTECH,REDUCE
2024-07-12,HDFCLIFE,REDUCE
2024-07-12,KOTAKBANK,REDUCE
2024-07-12,LT,REDUCE
2024-07-12,MARUTI,REDUCE
2024-07-12,NTPC,REDUCE
2024-07-12,RELIANCE,REDUCE
2024-07-12,SBILIFE,REDUCE
2024-07-12,SUNPHARMA,REDUCE
2024-07-12,TCS,REDUCE
2024-07-12,TATASTEEL,REDUCE
2024-07-15,APOLLOHOSP,REDUCE
2024-07-15,EICHERMOT,REDUCE
2024-07-15,ETERNAL,REDUCE
2024-07-15,HCLTECH,REDUCE
2024-07-15,HDFCLIFE,REDUCE
2024-07-15,KOTAKBANK,REDUCE
2024-07-15,LT,REDUCE
2024-07-15,MARUTI,REDUCE
2024-07-15,NTPC,REDUCE
2024-07-15,ONGC,REDUCE
2024-07-15,RELIANCE,REDUCE
2024-07-15,SUNPHARMA,REDUCE
2024-07-15,TCS,REDUCE
2024-07-15,TATASTEEL,REDUCE
2024-07-16,APOLLOHOSP,REDUCE
2024-07-16,EICHERMOT,REDUCE
2024-07-16,ETERNAL,REDUCE
2024-07-16,HCLTECH,REDUCE
2024-07-16,HDFCLIFE,REDUCE
2024-07-16,KOTAKBANK,REDUCE
2024-07-16,LT,REDUCE
2024-07-16,MARUTI,REDUCE
2024-07-16,NTPC,REDUCE
2024-07-16,RELIANCE,REDUCE
2024-07-16,SUNPHARMA,REDUCE
2024-07-16,TCS,REDUCE
2024-07-16,TATASTEEL,REDUCE
2024-07-18,APOLLOHOSP,REDUCE
2024-07-18,EICHERMOT,REDUCE
2024-07-18,ETERNAL,REDUCE
2024-07-18,HCLTECH,REDUCE
2024-07-18,HDFCLIFE,REDUCE
2024-07-18,KOTAKBANK,REDUCE
2024-07-18,LT,REDUCE
2024-07-18,MARUTI,REDUCE
2024-07-18,NTPC,REDUCE
2024-07-18,SUNPHARMA,REDUCE
2024-07-18,TCS,REDUCE
2024-07-18,TATASTEEL,REDUCE
2024-07-19,APOLLOHOSP,REDUCE
2024-07-19,EICHERMOT,REDUCE
2024-07-19,ETERNAL,REDUCE
2024-07-19,HDFCLIFE,REDUCE
2024-07-19,HINDALCO,REDUCE
2024-07-19,JSWSTEEL,REDUCE
2024-07-19,KOTAKBANK,REDUCE
2024-07-19,LT,REDUCE
2024-07-19,MARUTI,REDUCE
2024-07-19,NTPC,REDUCE
2024-07-19,SUNPHARMA,REDUCE
2024-07-19,TCS,REDUCE
2024-07-19,TATASTEEL,REDUCE
2024-07-22,APOLLOHOSP,REDUCE
2024-07-22,DRREDDY,REDUCE
2024-07-22,EICHERMOT,REDUCE
2024-07-22,ETERNAL,REDUCE
2024-07-22,HDFCLIFE,REDUCE
2024-07-22,HINDALCO,REDUCE
2024-07-22,JSWSTEEL,REDUCE
2024-07-22,KOTAKBANK,EXIT
2024-07-22,LT,REDUCE
2024-07-22,MARUTI,REDUCE
2024-07-22,NTPC,REDUCE
2024-07-22,SUNPHARMA,REDUCE
2024-07-22,TCS,REDUCE
2024-07-22,TATASTEEL,REDUCE
2024-07-23,APOLLOHOSP,REDUCE
2024-07-23,EICHERMOT,REDUCE
2024-07-23,ETERNAL,REDUCE
2024-07-23,HDFCLIFE,REDUCE
2024-07-23,HINDALCO,REDUCE
2024-07-23,ITC,REDUCE
2024-07-23,JSWSTEEL,REDUCE
2024-07-23,LT,REDUCE
2024-07-23,MARUTI,REDUCE
2024-07-23,NTPC,REDUCE
2024-07-23,RELIANCE,REDUCE
2024-07-23,SUNPHARMA,REDUCE
2024-07-23,TCS,REDUCE
2024-07-23,TATACONSUM,REDUCE
2024-07-23,TATASTEEL,REDUCE
2024-07-24,APOLLOHOSP,REDUCE
2024-07-24,BAJAJ-AUTO,REDUCE
2024-07-24,EICHERMOT,REDUCE
2024-07-24,ETERNAL,REDUCE
2024-07-24,HDFCLIFE,REDUCE
2024-07-24,HINDALCO,REDUCE
2024-07-24,JSWSTEEL,REDUCE
2024-07-24,LT,REDUCE
2024-07-24,MARUTI,REDUCE
2024-07-24,NTPC,REDUCE
2024-07-24,RELIANCE,REDUCE
2024-07-24,SUNPHARMA,REDUCE
2024-07-24,TCS,REDUCE
2024-07-24,TATASTEEL,REDUCE
2024-07-25,APOLLOHOSP,REDUCE
2024-07-25,AXISBANK,REDUCE
2024-07-25,BAJAJ-AUTO,REDUCE
2024-07-25,EICHERMOT,REDUCE
2024-07-25,ETERNAL,REDUCE
2024-07-25,HDFCLIFE,REDUCE
2024-07-25,HINDALCO,REDUCE
2024-07-25,JSWSTEEL,REDUCE
2024-07-25,LT,REDUCE
2024-07-25,MARUTI,REDUCE
2024-07-25,RELIANCE,REDUCE
2024-07-25,SUNPHARMA,REDUCE
2024-07-25,TCS,REDUCE
2024-07-25,TATASTEEL,REDUCE
2024-07-26,AXISBANK,REDUCE
2024-07-26,BAJAJ-AUTO,REDUCE
2024-07-26,EICHERMOT,REDUCE
2024-07-26,ETERNAL,REDUCE
2024-07-26,HDFCLIFE,REDUCE
2024-07-26,HINDALCO,REDUCE
2024-07-26,JSWSTEEL,REDUCE
2024-07-26,LT,REDUCE
2024-07-26,MARUTI,REDUCE
2024-07-26,RELIANCE,REDUCE
2024-07-26,SUNPHARMA,REDUCE
2024-07-26,TATASTEEL,REDUCE
2024-07-29,AXISBANK,REDUCE
2024-07-29,BAJAJ-AUTO,REDUCE
2024-07-29,EICHERMOT,REDUCE
2024-07-29,ETERNAL,REDUCE
2024-07-29,HDFCLIFE,REDUCE
2024-07-29,HINDALCO,REDUCE
2024-07-29,JSWSTEEL,REDUCE
2024-07-29,LT,REDUCE
2024-07-29,MARUTI,REDUCE
2024-07-29,RELIANCE,REDUCE
2024-07-29,TATASTEEL,REDUCE
2024-07-30,AXISBANK,REDUCE
2024-07-30,BAJAJ-AUTO,REDUCE
2024-07-30,EICHERMOT,REDUCE
2024-07-30,ETERNAL,REDUCE
2024-07-30,HDFCLIFE,REDUCE
2024-07-30,HINDALCO,REDUCE
2024-07-30,JSWSTEEL,REDUCE
2024-07-30,LT,REDUCE
2024-07-30,MARUTI,REDUCE
2024-07-30,RELIANCE,REDUCE
2024-07-30,TATASTEEL,REDUCE
2024-07-31,AXISBANK,REDUCE
2024-07-31,BAJAJ-AUTO,REDUCE
2024-07-31,EICHERMOT,REDUCE
2024-07-31,ETERNAL,REDUCE
2024-07-31,HDFCLIFE,REDUCE
2024-07-31,HINDALCO,REDUCE
2024-07-31,JSWSTEEL,REDUCE
2024-07-31,LT,REDUCE
2024-07-31,MARUTI,REDUCE
2024-07-31,RELIANCE,REDUCE
2024-07-31,TATASTEEL,REDUCE
2024-08-01,AXISBANK,REDUCE
2024-08-01,EICHERMOT,REDUCE
2024-08-01,ETERNAL,REDUCE
2024-08-01,HDFCLIFE,REDUCE
2024-08-01,HINDALCO,REDUCE
2024-08-01,JSWSTEEL,REDUCE
2024-08-01,LT,REDUCE
2024-08-01,MARUTI,REDUCE
2024-08-01,RELIANCE,REDUCE
2024-08-01,TATASTEEL,REDUCE
2024-08-02,AXISBANK,REDUCE
2024-08-02,BEL,REDUCE
2024-08-02,EICHERMOT,REDUCE
2024-08-02,ETERNAL,REDUCE
2024-08-02,HDFCLIFE,REDUCE
2024-08-02,HINDALCO,REDUCE
2024-08-02,JSWSTEEL,REDUCE
2024-08-02,LT,REDUCE
2024-08-02,MARUTI,REDUCE
2024-08-02,RELIANCE,REDUCE
2024-08-02,TATASTEEL,REDUCE
2024-08-05,ASIANPAINT,REDUCE
2024-08-05,AXISBANK,REDUCE
2024-08-05,BEL,REDUCE
2024-08-05,EICHERMOT,REDUCE
2024-08-05,ETERNAL,REDUCE
2024-08-05,HDFCLIFE,REDUCE
2024-08-05,HINDALCO,REDUCE
2024-08-05,ICICIBANK,REDUCE
2024-08-05,INDIGO,REDUCE
2024-08-05,JSWSTEEL,REDUCE
2024-08-05,LT,REDUCE
2024-08-05,M&M,REDUCE
2024-08-05,MARUTI,REDUCE
2024-08-05,RELIANCE,REDUCE
2024-08-05,SBIN,REDUCE
2024-08-05,TATASTEEL,EXIT
2024-08-05,WIPRO,EXIT
2024-08-06,ASIANPAINT,REDUCE
2024-08-06,AXISBANK,REDUCE
2024-08-06,BEL,REDUCE
2024-08-06,EICHERMOT,REDUCE
2024-08-06,ETERNAL,REDUCE
2024-08-06,HDFCLIFE,REDUCE
2024-08-06,HINDALCO,REDUCE
2024-08-06,ICICIBANK,REDUCE
2024-08-06,INDIGO,REDUCE
2024-08-06,JSWSTEEL,REDUCE
2024-08-06,LT,REDUCE
2024-08-06,M&M,REDUCE
2024-08-06,MARUTI,REDUCE
2024-08-06,RELIANCE,REDUCE
2024-08-06,SBIN,REDUCE
2024-08-07,ASIANPAINT,REDUCE
2024-08-07,AXISBANK,REDUCE
2024-08-07,BEL,REDUCE
2024-08-07,EICHERMOT,REDUCE
2024-08-07,ETERNAL,REDUCE
2024-08-07,HINDALCO,REDUCE
2024-08-07,ICICIBANK,REDUCE
2024-08-07,INDIGO,REDUCE
2024-08-07,JSWSTEEL,REDUCE
2024-08-07,LT,REDUCE
2024-08-07,M&M,REDUCE
2024-08-07,MARUTI,REDUCE
2024-08-07,MAXHEALTH,REDUCE
2024-08-07,RELIANCE,REDUCE
2024-08-07,SBIN,REDUCE
2024-08-08,ASIANPAINT,REDUCE
2024-08-08,AXISBANK,REDUCE
2024-08-08,BEL,REDUCE
2024-08-08,EICHERMOT,REDUCE
2024-08-08,ETERNAL,REDUCE
2024-08-08,GRASIM,REDUCE
2024-08-08,HINDALCO,REDUCE
2024-08-08,ICICIBANK,REDUCE
2024-08-08,INDIGO,REDUCE
2024-08-08,JSWSTEEL,REDUCE
2024-08-08,LT,REDUCE
2024-08-08,M&M,REDUCE
2024-08-08,MARUTI,REDUCE
2024-08-08,MAXHEALTH,REDUCE
2024-08-08,RELIANCE,REDUCE
2024-08-08,SBIN,REDUCE
2024-08-09,ASIANPAINT,REDUCE
2024-08-09,AXISBANK,REDUCE
2024-08-09,BEL,REDUCE
2024-08-09,EICHERMOT,REDUCE
2024-08-09,ETERNAL,REDUCE
2024-08-09,GRASIM,REDUCE
2024-08-09,HINDALCO,REDUCE
2024-08-09,ICICIBANK,REDUCE
2024-08-09,INDIGO,REDUCE
2024-08-09,JSWSTEEL,REDUCE
2024-08-09,LT,REDUCE
2024-08-09,M&M,REDUCE
2024-08-09,MARUTI,REDUCE
2024-08-09,MAXHEALTH,REDUCE
2024-08-09,RELIANCE,REDUCE
2024-08-09,SBIN,REDUCE
2024-08-12,ASIANPAINT,REDUCE
2024-08-12,AXISBANK,REDUCE
2024-08-12,BEL,REDUCE
2024-08-12,EICHERMOT,REDUCE
2024-08-12,ETERNAL,REDUCE
2024-08-12,GRASIM,REDUCE
2024-08-12,HINDALCO,REDUCE
2024-08-12,ICICIBANK,REDUCE
2024-08-12,INDIGO,REDUCE
2024-08-12,JSWSTEEL,REDUCE
2024-08-12,LT,REDUCE
2024-08-12,M&M,REDUCE
2024-08-12,MARUTI,REDUCE
2024-08-12,MAXHEALTH,REDUCE
2024-08-12,RELIANCE,REDUCE
2024-08-12,SBIN,REDUCE
2024-08-13,ASIANPAINT,REDUCE
2024-08-13,AXISBANK,REDUCE
2024-08-13,BEL,REDUCE
2024-08-13,EICHERMOT,REDUCE
2024-08-13,ETERNAL,REDUCE
2024-08-13,GRASIM,REDUCE
2024-08-13,HDFCBANK,REDUCE
2024-08-13,HINDALCO,REDUCE
2024-08-13,ICICIBANK,REDUCE
2024-08-13,INDIGO,REDUCE
2024-08-13,JSWSTEEL,REDUCE
2024-08-13,LT,REDUCE
2024-08-13,M&M,REDUCE
2024-08-13,MARUTI,REDUCE
2024-08-13,MAXHEALTH,REDUCE
2024-08-13,RELIANCE,REDUCE
2024-08-13,SBIN,REDUCE
2024-08-14,ADANIPORTS,REDUCE
2024-08-14,ASIANPAINT,REDUCE
2024-08-14,AXISBANK,REDUCE
2024-08-14,BEL,REDUCE
2024-08-14,EICHERMOT,REDUCE
2024-08-14,ETERNAL,REDUCE
2024-08-14,GRASIM,REDUCE
2024-08-14,HDFCBANK,REDUCE
2024-08-14,HINDALCO,REDUCE
2024-08-14,ICICIBANK,REDUCE
2024-08-14,INDIGO,REDUCE
2024-08-14,JSWSTEEL,REDUCE
2024-08-14,LT,REDUCE
2024-08-14,M&M,REDUCE
2024-08-14,MARUTI,REDUCE
2024-08-14,MAXHEALTH,REDUCE
2024-08-14,POWERGRID,REDUCE
2024-08-14,RELIANCE,REDUCE
2024-08-14,SBIN,REDUCE
2024-08-16,ASIANPAINT,REDUCE
2024-08-16,AXISBANK,REDUCE
2024-08-16,BEL,REDUCE
2024-08-16,EICHERMOT,REDUCE
2024-08-16,ETERNAL,REDUCE
2024-08-16,GRASIM,REDUCE
2024-08-16,HDFCBANK,REDUCE
2024-08-16,HINDALCO,REDUCE
2024-08-16,ICICIBANK,REDUCE
2024-08-16,INDIGO,REDUCE
2024-08-16,JSWSTEEL,REDUCE
2024-08-16,LT,REDUCE
2024-08-16,M&M,REDUCE
2024-08-16,MARUTI,REDUCE
2024-08-16,MAXHEALTH,REDUCE
2024-08-16,RELIANCE,REDUCE
2024-08-16,SBIN,REDUCE
2024-08-16,WIPRO,REDUCE
2024-08-19,ASIANPAINT,REDUCE
2024-08-19,AXISBANK,REDUCE
2024-08-19,BEL,REDUCE
2024-08-19,EICHERMOT,REDUCE
2024-08-19,ETERNAL,REDUCE
2024-08-19,GRASIM,REDUCE
2024-08-19,HDFCBANK,REDUCE
2024-08-19,HINDALCO,REDUCE
2024-08-19,ICICIBANK,REDUCE
2024-08-19,INDIGO,REDUCE
2024-08-19,JSWSTEEL,REDUCE
2024-08-19,LT,REDUCE
2024-08-19,M&M,REDUCE
2024-08-19,MARUTI,REDUCE
2024-08-19,MAXHEALTH,REDUCE
2024-08-19,RELIANCE,REDUCE
2024-08-19,SBIN,REDUCE
2024-08-20,ASIANPAINT,REDUCE
2024-08-20,AXISBANK,REDUCE
2024-08-20,BEL,REDUCE
2024-08-20,EICHERMOT,REDUCE
2024-08-20,ETERNAL,REDUCE
2024-08-20,GRASIM,REDUCE
2024-08-20,HDFCBANK,REDUCE
2024-08-20,HINDALCO,REDUCE
2024-08-20,ICICIBANK,REDUCE
2024-08-20,INDIGO,REDUCE
2024-08-20,JSWSTEEL,REDUCE
2024-08-20,LT,REDUCE
2024-08-20,M&M,REDUCE
2024-08-20,MARUTI,REDUCE
2024-08-20,MAXHEALTH,REDUCE
2024-08-20,RELIANCE,REDUCE
2024-08-20,SBIN,REDUCE
2024-08-21,ASIANPAINT,REDUCE
2024-08-21,AXISBANK,REDUCE
2024-08-21,BEL,REDUCE
2024-08-21,EICHERMOT,REDUCE
2024-08-21,ETERNAL,REDUCE
2024-08-21,HDFCBANK,REDUCE
2024-08-21,HINDALCO,REDUCE
2024-08-21,ICICIBANK,REDUCE
2024-08-21,INDIGO,REDUCE
2024-08-21,JSWSTEEL,REDUCE
2024-08-21,LT,REDUCE
2024-08-21,M&M,REDUCE
2024-08-21,MARUTI,REDUCE
2024-08-21,MAXHEALTH,REDUCE
2024-08-21,RELIANCE,REDUCE
2024-08-21,SBIN,REDUCE
2024-08-22,ASIANPAINT,REDUCE
2024-08-22,AXISBANK,REDUCE
2024-08-22,BEL,REDUCE
2024-08-22,EICHERMOT,REDUCE
2024-08-22,ETERNAL,REDUCE
2024-08-22,HDFCBANK,REDUCE
2024-08-22,HINDALCO,REDUCE
2024-08-22,ICICIBANK,REDUCE
2024-08-22,INDIGO,REDUCE
2024-08-22,JSWSTEEL,REDUCE
2024-08-22,LT,REDUCE
2024-08-22,M&M,REDUCE
2024-08-22,MARUTI,REDUCE
2024-08-22,MAXHEALTH,REDUCE
2024-08-22,POWERGRID,REDUCE
2024-08-22,RELIANCE,REDUCE
2024-08-22,SBIN,REDUCE
2024-08-22,ULTRACEMCO,REDUCE
2024-08-23,ADANIPORTS,REDUCE
2024-08-23,AXISBANK,REDUCE
2024-08-23,BEL,REDUCE
2024-08-23,EICHERMOT,REDUCE
2024-08-23,ETERNAL,REDUCE
2024-08-23,HDFCBANK,REDUCE
2024-08-23,HINDALCO,REDUCE
2024-08-23,JSWSTEEL,REDUCE
2024-08-23,LT,REDUCE
2024-08-23,M&M,REDUCE
2024-08-23,MARUTI,REDUCE
2024-08-23,MAXHEALTH,REDUCE
2024-08-23,POWERGRID,REDUCE
2024-08-23,RELIANCE,REDUCE
2024-08-23,SBIN,REDUCE
2024-08-23,ULTRACEMCO,REDUCE
2024-08-26,ADANIPORTS,REDUCE
2024-08-26,AXISBANK,REDUCE
2024-08-26,BEL,REDUCE
2024-08-26,EICHERMOT,REDUCE
2024-08-26,HDFCBANK,REDUCE
2024-08-26,HINDALCO,REDUCE
2024-08-26,JSWSTEEL,REDUCE
2024-08-26,LT,REDUCE
2024-08-26,M&M,REDUCE
2024-08-26,MARUTI,REDUCE
2024-08-26,MAXHEALTH,REDUCE
2024-08-26,POWERGRID,REDUCE
2024-08-26,RELIANCE,REDUCE
2024-08-26,SBIN,REDUCE
2024-08-26,TITAN,REDUCE
2024-08-26,ULTRACEMCO,REDUCE
2024-08-27,ADANIPORTS,REDUCE
2024-08-27,AXISBANK,REDUCE
2024-08-27,BAJAJFINSV,REDUCE
2024-08-27,BEL,REDUCE
2024-08-27,EICHERMOT,REDUCE
2024-08-27,ETERNAL,REDUCE
2024-08-27,HDFCBANK,REDUCE
2024-08-27,HINDALCO,REDUCE
2024-08-27,JSWSTEEL,REDUCE
2024-08-27,LT,REDUCE
2024-08-27,M&M,REDUCE
2024-08-27,MARUTI,REDUCE
2024-08-27,MAXHEALTH,REDUCE
2024-08-27,POWERGRID,REDUCE
2024-08-27,RELIANCE,REDUCE
2024-08-27,SBIN,REDUCE
2024-08-27,TITAN,REDUCE
2024-08-27,ULTRACEMCO,REDUCE
2024-08-28,ADANIPORTS,REDUCE
2024-08-28,AXISBANK,REDUCE
2024-08-28,BAJAJFINSV,REDUCE
2024-08-28,BEL,REDUCE
2024-08-28,EICHERMOT,REDUCE
2024-08-28,HDFCBANK,REDUCE
2024-08-28,HINDALCO,REDUCE
2024-08-28,JSWSTEEL,REDUCE
2024-08-28,LT,REDUCE
2024-08-28,M&M,REDUCE
2024-08-28,MARUTI,REDUCE
2024-08-28,MAXHEALTH,REDUCE
2024-08-28,POWERGRID,REDUCE
2024-08-28,RELIANCE,REDUCE
2024-08-28,SBIN,REDUCE
2024-08-28,TITAN,REDUCE
2024-08-28,ULTRACEMCO,REDUCE
2024-08-29,ADANIPORTS,REDUCE
2024-08-29,AXISBANK,REDUCE
2024-08-29,BAJAJFINSV,REDUCE
2024-08-29,BEL,REDUCE
2024-08-29,EICHERMOT,REDUCE
2024-08-29,ETERNAL,REDUCE
2024-08-29,HDFCBANK,REDUCE
2024-08-29,HINDALCO,REDUCE
2024-08-29,JSWSTEEL,REDUCE
2024-08-29,LT,REDUCE
2024-08-29,M&M,REDUCE
2024-08-29,MARUTI,REDUCE
2024-08-29,MAXHEALTH,REDUCE
2024-08-29,POWERGRID,REDUCE
2024-08-29,RELIANCE,REDUCE
2024-08-29,SBIN,REDUCE
2024-08-29,TITAN,REDUCE
2024-08-29,ULTRACEMCO,REDUCE
2024-08-30,ADANIPORTS,REDUCE
2024-08-30,AXISBANK,REDUCE
2024-08-30,BAJAJFINSV,REDUCE
2024-08-30,BEL,REDUCE
2024-08-30,EICHERMOT,REDUCE
2024-08-30,ETERNAL,REDUCE
2024-08-30,HDFCBANK,REDUCE
2024-08-30,HINDALCO,REDUCE
2024-08-30,JSWSTEEL,REDUCE
2024-08-30,LT,REDUCE
2024-08-30,M&M,REDUCE
2024-08-30,MARUTI,REDUCE
2024-08-30,MAXHEALTH,REDUCE
2024-08-30,POWERGRID,REDUCE
2024-08-30,RELIANCE,REDUCE
2024-08-30,SBIN,REDUCE
2024-08-30,TITAN,REDUCE
2024-08-30,ULTRACEMCO,REDUCE
2024-09-02,ADANIPORTS,REDUCE
2024-09-02,AXISBANK,REDUCE
2024-09-02,BAJAJFINSV,REDUCE
2024-09-02,BEL,REDUCE
2024-09-02,EICHERMOT,REDUCE
2024-09-02,ETERNAL,REDUCE
2024-09-02,HDFCBANK,REDUCE
2024-09-02,HINDALCO,REDUCE
2024-09-02,JSWSTEEL,REDUCE
2024-09-02,LT,REDUCE
2024-09-02,M&M,REDUCE
2024-09-02,MARUTI,REDUCE
2024-09-02,MAXHEALTH,REDUCE
2024-09-02,POWERGRID,REDUCE
2024-09-02,RELIANCE,REDUCE
2024-09-02,SBIN,REDUCE
2024-09-02,TITAN,REDUCE
2024-09-02,ULTRACEMCO,REDUCE
2024-09-03,ADANIPORTS,REDUCE
2024-09-03,AXISBANK,REDUCE
2024-09-03,BEL,REDUCE
2024-09-03,EICHERMOT,REDUCE
2024-09-03,ETERNAL,REDUCE
2024-09-03,HDFCBANK,REDUCE
2024-09-03,HINDALCO,REDUCE
2024-09-03,JSWSTEEL,REDUCE
2024-09-03,LT,REDUCE
2024-09-03,M&M,REDUCE
2024-09-03,MARUTI,REDUCE
2024-09-03,MAXHEALTH,REDUCE
2024-09-03,POWERGRID,REDUCE
2024-09-03,RELIANCE,REDUCE
2024-09-03,SBIN,REDUCE
2024-09-03,TITAN,REDUCE
2024-09-04,ADANIPORTS,REDUCE
2024-09-04,AXISBANK,REDUCE
2024-09-04,BEL,REDUCE
2024-09-04,EICHERMOT,REDUCE
2024-09-04,ETERNAL,REDUCE
2024-09-04,HDFCBANK,REDUCE
2024-09-04,HINDALCO,REDUCE
2024-09-04,JSWSTEEL,REDUCE
2024-09-04,LT,REDUCE
2024-09-04,M&M,REDUCE
2024-09-04,MARUTI,REDUCE
2024-09-04,MAXHEALTH,REDUCE
2024-09-04,POWERGRID,REDUCE
2024-09-04,RELIANCE,REDUCE
2024-09-04,SBIN,REDUCE
2024-09-04,TITAN,REDUCE
2024-09-04,WIPRO,REDUCE
2024-09-05,ADANIPORTS,REDUCE
2024-09-05,AXISBANK,REDUCE
2024-09-05,BEL,REDUCE
2024-09-05,EICHERMOT,REDUCE
2024-09-05,ETERNAL,REDUCE
2024-09-05,HDFCBANK,REDUCE
2024-09-05,HINDALCO,REDUCE
2024-09-05,JSWSTEEL,REDUCE
2024-09-05,LT,REDUCE
2024-09-05,M&M,REDUCE
2024-09-05,MARUTI,REDUCE
2024-09-05,MAXHEALTH,REDUCE
2024-09-05,POWERGRID,REDUCE
2024-09-05,RELIANCE,REDUCE
2024-09-05,SBIN,REDUCE
2024-09-05,TITAN,REDUCE
2024-09-05,WIPRO,REDUCE
2024-09-06,ADANIPORTS,REDUCE
2024-09-06,AXISBANK,REDUCE
2024-09-06,BEL,EXIT
2024-09-06,EICHERMOT,REDUCE
2024-09-06,ETERNAL,REDUCE
2024-09-06,HDFCBANK,REDUCE
2024-09-06,HINDALCO,REDUCE
2024-09-06,JSWSTEEL,REDUCE
2024-09-06,LT,REDUCE
2024-09-06,M&M,REDUCE
2024-09-06,MARUTI,REDUCE
2024-09-06,MAXHEALTH,REDUCE
2024-09-06,POWERGRID,REDUCE
2024-09-06,RELIANCE,REDUCE
2024-09-06,SBIN,REDUCE
2024-09-06,TITAN,REDUCE
2024-09-06,ULTRACEMCO,REDUCE
2024-09-06,WIPRO,REDUCE
2024-09-09,ADANIPORTS,REDUCE
2024-09-09,AXISBANK,REDUCE
2024-09-09,EICHERMOT,REDUCE
2024-09-09,ETERNAL,REDUCE
2024-09-09,GRASIM,REDUCE
2024-09-09,HDFCBANK,REDUCE
2024-09-09,HINDALCO,REDUCE
2024-09-09,JSWSTEEL,REDUCE
2024-09-09,LT,REDUCE
2024-09-09,M&M,REDUCE
2024-09-09,MARUTI,REDUCE
2024-09-09,MAXHEALTH,REDUCE
2024-09-09,NTPC,REDUCE
2024-09-09,POWERGRID,REDUCE
2024-09-09,RELIANCE,REDUCE
2024-09-09,SBIN,REDUCE
2024-09-09,TITAN,REDUCE
2024-09-09,ULTRACEMCO,REDUCE
2024-09-09,WIPRO,REDUCE
2024-09-10,ADANIPORTS,REDUCE
2024-09-10,AXISBANK,REDUCE
2024-09-10,DRREDDY,REDUCE
2024-09-10,EICHERMOT,REDUCE
2024-09-10,ETERNAL,REDUCE
2024-09-10,GRASIM,REDUCE
2024-09-10,HDFCBANK,REDUCE
2024-09-10,HINDALCO,REDUCE
2024-09-10,JSWSTEEL,REDUCE
2024-09-10,LT,REDUCE
2024-09-10,M&M,REDUCE
2024-09-10,MARUTI,REDUCE
2024-09-10,MAXHEALTH,REDUCE
2024-09-10,POWERGRID,REDUCE
2024-09-10,RELIANCE,REDUCE
2024-09-10,SBIN,REDUCE
2024-09-10,TITAN,REDUCE
2024-09-10,ULTRACEMCO,REDUCE
2024-09-10,WIPRO,REDUCE
2024-09-11,ADANIPORTS,REDUCE
2024-09-11,AXISBANK,REDUCE
2024-09-11,COALINDIA,REDUCE
2024-09-11,DRREDDY,REDUCE
2024-09-11,EICHERMOT,REDUCE
2024-09-11,ETERNAL,REDUCE
2024-09-11,GRASIM,REDUCE
2024-09-11,HDFCBANK,REDUCE
2024-09-11,HINDALCO,REDUCE
2024-09-11,JSWSTEEL,REDUCE
2024-09-11,LT,REDUCE
2024-09-11,M&M,REDUCE
2024-09-11,MARUTI,REDUCE
2024-09-11,MAXHEALTH,REDUCE
2024-09-11,ONGC,EXIT
2024-09-11,POWERGRID,REDUCE
2024-09-11,RELIANCE,REDUCE
2024-09-11,SBIN,EXIT
2024-09-11,TITAN,REDUCE
2024-09-11,ULTRACEMCO,REDUCE
2024-09-11,WIPRO,REDUCE
2024-09-12,ADANIPORTS,REDUCE
2024-09-12,AXISBANK,REDUCE
2024-09-12,COALINDIA,REDUCE
2024-09-12,DRREDDY,REDUCE
2024-09-12,ETERNAL,REDUCE
2024-09-12,GRASIM,REDUCE
2024-09-12,HDFCBANK,REDUCE
2024-09-12,HINDALCO,REDUCE
2024-09-12,JSWSTEEL,REDUCE
2024-09-12,LT,REDUCE
2024-09-12,M&M,REDUCE
2024-09-12,MARUTI,REDUCE
2024-09-12,MAXHEALTH,REDUCE
2024-09-12,POWERGRID,REDUCE
2024-09-12,RELIANCE,REDUCE
2024-09-12,TITAN,REDUCE
2024-09-12,ULTRACEMCO,REDUCE
2024-09-12,WIPRO,REDUCE
2024-09-13,ADANIPORTS,REDUCE
2024-09-13,AXISBANK,REDUCE
2024-09-13,COALINDIA,REDUCE
2024-09-13,DRREDDY,REDUCE
2024-09-13,ETERNAL,REDUCE
2024-09-13,GRASIM,REDUCE
2024-09-13,HDFCBANK,REDUCE
2024-09-13,HINDALCO,REDUCE
2024-09-13,JSWSTEEL,REDUCE
2024-09-13,LT,REDUCE
2024-09-13,M&M,REDUCE
2024-09-13,MARUTI,REDUCE
2024-09-13,MAXHEALTH,REDUCE
2024-09-13,POWERGRID,REDUCE
2024-09-13,RELIANCE,REDUCE
2024-09-13,TITAN,REDUCE
2024-09-13,ULTRACEMCO,REDUCE
2024-09-13,WIPRO,REDUCE
2024-09-16,ADANIPORTS,REDUCE
2024-09-16,AXISBANK,REDUCE
2024-09-16,COALINDIA,REDUCE
2024-09-16,DRREDDY,REDUCE
2024-09-16,ETERNAL,REDUCE
2024-09-16,GRASIM,REDUCE
2024-09-16,HDFCBANK,REDUCE
2024-09-16,HINDALCO,REDUCE
2024-09-16,JSWSTEEL,REDUCE
2024-09-16,LT,REDUCE
2024-09-16,M&M,REDUCE
2024-09-16,MARUTI,REDUCE
2024-09-16,MAXHEALTH,REDUCE
2024-09-16,POWERGRID,REDUCE
2024-09-16,RELIANCE,REDUCE
2024-09-16,TITAN,REDUCE
2024-09-16,ULTRACEMCO,REDUCE
2024-09-16,WIPRO,REDUCE
2024-09-17,ADANIPORTS,REDUCE
2024-09-17,AXISBANK,REDUCE
2024-09-17,COALINDIA,REDUCE
2024-09-17,DRREDDY,REDUCE
2024-09-17,ETERNAL,REDUCE
2024-09-17,GRASIM,REDUCE
2024-09-17,HDFCBANK,REDUCE
2024-09-17,HINDALCO,REDUCE
2024-09-17,JSWSTEEL,REDUCE
2024-09-17,LT,REDUCE
2024-09-17,M&M,REDUCE
2024-09-17,MARUTI,REDUCE
2024-09-17,POWERGRID,REDUCE
2024-09-17,RELIANCE,REDUCE
2024-09-17,TITAN,REDUCE
2024-09-17,ULTRACEMCO,REDUCE
2024-09-17,WIPRO,REDUCE
2024-09-18,ADANIPORTS,REDUCE
2024-09-18,AXISBANK,REDUCE
2024-09-18,BAJFINANCE,REDUCE
2024-09-18,COALINDIA,REDUCE
2024-09-18,DRREDDY,REDUCE
2024-09-18,ETERNAL,REDUCE
2024-09-18,GRASIM,REDUCE
2024-09-18,HDFCBANK,REDUCE
2024-09-18,HINDALCO,REDUCE
2024-09-18,JSWSTEEL,REDUCE
2024-09-18,LT,REDUCE
2024-09-18,M&M,REDUCE
2024-09-18,MARUTI,REDUCE
2024-09-18,POWERGRID,REDUCE
2024-09-18,RELIANCE,REDUCE
2024-09-18,TITAN,REDUCE
2024-09-18,ULTRACEMCO,REDUCE
2024-09-18,WIPRO,REDUCE
2024-09-19,ADANIPORTS,REDUCE
2024-09-19,AXISBANK,REDUCE
2024-09-19,BAJFINANCE,REDUCE
2024-09-19,COALINDIA,REDUCE
2024-09-19,DRREDDY,REDUCE
2024-09-19,ETERNAL,REDUCE
2024-09-19,GRASIM,REDUCE
2024-09-19,HINDALCO,REDUCE
2024-09-19,JSWSTEEL,REDUCE
2024-09-19,LT,REDUCE
2024-09-19,M&M,REDUCE
2024-09-19,MARUTI,REDUCE
2024-09-19,POWERGRID,REDUCE
2024-09-19,RELIANCE,REDUCE
2024-09-19,TITAN,REDUCE
2024-09-19,ULTRACEMCO,REDUCE
2024-09-19,WIPRO,REDUCE
2024-09-20,ADANIPORTS,REDUCE
2024-09-20,AXISBANK,REDUCE
2024-09-20,BAJFINANCE,REDUCE
2024-09-20,COALINDIA,REDUCE
2024-09-20,DRREDDY,REDUCE
2024-09-20,ETERNAL,REDUCE
2024-09-20,GRASIM,REDUCE
2024-09-20,HINDALCO,REDUCE
2024-09-20,LT,REDUCE
2024-09-20,MARUTI,REDUCE
2024-09-20,POWERGRID,REDUCE
2024-09-20,RELIANCE,REDUCE
2024-09-20,TITAN,REDUCE
2024-09-20,ULTRACEMCO,REDUCE
2024-09-20,WIPRO,REDUCE
2024-09-23,ADANIPORTS,REDUCE
2024-09-23,AXISBANK,REDUCE
2024-09-23,BAJFINANCE,REDUCE
2024-09-23,COALINDIA,REDUCE
2024-09-23,DRREDDY,REDUCE
2024-09-23,ETERNAL,REDUCE
2024-09-23,GRASIM,REDUCE
2024-09-23,HINDALCO,REDUCE
2024-09-23,LT,REDUCE
2024-09-23,MARUTI,REDUCE
2024-09-23,POWERGRID,REDUCE
2024-09-23,RELIANCE,REDUCE
2024-09-23,TITAN,REDUCE
2024-09-23,ULTRACEMCO,REDUCE
2024-09-23,WIPRO,REDUCE
2024-09-24,ADANIPORTS,REDUCE
2024-09-24,AXISBANK,REDUCE
2024-09-24,COALINDIA,REDUCE
2024-09-24,DRREDDY,REDUCE
2024-09-24,ETERNAL,REDUCE
2024-09-24,GRASIM,REDUCE
2024-09-24,HINDALCO,REDUCE
2024-09-24,LT,REDUCE
2024-09-24,MARUTI,REDUCE
2024-09-24,POWERGRID,REDUCE
2024-09-24,RELIANCE,REDUCE
2024-09-24,TCS,REDUCE
2024-09-24,TITAN,REDUCE
2024-09-24,ULTRACEMCO,REDUCE
2024-09-24,WIPRO,REDUCE
2024-09-25,ADANIPORTS,REDUCE
2024-09-25,AXISBANK,REDUCE
2024-09-25,COALINDIA,REDUCE
2024-09-25,DRREDDY,REDUCE
2024-09-25,ETERNAL,REDUCE
2024-09-25,GRASIM,REDUCE
2024-09-25,HINDALCO,REDUCE
2024-09-25,LT,REDUCE
2024-09-25,MARUTI,REDUCE
2024-09-25,RELIANCE,REDUCE
2024-09-25,TCS,REDUCE
2024-09-25,TATACONSUM,REDUCE
2024-09-25,TITAN,REDUCE
2024-09-25,ULTRACEMCO,REDUCE
2024-09-25,WIPRO,REDUCE
2024-09-26,ADANIPORTS,REDUCE
2024-09-26,AXISBANK,REDUCE
2024-09-26,COALINDIA,REDUCE
2024-09-26,DRREDDY,REDUCE
2024-09-26,ETERNAL,REDUCE
2024-09-26,GRASIM,REDUCE
2024-09-26,LT,REDUCE
2024-09-26,NESTLEIND,REDUCE
2024-09-26,RELIANCE,REDUCE
2024-09-26,TCS,REDUCE
2024-09-26,TATACONSUM,REDUCE
2024-09-26,ULTRACEMCO,REDUCE
2024-09-26,WIPRO,REDUCE
2024-09-27,ADANIPORTS,REDUCE
2024-09-27,AXISBANK,REDUCE
2024-09-27,COALINDIA,REDUCE
2024-09-27,DRREDDY,REDUCE
2024-09-27,ETERNAL,REDUCE
2024-09-27,GRASIM,REDUCE
2024-09-27,LT,REDUCE
2024-09-27,NESTLEIND,REDUCE
2024-09-27,RELIANCE,REDUCE
2024-09-27,TCS,REDUCE
2024-09-27,TATACONSUM,REDUCE
2024-09-27,ULTRACEMCO,REDUCE
2024-09-27,WIPRO,REDUCE
2024-09-30,ADANIPORTS,REDUCE
2024-09-30,AXISBANK,REDUCE
2024-09-30,COALINDIA,REDUCE
2024-09-30,DRREDDY,REDUCE
2024-09-30,ETERNAL,REDUCE
2024-09-30,GRASIM,REDUCE
2024-09-30,LT,REDUCE
2024-09-30,NESTLEIND,REDUCE
2024-09-30,RELIANCE,REDUCE
2024-09-30,TCS,REDUCE
2024-09-30,TATACONSUM,REDUCE
2024-09-30,TATASTEEL,REDUCE
2024-09-30,TECHM,REDUCE
2024-09-30,ULTRACEMCO,REDUCE
2024-09-30,WIPRO,REDUCE
2024-10-01,ADANIENT,REDUCE
2024-10-01,ADANIPORTS,REDUCE
2024-10-01,AXISBANK,REDUCE
2024-10-01,COALINDIA,REDUCE
2024-10-01,DRREDDY,REDUCE
2024-10-01,ETERNAL,REDUCE
2024-10-01,GRASIM,REDUCE
2024-10-01,KOTAKBANK,REDUCE
2024-10-01,LT,REDUCE
2024-10-01,NESTLEIND,REDUCE
2024-10-01,RELIANCE,REDUCE
2024-10-01,TCS,REDUCE
2024-10-01,TATACONSUM,REDUCE
2024-10-01,TATASTEEL,REDUCE
2024-10-01,ULTRACEMCO,REDUCE
2024-10-03,ADANIENT,REDUCE
2024-10-03,ADANIPORTS,REDUCE
2024-10-03,AXISBANK,REDUCE
2024-10-03,COALINDIA,REDUCE
2024-10-03,DRREDDY,REDUCE
2024-10-03,EICHERMOT,REDUCE
2024-10-03,ETERNAL,REDUCE
2024-10-03,GRASIM,REDUCE
2024-10-03,KOTAKBANK,REDUCE
2024-10-03,LT,EXIT
2024-10-03,NESTLEIND,REDUCE
2024-10-03,RELIANCE,EXIT
2024-10-03,TCS,REDUCE
2024-10-03,TATACONSUM,REDUCE
2024-10-03,ULTRACEMCO,REDUCE
2024-10-04,ADANIENT,REDUCE
2024-10-04,ADANIPORTS,REDUCE
2024-10-04,AXISBANK,REDUCE
2024-10-04,COALINDIA,REDUCE
2024-10-04,DRREDDY,REDUCE
2024-10-04,EICHERMOT,REDUCE
2024-10-04,ETERNAL,REDUCE
2024-10-04,GRASIM,REDUCE
2024-10-04,ITC,REDUCE
2024-10-04,KOTAKBANK,REDUCE
2024-10-04,NESTLEIND,REDUCE
2024-10-04,POWERGRID,REDUCE
2024-10-04,TCS,REDUCE
2024-10-04,TATACONSUM,EXIT
2024-10-04,ULTRACEMCO,REDUCE
2024-10-07,ADANIENT,EXIT
2024-10-07,ADANIPORTS,REDUCE
2024-10-07,AXISBANK,EXIT
2024-10-07,COALINDIA,REDUCE
2024-10-07,DRREDDY,REDUCE
2024-10-07,EICHERMOT,REDUCE
2024-10-07,ETERNAL,REDUCE
2024-10-07,GRASIM,REDUCE
2024-10-07,HDFCBANK,REDUCE
2024-10-07,KOTAKBANK,REDUCE
2024-10-07,POWERGRID,REDUCE
2024-10-07,TCS,REDUCE
2024-10-07,ULTRACEMCO,REDUCE
2024-10-08,ADANIENT,REDUCE
2024-10-08,ADANIPORTS,REDUCE
2024-10-08,COALINDIA,REDUCE
2024-10-08,DRREDDY,REDUCE
2024-10-08,EICHERMOT,REDUCE
2024-10-08,ETERNAL,REDUCE
2024-10-08,GRASIM,REDUCE
2024-10-08,HDFCBANK,REDUCE
2024-10-08,KOTAKBANK,REDUCE
2024-10-08,POWERGRID,REDUCE
2024-10-08,SBILIFE,REDUCE
2024-10-08,TCS,REDUCE
2024-10-08,TITAN,EXIT
2024-10-08,ULTRACEMCO,REDUCE
2024-10-09,ADANIENT,REDUCE
2024-10-09,ADANIPORTS,REDUCE
2024-10-09,COALINDIA,REDUCE
2024-10-09,DRREDDY,REDUCE
2024-10-09,EICHERMOT,REDUCE
2024-10-09,ETERNAL,REDUCE
2024-10-09,GRASIM,REDUCE
2024-10-09,HDFCBANK,REDUCE
2024-10-09,ITC,REDUCE
2024-10-09,KOTAKBANK,REDUCE
2024-10-09,NESTLEIND,EXIT
2024-10-09,POWERGRID,REDUCE
2024-10-09,SBILIFE,REDUCE
2024-10-09,TCS,REDUCE
2024-10-09,ULTRACEMCO,REDUCE
2024-10-10,ADANIENT,REDUCE
2024-10-10,ADANIPORTS,REDUCE
2024-10-10,COALINDIA,REDUCE
2024-10-10,DRREDDY,REDUCE
2024-10-10,EICHERMOT,REDUCE
2024-10-10,ETERNAL,REDUCE
2024-10-10,GRASIM,REDUCE
2024-10-10,ITC,REDUCE
2024-10-10,POWERGRID,REDUCE
2024-10-10,SBILIFE,REDUCE
2024-10-10,TCS,REDUCE
2024-10-10,ULTRACEMCO,REDUCE
2024-10-11,ADANIENT,REDUCE
2024-10-11,ADANIPORTS,REDUCE
2024-10-11,ASIANPAINT,REDUCE
2024-10-11,COALINDIA,REDUCE
2024-10-11,DRREDDY,REDUCE
2024-10-11,EICHERMOT,REDUCE
2024-10-11,ETERNAL,REDUCE
2024-10-11,GRASIM,REDUCE
2024-10-11,ITC,REDUCE
2024-10-11,POWERGRID,REDUCE
2024-10-11,SBILIFE,REDUCE
2024-10-11,TCS,REDUCE
2024-10-11,ULTRACEMCO,REDUCE
2024-10-14,ADANIENT,REDUCE
2024-10-14,ADANIPORTS,REDUCE
2024-10-14,ASIANPAINT,REDUCE
2024-10-14,COALINDIA,REDUCE
2024-10-14,DRREDDY,REDUCE
2024-10-14,EICHERMOT,REDUCE
2024-10-14,ETERNAL,REDUCE
2024-10-14,GRASIM,REDUCE
2024-10-14,ITC,REDUCE
2024-10-14,POWERGRID,REDUCE
2024-10-14,SBILIFE,REDUCE
2024-10-14,TCS,REDUCE
2024-10-14,ULTRACEMCO,REDUCE
2024-10-15,ADANIENT,REDUCE
2024-10-15,ADANIPORTS,REDUCE
2024-10-15,ASIANPAINT,REDUCE
2024-10-15,COALINDIA,REDUCE
2024-10-15,DRREDDY,REDUCE
2024-10-15,EICHERMOT,REDUCE
2024-10-15,ETERNAL,REDUCE
2024-10-15,GRASIM,REDUCE
2024-10-15,HDFCLIFE,REDUCE
2024-10-15,ITC,REDUCE
2024-10-15,MARUTI,REDUCE
2024-10-15,POWERGRID,REDUCE
2024-10-15,SBILIFE,REDUCE
2024-10-15,TCS,REDUCE
2024-10-15,ULTRACEMCO,REDUCE
2024-10-16,ADANIENT,EXIT
2024-10-16,ADANIPORTS,REDUCE
2024-10-16,ASIANPAINT,REDUCE
2024-10-16,BAJFINANCE,EXIT
2024-10-16,CIPLA,REDUCE
2024-10-16,COALINDIA,REDUCE
2024-10-16,DRREDDY,REDUCE
2024-10-16,EICHERMOT,REDUCE
2024-10-16,ETERNAL,REDUCE
2024-10-16,HDFCLIFE,REDUCE
2024-10-16,HINDUNILVR,REDUCE
2024-10-16,ITC,REDUCE
2024-10-16,MARUTI,REDUCE
2024-10-16,POWERGRID,REDUCE
2024-10-16,SBILIFE,REDUCE
2024-10-16,TCS,REDUCE
2024-10-16,ULTRACEMCO,REDUCE
2024-10-17,ADANIPORTS,REDUCE
2024-10-17,ASIANPAINT,REDUCE
2024-10-17,BAJAJ-AUTO,EXIT
2024-10-17,CIPLA,REDUCE
2024-10-17,COALINDIA,REDUCE
2024-10-17,DRREDDY,REDUCE
2024-10-17,EICHERMOT,REDUCE
2024-10-17,ETERNAL,REDUCE
2024-10-17,HINDUNILVR,REDUCE
2024-10-17,ITC,REDUCE
2024-10-17,MARUTI,REDUCE
2024-10-17,POWERGRID,REDUCE
2024-10-17,SBILIFE,REDUCE
2024-10-17,TCS,REDUCE
2024-10-17,TATASTEEL,EXIT
2024-10-17,ULTRACEMCO,REDUCE
2024-10-18,ADANIPORTS,REDUCE
2024-10-18,ASIANPAINT,EXIT
2024-10-18,AXISBANK,REDUCE
2024-10-18,CIPLA,REDUCE
2024-10-18,COALINDIA,REDUCE
2024-10-18,DRREDDY,REDUCE
2024-10-18,EICHERMOT,REDUCE
2024-10-18,ETERNAL,REDUCE
2024-10-18,HINDUNILVR,REDUCE
2024-10-18,ITC,REDUCE
2024-10-18,MARUTI,REDUCE
2024-10-18,POWERGRID,REDUCE
2024-10-18,SBILIFE,REDUCE
2024-10-18,TCS,REDUCE
2024-10-18,ULTRACEMCO,REDUCE
2024-10-21,ADANIPORTS,REDUCE
2024-10-21,CIPLA,REDUCE
2024-10-21,COALINDIA,REDUCE
2024-10-21,DRREDDY,REDUCE
2024-10-21,EICHERMOT,REDUCE
2024-10-21,ETERNAL,REDUCE
2024-10-21,HINDUNILVR,REDUCE
2024-10-21,ITC,REDUCE
2024-10-21,KOTAKBANK,REDUCE
2024-10-21,MARUTI,REDUCE
2024-10-21,POWERGRID,REDUCE
2024-10-21,SBILIFE,REDUCE
2024-10-21,TCS,REDUCE
2024-10-21,ULTRACEMCO,REDUCE
2024-10-22,ADANIPORTS,EXIT
2024-10-22,CIPLA,REDUCE
2024-10-22,COALINDIA,REDUCE
2024-10-22,DRREDDY,REDUCE
2024-10-22,EICHERMOT,REDUCE
2024-10-22,ETERNAL,REDUCE
2024-10-22,HINDUNILVR,REDUCE
2024-10-22,ITC,REDUCE
2024-10-22,KOTAKBANK,EXIT
2024-10-22,MARUTI,EXIT
2024-10-22,POWERGRID,REDUCE
2024-10-22,SBILIFE,REDUCE
2024-10-22,TCS,EXIT
2024-10-22,ULTRACEMCO,REDUCE
2024-10-23,AXISBANK,REDUCE
2024-10-23,CIPLA,REDUCE
2024-10-23,COALINDIA,REDUCE
2024-10-23,DRREDDY,REDUCE
2024-10-23,EICHERMOT,REDUCE
2024-10-23,ETERNAL,REDUCE
2024-10-23,HINDUNILVR,REDUCE
2024-10-23,ITC,REDUCE
2024-10-23,POWERGRID,REDUCE
2024-10-23,SBILIFE,REDUCE
2024-10-23,ULTRACEMCO,REDUCE
2024-10-24,AXISBANK,REDUCE
2024-10-24,CIPLA,REDUCE
2024-10-24,COALINDIA,REDUCE
2024-10-24,DRREDDY,REDUCE
2024-10-24,EICHERMOT,REDUCE
2024-10-24,ETERNAL,REDUCE
2024-10-24,HINDUNILVR,EXIT
2024-10-24,ITC,REDUCE
2024-10-24,MAXHEALTH,EXIT
2024-10-24,POWERGRID,REDUCE
2024-10-24,SBILIFE,EXIT
2024-10-24,ULTRACEMCO,REDUCE
2024-10-25,AXISBANK,REDUCE
2024-10-25,BAJAJFINSV,EXIT
2024-10-25,CIPLA,REDUCE
2024-10-25,COALINDIA,EXIT
2024-10-25,DRREDDY,REDUCE
2024-10-25,EICHERMOT,REDUCE
2024-10-25,ETERNAL,REDUCE
2024-10-25,ITC,REDUCE
2024-10-25,M&M,REDUCE
2024-10-25,MAXHEALTH,REDUCE
2024-10-25,POWERGRID,REDUCE
2024-10-25,ULTRACEMCO,REDUCE
2024-10-28,AXISBANK,REDUCE
2024-10-28,CIPLA,REDUCE
2024-10-28,DRREDDY,REDUCE
2024-10-28,EICHERMOT,REDUCE
2024-10-28,ETERNAL,REDUCE
2024-10-28,ITC,REDUCE
2024-10-28,INDIGO,EXIT
2024-10-28,M&M,REDUCE
2024-10-28,POWERGRID,REDUCE
2024-10-28,ULTRACEMCO,REDUCE
2024-10-29,AXISBANK,REDUCE
2024-10-29,CIPLA,EXIT
2024-10-29,DRREDDY,REDUCE
2024-10-29,ITC,REDUCE
2024-10-29,M&M,REDUCE
2024-10-29,POWERGRID,REDUCE
2024-10-29,SBIN,REDUCE
2024-10-29,ULTRACEMCO,REDUCE
2024-10-30,AXISBANK,REDUCE
2024-10-30,DRREDDY,EXIT
2024-10-30,ETERNAL,REDUCE
2024-10-30,ITC,REDUCE
2024-10-30,INFY,REDUCE
2024-10-30,M&M,EXIT
2024-10-30,POWERGRID,REDUCE
2024-10-30,ULTRACEMCO,REDUCE
2024-10-31,AXISBANK,REDUCE
2024-10-31,ITC,REDUCE
2024-10-31,INFY,REDUCE
2024-10-31,LT,REDUCE
2024-10-31,POWERGRID,REDUCE
2024-10-31,ULTRACEMCO,REDUCE
2024-11-01,AXISBANK,REDUCE
2024-11-01,ETERNAL,REDUCE
2024-11-01,ITC,REDUCE
2024-11-01,INFY,REDUCE
2024-11-01,POWERGRID,REDUCE
2024-11-01,ULTRACEMCO,REDUCE
2024-11-04,AXISBANK,EXIT
2024-11-04,GRASIM,REDUCE
2024-11-04,ITC,REDUCE
2024-11-04,INFY,REDUCE
2024-11-04,POWERGRID,REDUCE
2024-11-04,ULTRACEMCO,REDUCE
2024-11-05,ETERNAL,REDUCE
2024-11-05,GRASIM,REDUCE
2024-11-05,ITC,REDUCE
2024-11-05,INFY,REDUCE
2024-11-05,POWERGRID,REDUCE
2024-11-05,TRENT,EXIT
2024-11-05,ULTRACEMCO,REDUCE
2024-11-06,BEL,REDUCE
2024-11-06,GRASIM,REDUCE
2024-11-06,HDFCLIFE,REDUCE
2024-11-06,ITC,REDUCE
2024-11-06,INFY,REDUCE
2024-11-06,M&M,REDUCE
2024-11-06,POWERGRID,REDUCE
2024-11-06,ULTRACEMCO,REDUCE
2024-11-07,GRASIM,REDUCE
2024-11-07,HDFCLIFE,REDUCE
2024-11-07,HINDALCO,REDUCE
2024-11-07,ITC,REDUCE
2024-11-07,INFY,REDUCE
2024-11-07,M&M,REDUCE
2024-11-07,POWERGRID,REDUCE
2024-11-07,SHRIRAMFIN,REDUCE
2024-11-07,ULTRACEMCO,REDUCE
2024-11-08,ETERNAL,REDUCE
2024-11-08,GRASIM,REDUCE
2024-11-08,HDFCLIFE,REDUCE
2024-11-08,HINDALCO,REDUCE
2024-11-08,ITC,REDUCE
2024-11-08,INFY,REDUCE
2024-11-08,POWERGRID,REDUCE
2024-11-08,SHRIRAMFIN,EXIT
2024-11-08,ULTRACEMCO,REDUCE
2024-11-11,ETERNAL,REDUCE
2024-11-11,GRASIM,REDUCE
2024-11-11,HDFCLIFE,REDUCE
2024-11-11,HINDALCO,REDUCE
2024-11-11,ITC,REDUCE
2024-11-11,INFY,REDUCE
2024-11-11,NTPC,REDUCE
2024-11-11,POWERGRID,REDUCE
2024-11-11,ULTRACEMCO,REDUCE
2024-11-12,ETERNAL,REDUCE
2024-11-12,GRASIM,REDUCE
2024-11-12,HDFCLIFE,REDUCE
2024-11-12,HINDALCO,REDUCE
2024-11-12,ITC,REDUCE
2024-11-12,INFY,REDUCE
2024-11-12,NTPC,REDUCE
2024-11-12,POWERGRID,REDUCE
2024-11-12,ULTRACEMCO,REDUCE
2024-11-13,BEL,EXIT
2024-11-13,ETERNAL,REDUCE
2024-11-13,GRASIM,REDUCE
2024-11-13,HDFCLIFE,REDUCE
2024-11-13,HINDALCO,EXIT
2024-11-13,ITC,REDUCE
2024-11-13,INFY,REDUCE
2024-11-13,LT,EXIT
2024-11-13,NTPC,REDUCE
2024-11-13,POWERGRID,REDUCE
2024-11-13,ULTRACEMCO,REDUCE
2024-11-14,ETERNAL,REDUCE
2024-11-14,GRASIM,REDUCE
2024-11-14,HDFCLIFE,REDUCE
2024-11-14,ITC,REDUCE
2024-11-14,INFY,REDUCE
2024-11-14,NTPC,EXIT
2024-11-14,POWERGRID,REDUCE
2024-11-14,ULTRACEMCO,REDUCE
2024-11-18,ETERNAL,REDUCE
2024-11-18,GRASIM,REDUCE
2024-11-18,HDFCLIFE,REDUCE
2024-11-18,ITC,REDUCE
2024-11-18,INFY,REDUCE
2024-11-18,POWERGRID,REDUCE
2024-11-18,ULTRACEMCO,EXIT
2024-11-19,ETERNAL,REDUCE
2024-11-19,GRASIM,REDUCE
2024-11-19,HDFCLIFE,REDUCE
2024-11-19,ITC,REDUCE
2024-11-19,INFY,REDUCE
2024-11-19,POWERGRID,REDUCE
2024-11-21,ETERNAL,REDUCE
2024-11-21,GRASIM,REDUCE
2024-11-21,HDFCLIFE,REDUCE
2024-11-21,ITC,REDUCE
2024-11-21,INFY,REDUCE
2024-11-21,POWERGRID,REDUCE
2024-11-21,SBIN,EXIT
2024-11-22,ETERNAL,REDUCE
2024-11-22,GRASIM,REDUCE
2024-11-22,HDFCLIFE,REDUCE
2024-11-22,ITC,REDUCE
2024-11-22,LT,REDUCE
2024-11-22,SBIN,REDUCE
2024-11-22,TCS,REDUCE
2024-11-22,ULTRACEMCO,REDUCE
2024-11-25,BEL,REDUCE
2024-11-25,ETERNAL,REDUCE
2024-11-25,GRASIM,REDUCE
2024-11-25,HDFCLIFE,REDUCE
2024-11-25,ITC,REDUCE
2024-11-26,ETERNAL,REDUCE
2024-11-26,GRASIM,REDUCE
2024-11-26,HDFCLIFE,REDUCE
2024-11-26,ITC,REDUCE
2024-11-27,ETERNAL,REDUCE
2024-11-27,GRASIM,REDUCE
2024-11-27,HDFCLIFE,REDUCE
2024-11-27,ITC,REDUCE
2024-11-27,SUNPHARMA,REDUCE
2024-11-28,ETERNAL,REDUCE
2024-11-28,GRASIM,REDUCE
2024-11-28,HDFCLIFE,REDUCE
2024-11-28,ITC,REDUCE
2024-11-28,SUNPHARMA,REDUCE
2024-11-29,ETERNAL,REDUCE
2024-11-29,GRASIM,REDUCE
2024-11-29,HDFCLIFE,REDUCE
2024-11-29,ITC,REDUCE
2024-11-29,SUNPHARMA,REDUCE
2024-12-02,ETERNAL,REDUCE
2024-12-02,HDFCLIFE,EXIT
2024-12-02,ITC,REDUCE
2024-12-02,SUNPHARMA,REDUCE
2024-12-03,ETERNAL,REDUCE
2024-12-03,ITC,REDUCE
2024-12-03,SUNPHARMA,REDUCE
2024-12-04,BHARTIARTL,REDUCE
2024-12-04,ETERNAL,REDUCE
2024-12-04,ITC,REDUCE
2024-12-04,SUNPHARMA,REDUCE
2024-12-05,BHARTIARTL,REDUCE
2024-12-05,ETERNAL,REDUCE
2024-12-05,ITC,REDUCE
2024-12-05,SUNPHARMA,REDUCE
2024-12-06,BHARTIARTL,REDUCE
2024-12-06,ETERNAL,REDUCE
2024-12-06,ITC,REDUCE
2024-12-06,SUNPHARMA,REDUCE
2024-12-09,BHARTIARTL,REDUCE
2024-12-09,ETERNAL,REDUCE
2024-12-09,ITC,REDUCE
2024-12-09,SUNPHARMA,REDUCE
2024-12-10,BHARTIARTL,REDUCE
2024-12-10,ETERNAL,REDUCE
2024-12-10,ITC,REDUCE
2024-12-10,SUNPHARMA,REDUCE
2024-12-11,BHARTIARTL,REDUCE
2024-12-11,EICHERMOT,REDUCE
2024-12-11,ETERNAL,REDUCE
2024-12-11,ITC,REDUCE
2024-12-11,KOTAKBANK,REDUCE
2024-12-11,SUNPHARMA,REDUCE
2024-12-12,BHARTIARTL,REDUCE
2024-12-12,EICHERMOT,REDUCE
2024-12-12,ETERNAL,REDUCE
2024-12-12,ITC,REDUCE
2024-12-12,KOTAKBANK,REDUCE
2024-12-12,SUNPHARMA,REDUCE
2024-12-13,ETERNAL,REDUCE
2024-12-13,ITC,REDUCE
2024-12-13,KOTAKBANK,REDUCE
2024-12-13,SUNPHARMA,REDUCE
2024-12-16,ETERNAL,REDUCE
2024-12-16,ITC,REDUCE
2024-12-16,SUNPHARMA,REDUCE
2024-12-17,BAJFINANCE,REDUCE
2024-12-17,ETERNAL,REDUCE
2024-12-17,GRASIM,REDUCE
2024-12-17,ITC,REDUCE
2024-12-17,JSWSTEEL,REDUCE
2024-12-17,SUNPHARMA,REDUCE
2024-12-18,BAJFINANCE,REDUCE
2024-12-18,BHARTIARTL,REDUCE
2024-12-18,ETERNAL,REDUCE
2024-12-18,GRASIM,REDUCE
2024-12-18,ITC,REDUCE
2024-12-18,JSWSTEEL,REDUCE
2024-12-18,SUNPHARMA,REDUCE
2024-12-19,BAJFINANCE,EXIT
2024-12-19,BHARTIARTL,REDUCE
2024-12-19,DRREDDY,REDUCE
2024-12-19,ETERNAL,REDUCE
2024-12-19,GRASIM,EXIT
2024-12-19,ITC,REDUCE
2024-12-19,JSWSTEEL,REDUCE
2024-12-19,KOTAKBANK,EXIT
2024-12-19,SUNPHARMA,REDUCE
2024-12-20,BHARTIARTL,REDUCE
2024-12-20,DRREDDY,REDUCE
2024-12-20,ETERNAL,REDUCE
2024-12-20,ITC,REDUCE
2024-12-20,JSWSTEEL,EXIT
2024-12-20,M&M,REDUCE
2024-12-20,SUNPHARMA,REDUCE
2024-12-23,BHARTIARTL,REDUCE
2024-12-23,DRREDDY,REDUCE
2024-12-23,ETERNAL,REDUCE
2024-12-23,ITC,REDUCE
2024-12-23,INDIGO,REDUCE
2024-12-23,M&M,REDUCE
2024-12-23,SUNPHARMA,REDUCE
2024-12-24,BHARTIARTL,REDUCE
2024-12-24,DRREDDY,REDUCE
2024-12-24,ETERNAL,REDUCE
2024-12-24,M&M,REDUCE
2024-12-24,POWERGRID,EXIT
2024-12-24,SUNPHARMA,REDUCE
2024-12-26,BHARTIARTL,REDUCE
2024-12-26,DRREDDY,REDUCE
2024-12-26,ETERNAL,REDUCE
2024-12-26,M&M,REDUCE
2024-12-27,BHARTIARTL,REDUCE
2024-12-27,DRREDDY,REDUCE
2024-12-27,ETERNAL,REDUCE
2024-12-27,LT,EXIT
2024-12-27,SBIN,EXIT
2024-12-30,BHARTIARTL,REDUCE
2024-12-30,CIPLA,REDUCE
2024-12-30,DRREDDY,REDUCE
2024-12-30,ETERNAL,REDUCE
2024-12-31,BHARTIARTL,REDUCE
2024-12-31,CIPLA,REDUCE
2024-12-31,DRREDDY,REDUCE
2024-12-31,ETERNAL,REDUCE
2024-12-31,KOTAKBANK,REDUCE
2024-12-31,TCS,EXIT
2025-01-02,BAJFINANCE,REDUCE
2025-01-02,BHARTIARTL,REDUCE
2025-01-02,CIPLA,REDUCE
2025-01-02,DRREDDY,REDUCE
2025-01-02,ETERNAL,REDUCE
2025-01-02,KOTAKBANK,REDUCE
2025-01-02,LT,REDUCE
2025-01-03,BAJFINANCE,REDUCE
2025-01-03,BHARTIARTL,REDUCE
2025-01-03,CIPLA,REDUCE
2025-01-03,DRREDDY,REDUCE
2025-01-03,ETERNAL,REDUCE
2025-01-03,KOTAKBANK,REDUCE
2025-01-06,BAJFINANCE,REDUCE
2025-01-06,BAJAJFINSV,REDUCE
2025-01-06,BEL,EXIT
2025-01-06,BHARTIARTL,REDUCE
2025-01-06,CIPLA,EXIT
2025-01-06,DRREDDY,REDUCE
2025-01-06,ETERNAL,REDUCE
2025-01-06,ITC,EXIT
2025-01-06,INDIGO,EXIT
2025-01-06,KOTAKBANK,REDUCE
2025-01-06,LT,EXIT
2025-01-06,TITAN,REDUCE
2025-01-07,BAJFINANCE,REDUCE
2025-01-07,BAJAJFINSV,EXIT
2025-01-07,BHARTIARTL,REDUCE
2025-01-07,DRREDDY,REDUCE
2025-01-07,ETERNAL,REDUCE
2025-01-07,KOTAKBANK,REDUCE
2025-01-07,TECHM,REDUCE
2025-01-07,TITAN,REDUCE
2025-01-08,BAJFINANCE,REDUCE
2025-01-08,BHARTIARTL,REDUCE
2025-01-08,DRREDDY,REDUCE
2025-01-08,ETERNAL,REDUCE
2025-01-08,HDFCBANK,REDUCE
2025-01-08,KOTAKBANK,EXIT
2025-01-08,TECHM,REDUCE
2025-01-08,TITAN,REDUCE
2025-01-09,BAJFINANCE,REDUCE
2025-01-09,BAJAJFINSV,REDUCE
2025-01-09,BHARTIARTL,REDUCE
2025-01-09,DRREDDY,REDUCE
2025-01-09,ETERNAL,REDUCE
2025-01-09,HDFCBANK,REDUCE
2025-01-09,KOTAKBANK,REDUCE
2025-01-09,TECHM,REDUCE
2025-01-09,TITAN,REDUCE
2025-01-10,BAJFINANCE,REDUCE
2025-01-10,BAJAJFINSV,EXIT
2025-01-10,DRREDDY,REDUCE
2025-01-10,ETERNAL,REDUCE
2025-01-10,HDFCBANK,REDUCE
2025-01-10,KOTAKBANK,EXIT
2025-01-10,SUNPHARMA,REDUCE
2025-01-10,TCS,REDUCE
2025-01-10,TECHM,REDUCE
2025-01-10,TITAN,EXIT
2025-01-10,ULTRACEMCO,EXIT
2025-01-13,BAJFINANCE,REDUCE
2025-01-13,BAJAJFINSV,REDUCE
2025-01-13,DRREDDY,REDUCE
2025-01-13,ETERNAL,REDUCE
2025-01-13,HDFCBANK,EXIT
2025-01-13,ICICIBANK,REDUCE
2025-01-13,SUNPHARMA,REDUCE
2025-01-13,TECHM,REDUCE
2025-01-14,BAJFINANCE,REDUCE
2025-01-14,BAJAJFINSV,REDUCE
2025-01-14,DRREDDY,REDUCE
2025-01-14,ETERNAL,REDUCE
2025-01-14,ICICIBANK,REDUCE
2025-01-14,SUNPHARMA,REDUCE
2025-01-14,TECHM,REDUCE
2025-01-15,BAJFINANCE,REDUCE
2025-01-15,BAJAJFINSV,EXIT
2025-01-15,ICICIBANK,REDUCE
2025-01-15,KOTAKBANK,REDUCE
2025-01-15,SUNPHARMA,REDUCE
2025-01-15,TECHM,REDUCE
2025-01-16,BAJFINANCE,REDUCE
2025-01-16,BAJAJFINSV,REDUCE
2025-01-16,ETERNAL,REDUCE
2025-01-16,ICICIBANK,REDUCE
2025-01-16,KOTAKBANK,REDUCE
2025-01-16,SUNPHARMA,REDUCE
2025-01-16,TECHM,REDUCE
2025-01-17,BAJFINANCE,REDUCE
2025-01-17,BAJAJFINSV,EXIT
2025-01-17,ETERNAL,REDUCE
2025-01-17,ICICIBANK,REDUCE
2025-01-17,KOTAKBANK,EXIT
2025-01-17,MARUTI,REDUCE
2025-01-17,MAXHEALTH,EXIT
2025-01-17,SUNPHARMA,REDUCE
2025-01-17,TECHM,REDUCE
2025-01-20,BAJFINANCE,REDUCE
2025-01-20,BAJAJFINSV,REDUCE
2025-01-20,ETERNAL,REDUCE
2025-01-20,ICICIBANK,REDUCE
2025-01-20,KOTAKBANK,REDUCE
2025-01-20,MARUTI,EXIT
2025-01-20,SUNPHARMA,REDUCE
2025-01-20,TECHM,REDUCE
2025-01-21,BAJFINANCE,REDUCE
2025-01-21,BAJAJFINSV,REDUCE
2025-01-21,ICICIBANK,EXIT
2025-01-21,KOTAKBANK,REDUCE
2025-01-21,SUNPHARMA,REDUCE
2025-01-21,TCS,EXIT
2025-01-21,TECHM,REDUCE
2025-01-22,APOLLOHOSP,REDUCE
2025-01-22,KOTAKBANK,HOLD
2025-01-23,SUNPHARMA,HOLD
2025-01-23,ULTRACEMCO,REDUCE
2025-01-24,DRREDDY,EXIT
2025-01-24,TECHM,HOLD
2025-01-27,HCLTECH,REDUCE
2025-01-28,BAJFINANCE,HOLD
2025-01-28,MARUTI,REDUCE
2025-01-28,SUNPHARMA,EXIT
2025-01-29,MARUTI,EXIT
2025-01-29,ULTRACEMCO,HOLD
2025-01-30,JSWSTEEL,REDUCE
2025-01-31,BEL,REDUCE
2025-01-31,JSWSTEEL,HOLD
2025-01-31,MARUTI,REDUCE
2025-01-31,TITAN,REDUCE
2025-02-03,BEL,EXIT
2025-02-03,ITC,REDUCE
2025-02-03,INDIGO,REDUCE
2025-02-03,MAXHEALTH,REDUCE
2025-02-03,TECHM,REDUCE
2025-02-04,INDIGO,EXIT
2025-02-04,MAXHEALTH,HOLD
2025-02-04,SHRIRAMFIN,REDUCE
2025-02-05,ITC,EXIT
2025-02-05,INDIGO,REDUCE
2025-02-05,SHRIRAMFIN,EXIT
2025-02-06,TITAN,EXIT
2025-02-07,TITAN,REDUCE
2025-02-10,BAJAJFINSV,HOLD
2025-02-10,INDIGO,EXIT
2025-02-10,TITAN,EXIT
2025-02-11,APOLLOHOSP,EXIT
2025-02-11,MAXHEALTH,EXIT
2025-02-13,EICHERMOT,EXIT
2025-02-17,M&M,EXIT
2025-02-18,TECHM,HOLD
2025-02-19,INDIGO,REDUCE
2025-02-21,SHRIRAMFIN,REDUCE
2025-02-21,ULTRACEMCO,EXIT
2025-02-24,HCLTECH,EXIT
2025-02-24,INFY,EXIT
2025-02-24,SHRIRAMFIN,EXIT
2025-02-27,SHRIRAMFIN,REDUCE
2025-02-28,HDFCBANK,REDUCE
2025-02-28,MARUTI,EXIT
2025-02-28,TECHM,EXIT
2025-03-04,HDFCBANK,HOLD
2025-03-06,EICHERMOT,REDUCE
2025-03-06,HINDALCO,REDUCE
2025-03-07,EICHERMOT,HOLD
2025-03-11,HDFCBANK,EXIT
2025-03-11,ICICIBANK,REDUCE
2025-03-12,HDFCBANK,REDUCE
2025-03-12,ICICIBANK,HOLD
2025-03-12,WIPRO,EXIT
2025-03-13,HDFCBANK,HOLD
2025-03-17,TATASTEEL,REDUCE
2025-03-18,TATASTEEL,EXIT
2025-03-19,BEL,REDUCE
2025-03-19,HDFCLIFE,REDUCE
2025-03-19,MAXHEALTH,REDUCE
2025-03-19,SUNPHARMA,REDUCE
2025-03-19,TATASTEEL,REDUCE
2025-03-20,MAXHEALTH,HOLD
2025-03-21,BEL,REDUCE
2025-03-21,CIPLA,REDUCE
2025-03-21,ETERNAL,REDUCE
2025-03-21,HDFCLIFE,REDUCE
2025-03-21,HINDALCO,REDUCE
2025-03-21,INDIGO,REDUCE
2025-03-21,SHRIRAMFIN,REDUCE
2025-03-21,SUNPHARMA,REDUCE
2025-03-21,TATASTEEL,REDUCE
2025-03-24,BEL,REDUCE
2025-03-24,CIPLA,REDUCE
2025-03-24,ETERNAL,REDUCE
2025-03-24,HDFCLIFE,REDUCE
2025-03-24,HINDALCO,REDUCE
2025-03-24,INDIGO,REDUCE
2025-03-24,NTPC,REDUCE
2025-03-24,SHRIRAMFIN,REDUCE
2025-03-24,SUNPHARMA,REDUCE
2025-03-24,TATASTEEL,REDUCE
2025-03-25,BEL,REDUCE
2025-03-25,CIPLA,EXIT
2025-03-25,ETERNAL,REDUCE
2025-03-25,HDFCLIFE,REDUCE
2025-03-25,HINDALCO,REDUCE
2025-03-25,NTPC,EXIT
2025-03-25,SHRIRAMFIN,REDUCE
2025-03-25,SUNPHARMA,REDUCE
2025-03-25,TATASTEEL,REDUCE
2025-03-25,ULTRACEMCO,REDUCE
2025-03-26,BEL,REDUCE
2025-03-26,ETERNAL,REDUCE
2025-03-26,HDFCLIFE,REDUCE
2025-03-26,HINDALCO,REDUCE
2025-03-26,NTPC,EXIT
2025-03-26,SHRIRAMFIN,REDUCE
2025-03-26,SUNPHARMA,REDUCE
2025-03-26,TATASTEEL,REDUCE
2025-03-26,ULTRACEMCO,REDUCE
2025-03-27,BEL,REDUCE
2025-03-27,ETERNAL,REDUCE
2025-03-27,GRASIM,REDUCE
2025-03-27,HDFCLIFE,REDUCE
2025-03-27,HINDALCO,REDUCE
2025-03-27,SHRIRAMFIN,REDUCE
2025-03-27,SUNPHARMA,EXIT
2025-03-27,TATASTEEL,REDUCE
2025-03-27,ULTRACEMCO,REDUCE
2025-03-28,BEL,REDUCE
2025-03-28,ETERNAL,REDUCE
2025-03-28,GRASIM,REDUCE
2025-03-28,HDFCLIFE,REDUCE
2025-03-28,HINDALCO,REDUCE
2025-03-28,SHRIRAMFIN,REDUCE
2025-03-28,TATASTEEL,REDUCE
2025-03-28,ULTRACEMCO,REDUCE
2025-04-01,BEL,REDUCE
2025-04-01,ETERNAL,REDUCE
2025-04-01,GRASIM,REDUCE
2025-04-01,HDFCLIFE,REDUCE
2025-04-01,HINDALCO,REDUCE
2025-04-01,SHRIRAMFIN,REDUCE
2025-04-01,TATASTEEL,REDUCE
2025-04-01,ULTRACEMCO,REDUCE
2025-04-02,BEL,EXIT
2025-04-02,ETERNAL,REDUCE
2025-04-02,GRASIM,REDUCE
2025-04-02,HDFCLIFE,REDUCE
2025-04-02,HINDALCO,EXIT
2025-04-02,SHRIRAMFIN,REDUCE
2025-04-02,TATACONSUM,REDUCE
2025-04-02,TATASTEEL,REDUCE
2025-04-02,ULTRACEMCO,EXIT
2025-04-03,ETERNAL,REDUCE
2025-04-03,GRASIM,REDUCE
2025-04-03,HDFCLIFE,REDUCE
2025-04-03,SHRIRAMFIN,REDUCE
2025-04-03,SUNPHARMA,REDUCE
2025-04-03,TATACONSUM,REDUCE
2025-04-03,TATASTEEL,REDUCE
2025-04-03,ULTRACEMCO,REDUCE
2025-04-04,ETERNAL,REDUCE
2025-04-04,GRASIM,REDUCE
2025-04-04,HDFCLIFE,REDUCE
2025-04-04,SHRIRAMFIN,REDUCE
2025-04-04,SUNPHARMA,EXIT
2025-04-04,TATACONSUM,REDUCE
2025-04-04,TATASTEEL,EXIT
2025-04-04,ULTRACEMCO,REDUCE
2025-04-07,GRASIM,EXIT
2025-04-07,JSWSTEEL,EXIT
2025-04-07,TATACONSUM,EXIT
2025-04-07,ULTRACEMCO,EXIT
2025-04-08,APOLLOHOSP,REDUCE
2025-04-08,TATACONSUM,REDUCE
2025-04-09,ULTRACEMCO,REDUCE
2025-04-11,GRASIM,REDUCE
2025-04-11,NESTLEIND,REDUCE
2025-04-11,SHRIRAMFIN,HOLD
2025-04-15,BEL,REDUCE
2025-04-15,JSWSTEEL,REDUCE
2025-04-16,APOLLOHOSP,REDUCE
2025-04-16,AXISBANK,REDUCE
2025-04-16,BEL,REDUCE
2025-04-16,ETERNAL,REDUCE
2025-04-16,GRASIM,REDUCE
2025-04-16,HDFCLIFE,REDUCE
2025-04-16,NESTLEIND,REDUCE
2025-04-16,TATACONSUM,REDUCE
2025-04-16,ULTRACEMCO,REDUCE
2025-04-17,APOLLOHOSP,REDUCE
2025-04-17,AXISBANK,REDUCE
2025-04-17,BEL,REDUCE
2025-04-17,ETERNAL,REDUCE
2025-04-17,GRASIM,REDUCE
2025-04-17,HDFCLIFE,REDUCE
2025-04-17,NESTLEIND,REDUCE
2025-04-17,SBILIFE,REDUCE
2025-04-17,SBIN,REDUCE
2025-04-17,TATACONSUM,REDUCE
2025-04-17,ULTRACEMCO,REDUCE
2025-04-21,APOLLOHOSP,REDUCE
2025-04-21,AXISBANK,REDUCE
2025-04-21,BEL,REDUCE
2025-04-21,ETERNAL,REDUCE
2025-04-21,GRASIM,REDUCE
2025-04-21,HDFCLIFE,REDUCE
2025-04-21,NESTLEIND,REDUCE
2025-04-21,POWERGRID,REDUCE
2025-04-21,SBILIFE,EXIT
2025-04-21,SBIN,REDUCE
2025-04-21,TATACONSUM,REDUCE
2025-04-21,ULTRACEMCO,REDUCE
2025-04-22,APOLLOHOSP,REDUCE
2025-04-22,AXISBANK,REDUCE
2025-04-22,BEL,REDUCE
2025-04-22,CIPLA,REDUCE
2025-04-22,ETERNAL,REDUCE
2025-04-22,GRASIM,REDUCE
2025-04-22,HDFCLIFE,REDUCE
2025-04-22,NESTLEIND,REDUCE
2025-04-22,POWERGRID,REDUCE
2025-04-22,SBILIFE,REDUCE
2025-04-22,SBIN,REDUCE
2025-04-22,TATACONSUM,REDUCE
2025-04-22,ULTRACEMCO,REDUCE
2025-04-23,APOLLOHOSP,REDUCE
2025-04-23,AXISBANK,REDUCE
2025-04-23,BEL,REDUCE
2025-04-23,CIPLA,REDUCE
2025-04-23,ETERNAL,REDUCE
2025-04-23,GRASIM,REDUCE
2025-04-23,HDFCLIFE,REDUCE
2025-04-23,NESTLEIND,REDUCE
2025-04-23,POWERGRID,REDUCE
2025-04-23,SBILIFE,EXIT
2025-04-23,SBIN,REDUCE
2025-04-23,TATACONSUM,REDUCE
2025-04-23,ULTRACEMCO,REDUCE
2025-04-24,APOLLOHOSP,REDUCE
2025-04-24,AXISBANK,REDUCE
2025-04-24,BEL,REDUCE
2025-04-24,CIPLA,REDUCE
2025-04-24,ETERNAL,REDUCE
2025-04-24,GRASIM,REDUCE
2025-04-24,HDFCLIFE,REDUCE
2025-04-24,NESTLEIND,REDUCE
2025-04-24,POWERGRID,REDUCE
2025-04-24,SBILIFE,REDUCE
2025-04-24,SBIN,REDUCE
2025-04-24,SUNPHARMA,REDUCE
2025-04-24,TATACONSUM,REDUCE
2025-04-24,ULTRACEMCO,REDUCE
2025-04-25,APOLLOHOSP,REDUCE
2025-04-25,AXISBANK,REDUCE
2025-04-25,BEL,REDUCE
2025-04-25,CIPLA,REDUCE
2025-04-25,ETERNAL,REDUCE
2025-04-25,GRASIM,REDUCE
2025-04-25,HDFCLIFE,REDUCE
2025-04-25,NESTLEIND,REDUCE
2025-04-25,POWERGRID,EXIT
2025-04-25,SBILIFE,REDUCE
2025-04-25,SBIN,REDUCE
2025-04-25,SUNPHARMA,REDUCE
2025-04-25,TATACONSUM,REDUCE
2025-04-25,ULTRACEMCO,REDUCE
2025-04-28,APOLLOHOSP,REDUCE
2025-04-28,AXISBANK,REDUCE
2025-04-28,BEL,REDUCE
2025-04-28,CIPLA,REDUCE
2025-04-28,ETERNAL,REDUCE
2025-04-28,GRASIM,REDUCE
2025-04-28,HDFCLIFE,REDUCE
2025-04-28,NESTLEIND,REDUCE
2025-04-28,RELIANCE,REDUCE
2025-04-28,SBILIFE,REDUCE
2025-04-28,SBIN,REDUCE
2025-04-28,SUNPHARMA,REDUCE
2025-04-28,TATACONSUM,REDUCE
2025-04-28,ULTRACEMCO,REDUCE
2025-04-29,APOLLOHOSP,REDUCE
2025-04-29,AXISBANK,REDUCE
2025-04-29,BEL,REDUCE
2025-04-29,CIPLA,REDUCE
2025-04-29,ETERNAL,REDUCE
2025-04-29,GRASIM,REDUCE
2025-04-29,HDFCLIFE,REDUCE
2025-04-29,NESTLEIND,REDUCE
2025-04-29,RELIANCE,REDUCE
2025-04-29,SBILIFE,REDUCE
2025-04-29,SBIN,REDUCE
2025-04-29,SUNPHARMA,REDUCE
2025-04-29,TATACONSUM,REDUCE
2025-04-29,ULTRACEMCO,REDUCE
2025-04-30,APOLLOHOSP,REDUCE
2025-04-30,AXISBANK,REDUCE
2025-04-30,BEL,REDUCE
2025-04-30,CIPLA,REDUCE
2025-04-30,ETERNAL,REDUCE
2025-04-30,GRASIM,REDUCE
2025-04-30,HDFCLIFE,REDUCE
2025-04-30,NESTLEIND,REDUCE
2025-04-30,RELIANCE,REDUCE
2025-04-30,SBILIFE,REDUCE
2025-04-30,SBIN,EXIT
2025-04-30,SUNPHARMA,REDUCE
2025-04-30,TATACONSUM,REDUCE
2025-04-30,ULTRACEMCO,REDUCE
2025-05-02,APOLLOHOSP,REDUCE
2025-05-02,AXISBANK,REDUCE
2025-05-02,BEL,REDUCE
2025-05-02,CIPLA,EXIT
2025-05-02,ETERNAL,REDUCE
2025-05-02,GRASIM,REDUCE
2025-05-02,HDFCLIFE,REDUCE
2025-05-02,JSWSTEEL,REDUCE
2025-05-02,NESTLEIND,EXIT
2025-05-02,RELIANCE,REDUCE
2025-05-02,SBILIFE,REDUCE
2025-05-02,SHRIRAMFIN,EXIT
2025-05-02,SBIN,REDUCE
2025-05-02,SUNPHARMA,REDUCE
2025-05-02,TATACONSUM,REDUCE
2025-05-02,ULTRACEMCO,REDUCE
2025-05-05,ADANIPORTS,REDUCE
2025-05-05,APOLLOHOSP,REDUCE
2025-05-05,AXISBANK,REDUCE
2025-05-05,BEL,REDUCE
2025-05-05,ETERNAL,REDUCE
2025-05-05,GRASIM,REDUCE
2025-05-05,HDFCLIFE,REDUCE
2025-05-05,JSWSTEEL,EXIT
2025-05-05,RELIANCE,REDUCE
2025-05-05,SBILIFE,REDUCE
2025-05-05,SBIN,EXIT
2025-05-05,SUNPHARMA,REDUCE
2025-05-05,TATACONSUM,REDUCE
2025-05-05,ULTRACEMCO,REDUCE
2025-05-06,ADANIPORTS,EXIT
2025-05-06,APOLLOHOSP,REDUCE
2025-05-06,AXISBANK,REDUCE
2025-05-06,BEL,REDUCE
2025-05-06,ETERNAL,REDUCE
2025-05-06,GRASIM,REDUCE
2025-05-06,HDFCLIFE,REDUCE
2025-05-06,NESTLEIND,REDUCE
2025-05-06,RELIANCE,REDUCE
2025-05-06,SBILIFE,REDUCE
2025-05-06,SUNPHARMA,REDUCE
2025-05-06,TATACONSUM,REDUCE
2025-05-06,ULTRACEMCO,REDUCE
2025-05-07,ADANIPORTS,REDUCE
2025-05-07,APOLLOHOSP,REDUCE
2025-05-07,AXISBANK,REDUCE
2025-05-07,BEL,REDUCE
2025-05-07,ETERNAL,REDUCE
2025-05-07,GRASIM,REDUCE
2025-05-07,HDFCLIFE,REDUCE
2025-05-07,M&M,REDUCE
2025-05-07,NESTLEIND,EXIT
2025-05-07,POWERGRID,REDUCE
2025-05-07,RELIANCE,REDUCE
2025-05-07,SBILIFE,REDUCE
2025-05-07,SUNPHARMA,REDUCE
2025-05-07,TATACONSUM,REDUCE
2025-05-07,ULTRACEMCO,REDUCE
2025-05-08,ADANIPORTS,EXIT
2025-05-08,APOLLOHOSP,REDUCE
2025-05-08,AXISBANK,REDUCE
2025-05-08,BEL,REDUCE
2025-05-08,ETERNAL,REDUCE
2025-05-08,GRASIM,REDUCE
2025-05-08,HDFCLIFE,REDUCE
2025-05-08,M&M,REDUCE
2025-05-08,POWERGRID,EXIT
2025-05-08,RELIANCE,REDUCE
2025-05-08,SBILIFE,REDUCE
2025-05-08,SUNPHARMA,EXIT
2025-05-08,TATACONSUM,REDUCE
2025-05-08,ULTRACEMCO,REDUCE
2025-05-09,ADANIPORTS,REDUCE
2025-05-09,APOLLOHOSP,EXIT
2025-05-09,AXISBANK,REDUCE
2025-05-09,BAJFINANCE,REDUCE
2025-05-09,BEL,REDUCE
2025-05-09,ETERNAL,REDUCE
2025-05-09,GRASIM,REDUCE
2025-05-09,HDFCLIFE,REDUCE
2025-05-09,M&M,REDUCE
2025-05-09,RELIANCE,REDUCE
2025-05-09,SBILIFE,REDUCE
2025-05-09,TATACONSUM,REDUCE
2025-05-09,TITAN,REDUCE
2025-05-09,ULTRACEMCO,REDUCE
2025-05-12,ADANIPORTS,REDUCE
2025-05-12,APOLLOHOSP,REDUCE
2025-05-12,AXISBANK,REDUCE
2025-05-12,BAJFINANCE,REDUCE
2025-05-12,ETERNAL,REDUCE
2025-05-12,GRASIM,REDUCE
2025-05-12,HDFCLIFE,REDUCE
2025-05-12,LT,REDUCE
2025-05-12,M&M,REDUCE
2025-05-12,POWERGRID,REDUCE
2025-05-12,RELIANCE,REDUCE
2025-05-12,SBILIFE,REDUCE
2025-05-12,SHRIRAMFIN,REDUCE
2025-05-12,SBIN,REDUCE
2025-05-12,TATACONSUM,REDUCE
2025-05-12,TATASTEEL,REDUCE
2025-05-12,TITAN,REDUCE
2025-05-12,ULTRACEMCO,REDUCE
2025-05-13,ADANIPORTS,REDUCE
2025-05-13,APOLLOHOSP,REDUCE
2025-05-13,AXISBANK,REDUCE
2025-05-13,BAJFINANCE,REDUCE
2025-05-13,ETERNAL,REDUCE
2025-05-13,GRASIM,REDUCE
2025-05-13,LT,REDUCE
2025-05-13,M&M,REDUCE
2025-05-13,POWERGRID,EXIT
2025-05-13,RELIANCE,REDUCE
2025-05-13,SBILIFE,REDUCE
2025-05-13,SHRIRAMFIN,REDUCE
2025-05-13,SBIN,REDUCE
2025-05-13,TATACONSUM,REDUCE
2025-05-13,TATASTEEL,EXIT
2025-05-13,TITAN,REDUCE
2025-05-13,ULTRACEMCO,REDUCE
2025-05-14,ADANIPORTS,REDUCE
2025-05-14,APOLLOHOSP,REDUCE
2025-05-14,AXISBANK,REDUCE
2025-05-14,BAJFINANCE,REDUCE
2025-05-14,ETERNAL,REDUCE
2025-05-14,GRASIM,REDUCE
2025-05-14,LT,REDUCE
2025-05-14,M&M,REDUCE
2025-05-14,RELIANCE,REDUCE
2025-05-14,SBILIFE,REDUCE
2025-05-14,SBIN,REDUCE
2025-05-14,TATACONSUM,REDUCE
2025-05-14,TATASTEEL,REDUCE
2025-05-14,TITAN,REDUCE
2025-05-14,ULTRACEMCO,REDUCE
2025-05-15,ADANIPORTS,REDUCE
2025-05-15,APOLLOHOSP,REDUCE
2025-05-15,AXISBANK,REDUCE
2025-05-15,BAJFINANCE,REDUCE
2025-05-15,ETERNAL,REDUCE
2025-05-15,GRASIM,REDUCE
2025-05-15,LT,REDUCE
2025-05-15,M&M,REDUCE
2025-05-15,RELIANCE,REDUCE
2025-05-15,SBILIFE,REDUCE
2025-05-15,SBIN,REDUCE
2025-05-15,TATACONSUM,REDUCE
2025-05-15,TATASTEEL,REDUCE
2025-05-15,TITAN,REDUCE
2025-05-15,ULTRACEMCO,REDUCE
2025-05-16,ADANIPORTS,REDUCE
2025-05-16,APOLLOHOSP,REDUCE
2025-05-16,AXISBANK,REDUCE
2025-05-16,BAJFINANCE,REDUCE
2025-05-16,ETERNAL,REDUCE
2025-05-16,GRASIM,REDUCE
2025-05-16,LT,REDUCE
2025-05-16,M&M,REDUCE
2025-05-16,RELIANCE,REDUCE
2025-05-16,SBILIFE,REDUCE
2025-05-16,SBIN,REDUCE
2025-05-16,TATASTEEL,REDUCE
2025-05-16,TITAN,REDUCE
2025-05-16,ULTRACEMCO,REDUCE
2025-05-19,ADANIPORTS,REDUCE
2025-05-19,APOLLOHOSP,REDUCE
2025-05-19,AXISBANK,REDUCE
2025-05-19,BAJFINANCE,REDUCE
2025-05-19,ETERNAL,REDUCE
2025-05-19,LT,REDUCE
2025-05-19,M&M,REDUCE
2025-05-19,RELIANCE,REDUCE
2025-05-19,SBILIFE,REDUCE
2025-05-19,SBIN,REDUCE
2025-05-19,TATASTEEL,REDUCE
2025-05-19,TITAN,REDUCE
2025-05-20,ADANIPORTS,REDUCE
2025-05-20,APOLLOHOSP,REDUCE
2025-05-20,AXISBANK,REDUCE
2025-05-20,BAJFINANCE,REDUCE
2025-05-20,ETERNAL,REDUCE
2025-05-20,KOTAKBANK,REDUCE
2025-05-20,LT,REDUCE
2025-05-20,M&M,REDUCE
2025-05-20,RELIANCE,REDUCE
2025-05-20,SBILIFE,REDUCE
2025-05-20,SBIN,REDUCE
2025-05-20,TITAN,REDUCE
2025-05-21,ADANIPORTS,REDUCE
2025-05-21,APOLLOHOSP,REDUCE
2025-05-21,BAJFINANCE,REDUCE
2025-05-21,ETERNAL,REDUCE
2025-05-21,KOTAKBANK,REDUCE
2025-05-21,LT,REDUCE
2025-05-21,M&M,REDUCE
2025-05-21,RELIANCE,REDUCE
2025-05-21,SBILIFE,REDUCE
2025-05-21,SBIN,REDUCE
2025-05-21,TITAN,REDUCE
2025-05-22,ADANIPORTS,REDUCE
2025-05-22,APOLLOHOSP,REDUCE
2025-05-22,BAJFINANCE,REDUCE
2025-05-22,ETERNAL,REDUCE
2025-05-22,KOTAKBANK,REDUCE
2025-05-22,LT,REDUCE
2025-05-22,M&M,REDUCE
2025-05-22,RELIANCE,REDUCE
2025-05-22,SHRIRAMFIN,REDUCE
2025-05-22,SBIN,REDUCE
2025-05-22,TITAN,REDUCE
2025-05-23,ADANIPORTS,REDUCE
2025-05-23,APOLLOHOSP,REDUCE
2025-05-23,BAJFINANCE,REDUCE
2025-05-23,ETERNAL,REDUCE
2025-05-23,KOTAKBANK,REDUCE
2025-05-23,LT,REDUCE
2025-05-23,M&M,REDUCE
2025-05-23,RELIANCE,REDUCE
2025-05-23,SHRIRAMFIN,REDUCE
2025-05-23,SBIN,REDUCE
2025-05-23,TITAN,REDUCE
2025-05-26,ADANIPORTS,REDUCE
2025-05-26,APOLLOHOSP,REDUCE
2025-05-26,BAJFINANCE,REDUCE
2025-05-26,ETERNAL,REDUCE
2025-05-26,KOTAKBANK,REDUCE
2025-05-26,LT,REDUCE
2025-05-26,M&M,REDUCE
2025-05-26,RELIANCE,REDUCE
2025-05-26,SHRIRAMFIN,REDUCE
2025-05-26,SBIN,REDUCE
2025-05-26,TITAN,REDUCE
2025-05-27,ADANIPORTS,REDUCE
2025-05-27,APOLLOHOSP,REDUCE
2025-05-27,BAJFINANCE,REDUCE
2025-05-27,EICHERMOT,REDUCE
2025-05-27,ETERNAL,REDUCE
2025-05-27,GRASIM,REDUCE
2025-05-27,KOTAKBANK,REDUCE
2025-05-27,LT,REDUCE
2025-05-27,M&M,REDUCE
2025-05-27,RELIANCE,REDUCE
2025-05-27,SHRIRAMFIN,REDUCE
2025-05-27,SBIN,REDUCE
2025-05-27,TITAN,REDUCE
2025-05-27,ULTRACEMCO,REDUCE
2025-05-28,ADANIPORTS,REDUCE
2025-05-28,APOLLOHOSP,REDUCE
2025-05-28,BAJFINANCE,REDUCE
2025-05-28,EICHERMOT,REDUCE
2025-05-28,ETERNAL,REDUCE
2025-05-28,GRASIM,EXIT
2025-05-28,KOTAKBANK,REDUCE
2025-05-28,LT,REDUCE
2025-05-28,M&M,REDUCE
2025-05-28,RELIANCE,REDUCE
2025-05-28,SHRIRAMFIN,REDUCE
2025-05-28,SBIN,REDUCE
2025-05-28,TITAN,REDUCE
2025-05-28,ULTRACEMCO,EXIT
2025-05-29,ADANIPORTS,REDUCE
2025-05-29,APOLLOHOSP,REDUCE
2025-05-29,BAJFINANCE,REDUCE
2025-05-29,EICHERMOT,REDUCE
2025-05-29,ETERNAL,REDUCE
2025-05-29,KOTAKBANK,REDUCE
2025-05-29,LT,REDUCE
2025-05-29,M&M,REDUCE
2025-05-29,RELIANCE,REDUCE
2025-05-29,SHRIRAMFIN,REDUCE
2025-05-29,SBIN,REDUCE
2025-05-29,TITAN,REDUCE
2025-05-30,ADANIPORTS,REDUCE
2025-05-30,APOLLOHOSP,REDUCE
2025-05-30,BAJFINANCE,REDUCE
2025-05-30,EICHERMOT,REDUCE
2025-05-30,ETERNAL,REDUCE
2025-05-30,KOTAKBANK,REDUCE
2025-05-30,LT,REDUCE
2025-05-30,M&M,REDUCE
2025-05-30,SHRIRAMFIN,REDUCE
2025-05-30,SBIN,REDUCE
2025-05-30,TITAN,REDUCE
2025-06-02,ADANIPORTS,REDUCE
2025-06-02,APOLLOHOSP,REDUCE
2025-06-02,BAJFINANCE,REDUCE
2025-06-02,EICHERMOT,REDUCE
2025-06-02,ETERNAL,REDUCE
2025-06-02,KOTAKBANK,REDUCE
2025-06-02,LT,REDUCE
2025-06-02,M&M,REDUCE
2025-06-02,SHRIRAMFIN,REDUCE
2025-06-02,SBIN,REDUCE
2025-06-02,TITAN,REDUCE
2025-06-03,APOLLOHOSP,EXIT
2025-06-03,BAJFINANCE,REDUCE
2025-06-03,EICHERMOT,REDUCE
2025-06-03,ETERNAL,REDUCE
2025-06-03,KOTAKBANK,REDUCE
2025-06-03,LT,REDUCE
2025-06-03,M&M,REDUCE
2025-06-03,NESTLEIND,REDUCE
2025-06-03,SHRIRAMFIN,REDUCE
2025-06-03,SBIN,REDUCE
2025-06-03,TITAN,REDUCE
2025-06-04,BAJFINANCE,REDUCE
2025-06-04,BAJAJFINSV,REDUCE
2025-06-04,EICHERMOT,REDUCE
2025-06-04,ETERNAL,REDUCE
2025-06-04,KOTAKBANK,REDUCE
2025-06-04,LT,REDUCE
2025-06-04,M&M,REDUCE
2025-06-04,SHRIRAMFIN,REDUCE
2025-06-04,TITAN,REDUCE
2025-06-05,BAJFINANCE,REDUCE
2025-06-05,BAJAJFINSV,REDUCE
2025-06-05,EICHERMOT,REDUCE
2025-06-05,ETERNAL,REDUCE
2025-06-05,KOTAKBANK,REDUCE
2025-06-05,LT,REDUCE
2025-06-05,M&M,REDUCE
2025-06-05,SHRIRAMFIN,REDUCE
2025-06-05,TITAN,REDUCE
2025-06-06,BAJFINANCE,REDUCE
2025-06-06,BAJAJFINSV,REDUCE
2025-06-06,DRREDDY,REDUCE
2025-06-06,EICHERMOT,REDUCE
2025-06-06,ETERNAL,REDUCE
2025-06-06,KOTAKBANK,REDUCE
2025-06-06,LT,REDUCE
2025-06-06,M&M,REDUCE
2025-06-06,SHRIRAMFIN,REDUCE
2025-06-06,TITAN,REDUCE
2025-06-09,ADANIENT,REDUCE
2025-06-09,BAJFINANCE,REDUCE
2025-06-09,BAJAJFINSV,REDUCE
2025-06-09,DRREDDY,REDUCE
2025-06-09,EICHERMOT,REDUCE
2025-06-09,ETERNAL,REDUCE
2025-06-09,KOTAKBANK,REDUCE
2025-06-09,LT,REDUCE
2025-06-09,M&M,REDUCE
2025-06-09,SHRIRAMFIN,REDUCE
2025-06-09,TITAN,REDUCE
2025-06-10,ADANIENT,EXIT
2025-06-10,BAJFINANCE,REDUCE
2025-06-10,BAJAJFINSV,REDUCE
2025-06-10,DRREDDY,REDUCE
2025-06-10,EICHERMOT,REDUCE
2025-06-10,ETERNAL,REDUCE
2025-06-10,KOTAKBANK,REDUCE
2025-06-10,LT,REDUCE
2025-06-10,M&M,REDUCE
2025-06-10,SHRIRAMFIN,REDUCE
2025-06-10,TECHM,REDUCE
2025-06-11,ADANIENT,REDUCE
2025-06-11,BAJFINANCE,REDUCE
2025-06-11,BAJAJFINSV,REDUCE
2025-06-11,DRREDDY,REDUCE
2025-06-11,EICHERMOT,REDUCE
2025-06-11,ETERNAL,REDUCE
2025-06-11,KOTAKBANK,REDUCE
2025-06-11,LT,REDUCE
2025-06-11,M&M,REDUCE
2025-06-11,SHRIRAMFIN,REDUCE
2025-06-11,TECHM,REDUCE
2025-06-12,ADANIENT,EXIT
2025-06-12,APOLLOHOSP,REDUCE
2025-06-12,BAJFINANCE,REDUCE
2025-06-12,BAJAJFINSV,REDUCE
2025-06-12,DRREDDY,REDUCE
2025-06-12,EICHERMOT,REDUCE
2025-06-12,ETERNAL,REDUCE
2025-06-12,KOTAKBANK,REDUCE
2025-06-12,LT,REDUCE
2025-06-12,SHRIRAMFIN,REDUCE
2025-06-12,TECHM,REDUCE
2025-06-13,APOLLOHOSP,REDUCE
2025-06-13,BAJFINANCE,REDUCE
2025-06-13,BAJAJFINSV,REDUCE
2025-06-13,DRREDDY,REDUCE
2025-06-13,EICHERMOT,REDUCE
2025-06-13,ETERNAL,REDUCE
2025-06-13,INDIGO,REDUCE
2025-06-13,KOTAKBANK,REDUCE
2025-06-13,LT,REDUCE
2025-06-13,MARUTI,REDUCE
2025-06-13,SHRIRAMFIN,REDUCE
2025-06-13,TECHM,REDUCE
2025-06-16,APOLLOHOSP,REDUCE
2025-06-16,BAJFINANCE,REDUCE
2025-06-16,BAJAJFINSV,REDUCE
2025-06-16,DRREDDY,REDUCE
2025-06-16,EICHERMOT,REDUCE
2025-06-16,ETERNAL,REDUCE
2025-06-16,HCLTECH,REDUCE
2025-06-16,INDIGO,REDUCE
2025-06-16,KOTAKBANK,REDUCE
2025-06-16,LT,REDUCE
2025-06-16,MARUTI,REDUCE
2025-06-16,SHRIRAMFIN,REDUCE
2025-06-16,TECHM,REDUCE
2025-06-17,APOLLOHOSP,REDUCE
2025-06-17,BAJFINANCE,REDUCE
2025-06-17,BAJAJFINSV,REDUCE
2025-06-17,DRREDDY,REDUCE
2025-06-17,EICHERMOT,REDUCE
2025-06-17,ETERNAL,REDUCE
2025-06-17,HCLTECH,REDUCE
2025-06-17,INDIGO,REDUCE
2025-06-17,KOTAKBANK,REDUCE
2025-06-17,LT,REDUCE
2025-06-17,MARUTI,REDUCE
2025-06-17,NESTLEIND,REDUCE
2025-06-17,SHRIRAMFIN,REDUCE
2025-06-17,TATACONSUM,REDUCE
2025-06-17,TECHM,REDUCE
2025-06-18,APOLLOHOSP,REDUCE
2025-06-18,BAJFINANCE,REDUCE
2025-06-18,BAJAJFINSV,REDUCE
2025-06-18,DRREDDY,REDUCE
2025-06-18,EICHERMOT,REDUCE
2025-06-18,ETERNAL,REDUCE
2025-06-18,HCLTECH,REDUCE
2025-06-18,ICICIBANK,REDUCE
2025-06-18,INDIGO,REDUCE
2025-06-18,KOTAKBANK,REDUCE
2025-06-18,LT,REDUCE
2025-06-18,NESTLEIND,REDUCE
2025-06-18,SHRIRAMFIN,REDUCE
2025-06-18,TATACONSUM,REDUCE
2025-06-18,TECHM,REDUCE
2025-06-19,ADANIPORTS,EXIT
2025-06-19,APOLLOHOSP,REDUCE
2025-06-19,BAJFINANCE,REDUCE
2025-06-19,BAJAJFINSV,REDUCE
2025-06-19,DRREDDY,REDUCE
2025-06-19,EICHERMOT,REDUCE
2025-06-19,ETERNAL,REDUCE
2025-06-19,HCLTECH,REDUCE
2025-06-19,ICICIBANK,REDUCE
2025-06-19,INDIGO,REDUCE
2025-06-19,KOTAKBANK,REDUCE
2025-06-19,LT,REDUCE
2025-06-19,NESTLEIND,EXIT
2025-06-19,SHRIRAMFIN,REDUCE
2025-06-19,SBIN,REDUCE
2025-06-19,TATACONSUM,REDUCE
2025-06-19,TECHM,REDUCE
2025-06-20,ADANIPORTS,REDUCE
2025-06-20,APOLLOHOSP,REDUCE
2025-06-20,BAJFINANCE,REDUCE
2025-06-20,BAJAJFINSV,REDUCE
2025-06-20,DRREDDY,REDUCE
2025-06-20,EICHERMOT,REDUCE
2025-06-20,ETERNAL,REDUCE
2025-06-20,HCLTECH,REDUCE
2025-06-20,ICICIBANK,REDUCE
2025-06-20,INDIGO,REDUCE
2025-06-20,KOTAKBANK,REDUCE
2025-06-20,LT,REDUCE
2025-06-20,SHRIRAMFIN,REDUCE
2025-06-20,SBIN,REDUCE
2025-06-20,TATACONSUM,REDUCE
2025-06-20,TECHM,REDUCE
2025-06-23,APOLLOHOSP,REDUCE
2025-06-23,BAJFINANCE,REDUCE
2025-06-23,BAJAJFINSV,REDUCE
2025-06-23,DRREDDY,REDUCE
2025-06-23,EICHERMOT,REDUCE
2025-06-23,ETERNAL,REDUCE
2025-06-23,HCLTECH,EXIT
2025-06-23,HINDALCO,REDUCE
2025-06-23,ICICIBANK,REDUCE
2025-06-23,INDIGO,REDUCE
2025-06-23,KOTAKBANK,REDUCE
2025-06-23,LT,REDUCE
2025-06-23,SHRIRAMFIN,REDUCE
2025-06-23,SBIN,REDUCE
2025-06-23,TATACONSUM,REDUCE
2025-06-23,TECHM,REDUCE
2025-06-24,APOLLOHOSP,REDUCE
2025-06-24,BAJFINANCE,REDUCE
2025-06-24,BAJAJFINSV,REDUCE
2025-06-24,DRREDDY,REDUCE
2025-06-24,EICHERMOT,REDUCE
2025-06-24,ETERNAL,REDUCE
2025-06-24,HINDALCO,REDUCE
2025-06-24,ICICIBANK,REDUCE
2025-06-24,INDIGO,REDUCE
2025-06-24,KOTAKBANK,REDUCE
2025-06-24,LT,REDUCE
2025-06-24,SHRIRAMFIN,REDUCE
2025-06-24,SBIN,REDUCE
2025-06-24,TATACONSUM,REDUCE
2025-06-24,TECHM,REDUCE
2025-06-25,APOLLOHOSP,REDUCE
2025-06-25,BAJFINANCE,REDUCE
2025-06-25,BAJAJFINSV,REDUCE
2025-06-25,DRREDDY,REDUCE
2025-06-25,EICHERMOT,REDUCE
2025-06-25,ETERNAL,REDUCE
2025-06-25,HCLTECH,REDUCE
2025-06-25,HINDALCO,REDUCE
2025-06-25,ICICIBANK,REDUCE
2025-06-25,INDIGO,REDUCE
2025-06-25,KOTAKBANK,REDUCE
2025-06-25,SHRIRAMFIN,REDUCE
2025-06-25,SBIN,REDUCE
2025-06-25,TATACONSUM,REDUCE
2025-06-25,TECHM,REDUCE
2025-06-26,APOLLOHOSP,REDUCE
2025-06-26,BAJFINANCE,REDUCE
2025-06-26,BAJAJFINSV,REDUCE
2025-06-26,DRREDDY,REDUCE
2025-06-26,EICHERMOT,REDUCE
2025-06-26,ETERNAL,REDUCE
2025-06-26,HCLTECH,REDUCE
2025-06-26,HINDALCO,REDUCE
2025-06-26,ICICIBANK,REDUCE
2025-06-26,INDIGO,REDUCE
2025-06-26,KOTAKBANK,REDUCE
2025-06-26,SHRIRAMFIN,REDUCE
2025-06-26,SBIN,REDUCE
2025-06-26,TATACONSUM,REDUCE
2025-06-26,TECHM,REDUCE
2025-06-27,APOLLOHOSP,REDUCE
2025-06-27,BAJFINANCE,REDUCE
2025-06-27,BAJAJFINSV,REDUCE
2025-06-27,DRREDDY,REDUCE
2025-06-27,EICHERMOT,REDUCE
2025-06-27,ETERNAL,REDUCE
2025-06-27,HCLTECH,REDUCE
2025-06-27,HINDALCO,REDUCE
2025-06-27,ICICIBANK,REDUCE
2025-06-27,KOTAKBANK,REDUCE
2025-06-27,SHRIRAMFIN,REDUCE
2025-06-27,SBIN,REDUCE
2025-06-27,TATACONSUM,REDUCE
2025-06-27,TECHM,REDUCE
2025-06-30,APOLLOHOSP,REDUCE
2025-06-30,AXISBANK,REDUCE
2025-06-30,BAJFINANCE,REDUCE
2025-06-30,BAJAJFINSV,REDUCE
2025-06-30,DRREDDY,REDUCE
2025-06-30,EICHERMOT,REDUCE
2025-06-30,ETERNAL,REDUCE
2025-06-30,HCLTECH,REDUCE
2025-06-30,HINDALCO,REDUCE
2025-06-30,ICICIBANK,REDUCE
2025-06-30,KOTAKBANK,REDUCE
2025-06-30,MARUTI,REDUCE
2025-06-30,SHRIRAMFIN,REDUCE
2025-06-30,SBIN,REDUCE
2025-06-30,TATACONSUM,REDUCE
2025-06-30,TECHM,REDUCE
2025-06-30,TRENT,REDUCE
2025-07-01,ADANIENT,REDUCE
2025-07-01,APOLLOHOSP,REDUCE
2025-07-01,AXISBANK,REDUCE
2025-07-01,BAJFINANCE,REDUCE
2025-07-01,BAJAJFINSV,REDUCE
2025-07-01,EICHERMOT,REDUCE
2025-07-01,ETERNAL,REDUCE
2025-07-01,HCLTECH,REDUCE
2025-07-01,HINDALCO,REDUCE
2025-07-01,ICICIBANK,REDUCE
2025-07-01,KOTAKBANK,REDUCE
2025-07-01,MARUTI,REDUCE
2025-07-01,SHRIRAMFIN,REDUCE
2025-07-01,SBIN,REDUCE
2025-07-01,TATACONSUM,REDUCE
2025-07-01,TECHM,REDUCE
2025-07-01,TRENT,EXIT
2025-07-02,ADANIENT,EXIT
2025-07-02,APOLLOHOSP,REDUCE
2025-07-02,AXISBANK,REDUCE
2025-07-02,BAJFINANCE,REDUCE
2025-07-02,BAJAJFINSV,REDUCE
2025-07-02,EICHERMOT,REDUCE
2025-07-02,ETERNAL,REDUCE
2025-07-02,HCLTECH,REDUCE
2025-07-02,HINDALCO,REDUCE
2025-07-02,ICICIBANK,REDUCE
2025-07-02,KOTAKBANK,REDUCE
2025-07-02,SHRIRAMFIN,REDUCE
2025-07-02,SBIN,REDUCE
2025-07-02,TATACONSUM,REDUCE
2025-07-02,TECHM,REDUCE
2025-07-02,TRENT,REDUCE
2025-07-03,ADANIENT,REDUCE
2025-07-03,AXISBANK,REDUCE
2025-07-03,BAJFINANCE,REDUCE
2025-07-03,BAJAJFINSV,REDUCE
2025-07-03,EICHERMOT,REDUCE
2025-07-03,ETERNAL,REDUCE
2025-07-03,HCLTECH,REDUCE
2025-07-03,HINDALCO,REDUCE
2025-07-03,ICICIBANK,REDUCE
2025-07-03,KOTAKBANK,REDUCE
2025-07-03,SHRIRAMFIN,REDUCE
2025-07-03,SBIN,REDUCE
2025-07-03,TATACONSUM,REDUCE
2025-07-03,TECHM,REDUCE
2025-07-03,TRENT,EXIT
2025-07-04,ADANIENT,EXIT
2025-07-04,AXISBANK,REDUCE
2025-07-04,BAJFINANCE,REDUCE
2025-07-04,BAJAJFINSV,REDUCE
2025-07-04,EICHERMOT,REDUCE
2025-07-04,ETERNAL,REDUCE
2025-07-04,HCLTECH,REDUCE
2025-07-04,HINDALCO,REDUCE
2025-07-04,ICICIBANK,REDUCE
2025-07-04,KOTAKBANK,REDUCE
2025-07-04,SHRIRAMFIN,REDUCE
2025-07-04,SBIN,REDUCE
2025-07-04,TATACONSUM,REDUCE
2025-07-04,TECHM,REDUCE
2025-07-04,TRENT,EXIT
2025-07-07,ADANIENT,REDUCE
2025-07-07,AXISBANK,REDUCE
2025-07-07,BAJFINANCE,REDUCE
2025-07-07,BAJAJFINSV,REDUCE
2025-07-07,EICHERMOT,REDUCE
2025-07-07,ETERNAL,REDUCE
2025-07-07,HCLTECH,REDUCE
2025-07-07,ICICIBANK,REDUCE
2025-07-07,KOTAKBANK,REDUCE
2025-07-07,SHRIRAMFIN,REDUCE
2025-07-07,SBIN,REDUCE
2025-07-07,TATACONSUM,REDUCE
2025-07-07,TECHM,REDUCE
2025-07-08,ADANIENT,EXIT
2025-07-08,AXISBANK,REDUCE
2025-07-08,BAJFINANCE,REDUCE
2025-07-08,BAJAJFINSV,REDUCE
2025-07-08,EICHERMOT,REDUCE
2025-07-08,ETERNAL,REDUCE
2025-07-08,HCLTECH,REDUCE
2025-07-08,ICICIBANK,REDUCE
2025-07-08,KOTAKBANK,REDUCE
2025-07-08,MARUTI,REDUCE
2025-07-08,SBIN,REDUCE
2025-07-08,TATACONSUM,REDUCE
2025-07-08,TECHM,REDUCE
2025-07-08,TITAN,REDUCE
2025-07-09,ADANIENT,REDUCE
2025-07-09,AXISBANK,REDUCE
2025-07-09,BAJFINANCE,REDUCE
2025-07-09,BAJAJFINSV,REDUCE
2025-07-09,EICHERMOT,REDUCE
2025-07-09,ETERNAL,REDUCE
2025-07-09,HCLTECH,EXIT
2025-07-09,ICICIBANK,REDUCE
2025-07-09,KOTAKBANK,REDUCE
2025-07-09,MARUTI,REDUCE
2025-07-09,SBIN,REDUCE
2025-07-09,TATACONSUM,REDUCE
2025-07-09,TECHM,REDUCE
2025-07-09,TITAN,REDUCE
2025-07-10,ADANIENT,EXIT
2025-07-10,AXISBANK,REDUCE
2025-07-10,BAJAJFINSV,REDUCE
2025-07-10,EICHERMOT,REDUCE
2025-07-10,ETERNAL,REDUCE
2025-07-10,ICICIBANK,REDUCE
2025-07-10,KOTAKBANK,REDUCE
2025-07-10,MARUTI,REDUCE
2025-07-10,SBIN,REDUCE
2025-07-10,TATACONSUM,REDUCE
2025-07-10,TITAN,REDUCE
2025-07-10,ULTRACEMCO,REDUCE
2025-07-11,ADANIENT,REDUCE
2025-07-11,AXISBANK,REDUCE
2025-07-11,BAJAJFINSV,REDUCE
2025-07-11,EICHERMOT,REDUCE
2025-07-11,ETERNAL,REDUCE
2025-07-11,HDFCLIFE,REDUCE
2025-07-11,HINDUNILVR,REDUCE
2025-07-11,ICICIBANK,REDUCE
2025-07-11,JSWSTEEL,REDUCE
2025-07-11,KOTAKBANK,REDUCE
2025-07-11,MARUTI,REDUCE
2025-07-11,SBIN,REDUCE
2025-07-11,TATACONSUM,REDUCE
2025-07-11,TITAN,EXIT
2025-07-14,ADANIENT,EXIT
2025-07-14,AXISBANK,REDUCE
2025-07-14,BAJAJFINSV,REDUCE
2025-07-14,EICHERMOT,REDUCE
2025-07-14,ETERNAL,REDUCE
2025-07-14,HDFCLIFE,REDUCE
2025-07-14,HINDUNILVR,EXIT
2025-07-14,ICICIBANK,REDUCE
2025-07-14,MARUTI,REDUCE
2025-07-14,SBIN,REDUCE
2025-07-14,TATACONSUM,REDUCE
2025-07-14,TECHM,EXIT
2025-07-15,ADANIENT,REDUCE
2025-07-15,AXISBANK,REDUCE
2025-07-15,BAJAJFINSV,REDUCE
2025-07-15,EICHERMOT,REDUCE
2025-07-15,ETERNAL,REDUCE
2025-07-15,HDFCLIFE,REDUCE
2025-07-15,HINDUNILVR,REDUCE
2025-07-15,ICICIBANK,REDUCE
2025-07-15,LT,REDUCE
2025-07-15,MARUTI,REDUCE
2025-07-15,TATACONSUM,REDUCE
2025-07-16,ADANIENT,EXIT
2025-07-16,AXISBANK,REDUCE
2025-07-16,BAJAJFINSV,REDUCE
2025-07-16,EICHERMOT,REDUCE
2025-07-16,ETERNAL,REDUCE
2025-07-16,HDFCLIFE,REDUCE
2025-07-16,HINDUNILVR,EXIT
2025-07-16,ICICIBANK,REDUCE
2025-07-16,LT,REDUCE
2025-07-16,MARUTI,REDUCE
2025-07-16,TATACONSUM,REDUCE
2025-07-16,TECHM,REDUCE
2025-07-17,ADANIENT,REDUCE
2025-07-17,AXISBANK,REDUCE
2025-07-17,BAJAJFINSV,REDUCE
2025-07-17,EICHERMOT,REDUCE
2025-07-17,ETERNAL,REDUCE
2025-07-17,HDFCLIFE,REDUCE
2025-07-17,HINDUNILVR,REDUCE
2025-07-17,ICICIBANK,REDUCE
2025-07-17,LT,EXIT
2025-07-17,MARUTI,REDUCE
2025-07-17,TATACONSUM,REDUCE
2025-07-17,TECHM,EXIT
2025-07-18,ADANIENT,EXIT
2025-07-18,AXISBANK,EXIT
2025-07-18,BAJAJFINSV,REDUCE
2025-07-18,EICHERMOT,REDUCE
2025-07-18,ETERNAL,REDUCE
2025-07-18,HDFCLIFE,REDUCE
2025-07-18,HINDUNILVR,EXIT
2025-07-18,ICICIBANK,REDUCE
2025-07-18,MARUTI,REDUCE
2025-07-18,SBILIFE,REDUCE
2025-07-18,TATACONSUM,REDUCE
2025-07-21,ADANIENT,REDUCE
2025-07-21,BAJAJFINSV,REDUCE
2025-07-21,EICHERMOT,REDUCE
2025-07-21,ETERNAL,REDUCE
2025-07-21,HDFCLIFE,REDUCE
2025-07-21,HINDUNILVR,REDUCE
2025-07-21,ICICIBANK,REDUCE
2025-07-21,MARUTI,REDUCE
2025-07-21,NESTLEIND,REDUCE
2025-07-21,RELIANCE,REDUCE
2025-07-21,SBILIFE,REDUCE
2025-07-21,SHRIRAMFIN,REDUCE
2025-07-21,TATACONSUM,REDUCE
2025-07-22,ADANIENT,EXIT
2025-07-22,BAJAJFINSV,REDUCE
2025-07-22,DRREDDY,REDUCE
2025-07-22,EICHERMOT,REDUCE
2025-07-22,ETERNAL,REDUCE
2025-07-22,HDFCLIFE,REDUCE
2025-07-22,HINDUNILVR,EXIT
2025-07-22,ICICIBANK,REDUCE
2025-07-22,MARUTI,REDUCE
2025-07-22,NESTLEIND,REDUCE
2025-07-22,RELIANCE,REDUCE
2025-07-22,SBILIFE,REDUCE
2025-07-22,SHRIRAMFIN,REDUCE
2025-07-22,TATACONSUM,REDUCE
2025-07-23,ADANIENT,REDUCE
2025-07-23,BAJAJFINSV,REDUCE
2025-07-23,DRREDDY,REDUCE
2025-07-23,EICHERMOT,REDUCE
2025-07-23,ETERNAL,REDUCE
2025-07-23,HDFCLIFE,REDUCE
2025-07-23,HINDUNILVR,REDUCE
2025-07-23,MARUTI,REDUCE
2025-07-23,NESTLEIND,REDUCE
2025-07-23,RELIANCE,REDUCE
2025-07-23,SBILIFE,REDUCE
2025-07-23,SHRIRAMFIN,REDUCE
2025-07-23,TATACONSUM,REDUCE
2025-07-24,ADANIENT,EXIT
2025-07-24,ADANIPORTS,REDUCE
2025-07-24,BAJAJFINSV,REDUCE
2025-07-24,DRREDDY,REDUCE
2025-07-24,EICHERMOT,REDUCE
2025-07-24,ETERNAL,REDUCE
2025-07-24,HDFCLIFE,REDUCE
2025-07-24,HINDUNILVR,EXIT
2025-07-24,MARUTI,REDUCE
2025-07-24,NESTLEIND,REDUCE
2025-07-24,RELIANCE,REDUCE
2025-07-24,SBILIFE,REDUCE
2025-07-24,SHRIRAMFIN,REDUCE
2025-07-24,TATACONSUM,REDUCE
2025-07-25,ADANIENT,EXIT
2025-07-25,ADANIPORTS,REDUCE
2025-07-25,BAJFINANCE,REDUCE
2025-07-25,BAJAJFINSV,REDUCE
2025-07-25,CIPLA,REDUCE
2025-07-25,EICHERMOT,REDUCE
2025-07-25,ETERNAL,REDUCE
2025-07-25,HDFCLIFE,REDUCE
2025-07-25,HINDUNILVR,REDUCE
2025-07-25,MARUTI,REDUCE
2025-07-25,NESTLEIND,EXIT
2025-07-25,RELIANCE,REDUCE
2025-07-25,SHRIRAMFIN,EXIT
2025-07-25,TATACONSUM,REDUCE
2025-07-28,ADANIPORTS,REDUCE
2025-07-28,BAJFINANCE,REDUCE
2025-07-28,BAJAJFINSV,REDUCE
2025-07-28,EICHERMOT,REDUCE
2025-07-28,ETERNAL,REDUCE
2025-07-28,GRASIM,REDUCE
2025-07-28,HDFCLIFE,REDUCE
2025-07-28,HINDUNILVR,EXIT
2025-07-28,KOTAKBANK,REDUCE
2025-07-28,MARUTI,REDUCE
2025-07-28,RELIANCE,REDUCE
2025-07-28,TATACONSUM,REDUCE
2025-07-29,ADANIPORTS,REDUCE
2025-07-29,ASIANPAINT,REDUCE
2025-07-29,BAJFINANCE,REDUCE
2025-07-29,BAJAJFINSV,REDUCE
2025-07-29,EICHERMOT,REDUCE
2025-07-29,ETERNAL,REDUCE
2025-07-29,GRASIM,REDUCE
2025-07-29,HDFCLIFE,REDUCE
2025-07-29,HINDUNILVR,REDUCE
2025-07-29,KOTAKBANK,REDUCE
2025-07-29,MARUTI,REDUCE
2025-07-29,RELIANCE,REDUCE
2025-07-29,SBIN,REDUCE
2025-07-29,TATACONSUM,REDUCE
2025-07-30,ADANIPORTS,REDUCE
2025-07-30,ASIANPAINT,EXIT
2025-07-30,BAJFINANCE,REDUCE
2025-07-30,BAJAJFINSV,REDUCE
2025-07-30,BEL,REDUCE
2025-07-30,EICHERMOT,REDUCE
2025-07-30,ETERNAL,REDUCE
2025-07-30,HDFCLIFE,REDUCE
2025-07-30,HINDUNILVR,EXIT
2025-07-30,KOTAKBANK,EXIT
2025-07-30,LT,REDUCE
2025-07-30,MARUTI,REDUCE
2025-07-30,RELIANCE,REDUCE
2025-07-30,SBIN,REDUCE
2025-07-30,TATACONSUM,REDUCE
2025-07-31,ADANIPORTS,REDUCE
2025-07-31,ASIANPAINT,REDUCE
2025-07-31,BAJFINANCE,REDUCE
2025-07-31,BAJAJFINSV,REDUCE
2025-07-31,BEL,REDUCE
2025-07-31,EICHERMOT,REDUCE
2025-07-31,ETERNAL,REDUCE
2025-07-31,HDFCLIFE,REDUCE
2025-07-31,HINDUNILVR,REDUCE
2025-07-31,MARUTI,REDUCE
2025-07-31,RELIANCE,REDUCE
2025-07-31,SBIN,REDUCE
2025-07-31,TATACONSUM,REDUCE
2025-07-31,TATASTEEL,REDUCE
2025-08-01,ADANIPORTS,REDUCE
2025-08-01,ASIANPAINT,EXIT
2025-08-01,BAJFINANCE,REDUCE
2025-08-01,BAJAJFINSV,REDUCE
2025-08-01,BEL,REDUCE
2025-08-01,DRREDDY,EXIT
2025-08-01,ETERNAL,REDUCE
2025-08-01,HDFCLIFE,REDUCE
2025-08-01,MARUTI,REDUCE
2025-08-01,RELIANCE,REDUCE
2025-08-01,SBIN,REDUCE
2025-08-01,TATACONSUM,REDUCE
2025-08-01,TATASTEEL,REDUCE
2025-08-04,ADANIPORTS,REDUCE
2025-08-04,ASIANPAINT,REDUCE
2025-08-04,BAJFINANCE,REDUCE
2025-08-04,BAJAJFINSV,REDUCE
2025-08-04,BEL,REDUCE
2025-08-04,ETERNAL,REDUCE
2025-08-04,HDFCLIFE,REDUCE
2025-08-04,MARUTI,REDUCE
2025-08-04,RELIANCE,REDUCE
2025-08-04,SBIN,REDUCE
2025-08-04,TATACONSUM,REDUCE
2025-08-05,ADANIPORTS,REDUCE
2025-08-05,ASIANPAINT,EXIT
2025-08-05,BAJFINANCE,REDUCE
2025-08-05,BAJAJFINSV,REDUCE
2025-08-05,BEL,REDUCE
2025-08-05,ETERNAL,REDUCE
2025-08-05,HDFCLIFE,REDUCE
2025-08-05,RELIANCE,REDUCE
2025-08-05,SBIN,REDUCE
2025-08-05,TATACONSUM,REDUCE
2025-08-06,ADANIPORTS,REDUCE
2025-08-06,ASIANPAINT,REDUCE
2025-08-06,BAJFINANCE,REDUCE
2025-08-06,BAJAJFINSV,REDUCE
2025-08-06,BEL,REDUCE
2025-08-06,ETERNAL,REDUCE
2025-08-06,HDFCLIFE,REDUCE
2025-08-06,RELIANCE,REDUCE
2025-08-06,SBIN,REDUCE
2025-08-06,TATACONSUM,REDUCE
2025-08-07,ADANIPORTS,REDUCE
2025-08-07,ASIANPAINT,EXIT
2025-08-07,BAJFINANCE,REDUCE
2025-08-07,BAJAJFINSV,REDUCE
2025-08-07,BEL,REDUCE
2025-08-07,ETERNAL,REDUCE
2025-08-07,HDFCLIFE,REDUCE
2025-08-07,HINDUNILVR,EXIT
2025-08-07,ICICIBANK,REDUCE
2025-08-07,RELIANCE,REDUCE
2025-08-07,SBIN,REDUCE
2025-08-07,TATACONSUM,REDUCE
2025-08-08,ADANIPORTS,REDUCE
2025-08-08,ASIANPAINT,REDUCE
2025-08-08,BAJFINANCE,REDUCE
2025-08-08,BAJAJFINSV,REDUCE
2025-08-08,BEL,REDUCE
2025-08-08,ETERNAL,REDUCE
2025-08-08,HDFCLIFE,REDUCE
2025-08-08,HINDUNILVR,REDUCE
2025-08-08,ICICIBANK,REDUCE
2025-08-08,RELIANCE,REDUCE
2025-08-08,SBIN,REDUCE
2025-08-08,TATACONSUM,REDUCE
2025-08-11,ADANIPORTS,REDUCE
2025-08-11,ASIANPAINT,EXIT
2025-08-11,BAJFINANCE,REDUCE
2025-08-11,BAJAJFINSV,REDUCE
2025-08-11,BEL,REDUCE
2025-08-11,ETERNAL,REDUCE
2025-08-11,HDFCLIFE,REDUCE
2025-08-11,ICICIBANK,REDUCE
2025-08-11,RELIANCE,REDUCE
2025-08-11,TATACONSUM,REDUCE
2025-08-12,ADANIPORTS,REDUCE
2025-08-12,ASIANPAINT,REDUCE
2025-08-12,BAJFINANCE,REDUCE
2025-08-12,BAJAJFINSV,REDUCE
2025-08-12,BEL,REDUCE
2025-08-12,COALINDIA,REDUCE
2025-08-12,ETERNAL,REDUCE
2025-08-12,HDFCLIFE,REDUCE
2025-08-12,HINDUNILVR,EXIT
2025-08-12,ICICIBANK,REDUCE
2025-08-12,RELIANCE,REDUCE
2025-08-12,TATACONSUM,REDUCE
2025-08-13,ADANIPORTS,REDUCE
2025-08-13,ASIANPAINT,EXIT
2025-08-13,BAJFINANCE,REDUCE
2025-08-13,BAJAJFINSV,REDUCE
2025-08-13,BEL,REDUCE
2025-08-13,COALINDIA,EXIT
2025-08-13,ETERNAL,REDUCE
2025-08-13,HINDUNILVR,REDUCE
2025-08-13,ICICIBANK,REDUCE
2025-08-13,RELIANCE,REDUCE
2025-08-13,TATACONSUM,REDUCE
2025-08-14,ADANIPORTS,REDUCE
2025-08-14,ASIANPAINT,REDUCE
2025-08-14,BAJFINANCE,REDUCE
2025-08-14,BAJAJFINSV,REDUCE
2025-08-14,BEL,REDUCE
2025-08-14,ETERNAL,REDUCE
2025-08-14,HINDUNILVR,EXIT
2025-08-14,ICICIBANK,REDUCE
2025-08-14,RELIANCE,REDUCE
2025-08-14,TATACONSUM,REDUCE
2025-08-14,TITAN,REDUCE
2025-08-18,ADANIPORTS,REDUCE
2025-08-18,ASIANPAINT,EXIT
2025-08-18,BAJAJ-AUTO,REDUCE
2025-08-18,BAJFINANCE,REDUCE
2025-08-18,BAJAJFINSV,REDUCE
2025-08-18,BEL,REDUCE
2025-08-18,ETERNAL,REDUCE
2025-08-18,HINDUNILVR,REDUCE
2025-08-18,RELIANCE,REDUCE
2025-08-18,TATACONSUM,REDUCE
2025-08-19,ADANIPORTS,REDUCE
2025-08-19,ASIANPAINT,REDUCE
2025-08-19,BAJAJ-AUTO,EXIT
2025-08-19,BAJFINANCE,REDUCE
2025-08-19,BAJAJFINSV,REDUCE
2025-08-19,BEL,REDUCE
2025-08-19,ETERNAL,REDUCE
2025-08-19,RELIANCE,REDUCE
2025-08-19,TATACONSUM,REDUCE
2025-08-20,ADANIPORTS,REDUCE
2025-08-20,ASIANPAINT,EXIT
2025-08-20,BAJAJ-AUTO,REDUCE
2025-08-20,BAJFINANCE,REDUCE
2025-08-20,BAJAJFINSV,REDUCE
2025-08-20,BEL,REDUCE
2025-08-20,ETERNAL,REDUCE
2025-08-20,NTPC,REDUCE
2025-08-20,RELIANCE,REDUCE
2025-08-20,TATACONSUM,REDUCE
2025-08-21,ADANIPORTS,REDUCE
2025-08-21,ASIANPAINT,REDUCE
2025-08-21,BAJAJ-AUTO,EXIT
2025-08-21,BAJFINANCE,REDUCE
2025-08-21,BAJAJFINSV,REDUCE
2025-08-21,BEL,REDUCE
2025-08-21,ETERNAL,REDUCE
2025-08-21,NTPC,EXIT
2025-08-21,RELIANCE,REDUCE
2025-08-21,TATACONSUM,REDUCE
2025-08-22,ADANIPORTS,REDUCE
2025-08-22,ASIANPAINT,EXIT
2025-08-22,BAJAJ-AUTO,REDUCE
2025-08-22,BAJFINANCE,REDUCE
2025-08-22,BAJAJFINSV,REDUCE
2025-08-22,BEL,REDUCE
2025-08-22,ETERNAL,REDUCE
2025-08-22,RELIANCE,REDUCE
2025-08-25,ADANIPORTS,REDUCE
2025-08-25,ASIANPAINT,REDUCE
2025-08-25,BAJAJ-AUTO,EXIT
2025-08-25,BAJFINANCE,REDUCE
2025-08-25,BAJAJFINSV,REDUCE
2025-08-25,BEL,REDUCE
2025-08-25,ETERNAL,REDUCE
2025-08-25,MAXHEALTH,REDUCE
2025-08-25,RELIANCE,REDUCE
2025-08-25,TATACONSUM,REDUCE
2025-08-26,ADANIPORTS,REDUCE
2025-08-26,ASIANPAINT,EXIT
2025-08-26,BAJAJ-AUTO,REDUCE
2025-08-26,BAJFINANCE,REDUCE
2025-08-26,BAJAJFINSV,REDUCE
2025-08-26,BEL,EXIT
2025-08-26,ETERNAL,REDUCE
2025-08-26,LT,REDUCE
2025-08-26,MAXHEALTH,REDUCE
2025-08-26,RELIANCE,REDUCE
2025-08-26,TATACONSUM,REDUCE
2025-08-28,ADANIPORTS,REDUCE
2025-08-28,ASIANPAINT,REDUCE
2025-08-28,BAJAJ-AUTO,EXIT
2025-08-28,BAJFINANCE,REDUCE
2025-08-28,BAJAJFINSV,REDUCE
2025-08-28,ETERNAL,REDUCE
2025-08-28,LT,REDUCE
2025-08-28,MAXHEALTH,REDUCE
2025-08-28,RELIANCE,REDUCE
2025-08-28,TATACONSUM,REDUCE
2025-08-29,ADANIPORTS,REDUCE
2025-08-29,ASIANPAINT,EXIT
2025-08-29,BAJAJ-AUTO,REDUCE
2025-08-29,BAJFINANCE,REDUCE
2025-08-29,BAJAJFINSV,REDUCE
2025-08-29,MAXHEALTH,REDUCE
2025-08-29,RELIANCE,REDUCE
2025-08-29,TATACONSUM,REDUCE
2025-09-01,ADANIPORTS,REDUCE
2025-09-01,ASIANPAINT,REDUCE
2025-09-01,BAJAJ-AUTO,EXIT
2025-09-01,BAJFINANCE,REDUCE
2025-09-01,BAJAJFINSV,REDUCE
2025-09-01,COALINDIA,REDUCE
2025-09-01,HDFCBANK,REDUCE
2025-09-01,MAXHEALTH,REDUCE
2025-09-01,NESTLEIND,REDUCE
2025-09-01,RELIANCE,REDUCE
2025-09-01,TATACONSUM,REDUCE
2025-09-02,ADANIPORTS,REDUCE
2025-09-02,ASIANPAINT,EXIT
2025-09-02,BAJAJ-AUTO,REDUCE
2025-09-02,BAJFINANCE,REDUCE
2025-09-02,BAJAJFINSV,REDUCE
2025-09-02,BHARTIARTL,REDUCE
2025-09-02,COALINDIA,EXIT
2025-09-02,HDFCBANK,REDUCE
2025-09-02,ICICIBANK,REDUCE
2025-09-02,LT,REDUCE
2025-09-02,MAXHEALTH,REDUCE
2025-09-02,RELIANCE,REDUCE
2025-09-03,ADANIPORTS,REDUCE
2025-09-03,ASIANPAINT,REDUCE
2025-09-03,BAJAJ-AUTO,EXIT
2025-09-03,BAJFINANCE,REDUCE
2025-09-03,BAJAJFINSV,REDUCE
2025-09-03,BHARTIARTL,REDUCE
2025-09-03,COALINDIA,REDUCE
2025-09-03,HDFCBANK,REDUCE
2025-09-03,ICICIBANK,REDUCE
2025-09-03,MAXHEALTH,REDUCE
2025-09-03,RELIANCE,REDUCE
2025-09-04,ADANIPORTS,REDUCE
2025-09-04,ASIANPAINT,EXIT
2025-09-04,BAJAJ-AUTO,REDUCE
2025-09-04,BHARTIARTL,REDUCE
2025-09-04,COALINDIA,EXIT
2025-09-04,HDFCBANK,REDUCE
2025-09-04,HDFCLIFE,REDUCE
2025-09-04,ICICIBANK,REDUCE
2025-09-04,MAXHEALTH,REDUCE
2025-09-04,RELIANCE,REDUCE
2025-09-04,SBILIFE,REDUCE
2025-09-04,TATACONSUM,REDUCE
2025-09-05,ADANIPORTS,REDUCE
2025-09-05,ASIANPAINT,REDUCE
2025-09-05,BAJAJ-AUTO,EXIT
2025-09-05,BHARTIARTL,REDUCE
2025-09-05,COALINDIA,REDUCE
2025-09-05,HDFCBANK,REDUCE
2025-09-05,HDFCLIFE,REDUCE
2025-09-05,ICICIBANK,REDUCE
2025-09-05,MAXHEALTH,REDUCE
2025-09-05,RELIANCE,REDUCE
2025-09-05,SBILIFE,REDUCE
2025-09-05,TATACONSUM,REDUCE
2025-09-08,ADANIPORTS,REDUCE
2025-09-08,ASIANPAINT,EXIT
2025-09-08,BAJAJ-AUTO,REDUCE
2025-09-08,BHARTIARTL,REDUCE
2025-09-08,COALINDIA,EXIT
2025-09-08,HDFCBANK,REDUCE
2025-09-08,HDFCLIFE,REDUCE
2025-09-08,ICICIBANK,REDUCE
2025-09-08,LT,REDUCE
2025-09-08,MAXHEALTH,REDUCE
2025-09-08,RELIANCE,REDUCE
2025-09-08,SBILIFE,REDUCE
2025-09-08,TATACONSUM,REDUCE
2025-09-09,ADANIPORTS,REDUCE
2025-09-09,ASIANPAINT,REDUCE
2025-09-09,BAJAJ-AUTO,EXIT
2025-09-09,BHARTIARTL,REDUCE
2025-09-09,COALINDIA,REDUCE
2025-09-09,DRREDDY,REDUCE
2025-09-09,HDFCBANK,REDUCE
2025-09-09,HDFCLIFE,REDUCE
2025-09-09,ICICIBANK,REDUCE
2025-09-09,INDIGO,REDUCE
2025-09-09,LT,REDUCE
2025-09-09,MAXHEALTH,REDUCE
2025-09-09,RELIANCE,REDUCE
2025-09-09,SBILIFE,REDUCE
2025-09-09,TATACONSUM,REDUCE
2025-09-10,ADANIPORTS,REDUCE
2025-09-10,ASIANPAINT,EXIT
2025-09-10,BAJAJ-AUTO,REDUCE
2025-09-10,BHARTIARTL,REDUCE
2025-09-10,COALINDIA,EXIT
2025-09-10,HDFCBANK,REDUCE
2025-09-10,HDFCLIFE,REDUCE
2025-09-10,ICICIBANK,REDUCE
2025-09-10,INDIGO,REDUCE
2025-09-10,LT,REDUCE
2025-09-10,MAXHEALTH,REDUCE
2025-09-10,RELIANCE,REDUCE
2025-09-11,ADANIPORTS,REDUCE
2025-09-11,ASIANPAINT,REDUCE
2025-09-11,BAJAJ-AUTO,EXIT
2025-09-11,BHARTIARTL,REDUCE
2025-09-11,COALINDIA,REDUCE
2025-09-11,HDFCBANK,REDUCE
2025-09-11,HDFCLIFE,REDUCE
2025-09-11,ICICIBANK,REDUCE
2025-09-11,INDIGO,REDUCE
2025-09-11,LT,REDUCE
2025-09-11,MAXHEALTH,REDUCE
2025-09-11,RELIANCE,REDUCE
2025-09-11,SBILIFE,REDUCE
2025-09-12,ADANIPORTS,REDUCE
2025-09-12,ASIANPAINT,EXIT
2025-09-12,BAJAJ-AUTO,REDUCE
2025-09-12,BHARTIARTL,REDUCE
2025-09-12,COALINDIA,EXIT
2025-09-12,HDFCBANK,REDUCE
2025-09-12,ICICIBANK,REDUCE
2025-09-12,INDIGO,REDUCE
2025-09-12,MAXHEALTH,REDUCE
2025-09-12,RELIANCE,REDUCE
2025-09-15,ADANIPORTS,REDUCE
2025-09-15,ASIANPAINT,REDUCE
2025-09-15,BAJAJ-AUTO,EXIT
2025-09-15,BHARTIARTL,REDUCE
2025-09-15,COALINDIA,REDUCE
2025-09-15,HDFCBANK,REDUCE
2025-09-15,ICICIBANK,REDUCE
2025-09-15,INDIGO,REDUCE
2025-09-15,MAXHEALTH,REDUCE
2025-09-15,RELIANCE,REDUCE
2025-09-16,ADANIPORTS,REDUCE
2025-09-16,ASIANPAINT,EXIT
2025-09-16,BAJAJ-AUTO,REDUCE
2025-09-16,BHARTIARTL,REDUCE
2025-09-16,COALINDIA,EXIT
2025-09-16,HDFCBANK,REDUCE
2025-09-16,ICICIBANK,REDUCE
2025-09-16,INDIGO,REDUCE
2025-09-16,MAXHEALTH,REDUCE
2025-09-16,NTPC,REDUCE
2025-09-16,RELIANCE,REDUCE
2025-09-17,ADANIPORTS,REDUCE
2025-09-17,ASIANPAINT,REDUCE
2025-09-17,BAJAJ-AUTO,EXIT
2025-09-17,BHARTIARTL,REDUCE
2025-09-17,COALINDIA,REDUCE
2025-09-17,HDFCBANK,REDUCE
2025-09-17,ICICIBANK,REDUCE
2025-09-17,INDIGO,REDUCE
2025-09-17,MAXHEALTH,REDUCE
2025-09-17,NTPC,EXIT
2025-09-17,RELIANCE,REDUCE
2025-09-18,ADANIPORTS,REDUCE
2025-09-18,ASIANPAINT,EXIT
2025-09-18,BAJAJ-AUTO,REDUCE
2025-09-18,BHARTIARTL,REDUCE
2025-09-18,COALINDIA,EXIT
2025-09-18,HDFCBANK,REDUCE
2025-09-18,ICICIBANK,REDUCE
2025-09-18,INDIGO,REDUCE
2025-09-18,MAXHEALTH,REDUCE
2025-09-18,NTPC,EXIT
2025-09-18,RELIANCE,REDUCE
2025-09-19,ADANIPORTS,REDUCE
2025-09-19,BAJAJ-AUTO,EXIT
2025-09-19,BHARTIARTL,REDUCE
2025-09-19,COALINDIA,REDUCE
2025-09-19,HDFCBANK,REDUCE
2025-09-19,ICICIBANK,REDUCE
2025-09-19,INDIGO,REDUCE
2025-09-19,MAXHEALTH,REDUCE
2025-09-19,RELIANCE,REDUCE
2025-09-22,ADANIENT,REDUCE
2025-09-22,ASIANPAINT,REDUCE
2025-09-22,BAJAJ-AUTO,REDUCE
2025-09-22,COALINDIA,EXIT
2025-09-22,HDFCBANK,REDUCE
2025-09-22,ICICIBANK,REDUCE
2025-09-22,INDIGO,REDUCE
2025-09-22,MAXHEALTH,REDUCE
2025-09-22,NTPC,REDUCE
2025-09-22,RELIANCE,REDUCE
2025-09-23,ADANIENT,EXIT
2025-09-23,ASIANPAINT,EXIT
2025-09-23,BAJAJ-AUTO,EXIT
2025-09-23,COALINDIA,REDUCE
2025-09-23,HDFCBANK,REDUCE
2025-09-23,HINDUNILVR,REDUCE
2025-09-23,ICICIBANK,REDUCE
2025-09-23,INDIGO,REDUCE
2025-09-23,MAXHEALTH,REDUCE
2025-09-23,NTPC,EXIT
2025-09-23,NESTLEIND,REDUCE
2025-09-23,RELIANCE,REDUCE
2025-09-23,SBILIFE,REDUCE
2025-09-23,ULTRACEMCO,REDUCE
2025-09-24,ADANIENT,REDUCE
2025-09-24,BAJAJ-AUTO,REDUCE
2025-09-24,COALINDIA,EXIT
2025-09-24,HDFCBANK,REDUCE
2025-09-24,HINDUNILVR,REDUCE
2025-09-24,ICICIBANK,REDUCE
2025-09-24,INDIGO,REDUCE
2025-09-24,MAXHEALTH,EXIT
2025-09-24,NTPC,REDUCE
2025-09-24,NESTLEIND,REDUCE
2025-09-24,RELIANCE,REDUCE
2025-09-24,SBILIFE,REDUCE
2025-09-24,ULTRACEMCO,REDUCE
2025-09-25,ADANIENT,EXIT
2025-09-25,AXISBANK,REDUCE
2025-09-25,BAJAJ-AUTO,EXIT
2025-09-25,BEL,REDUCE
2025-09-25,COALINDIA,REDUCE
2025-09-25,HDFCBANK,REDUCE
2025-09-25,HINDUNILVR,REDUCE
2025-09-25,ICICIBANK,REDUCE
2025-09-25,INDIGO,REDUCE
2025-09-25,NTPC,EXIT
2025-09-25,NESTLEIND,REDUCE
2025-09-25,RELIANCE,REDUCE
2025-09-25,SBILIFE,REDUCE
2025-09-25,TITAN,EXIT
2025-09-25,ULTRACEMCO,REDUCE
2025-09-26,ADANIENT,REDUCE
2025-09-26,AXISBANK,REDUCE
2025-09-26,BAJAJ-AUTO,REDUCE
2025-09-26,COALINDIA,EXIT
2025-09-26,HDFCBANK,REDUCE
2025-09-26,HINDUNILVR,EXIT
2025-09-26,ICICIBANK,REDUCE
2025-09-26,INDIGO,REDUCE
2025-09-26,NTPC,REDUCE
2025-09-26,NESTLEIND,REDUCE
2025-09-26,RELIANCE,REDUCE
2025-09-26,SBILIFE,REDUCE
2025-09-26,ULTRACEMCO,REDUCE
2025-09-29,ADANIENT,EXIT
2025-09-29,AXISBANK,REDUCE
2025-09-29,BAJAJ-AUTO,EXIT
2025-09-29,COALINDIA,REDUCE
2025-09-29,DRREDDY,EXIT
2025-09-29,HDFCBANK,REDUCE
2025-09-29,ICICIBANK,EXIT
2025-09-29,INDIGO,REDUCE
2025-09-29,NTPC,EXIT
2025-09-29,NESTLEIND,EXIT
2025-09-29,RELIANCE,REDUCE
2025-09-29,SBILIFE,REDUCE
2025-09-29,ULTRACEMCO,REDUCE
2025-09-30,AXISBANK,REDUCE
2025-09-30,BAJAJ-AUTO,REDUCE
2025-09-30,COALINDIA,EXIT
2025-09-30,HDFCBANK,REDUCE
2025-09-30,INDIGO,REDUCE
2025-09-30,NTPC,REDUCE
2025-09-30,RELIANCE,REDUCE
2025-09-30,SBILIFE,REDUCE
2025-09-30,ULTRACEMCO,REDUCE
2025-10-01,ADANIENT,REDUCE
2025-10-01,AXISBANK,REDUCE
2025-10-01,BAJAJ-AUTO,EXIT
2025-10-01,BHARTIARTL,REDUCE
2025-10-01,COALINDIA,REDUCE
2025-10-01,HDFCBANK,REDUCE
2025-10-01,INDIGO,REDUCE
2025-10-01,NTPC,EXIT
2025-10-01,ONGC,REDUCE
2025-10-01,RELIANCE,REDUCE
2025-10-01,SBILIFE,REDUCE
2025-10-01,SHRIRAMFIN,REDUCE
2025-10-01,ULTRACEMCO,REDUCE
2025-10-03,ADANIENT,EXIT
2025-10-03,AXISBANK,REDUCE
2025-10-03,BAJAJ-AUTO,REDUCE
2025-10-03,BHARTIARTL,REDUCE
2025-10-03,COALINDIA,EXIT
2025-10-03,HDFCBANK,REDUCE
2025-10-03,INDIGO,REDUCE
2025-10-03,NTPC,REDUCE
2025-10-03,ONGC,REDUCE
2025-10-03,RELIANCE,REDUCE
2025-10-03,SBILIFE,REDUCE
2025-10-03,SHRIRAMFIN,REDUCE
2025-10-03,ULTRACEMCO,REDUCE
2025-10-06,ADANIENT,EXIT
2025-10-06,AXISBANK,REDUCE
2025-10-06,BAJAJ-AUTO,EXIT
2025-10-06,BHARTIARTL,REDUCE
2025-10-06,COALINDIA,EXIT
2025-10-06,HDFCBANK,REDUCE
2025-10-06,INDIGO,REDUCE
2025-10-06,NTPC,EXIT
2025-10-06,ONGC,REDUCE
2025-10-06,RELIANCE,REDUCE
2025-10-06,SBILIFE,REDUCE
2025-10-06,SHRIRAMFIN,REDUCE
2025-10-06,ULTRACEMCO,REDUCE
2025-10-07,AXISBANK,REDUCE
2025-10-07,BAJAJ-AUTO,REDUCE
2025-10-07,COALINDIA,REDUCE
2025-10-07,HDFCBANK,REDUCE
2025-10-07,INDIGO,REDUCE
2025-10-07,NTPC,REDUCE
2025-10-07,NESTLEIND,REDUCE
2025-10-07,ONGC,REDUCE
2025-10-07,RELIANCE,REDUCE
2025-10-07,SBILIFE,REDUCE
2025-10-07,SHRIRAMFIN,REDUCE
2025-10-07,ULTRACEMCO,REDUCE
2025-10-08,AXISBANK,REDUCE
2025-10-08,BAJAJ-AUTO,EXIT
2025-10-08,CIPLA,REDUCE
2025-10-08,COALINDIA,EXIT
2025-10-08,HDFCBANK,REDUCE
2025-10-08,HDFCLIFE,REDUCE
2025-10-08,INDIGO,REDUCE
2025-10-08,NTPC,EXIT
2025-10-08,ONGC,REDUCE
2025-10-08,RELIANCE,REDUCE
2025-10-08,SBILIFE,REDUCE
2025-10-08,SHRIRAMFIN,REDUCE
2025-10-08,TITAN,REDUCE
2025-10-08,ULTRACEMCO,REDUCE
2025-10-09,AXISBANK,REDUCE
2025-10-09,BAJAJ-AUTO,REDUCE
2025-10-09,CIPLA,REDUCE
2025-10-09,COALINDIA,REDUCE
2025-10-09,HDFCBANK,REDUCE
2025-10-09,HDFCLIFE,REDUCE
2025-10-09,INDIGO,REDUCE
2025-10-09,KOTAKBANK,REDUCE
2025-10-09,NTPC,REDUCE
2025-10-09,ONGC,REDUCE
2025-10-09,RELIANCE,REDUCE
2025-10-09,SBILIFE,REDUCE
2025-10-09,SHRIRAMFIN,REDUCE
2025-10-09,ULTRACEMCO,REDUCE
2025-10-10,AXISBANK,REDUCE
2025-10-10,BAJAJ-AUTO,EXIT
2025-10-10,CIPLA,REDUCE
2025-10-10,COALINDIA,EXIT
2025-10-10,HDFCBANK,REDUCE
2025-10-10,HDFCLIFE,REDUCE
2025-10-10,INDIGO,REDUCE
2025-10-10,KOTAKBANK,REDUCE
2025-10-10,NTPC,EXIT
2025-10-10,ONGC,REDUCE
2025-10-10,RELIANCE,REDUCE
2025-10-10,SBILIFE,REDUCE
2025-10-10,SHRIRAMFIN,REDUCE
2025-10-10,ULTRACEMCO,REDUCE
2025-10-13,AXISBANK,REDUCE
2025-10-13,BAJAJ-AUTO,REDUCE
2025-10-13,CIPLA,REDUCE
2025-10-13,COALINDIA,EXIT
2025-10-13,HDFCBANK,REDUCE
2025-10-13,HDFCLIFE,REDUCE
2025-10-13,INDIGO,REDUCE
2025-10-13,KOTAKBANK,REDUCE
2025-10-13,NTPC,REDUCE
2025-10-13,ONGC,REDUCE
2025-10-13,RELIANCE,REDUCE
2025-10-13,SBILIFE,REDUCE
2025-10-13,SHRIRAMFIN,REDUCE
2025-10-13,ULTRACEMCO,REDUCE
2025-10-14,ADANIENT,REDUCE
2025-10-14,AXISBANK,REDUCE
2025-10-14,BAJAJ-AUTO,EXIT
2025-10-14,CIPLA,REDUCE
2025-10-14,HDFCBANK,REDUCE
2025-10-14,HDFCLIFE,REDUCE
2025-10-14,INDIGO,REDUCE
2025-10-14,KOTAKBANK,REDUCE
2025-10-14,NTPC,EXIT
2025-10-14,ONGC,REDUCE
2025-10-14,RELIANCE,REDUCE
2025-10-14,SBILIFE,REDUCE
2025-10-14,SHRIRAMFIN,REDUCE
2025-10-14,ULTRACEMCO,REDUCE
2025-10-15,ADANIENT,EXIT
2025-10-15,BAJAJ-AUTO,REDUCE
2025-10-15,COALINDIA,REDUCE
2025-10-15,HDFCBANK,REDUCE
2025-10-15,HDFCLIFE,REDUCE
2025-10-15,INDIGO,REDUCE
2025-10-15,KOTAKBANK,REDUCE
2025-10-15,NTPC,REDUCE
2025-10-15,ONGC,REDUCE
2025-10-15,RELIANCE,REDUCE
2025-10-15,SBILIFE,REDUCE
2025-10-15,SHRIRAMFIN,REDUCE
2025-10-15,ULTRACEMCO,REDUCE
2025-10-16,ADANIENT,REDUCE
2025-10-16,BAJAJ-AUTO,EXIT
2025-10-16,COALINDIA,EXIT
2025-10-16,HDFCBANK,REDUCE
2025-10-16,HDFCLIFE,REDUCE
2025-10-16,INDIGO,REDUCE
2025-10-16,KOTAKBANK,REDUCE
2025-10-16,NTPC,EXIT
2025-10-16,ONGC,REDUCE
2025-10-16,RELIANCE,REDUCE
2025-10-16,SBILIFE,REDUCE
2025-10-16,ULTRACEMCO,REDUCE
2025-10-17,ADANIENT,EXIT
2025-10-17,BAJAJ-AUTO,REDUCE
2025-10-17,COALINDIA,REDUCE
2025-10-17,HDFCBANK,REDUCE
2025-10-17,HDFCLIFE,REDUCE
2025-10-17,INDIGO,REDUCE
2025-10-17,KOTAKBANK,REDUCE
2025-10-17,NTPC,EXIT
2025-10-17,ONGC,REDUCE
2025-10-17,RELIANCE,REDUCE
2025-10-17,SBILIFE,REDUCE
2025-10-17,ULTRACEMCO,REDUCE
2025-10-20,ADANIENT,REDUCE
2025-10-20,BAJAJ-AUTO,EXIT
2025-10-20,COALINDIA,EXIT
2025-10-20,DRREDDY,REDUCE
2025-10-20,HDFCBANK,REDUCE
2025-10-20,HDFCLIFE,REDUCE
2025-10-20,INDIGO,REDUCE
2025-10-20,KOTAKBANK,REDUCE
2025-10-20,ONGC,REDUCE
2025-10-20,SBILIFE,REDUCE
2025-10-20,SUNPHARMA,REDUCE
2025-10-20,ULTRACEMCO,REDUCE
2025-10-21,ADANIENT,EXIT
2025-10-21,BAJAJ-AUTO,REDUCE
2025-10-21,COALINDIA,EXIT
2025-10-21,HDFCBANK,REDUCE
2025-10-21,HDFCLIFE,REDUCE
2025-10-21,INDIGO,REDUCE
2025-10-21,KOTAKBANK,REDUCE
2025-10-21,NTPC,REDUCE
2025-10-21,ONGC,REDUCE
2025-10-21,SBILIFE,REDUCE
2025-10-21,SUNPHARMA,REDUCE
2025-10-21,ULTRACEMCO,REDUCE
2025-10-23,ADANIENT,REDUCE
2025-10-23,BAJAJ-AUTO,EXIT
2025-10-23,HDFCBANK,REDUCE
2025-10-23,HDFCLIFE,REDUCE
2025-10-23,INDIGO,REDUCE
2025-10-23,KOTAKBANK,REDUCE
2025-10-23,NTPC,EXIT
2025-10-23,ONGC,REDUCE
2025-10-23,SBILIFE,REDUCE
2025-10-23,SUNPHARMA,REDUCE
2025-10-23,ULTRACEMCO,REDUCE
2025-10-24,ADANIENT,EXIT
2025-10-24,BAJAJ-AUTO,REDUCE
2025-10-24,HDFCBANK,REDUCE
2025-10-24,HDFCLIFE,REDUCE
2025-10-24,INDIGO,REDUCE
2025-10-24,ONGC,REDUCE
2025-10-24,SBILIFE,REDUCE
2025-10-24,SUNPHARMA,REDUCE
2025-10-24,ULTRACEMCO,REDUCE
2025-10-27,ADANIENT,REDUCE
2025-10-27,HDFCBANK,REDUCE
2025-10-27,HDFCLIFE,REDUCE
2025-10-27,INDIGO,REDUCE
2025-10-27,ONGC,REDUCE
2025-10-27,SBILIFE,REDUCE
2025-10-27,SUNPHARMA,REDUCE
2025-10-27,ULTRACEMCO,REDUCE
2025-10-28,ADANIENT,EXIT
2025-10-28,HDFCBANK,REDUCE
2025-10-28,HDFCLIFE,REDUCE
2025-10-28,INDIGO,REDUCE
2025-10-28,ONGC,REDUCE
2025-10-28,SUNPHARMA,REDUCE
2025-10-28,ULTRACEMCO,REDUCE
2025-10-29,ADANIENT,REDUCE
2025-10-29,DRREDDY,REDUCE
2025-10-29,ETERNAL,REDUCE
2025-10-29,HDFCBANK,REDUCE
2025-10-29,HDFCLIFE,REDUCE
2025-10-29,INDIGO,REDUCE
2025-10-29,ONGC,REDUCE
2025-10-29,SUNPHARMA,REDUCE
2025-10-29,ULTRACEMCO,REDUCE
2025-10-30,ADANIENT,EXIT
2025-10-30,BAJAJ-AUTO,REDUCE
2025-10-30,CIPLA,REDUCE
2025-10-30,DRREDDY,EXIT
2025-10-30,ETERNAL,REDUCE
2025-10-30,HDFCBANK,REDUCE
2025-10-30,HDFCLIFE,REDUCE
2025-10-30,INDIGO,REDUCE
2025-10-30,ONGC,REDUCE
2025-10-30,SUNPHARMA,REDUCE
2025-10-30,ULTRACEMCO,REDUCE
2025-10-31,ADANIENT,REDUCE
2025-10-31,APOLLOHOSP,REDUCE
2025-10-31,BAJAJ-AUTO,REDUCE
2025-10-31,CIPLA,REDUCE
2025-10-31,ETERNAL,REDUCE
2025-10-31,HDFCBANK,REDUCE
2025-10-31,HDFCLIFE,REDUCE
2025-10-31,INDIGO,REDUCE
2025-10-31,SUNPHARMA,REDUCE
2025-10-31,ULTRACEMCO,REDUCE
2025-11-03,ADANIENT,EXIT
2025-11-03,APOLLOHOSP,REDUCE
2025-11-03,BAJAJ-AUTO,REDUCE
2025-11-03,CIPLA,REDUCE
2025-11-03,ETERNAL,REDUCE
2025-11-03,HDFCBANK,REDUCE
2025-11-03,HDFCLIFE,REDUCE
2025-11-03,INDIGO,REDUCE
2025-11-03,SUNPHARMA,REDUCE
2025-11-03,ULTRACEMCO,REDUCE
2025-11-04,ADANIENT,EXIT
2025-11-04,APOLLOHOSP,REDUCE
2025-11-04,BAJAJ-AUTO,REDUCE
2025-11-04,CIPLA,REDUCE
2025-11-04,COALINDIA,REDUCE
2025-11-04,ETERNAL,REDUCE
2025-11-04,HDFCBANK,REDUCE
2025-11-04,HDFCLIFE,REDUCE
2025-11-04,INDIGO,REDUCE
2025-11-04,SUNPHARMA,REDUCE
2025-11-04,ULTRACEMCO,REDUCE
2025-11-06,APOLLOHOSP,REDUCE
2025-11-06,ASIANPAINT,REDUCE
2025-11-06,BAJAJ-AUTO,REDUCE
2025-11-06,CIPLA,REDUCE
2025-11-06,COALINDIA,REDUCE
2025-11-06,ETERNAL,REDUCE
2025-11-06,GRASIM,REDUCE
2025-11-06,HDFCBANK,REDUCE
2025-11-06,HDFCLIFE,REDUCE
2025-11-06,INDIGO,REDUCE
2025-11-06,SUNPHARMA,REDUCE
2025-11-06,ULTRACEMCO,REDUCE
2025-11-07,APOLLOHOSP,REDUCE
2025-11-07,BAJAJ-AUTO,REDUCE
2025-11-07,CIPLA,REDUCE
2025-11-07,COALINDIA,REDUCE
2025-11-07,ETERNAL,REDUCE
2025-11-07,GRASIM,REDUCE
2025-11-07,HDFCBANK,REDUCE
2025-11-07,HDFCLIFE,REDUCE
2025-11-07,INDIGO,REDUCE
2025-11-07,SUNPHARMA,REDUCE
2025-11-07,ULTRACEMCO,REDUCE
2025-11-10,APOLLOHOSP,REDUCE
2025-11-10,BAJAJ-AUTO,REDUCE
2025-11-10,CIPLA,REDUCE
2025-11-10,ETERNAL,REDUCE
2025-11-10,GRASIM,REDUCE
2025-11-10,HDFCBANK,REDUCE
2025-11-10,HDFCLIFE,REDUCE
2025-11-10,INDIGO,REDUCE
2025-11-10,SUNPHARMA,REDUCE
2025-11-10,ULTRACEMCO,EXIT
2025-11-11,APOLLOHOSP,REDUCE
2025-11-11,BAJAJ-AUTO,REDUCE
2025-11-11,BAJAJFINSV,REDUCE
2025-11-11,CIPLA,REDUCE
2025-11-11,ETERNAL,REDUCE
2025-11-11,GRASIM,REDUCE
2025-11-11,HCLTECH,REDUCE
2025-11-11,HDFCBANK,REDUCE
2025-11-11,HDFCLIFE,REDUCE
2025-11-11,INDIGO,REDUCE
2025-11-11,SUNPHARMA,REDUCE
2025-11-12,APOLLOHOSP,REDUCE
2025-11-12,BAJAJ-AUTO,REDUCE
2025-11-12,BAJAJFINSV,REDUCE
2025-11-12,CIPLA,REDUCE
2025-11-12,ETERNAL,REDUCE
2025-11-12,GRASIM,REDUCE
2025-11-12,HCLTECH,EXIT
2025-11-12,HDFCBANK,REDUCE
2025-11-12,HDFCLIFE,REDUCE
2025-11-12,INFY,REDUCE
2025-11-12,INDIGO,REDUCE
2025-11-12,SUNPHARMA,REDUCE
2025-11-13,APOLLOHOSP,REDUCE
2025-11-13,BAJAJ-AUTO,REDUCE
2025-11-13,BAJAJFINSV,REDUCE
2025-11-13,CIPLA,REDUCE
2025-11-13,ETERNAL,REDUCE
2025-11-13,GRASIM,REDUCE
2025-11-13,HCLTECH,REDUCE
2025-11-13,HDFCBANK,REDUCE
2025-11-13,HDFCLIFE,REDUCE
2025-11-13,INFY,EXIT
2025-11-13,INDIGO,REDUCE
2025-11-13,SUNPHARMA,REDUCE
2025-11-14,APOLLOHOSP,REDUCE
2025-11-14,BAJAJ-AUTO,REDUCE
2025-11-14,CIPLA,REDUCE
2025-11-14,ETERNAL,REDUCE
2025-11-14,GRASIM,REDUCE
2025-11-14,HCLTECH,EXIT
2025-11-14,HDFCBANK,REDUCE
2025-11-14,HDFCLIFE,REDUCE
2025-11-14,INDIGO,REDUCE
2025-11-14,SUNPHARMA,REDUCE
2025-11-17,APOLLOHOSP,REDUCE
2025-11-17,BAJAJ-AUTO,REDUCE
2025-11-17,CIPLA,REDUCE
2025-11-17,ETERNAL,REDUCE
2025-11-17,GRASIM,REDUCE
2025-11-17,HCLTECH,REDUCE
2025-11-17,HDFCBANK,REDUCE
2025-11-17,HDFCLIFE,REDUCE
2025-11-17,INDIGO,REDUCE
2025-11-17,SUNPHARMA,REDUCE
2025-11-17,TATASTEEL,REDUCE
2025-11-18,APOLLOHOSP,REDUCE
2025-11-18,BAJAJ-AUTO,REDUCE
2025-11-18,BAJAJFINSV,REDUCE
2025-11-18,CIPLA,REDUCE
2025-11-18,ETERNAL,REDUCE
2025-11-18,GRASIM,REDUCE
2025-11-18,HCLTECH,EXIT
2025-11-18,HDFCBANK,REDUCE
2025-11-18,HDFCLIFE,REDUCE
2025-11-18,INDIGO,REDUCE
2025-11-18,SUNPHARMA,REDUCE
2025-11-18,TATASTEEL,REDUCE
2025-11-19,APOLLOHOSP,REDUCE
2025-11-19,BAJAJ-AUTO,REDUCE
2025-11-19,BAJAJFINSV,REDUCE
2025-11-19,CIPLA,REDUCE
2025-11-19,COALINDIA,REDUCE
2025-11-19,ETERNAL,REDUCE
2025-11-19,GRASIM,REDUCE
2025-11-19,HCLTECH,REDUCE
2025-11-19,HDFCBANK,REDUCE
2025-11-19,HDFCLIFE,REDUCE
2025-11-19,INFY,REDUCE
2025-11-19,INDIGO,REDUCE
2025-11-19,SUNPHARMA,REDUCE
2025-11-19,TATASTEEL,REDUCE
2025-11-20,APOLLOHOSP,REDUCE
2025-11-20,BAJAJ-AUTO,REDUCE
2025-11-20,BAJAJFINSV,REDUCE
2025-11-20,CIPLA,REDUCE
2025-11-20,COALINDIA,REDUCE
2025-11-20,ETERNAL,REDUCE
2025-11-20,GRASIM,REDUCE
2025-11-20,HCLTECH,REDUCE
2025-11-20,HDFCBANK,REDUCE
2025-11-20,HDFCLIFE,REDUCE
2025-11-20,INFY,EXIT
2025-11-20,INDIGO,REDUCE
2025-11-20,MARUTI,REDUCE
2025-11-20,SUNPHARMA,REDUCE
2025-11-20,TATASTEEL,REDUCE
2025-11-21,APOLLOHOSP,REDUCE
2025-11-21,BAJAJ-AUTO,REDUCE
2025-11-21,BAJAJFINSV,REDUCE
2025-11-21,CIPLA,REDUCE
2025-11-21,COALINDIA,REDUCE
2025-11-21,ETERNAL,REDUCE
2025-11-21,GRASIM,REDUCE
2025-11-21,HCLTECH,EXIT
2025-11-21,HDFCBANK,REDUCE
2025-11-21,HDFCLIFE,REDUCE
2025-11-21,INFY,REDUCE
2025-11-21,INDIGO,REDUCE
2025-11-21,JSWSTEEL,REDUCE
2025-11-21,SUNPHARMA,REDUCE
2025-11-21,TATASTEEL,REDUCE
2025-11-24,APOLLOHOSP,REDUCE
2025-11-24,BAJAJ-AUTO,REDUCE
2025-11-24,BAJAJFINSV,REDUCE
2025-11-24,CIPLA,REDUCE
2025-11-24,COALINDIA,REDUCE
2025-11-24,ETERNAL,EXIT
2025-11-24,GRASIM,EXIT
2025-11-24,HCLTECH,REDUCE
2025-11-24,HDFCLIFE,REDUCE
2025-11-24,INFY,EXIT
2025-11-24,JSWSTEEL,REDUCE
2025-11-24,SUNPHARMA,REDUCE
2025-11-24,TATASTEEL,REDUCE
2025-11-25,APOLLOHOSP,REDUCE
2025-11-25,BAJAJ-AUTO,REDUCE
2025-11-25,BAJFINANCE,REDUCE
2025-11-25,BAJAJFINSV,REDUCE
2025-11-25,CIPLA,REDUCE
2025-11-25,COALINDIA,REDUCE
2025-11-25,HCLTECH,EXIT
2025-11-25,HDFCLIFE,REDUCE
2025-11-25,JSWSTEEL,REDUCE
2025-11-25,KOTAKBANK,EXIT
2025-11-25,SUNPHARMA,REDUCE
2025-11-25,TATASTEEL,REDUCE
2025-11-26,APOLLOHOSP,REDUCE
2025-11-26,BAJAJ-AUTO,REDUCE
2025-11-26,BAJFINANCE,REDUCE
2025-11-26,BAJAJFINSV,REDUCE
2025-11-26,CIPLA,REDUCE
2025-11-26,COALINDIA,REDUCE
2025-11-26,HCLTECH,REDUCE
2025-11-26,HDFCLIFE,REDUCE
2025-11-26,INFY,REDUCE
2025-11-26,JSWSTEEL,REDUCE
2025-11-26,KOTAKBANK,REDUCE
2025-11-26,TATASTEEL,REDUCE
2025-11-27,APOLLOHOSP,REDUCE
2025-11-27,BAJAJ-AUTO,REDUCE
2025-11-27,BAJFINANCE,REDUCE
2025-11-27,BAJAJFINSV,REDUCE
2025-11-27,CIPLA,REDUCE
2025-11-27,COALINDIA,REDUCE
2025-11-27,HCLTECH,EXIT
2025-11-27,HDFCLIFE,REDUCE
2025-11-27,INFY,EXIT
2025-11-27,TATASTEEL,REDUCE
2025-11-28,APOLLOHOSP,REDUCE
2025-11-28,BAJAJ-AUTO,REDUCE
2025-11-28,BAJAJFINSV,REDUCE
2025-11-28,BEL,REDUCE
2025-11-28,CIPLA,REDUCE
2025-11-28,COALINDIA,REDUCE
2025-11-28,HCLTECH,REDUCE
2025-11-28,HDFCLIFE,REDUCE
2025-11-28,INFY,REDUCE
2025-11-28,MARUTI,REDUCE
2025-11-28,TATASTEEL,REDUCE
2025-12-01,APOLLOHOSP,REDUCE
2025-12-01,BAJAJ-AUTO,REDUCE
2025-12-01,BAJFINANCE,REDUCE
2025-12-01,BAJAJFINSV,REDUCE
2025-12-01,BEL,REDUCE
2025-12-01,CIPLA,REDUCE
2025-12-01,COALINDIA,REDUCE
2025-12-01,HCLTECH,REDUCE
2025-12-01,HDFCLIFE,REDUCE
2025-12-01,INFY,EXIT
2025-12-01,MARUTI,REDUCE
2025-12-01,TATASTEEL,REDUCE
2025-12-02,APOLLOHOSP,REDUCE
2025-12-02,BAJAJ-AUTO,REDUCE
2025-12-02,BAJFINANCE,REDUCE
2025-12-02,BAJAJFINSV,REDUCE
2025-12-02,BEL,REDUCE
2025-12-02,CIPLA,REDUCE
2025-12-02,COALINDIA,REDUCE
2025-12-02,HCLTECH,REDUCE
2025-12-02,HDFCLIFE,REDUCE
2025-12-02,INFY,REDUCE
2025-12-02,INDIGO,REDUCE
2025-12-02,TATASTEEL,REDUCE
2025-12-03,APOLLOHOSP,EXIT
2025-12-03,BAJAJ-AUTO,REDUCE
2025-12-03,BAJFINANCE,REDUCE
2025-12-03,BAJAJFINSV,REDUCE
2025-12-03,BEL,REDUCE
2025-12-03,CIPLA,REDUCE
2025-12-03,COALINDIA,REDUCE
2025-12-03,HCLTECH,REDUCE
2025-12-03,HDFCLIFE,REDUCE
2025-12-03,INFY,EXIT
2025-12-03,INDIGO,REDUCE
2025-12-03,TATASTEEL,REDUCE
2025-12-04,BAJAJ-AUTO,REDUCE
2025-12-04,BAJFINANCE,REDUCE
2025-12-04,BAJAJFINSV,REDUCE
2025-12-04,BEL,REDUCE
2025-12-04,CIPLA,REDUCE
2025-12-04,COALINDIA,REDUCE
2025-12-04,HCLTECH,REDUCE
2025-12-04,HDFCLIFE,REDUCE
2025-12-04,INFY,REDUCE
2025-12-04,INDIGO,EXIT
2025-12-04,MARUTI,REDUCE
2025-12-04,TATASTEEL,REDUCE
2025-12-04,TECHM,REDUCE
2025-12-04,WIPRO,REDUCE
2025-12-05,BAJAJ-AUTO,REDUCE
2025-12-05,BAJAJFINSV,REDUCE
2025-12-05,BEL,REDUCE
2025-12-05,CIPLA,REDUCE
2025-12-05,COALINDIA,REDUCE
2025-12-05,HCLTECH,REDUCE
2025-12-05,HDFCLIFE,REDUCE
2025-12-05,INFY,EXIT
2025-12-05,MARUTI,REDUCE
2025-12-05,TATASTEEL,REDUCE
2025-12-05,TECHM,REDUCE
2025-12-05,WIPRO,EXIT
2025-12-08,BAJFINANCE,REDUCE
2025-12-08,BAJAJFINSV,REDUCE
2025-12-08,BEL,REDUCE
2025-12-08,CIPLA,EXIT
2025-12-08,COALINDIA,REDUCE
2025-12-08,HCLTECH,REDUCE
2025-12-08,HDFCLIFE,REDUCE
2025-12-08,INFY,REDUCE
2025-12-08,JSWSTEEL,REDUCE
2025-12-08,MARUTI,REDUCE
2025-12-08,TATACONSUM,REDUCE
2025-12-08,TATASTEEL,REDUCE
2025-12-08,TECHM,REDUCE
2025-12-08,WIPRO,REDUCE
2025-12-09,BAJFINANCE,REDUCE
2025-12-09,BAJAJFINSV,REDUCE
2025-12-09,BEL,REDUCE
2025-12-09,COALINDIA,REDUCE
2025-12-09,HDFCLIFE,REDUCE
2025-12-09,INFY,EXIT
2025-12-09,JSWSTEEL,REDUCE
2025-12-09,MARUTI,REDUCE
2025-12-09,TATACONSUM,REDUCE
2025-12-09,TATASTEEL,REDUCE
2025-12-09,TECHM,REDUCE
2025-12-09,WIPRO,EXIT
2025-12-10,BAJFINANCE,REDUCE
2025-12-10,BAJAJFINSV,REDUCE
2025-12-10,BEL,REDUCE
2025-12-10,COALINDIA,REDUCE
2025-12-10,HDFCLIFE,REDUCE
2025-12-10,INFY,REDUCE
2025-12-10,JSWSTEEL,REDUCE
2025-12-10,JIOFIN,EXIT
2025-12-10,MARUTI,REDUCE
2025-12-10,ONGC,REDUCE
2025-12-10,TATACONSUM,REDUCE
2025-12-10,TATASTEEL,REDUCE
2025-12-10,TECHM,REDUCE
2025-12-10,WIPRO,REDUCE
2025-12-11,BAJFINANCE,REDUCE
2025-12-11,BAJAJFINSV,REDUCE
2025-12-11,BEL,REDUCE
2025-12-11,COALINDIA,REDUCE
2025-12-11,HDFCLIFE,REDUCE
2025-12-11,INFY,EXIT
2025-12-11,JSWSTEEL,REDUCE
2025-12-11,MARUTI,REDUCE
2025-12-11,ONGC,REDUCE
2025-12-11,TATACONSUM,REDUCE
2025-12-11,TATASTEEL,REDUCE
2025-12-11,TECHM,REDUCE
2025-12-11,WIPRO,EXIT
2025-12-12,BAJFINANCE,REDUCE
2025-12-12,BAJAJFINSV,REDUCE
2025-12-12,BEL,REDUCE
2025-12-12,COALINDIA,REDUCE
2025-12-12,DRREDDY,REDUCE
2025-12-12,HDFCLIFE,REDUCE
2025-12-12,INFY,REDUCE
2025-12-12,JSWSTEEL,REDUCE
2025-12-12,MARUTI,REDUCE
2025-12-12,ONGC,REDUCE
2025-12-12,TATACONSUM,REDUCE
2025-12-12,TATASTEEL,REDUCE
2025-12-12,TECHM,REDUCE
2025-12-12,WIPRO,REDUCE
2025-12-15,BAJFINANCE,REDUCE
2025-12-15,BAJAJFINSV,REDUCE
2025-12-15,BEL,REDUCE
2025-12-15,COALINDIA,REDUCE
2025-12-15,DRREDDY,REDUCE
2025-12-15,HDFCLIFE,REDUCE
2025-12-15,INFY,EXIT
2025-12-15,JSWSTEEL,REDUCE
2025-12-15,MARUTI,REDUCE
2025-12-15,ONGC,EXIT
2025-12-15,TATACONSUM,REDUCE
2025-12-15,TATASTEEL,REDUCE
2025-12-15,TECHM,REDUCE
2025-12-15,WIPRO,EXIT
2025-12-16,BAJFINANCE,REDUCE
2025-12-16,BAJAJFINSV,REDUCE
2025-12-16,BEL,REDUCE
2025-12-16,COALINDIA,REDUCE
2025-12-16,DRREDDY,REDUCE
2025-12-16,HDFCLIFE,REDUCE
2025-12-16,INFY,REDUCE
2025-12-16,JSWSTEEL,REDUCE
2025-12-16,TATASTEEL,REDUCE
2025-12-16,TECHM,REDUCE
2025-12-16,WIPRO,REDUCE
2025-12-17,AXISBANK,REDUCE
2025-12-17,BAJAJ-AUTO,REDUCE
2025-12-17,BAJFINANCE,REDUCE
2025-12-17,BAJAJFINSV,REDUCE
2025-12-17,BEL,REDUCE
2025-12-17,HDFCBANK,REDUCE
2025-12-17,HDFCLIFE,REDUCE
2025-12-17,INFY,EXIT
2025-12-17,JSWSTEEL,REDUCE
2025-12-17,TATASTEEL,REDUCE
2025-12-17,TECHM,REDUCE
2025-12-17,WIPRO,EXIT
2025-12-18,AXISBANK,REDUCE
2025-12-18,BAJAJ-AUTO,REDUCE
2025-12-18,BAJFINANCE,REDUCE
2025-12-18,BAJAJFINSV,REDUCE
2025-12-18,BEL,REDUCE
2025-12-18,HDFCBANK,REDUCE
2025-12-18,HDFCLIFE,REDUCE
2025-12-18,INFY,REDUCE
2025-12-18,JSWSTEEL,REDUCE
2025-12-18,TCS,REDUCE
2025-12-18,TATASTEEL,REDUCE
2025-12-18,TECHM,REDUCE
2025-12-18,WIPRO,REDUCE
2025-12-19,AXISBANK,REDUCE
2025-12-19,BAJAJ-AUTO,REDUCE
2025-12-19,BAJFINANCE,REDUCE
2025-12-19,BAJAJFINSV,REDUCE
2025-12-19,BEL,REDUCE
2025-12-19,HDFCBANK,REDUCE
2025-12-19,INFY,EXIT
2025-12-19,JSWSTEEL,REDUCE
2025-12-19,TCS,EXIT
2025-12-19,TATASTEEL,REDUCE
2025-12-19,WIPRO,EXIT
2025-12-22,AXISBANK,REDUCE
2025-12-22,BAJFINANCE,REDUCE
2025-12-22,BAJAJFINSV,REDUCE
2025-12-22,BEL,REDUCE
2025-12-22,HDFCBANK,REDUCE
2025-12-22,INFY,REDUCE
2025-12-22,JSWSTEEL,REDUCE
2025-12-22,TCS,REDUCE
2025-12-22,TATASTEEL,REDUCE
2025-12-22,WIPRO,REDUCE
2025-12-23,AXISBANK,REDUCE
2025-12-23,BAJFINANCE,REDUCE
2025-12-23,BAJAJFINSV,REDUCE
2025-12-23,BEL,REDUCE
2025-12-23,HDFCBANK,REDUCE
2025-12-23,JSWSTEEL,REDUCE
2025-12-23,TCS,EXIT
2025-12-23,TATASTEEL,REDUCE
2025-12-23,WIPRO,REDUCE
2025-12-24,AXISBANK,REDUCE
2025-12-24,BAJFINANCE,REDUCE
2025-12-24,BAJAJFINSV,REDUCE
2025-12-24,BEL,REDUCE
2025-12-24,HDFCBANK,REDUCE
2025-12-24,HDFCLIFE,REDUCE
2025-12-24,JSWSTEEL,REDUCE
2025-12-24,TCS,REDUCE
2025-12-24,TATASTEEL,REDUCE
2025-12-24,WIPRO,REDUCE
2025-12-26,AXISBANK,REDUCE
2025-12-26,BAJFINANCE,REDUCE
2025-12-26,BAJAJFINSV,REDUCE
2025-12-26,BEL,REDUCE
2025-12-26,HDFCBANK,REDUCE
2025-12-26,HDFCLIFE,REDUCE
2025-12-26,JSWSTEEL,REDUCE
2025-12-26,TCS,EXIT
2025-12-26,TATASTEEL,REDUCE
2025-12-29,ADANIPORTS,REDUCE
2025-12-29,AXISBANK,REDUCE
2025-12-29,BAJFINANCE,REDUCE
2025-12-29,BAJAJFINSV,REDUCE
2025-12-29,BEL,REDUCE
2025-12-29,HCLTECH,EXIT
2025-12-29,HDFCBANK,REDUCE
2025-12-29,HDFCLIFE,EXIT
2025-12-29,JSWSTEEL,REDUCE
2025-12-29,TCS,REDUCE
2025-12-29,TMPV,REDUCE
2025-12-29,TATASTEEL,REDUCE
2025-12-29,WIPRO,EXIT
2025-12-30,ADANIPORTS,REDUCE
2025-12-30,AXISBANK,REDUCE
2025-12-30,BAJFINANCE,REDUCE
2025-12-30,BAJAJFINSV,REDUCE
2025-12-30,BEL,REDUCE
2025-12-30,HCLTECH,REDUCE
2025-12-30,HDFCBANK,REDUCE
2025-12-30,INFY,EXIT
2025-12-30,JSWSTEEL,REDUCE
2025-12-30,TCS,EXIT
2025-12-30,WIPRO,REDUCE
2025-12-31,ADANIPORTS,REDUCE
2025-12-31,BAJFINANCE,REDUCE
2025-12-31,BAJAJFINSV,REDUCE
2025-12-31,BEL,REDUCE
2025-12-31,HCLTECH,EXIT
2025-12-31,HDFCBANK,REDUCE
2025-12-31,INFY,REDUCE
2025-12-31,JSWSTEEL,REDUCE
2025-12-31,TCS,EXIT
2025-12-31,WIPRO,EXIT
2026-01-02,ADANIPORTS,REDUCE
2026-01-02,BAJFINANCE,REDUCE
2026-01-02,BAJAJFINSV,REDUCE
2026-01-02,BEL,REDUCE
2026-01-02,HCLTECH,REDUCE
2026-01-02,HDFCBANK,REDUCE
2026-01-02,NTPC,REDUCE
2026-01-02,TCS,REDUCE
2026-01-02,WIPRO,REDUCE
2026-01-05,BAJFINANCE,REDUCE
2026-01-05,BAJAJFINSV,REDUCE
2026-01-05,BEL,REDUCE
2026-01-05,DRREDDY,REDUCE
2026-01-05,HCLTECH,EXIT
2026-01-05,HDFCBANK,REDUCE
2026-01-05,HDFCLIFE,REDUCE
2026-01-05,INFY,EXIT
2026-01-05,NTPC,REDUCE
2026-01-05,TCS,EXIT
2026-01-05,WIPRO,EXIT
2026-01-06,BAJFINANCE,REDUCE
2026-01-06,BAJAJFINSV,REDUCE
2026-01-06,BEL,REDUCE
2026-01-06,DRREDDY,REDUCE
2026-01-06,HCLTECH,REDUCE
2026-01-06,HDFCBANK,EXIT
2026-01-06,ICICIBANK,REDUCE
2026-01-06,INFY,REDUCE
2026-01-06,NTPC,REDUCE
2026-01-06,TCS,REDUCE
2026-01-06,WIPRO,REDUCE
2026-01-07,BAJFINANCE,REDUCE
2026-01-07,BAJAJFINSV,REDUCE
2026-01-07,BEL,REDUCE
2026-01-07,DRREDDY,EXIT
2026-01-07,ICICIBANK,REDUCE
2026-01-07,NTPC,REDUCE
2026-01-07,TCS,EXIT
2026-01-07,ULTRACEMCO,REDUCE
2026-01-08,BAJFINANCE,REDUCE
2026-01-08,BAJAJFINSV,EXIT
2026-01-08,ICICIBANK,REDUCE
2026-01-08,INFY,EXIT
2026-01-08,NTPC,REDUCE
2026-01-08,RELIANCE,REDUCE
2026-01-08,TCS,EXIT
2026-01-08,ULTRACEMCO,REDUCE
2026-01-08,WIPRO,EXIT
2026-01-09,BAJFINANCE,REDUCE
2026-01-09,BHARTIARTL,REDUCE
2026-01-09,HDFCLIFE,EXIT
2026-01-09,ICICIBANK,REDUCE
2026-01-09,INFY,REDUCE
2026-01-09,KOTAKBANK,REDUCE
2026-01-09,NTPC,REDUCE
2026-01-09,RELIANCE,REDUCE
2026-01-09,ULTRACEMCO,REDUCE
2026-01-09,WIPRO,REDUCE
2026-01-12,BAJFINANCE,EXIT
2026-01-12,BHARTIARTL,REDUCE
2026-01-12,ICICIBANK,REDUCE
2026-01-12,INFY,EXIT
2026-01-12,NTPC,REDUCE
2026-01-12,RELIANCE,REDUCE
2026-01-12,TCS,REDUCE
2026-01-12,ULTRACEMCO,REDUCE
2026-01-12,WIPRO,EXIT
2026-01-13,ADANIPORTS,REDUCE
2026-01-13,BHARTIARTL,REDUCE
2026-01-13,ICICIBANK,REDUCE
2026-01-13,INFY,REDUCE
2026-01-13,LT,REDUCE
2026-01-13,NTPC,REDUCE
2026-01-13,RELIANCE,REDUCE
2026-01-13,TCS,EXIT
2026-01-13,ULTRACEMCO,REDUCE
2026-01-13,WIPRO,REDUCE
2026-01-14,ADANIPORTS,REDUCE
2026-01-14,BHARTIARTL,REDUCE
2026-01-14,ICICIBANK,REDUCE
2026-01-14,INFY,EXIT
2026-01-14,LT,REDUCE
2026-01-14,NTPC,REDUCE
2026-01-14,ONGC,REDUCE
2026-01-14,RELIANCE,REDUCE
2026-01-14,TCS,EXIT
2026-01-14,ULTRACEMCO,REDUCE
2026-01-14,WIPRO,EXIT
2026-01-16,ADANIPORTS,REDUCE
2026-01-16,BHARTIARTL,REDUCE
2026-01-16,ICICIBANK,REDUCE
2026-01-16,INFY,REDUCE
2026-01-16,KOTAKBANK,EXIT
2026-01-16,LT,REDUCE
2026-01-16,NTPC,REDUCE
2026-01-16,ONGC,REDUCE
2026-01-16,RELIANCE,REDUCE
2026-01-16,SUNPHARMA,EXIT
2026-01-16,TCS,REDUCE
2026-01-16,ULTRACEMCO,REDUCE
2026-01-16,WIPRO,REDUCE
2026-01-19,ADANIPORTS,REDUCE
2026-01-19,BHARTIARTL,REDUCE
2026-01-19,HINDUNILVR,REDUCE
2026-01-19,ICICIBANK,EXIT
2026-01-19,KOTAKBANK,REDUCE
2026-01-19,LT,REDUCE
2026-01-19,NTPC,REDUCE
2026-01-19,ONGC,REDUCE
2026-01-19,RELIANCE,EXIT
2026-01-19,TCS,EXIT
2026-01-19,ULTRACEMCO,REDUCE
2026-01-19,WIPRO,EXIT
2026-01-20,ADANIPORTS,EXIT
2026-01-20,BHARTIARTL,REDUCE
2026-01-20,HINDUNILVR,EXIT
2026-01-20,KOTAKBANK,REDUCE
2026-01-20,LT,REDUCE
2026-01-20,NTPC,REDUCE
2026-01-20,ONGC,REDUCE
2026-01-20,TCS,EXIT
2026-01-20,ULTRACEMCO,REDUCE
2026-01-21,BHARTIARTL,REDUCE
2026-01-21,KOTAKBANK,REDUCE
2026-01-21,LT,REDUCE
2026-01-21,M&M,REDUCE
2026-01-21,NTPC,REDUCE
2026-01-21,ULTRACEMCO,REDUCE
2026-01-22,BHARTIARTL,REDUCE
2026-01-22,GRASIM,REDUCE
2026-01-22,KOTAKBANK,REDUCE
2026-01-22,LT,REDUCE
2026-01-22,M&M,REDUCE
2026-01-22,NTPC,REDUCE
2026-01-22,TCS,REDUCE
2026-01-22,ULTRACEMCO,REDUCE
2026-01-23,BHARTIARTL,REDUCE
2026-01-23,GRASIM,REDUCE
2026-01-23,KOTAKBANK,REDUCE
2026-01-23,LT,REDUCE
2026-01-23,M&M,REDUCE
2026-01-23,NTPC,REDUCE
2026-01-23,TCS,EXIT
2026-01-23,ULTRACEMCO,REDUCE
2026-01-27,ASIANPAINT,REDUCE
2026-01-27,BHARTIARTL,REDUCE
2026-01-27,KOTAKBANK,EXIT
2026-01-27,LT,REDUCE
2026-01-27,M&M,REDUCE
2026-01-27,NTPC,REDUCE
2026-01-27,TCS,REDUCE
2026-01-27,ULTRACEMCO,REDUCE
2026-01-28,ASIANPAINT,EXIT
2026-01-28,BHARTIARTL,REDUCE
2026-01-28,LT,REDUCE
2026-01-28,M&M,REDUCE
2026-01-28,MARUTI,REDUCE
2026-01-28,NTPC,REDUCE
2026-01-28,TCS,EXIT
2026-01-28,ULTRACEMCO,REDUCE
2026-01-29,BHARTIARTL,REDUCE
2026-01-29,LT,REDUCE
2026-01-29,M&M,REDUCE
2026-01-29,MARUTI,EXIT
2026-01-29,NTPC,REDUCE
2026-01-29,TCS,EXIT
2026-01-29,TATACONSUM,EXIT
2026-01-29,ULTRACEMCO,REDUCE
2026-01-30,BHARTIARTL,REDUCE
2026-01-30,LT,REDUCE
2026-01-30,M&M,REDUCE
2026-01-30,NTPC,REDUCE
2026-01-30,ULTRACEMCO,REDUCE
2026-02-02,BHARTIARTL,REDUCE
2026-02-02,LT,REDUCE
2026-02-02,M&M,REDUCE
2026-02-02,NTPC,REDUCE
2026-02-02,TCS,REDUCE
2026-02-02,ULTRACEMCO,REDUCE
2026-02-03,ADANIPORTS,REDUCE
2026-02-03,BHARTIARTL,REDUCE
2026-02-03,M&M,REDUCE
2026-02-03,NTPC,REDUCE
2026-02-03,POWERGRID,REDUCE
2026-02-03,TCS,EXIT
2026-02-03,ULTRACEMCO,REDUCE
2026-02-04,BHARTIARTL,REDUCE
2026-02-04,ICICIBANK,REDUCE
2026-02-04,INFY,EXIT
2026-02-04,M&M,REDUCE
2026-02-04,POWERGRID,REDUCE
2026-02-04,TCS,EXIT
2026-02-04,ULTRACEMCO,REDUCE
2026-02-05,BHARTIARTL,REDUCE
2026-02-05,ICICIBANK,EXIT
2026-02-05,M&M,REDUCE
2026-02-05,POWERGRID,REDUCE
2026-02-05,ULTRACEMCO,REDUCE
2026-02-06,BHARTIARTL,REDUCE
2026-02-06,EICHERMOT,REDUCE
2026-02-06,HINDUNILVR,REDUCE
2026-02-06,ICICIBANK,REDUCE
2026-02-06,M&M,REDUCE
2026-02-06,POWERGRID,REDUCE
2026-02-06,ULTRACEMCO,REDUCE
2026-02-09,BHARTIARTL,REDUCE
2026-02-09,DRREDDY,REDUCE
2026-02-09,EICHERMOT,REDUCE
2026-02-09,HINDUNILVR,REDUCE
2026-02-09,ICICIBANK,EXIT
2026-02-09,KOTAKBANK,REDUCE
2026-02-09,M&M,REDUCE
2026-02-09,POWERGRID,REDUCE
2026-02-09,SBILIFE,REDUCE
2026-02-09,ULTRACEMCO,REDUCE
2026-02-10,BHARTIARTL,REDUCE
2026-02-10,DRREDDY,REDUCE
2026-02-10,HCLTECH,REDUCE
2026-02-10,HINDUNILVR,REDUCE
2026-02-10,ICICIBANK,REDUCE
2026-02-10,POWERGRID,REDUCE
2026-02-10,SBILIFE,REDUCE
2026-02-11,APOLLOHOSP,REDUCE
2026-02-11,BHARTIARTL,REDUCE
2026-02-11,DRREDDY,REDUCE
2026-02-11,HCLTECH,EXIT
2026-02-11,HINDUNILVR,REDUCE
2026-02-11,ICICIBANK,REDUCE
2026-02-11,POWERGRID,REDUCE
2026-02-11,SBILIFE,REDUCE
2026-02-12,APOLLOHOSP,REDUCE
2026-02-12,BHARTIARTL,REDUCE
2026-02-12,DRREDDY,REDUCE
2026-02-12,ETERNAL,EXIT
2026-02-12,HINDUNILVR,EXIT
2026-02-12,ICICIBANK,REDUCE
2026-02-12,M&M,REDUCE
2026-02-12,POWERGRID,REDUCE
2026-02-12,SBILIFE,REDUCE
2026-02-13,APOLLOHOSP,REDUCE
2026-02-13,BAJFINANCE,REDUCE
2026-02-13,BHARTIARTL,REDUCE
2026-02-13,DRREDDY,REDUCE
2026-02-13,ETERNAL,EXIT
2026-02-13,ICICIBANK,REDUCE
2026-02-13,M&M,REDUCE
2026-02-13,POWERGRID,REDUCE
2026-02-16,APOLLOHOSP,REDUCE
2026-02-16,BAJAJFINSV,REDUCE
2026-02-16,BHARTIARTL,REDUCE
2026-02-16,DRREDDY,REDUCE
2026-02-16,ICICIBANK,REDUCE
2026-02-16,M&M,REDUCE
2026-02-16,POWERGRID,REDUCE
2026-02-16,TECHM,EXIT
2026-02-17,APOLLOHOSP,REDUCE
2026-02-17,BAJAJFINSV,REDUCE
2026-02-17,BHARTIARTL,REDUCE
2026-02-17,DRREDDY,REDUCE
2026-02-17,ICICIBANK,REDUCE
2026-02-17,KOTAKBANK,REDUCE
2026-02-17,M&M,REDUCE
2026-02-17,POWERGRID,REDUCE
2026-02-18,APOLLOHOSP,REDUCE
2026-02-18,BAJAJFINSV,REDUCE
2026-02-18,BHARTIARTL,REDUCE
2026-02-18,DRREDDY,REDUCE
2026-02-18,ICICIBANK,REDUCE
2026-02-18,M&M,REDUCE
2026-02-18,POWERGRID,REDUCE
2026-02-18,TATACONSUM,REDUCE
2026-02-19,APOLLOHOSP,REDUCE
2026-02-19,BAJAJFINSV,REDUCE
2026-02-19,BHARTIARTL,REDUCE
2026-02-19,DRREDDY,REDUCE
2026-02-19,ICICIBANK,EXIT
2026-02-19,KOTAKBANK,EXIT
2026-02-19,M&M,REDUCE
2026-02-19,POWERGRID,REDUCE
2026-02-19,TATACONSUM,REDUCE
2026-02-20,APOLLOHOSP,REDUCE
2026-02-20,BAJAJFINSV,REDUCE
2026-02-20,BHARTIARTL,REDUCE
2026-02-20,DRREDDY,REDUCE
2026-02-20,M&M,REDUCE
2026-02-20,POWERGRID,REDUCE
2026-02-20,TATACONSUM,REDUCE
2026-02-23,APOLLOHOSP,REDUCE
2026-02-23,BAJAJFINSV,REDUCE
2026-02-23,BHARTIARTL,REDUCE
2026-02-23,DRREDDY,REDUCE
2026-02-23,KOTAKBANK,REDUCE
2026-02-23,M&M,REDUCE
2026-02-23,POWERGRID,REDUCE
2026-02-24,APOLLOHOSP,REDUCE
2026-02-24,BAJAJFINSV,REDUCE
2026-02-24,BHARTIARTL,EXIT
2026-02-24,DRREDDY,REDUCE
2026-02-24,M&M,REDUCE
2026-02-24,POWERGRID,REDUCE
2026-02-25,APOLLOHOSP,REDUCE
2026-02-25,BAJAJFINSV,REDUCE
2026-02-25,DRREDDY,REDUCE
2026-02-25,KOTAKBANK,REDUCE
2026-02-25,M&M,REDUCE
2026-02-25,POWERGRID,REDUCE
2026-02-26,APOLLOHOSP,REDUCE
2026-02-26,BAJAJFINSV,REDUCE
2026-02-26,DRREDDY,REDUCE
2026-02-26,ICICIBANK,REDUCE
2026-02-26,KOTAKBANK,REDUCE
2026-02-26,M&M,REDUCE
2026-02-26,POWERGRID,REDUCE
2026-02-26,SUNPHARMA,REDUCE
2026-02-27,APOLLOHOSP,REDUCE
2026-02-27,BAJAJFINSV,EXIT
2026-02-27,DRREDDY,REDUCE
2026-02-27,ICICIBANK,EXIT
2026-02-27,KOTAKBANK,EXIT
2026-02-27,M&M,EXIT
2026-02-27,POWERGRID,REDUCE
2026-02-27,SUNPHARMA,REDUCE
2026-03-02,APOLLOHOSP,REDUCE
2026-03-02,DRREDDY,REDUCE
2026-03-02,GRASIM,EXIT
2026-03-02,POWERGRID,REDUCE
2026-03-02,TATACONSUM,EXIT
2026-03-04,ADANIPORTS,EXIT
2026-03-04,APOLLOHOSP,REDUCE
2026-03-04,BAJFINANCE,EXIT
2026-03-04,DRREDDY,REDUCE
2026-03-04,POWERGRID,REDUCE
2026-03-04,ULTRACEMCO,EXIT
2026-03-05,ADANIPORTS,REDUCE
2026-03-05,APOLLOHOSP,REDUCE
2026-03-05,DRREDDY,REDUCE
2026-03-05,POWERGRID,REDUCE
2026-03-05,SBILIFE,REDUCE
2026-03-06,ADANIPORTS,REDUCE
2026-03-06,APOLLOHOSP,REDUCE
2026-03-06,DRREDDY,REDUCE
2026-03-06,POWERGRID,REDUCE
2026-03-06,SBILIFE,REDUCE
2026-03-09,ADANIPORTS,EXIT
2026-03-09,APOLLOHOSP,REDUCE
2026-03-09,DRREDDY,REDUCE
2026-03-09,POWERGRID,REDUCE
2026-03-09,SBILIFE,REDUCE
2026-03-10,APOLLOHOSP,REDUCE
2026-03-10,DRREDDY,REDUCE
2026-03-10,POWERGRID,REDUCE
2026-03-10,SBILIFE,REDUCE
2026-03-11,APOLLOHOSP,REDUCE
2026-03-11,DRREDDY,REDUCE
2026-03-11,SBILIFE,REDUCE
2026-03-12,APOLLOHOSP,REDUCE
2026-03-12,DRREDDY,REDUCE
2026-03-12,LT,EXIT
2026-03-12,NESTLEIND,EXIT
2026-03-12,SBILIFE,REDUCE
2026-03-13,AXISBANK,EXIT
2026-03-13,BAJAJ-AUTO,EXIT
2026-03-13,EICHERMOT,EXIT
2026-03-13,SBILIFE,EXIT
2026-03-19,APOLLOHOSP,EXIT
2026-03-20,SHRIRAMFIN,EXIT
2026-03-23,BEL,EXIT
2026-03-23,DRREDDY,EXIT
2026-03-23,HINDALCO,EXIT
2026-03-23,JSWSTEEL,EXIT
2026-03-23,SBIN,EXIT
2026-03-24,APOLLOHOSP,REDUCE
2026-03-25,DRREDDY,REDUCE
2026-03-30,APOLLOHOSP,EXIT
2026-03-30,DRREDDY,EXIT
2026-04-07,HINDALCO,REDUCE
2026-04-08,ADANIPORTS,REDUCE
2026-04-08,AXISBANK,REDUCE
2026-04-08,HINDALCO,HOLD
2026-04-08,LT,REDUCE
2026-04-08,SHRIRAMFIN,REDUCE
2026-04-09,APOLLOHOSP,REDUCE
2026-04-09,AXISBANK,HOLD
2026-04-09,BAJAJ-AUTO,REDUCE
2026-04-09,BEL,REDUCE
2026-04-09,JSWSTEEL,REDUCE
2026-04-10,ADANIPORTS,HOLD
2026-04-10,APOLLOHOSP,HOLD
2026-04-10,BAJAJ-AUTO,HOLD
2026-04-10,BEL,HOLD
2026-04-10,EICHERMOT,REDUCE
2026-04-10,JSWSTEEL,HOLD
2026-04-10,LT,HOLD
2026-04-10,SHRIRAMFIN,HOLD
2026-04-10,SUNPHARMA,EXIT
2026-04-16,COALINDIA,REDUCE
2026-04-16,EICHERMOT,REDUCE
2026-04-16,NESTLEIND,REDUCE
2026-04-16,SBILIFE,REDUCE
2026-04-17,EICHERMOT,REDUCE
2026-04-17,NESTLEIND,REDUCE
2026-04-17,SBILIFE,REDUCE
2026-04-20,ASIANPAINT,REDUCE
2026-04-20,EICHERMOT,REDUCE
2026-04-20,NESTLEIND,REDUCE
2026-04-20,SBILIFE,REDUCE
