date,symbol,decision,reason
2021-04-22,TRENT,EXIT,exposure_floor
2021-07-23,NEWGEN,EXIT,exposure_floor
2021-12-02,TRIDENT,EXIT,exposure_floor
2021-12-03,TRIDENT,EXIT,exposure_floor
2021-12-06,CIPLA,EXIT,exposure_floor
2021-12-06,TATACONSUM,EXIT,exposure_floor
2021-12-06,TRENT,EXIT,exposure_floor
2021-12-06,TRIDENT,EXIT,exposure_floor
2021-12-07,TRIDENT,REDUCE,exposure_floor
2021-12-17,APOLLOHOSP,EXIT,exposure_floor
2021-12-17,BAJAJFINSV,EXIT,exposure_floor
2021-12-17,BHARTIARTL,REDUCE,exposure_floor
2021-12-17,ONGC,REDUCE,exposure_floor
2021-12-20,APOLLOHOSP,EXIT,exposure_floor
2021-12-20,BAJFINANCE,EXIT,exposure_floor
2021-12-20,BAJAJFINSV,EXIT,exposure_floor
2021-12-20,BHARTIARTL,REDUCE,exposure_floor
2021-12-20,ICICIBANK,EXIT,exposure_floor
2021-12-20,IEX,EXIT,exposure_floor
2021-12-20,JBMA,EXIT,exposure_floor
2021-12-20,JSWSTEEL,EXIT,exposure_floor
2021-12-20,M&M,EXIT,exposure_floor
2021-12-20,ONGC,EXIT,exposure_floor
2021-12-20,RELIANCE,EXIT,exposure_floor
2021-12-20,SBIN,EXIT,exposure_floor
2021-12-20,ZENTEC,EXIT,exposure_floor
2021-12-21,BAJFINANCE,EXIT,exposure_floor
2021-12-21,BAJAJFINSV,EXIT,exposure_floor
2021-12-21,BHARTIARTL,REDUCE,exposure_floor
2021-12-21,ICICIBANK,EXIT,exposure_floor
2021-12-21,IEX,EXIT,exposure_floor
2021-12-21,JSWSTEEL,EXIT,exposure_floor
2021-12-21,M&M,EXIT,exposure_floor
2021-12-21,ONGC,EXIT,exposure_floor
2021-12-21,SBIN,EXIT,exposure_floor
2021-12-21,ZENTEC,REDUCE,exposure_floor
2021-12-22,BAJAJFINSV,EXIT,exposure_floor
2021-12-22,BHARTIARTL,REDUCE,exposure_floor
2021-12-22,IEX,EXIT,exposure_floor
2021-12-22,JSWSTEEL,EXIT,exposure_floor
2021-12-22,M&M,EXIT,exposure_floor
2021-12-22,ONGC,EXIT,exposure_floor
2021-12-22,SBIN,EXIT,exposure_floor
2021-12-23,BAJAJFINSV,EXIT,exposure_floor
2021-12-23,BHARTIARTL,REDUCE,exposure_floor
2021-12-23,HINDALCO,EXIT,exposure_floor
2021-12-23,IEX,EXIT,exposure_floor
2021-12-23,JSWSTEEL,EXIT,exposure_floor
2021-12-23,M&M,EXIT,exposure_floor
2021-12-23,ONGC,EXIT,exposure_floor
2021-12-23,SBIN,EXIT,exposure_floor
2021-12-23,TTML,EXIT,exposure_floor
2021-12-24,BAJAJFINSV,EXIT,exposure_floor
2021-12-24,BHARTIARTL,REDUCE,exposure_floor
2021-12-24,HINDALCO,EXIT,exposure_floor
2021-12-24,IEX,EXIT,exposure_floor
2021-12-24,JSWSTEEL,EXIT,exposure_floor
2021-12-24,M&M,EXIT,exposure_floor
2021-12-24,ONGC,EXIT,exposure_floor
2021-12-24,SUNPHARMA,REDUCE,exposure_floor
2021-12-24,TTML,REDUCE,exposure_floor
2021-12-24,TITAN,REDUCE,exposure_floor
2021-12-27,BAJAJFINSV,EXIT,exposure_floor
2021-12-27,IEX,EXIT,exposure_floor
2021-12-27,JSWSTEEL,EXIT,exposure_floor
2021-12-27,M&M,EXIT,exposure_floor
2021-12-27,ONGC,EXIT,exposure_floor
2021-12-27,TITAN,REDUCE,exposure_floor
2021-12-28,BAJAJFINSV,EXIT,exposure_floor
2021-12-28,GRASIM,REDUCE,exposure_floor
2021-12-28,IEX,EXIT,exposure_floor
2021-12-28,JSWSTEEL,EXIT,exposure_floor
2021-12-28,M&M,EXIT,exposure_floor
2021-12-28,ONGC,EXIT,exposure_floor
2021-12-28,TITAN,REDUCE,exposure_floor
2021-12-29,BAJAJFINSV,EXIT,exposure_floor
2021-12-29,IEX,EXIT,exposure_floor
2021-12-29,JSWSTEEL,EXIT,exposure_floor
2021-12-29,M&M,EXIT,exposure_floor
2021-12-29,ONGC,EXIT,exposure_floor
2021-12-30,BAJAJFINSV,EXIT,exposure_floor
2021-12-30,IEX,EXIT,exposure_floor
2021-12-30,JSWSTEEL,EXIT,exposure_floor
2021-12-30,ONGC,EXIT,exposure_floor
2021-12-30,OLECTRA,EXIT,exposure_floor
2021-12-31,BAJAJFINSV,EXIT,exposure_floor
2021-12-31,IEX,EXIT,exposure_floor
2021-12-31,ONGC,EXIT,exposure_floor
2021-12-31,OLECTRA,REDUCE,exposure_floor
2022-01-03,BAJAJFINSV,EXIT,exposure_floor
2022-01-03,DRREDDY,EXIT,exposure_floor
2022-01-03,IEX,REDUCE,exposure_floor
2022-01-18,ZEEL,REDUCE,exposure_floor
2022-01-19,OLECTRA,EXIT,exposure_floor
2022-01-20,OLECTRA,EXIT,exposure_floor
2022-01-21,IEX,REDUCE,exposure_floor
2022-01-21,MAXHEALTH,EXIT,exposure_floor
2022-01-21,OLECTRA,EXIT,exposure_floor
2022-01-24,CGPOWER,EXIT,exposure_floor
2022-01-24,GRASIM,REDUCE,exposure_floor
2022-01-24,HCLTECH,EXIT,exposure_floor
2022-01-24,IEX,EXIT,exposure_floor
2022-01-24,INDIGO,EXIT,exposure_floor
2022-01-24,M&M,REDUCE,exposure_floor
2022-01-24,MAXHEALTH,EXIT,exposure_floor
2022-01-24,OLECTRA,EXIT,exposure_floor
2022-01-24,TECHM,EXIT,exposure_floor
2022-01-24,ZENTEC,EXIT,exposure_floor
2022-01-25,CGPOWER,REDUCE,exposure_floor
2022-01-25,INDIGO,EXIT,exposure_floor
2022-01-25,MAXHEALTH,EXIT,exposure_floor
2022-01-25,OLECTRA,EXIT,exposure_floor
2022-01-25,TECHM,EXIT,exposure_floor
2022-01-25,TITAN,REDUCE,exposure_floor
2022-01-25,ZENTEC,EXIT,exposure_floor
2022-01-27,MAXHEALTH,EXIT,exposure_floor
2022-01-27,OLECTRA,EXIT,exposure_floor
2022-01-27,TECHM,EXIT,exposure_floor
2022-01-27,TRENT,REDUCE,exposure_floor
2022-01-27,ZENTEC,EXIT,exposure_floor
2022-01-28,ELGIEQUIP,EXIT,exposure_floor
2022-01-28,OLECTRA,EXIT,exposure_floor
2022-01-28,TECHM,EXIT,exposure_floor
2022-01-28,ZENTEC,EXIT,exposure_floor
2022-01-31,OLECTRA,REDUCE,exposure_floor
2022-01-31,TECHM,EXIT,exposure_floor
2022-01-31,ZENTEC,EXIT,exposure_floor
2022-02-01,EICHERMOT,EXIT,exposure_floor
2022-02-01,TECHM,EXIT,exposure_floor
2022-02-01,ZENTEC,EXIT,exposure_floor
2022-02-02,ZENTEC,REDUCE,exposure_floor
2022-02-03,ADANIPORTS,EXIT,exposure_floor
2022-02-04,BEL,REDUCE,exposure_floor
2022-02-04,EICHERMOT,EXIT,exposure_floor
2022-02-07,EICHERMOT,EXIT,exposure_floor
2022-02-07,HDFCBANK,EXIT,exposure_floor
2022-02-08,CGPOWER,EXIT,exposure_floor
2022-02-08,EICHERMOT,EXIT,exposure_floor
2022-02-08,HDFCBANK,EXIT,exposure_floor
2022-02-08,JPPOWER,EXIT,exposure_floor
2022-02-08,OLECTRA,REDUCE,exposure_floor
2022-02-08,POONAWALLA,EXIT,exposure_floor
2022-02-08,SUZLON,EXIT,exposure_floor
2022-02-09,CGPOWER,EXIT,exposure_floor
2022-02-09,EICHERMOT,EXIT,exposure_floor
2022-02-09,HDFCBANK,EXIT,exposure_floor
2022-02-09,JPPOWER,EXIT,exposure_floor
2022-02-09,OLECTRA,REDUCE,exposure_floor
2022-02-09,SUZLON,EXIT,exposure_floor
2022-02-10,CGPOWER,EXIT,exposure_floor
2022-02-10,HDFCBANK,EXIT,exposure_floor
2022-02-10,JBMA,EXIT,exposure_floor
2022-02-10,JPPOWER,EXIT,exposure_floor
2022-02-10,JWL,EXIT,exposure_floor
2022-02-10,OLECTRA,REDUCE,exposure_floor
2022-02-10,SUZLON,EXIT,exposure_floor
2022-02-11,CGPOWER,EXIT,exposure_floor
2022-02-11,EICHERMOT,EXIT,exposure_floor
2022-02-11,GRASIM,REDUCE,exposure_floor
2022-02-11,JBMA,REDUCE,exposure_floor
2022-02-11,JPPOWER,EXIT,exposure_floor
2022-02-11,JWL,EXIT,exposure_floor
2022-02-11,OLECTRA,REDUCE,exposure_floor
2022-02-11,PGEL,EXIT,exposure_floor
2022-02-11,SUZLON,EXIT,exposure_floor
2022-02-11,TRIDENT,EXIT,exposure_floor
2022-02-14,CGPOWER,EXIT,exposure_floor
2022-02-14,CREDITACC,REDUCE,exposure_floor
2022-02-14,EICHERMOT,EXIT,exposure_floor
2022-02-14,GRASIM,REDUCE,exposure_floor
2022-02-14,HDFCBANK,EXIT,exposure_floor
2022-02-14,JBMA,EXIT,exposure_floor
2022-02-14,JPPOWER,EXIT,exposure_floor
2022-02-14,JWL,EXIT,exposure_floor
2022-02-14,OLECTRA,EXIT,exposure_floor
2022-02-14,PGEL,EXIT,exposure_floor
2022-02-14,POONAWALLA,EXIT,exposure_floor
2022-02-14,SBILIFE,EXIT,exposure_floor
2022-02-14,SUZLON,EXIT,exposure_floor
2022-02-14,TARIL,EXIT,exposure_floor
2022-02-14,TRIDENT,EXIT,exposure_floor
2022-02-15,CGPOWER,EXIT,exposure_floor
2022-02-15,HDFCBANK,EXIT,exposure_floor
2022-02-15,JPPOWER,EXIT,exposure_floor
2022-02-15,OLECTRA,EXIT,exposure_floor
2022-02-15,POONAWALLA,REDUCE,exposure_floor
2022-02-15,SUZLON,EXIT,exposure_floor
2022-02-15,TRIDENT,EXIT,exposure_floor
2022-02-16,CGPOWER,EXIT,exposure_floor
2022-02-16,JPPOWER,EXIT,exposure_floor
2022-02-16,OLECTRA,EXIT,exposure_floor
2022-02-16,SUZLON,EXIT,exposure_floor
2022-02-16,TRIDENT,EXIT,exposure_floor
2022-02-17,CGPOWER,EXIT,exposure_floor
2022-02-17,JPPOWER,EXIT,exposure_floor
2022-02-17,OLECTRA,EXIT,exposure_floor
2022-02-17,SUZLON,EXIT,exposure_floor
2022-02-17,TRIDENT,EXIT,exposure_floor
2022-02-18,CGPOWER,EXIT,exposure_floor
2022-02-18,CIPLA,EXIT,exposure_floor
2022-02-18,CREDITACC,REDUCE,exposure_floor
2022-02-18,JPPOWER,EXIT,exposure_floor
2022-02-18,OLECTRA,EXIT,exposure_floor
2022-02-18,SUZLON,EXIT,exposure_floor
2022-02-18,TRIDENT,EXIT,exposure_floor
2022-02-21,AXISBANK,REDUCE,exposure_floor
2022-02-21,CGPOWER,EXIT,exposure_floor
2022-02-21,CIPLA,EXIT,exposure_floor
2022-02-21,CREDITACC,REDUCE,exposure_floor
2022-02-21,ELGIEQUIP,EXIT,exposure_floor
2022-02-21,JPPOWER,EXIT,exposure_floor
2022-02-21,OLECTRA,EXIT,exposure_floor
2022-02-21,POONAWALLA,EXIT,exposure_floor
2022-02-21,SUZLON,EXIT,exposure_floor
2022-02-21,TARIL,EXIT,exposure_floor
2022-02-21,TRIDENT,EXIT,exposure_floor
2022-02-22,CGPOWER,EXIT,exposure_floor
2022-02-22,ELGIEQUIP,EXIT,exposure_floor
2022-02-22,HDFCBANK,EXIT,exposure_floor
2022-02-22,ITC,EXIT,exposure_floor
2022-02-22,JPPOWER,EXIT,exposure_floor
2022-02-22,OLECTRA,EXIT,exposure_floor
2022-02-22,POONAWALLA,EXIT,exposure_floor
2022-02-22,SUZLON,EXIT,exposure_floor
2022-02-22,TRIDENT,EXIT,exposure_floor
2022-02-23,CGPOWER,EXIT,exposure_floor
2022-02-23,ELGIEQUIP,EXIT,exposure_floor
2022-02-23,HDFCBANK,EXIT,exposure_floor
2022-02-23,ITC,EXIT,exposure_floor
2022-02-23,JPPOWER,EXIT,exposure_floor
2022-02-23,OLECTRA,EXIT,exposure_floor
2022-02-23,POONAWALLA,EXIT,exposure_floor
2022-02-23,SUZLON,EXIT,exposure_floor
2022-02-23,TRIDENT,EXIT,exposure_floor
2022-02-24,ADANIENT,EXIT,exposure_floor
2022-02-24,AXISBANK,EXIT,exposure_floor
2022-02-24,BALRAMCHIN,EXIT,exposure_floor
2022-02-24,CGPOWER,EXIT,exposure_floor
2022-02-24,COALINDIA,EXIT,exposure_floor
2022-02-24,EICHERMOT,EXIT,exposure_floor
2022-02-24,ELGIEQUIP,EXIT,exposure_floor
2022-02-24,GRASIM,EXIT,exposure_floor
2022-02-24,HDFCBANK,EXIT,exposure_floor
2022-02-24,ICICIBANK,EXIT,exposure_floor
2022-02-24,ITC,EXIT,exposure_floor
2022-02-24,INDIGO,EXIT,exposure_floor
2022-02-24,JPPOWER,EXIT,exposure_floor
2022-02-24,KOTAKBANK,EXIT,exposure_floor
2022-02-24,LT,EXIT,exposure_floor
2022-02-24,M&M,EXIT,exposure_floor
2022-02-24,OLECTRA,EXIT,exposure_floor
2022-02-24,POONAWALLA,EXIT,exposure_floor
2022-02-24,RELIANCE,EXIT,exposure_floor
2022-02-24,SUZLON,EXIT,exposure_floor
2022-02-24,TCS,EXIT,exposure_floor
2022-02-24,TRIDENT,EXIT,exposure_floor
2022-02-25,ADANIENT,EXIT,exposure_floor
2022-02-25,CGPOWER,EXIT,exposure_floor
2022-02-25,COALINDIA,REDUCE,exposure_floor
2022-02-25,EICHERMOT,EXIT,exposure_floor
2022-02-25,ELGIEQUIP,EXIT,exposure_floor
2022-02-25,HDFCBANK,EXIT,exposure_floor
2022-02-25,ICICIBANK,EXIT,exposure_floor
2022-02-25,ITC,EXIT,exposure_floor
2022-02-25,INDIGO,EXIT,exposure_floor
2022-02-25,JPPOWER,EXIT,exposure_floor
2022-02-25,KOTAKBANK,EXIT,exposure_floor
2022-02-25,LT,EXIT,exposure_floor
2022-02-25,M&M,EXIT,exposure_floor
2022-02-25,OLECTRA,EXIT,exposure_floor
2022-02-25,POONAWALLA,EXIT,exposure_floor
2022-02-25,RELIANCE,EXIT,exposure_floor
2022-02-25,SUZLON,EXIT,exposure_floor
2022-02-25,TCS,EXIT,exposure_floor
2022-02-25,TRIDENT,EXIT,exposure_floor
2022-02-28,AXISBANK,EXIT,exposure_floor
2022-02-28,CGPOWER,EXIT,exposure_floor
2022-02-28,ELGIEQUIP,EXIT,exposure_floor
2022-02-28,HDFCBANK,EXIT,exposure_floor
2022-02-28,ICICIBANK,EXIT,exposure_floor
2022-02-28,ITC,EXIT,exposure_floor
2022-02-28,INDIGO,EXIT,exposure_floor
2022-02-28,JPPOWER,EXIT,exposure_floor
2022-02-28,KOTAKBANK,EXIT,exposure_floor
2022-02-28,LT,EXIT,exposure_floor
2022-02-28,M&M,EXIT,exposure_floor
2022-02-28,OLECTRA,EXIT,exposure_floor
2022-02-28,POONAWALLA,EXIT,exposure_floor
2022-02-28,RELIANCE,EXIT,exposure_floor
2022-02-28,SUZLON,EXIT,exposure_floor
2022-02-28,TCS,EXIT,exposure_floor
2022-02-28,TRIDENT,EXIT,exposure_floor
2022-03-02,CGPOWER,EXIT,exposure_floor
2022-03-02,ELGIEQUIP,EXIT,exposure_floor
2022-03-02,ICICIBANK,EXIT,exposure_floor
2022-03-02,ITC,EXIT,exposure_floor
2022-03-02,INDIGO,EXIT,exposure_floor
2022-03-02,JPPOWER,EXIT,exposure_floor
2022-03-02,KOTAKBANK,EXIT,exposure_floor
2022-03-02,LT,EXIT,exposure_floor
2022-03-02,M&M,EXIT,exposure_floor
2022-03-02,OLECTRA,EXIT,exposure_floor
2022-03-02,POONAWALLA,EXIT,exposure_floor
2022-03-02,RELIANCE,EXIT,exposure_floor
2022-03-02,SUZLON,EXIT,exposure_floor
2022-03-02,TCS,EXIT,exposure_floor
2022-03-02,TRIDENT,EXIT,exposure_floor
2022-03-03,AXISBANK,EXIT,exposure_floor
2022-03-03,CGPOWER,EXIT,exposure_floor
2022-03-03,ICICIBANK,EXIT,exposure_floor
2022-03-03,ITC,REDUCE,exposure_floor
2022-03-03,INDIGO,EXIT,exposure_floor
2022-03-03,JPPOWER,EXIT,exposure_floor
2022-03-03,KOTAKBANK,EXIT,exposure_floor
2022-03-03,LT,EXIT,exposure_floor
2022-03-03,M&M,EXIT,exposure_floor
2022-03-03,MARUTI,EXIT,exposure_floor
2022-03-03,OLECTRA,EXIT,exposure_floor
2022-03-03,POONAWALLA,EXIT,exposure_floor
2022-03-03,RELIANCE,EXIT,exposure_floor
2022-03-03,SUZLON,EXIT,exposure_floor
2022-03-03,TRIDENT,EXIT,exposure_floor
2022-03-04,AAVAS,EXIT,exposure_floor
2022-03-04,APOLLOHOSP,EXIT,exposure_floor
2022-03-04,AXISBANK,EXIT,exposure_floor
2022-03-04,CGPOWER,EXIT,exposure_floor
2022-03-04,ICICIBANK,EXIT,exposure_floor
2022-03-04,INDIGO,EXIT,exposure_floor
2022-03-04,JPPOWER,EXIT,exposure_floor
2022-03-04,KOTAKBANK,EXIT,exposure_floor
2022-03-04,LT,EXIT,exposure_floor
2022-03-04,M&M,EXIT,exposure_floor
2022-03-04,MARUTI,EXIT,exposure_floor
2022-03-04,OLECTRA,EXIT,exposure_floor
2022-03-04,POONAWALLA,EXIT,exposure_floor
2022-03-04,RELIANCE,EXIT,exposure_floor
2022-03-04,SBIN,EXIT,exposure_floor
2022-03-04,SUZLON,EXIT,exposure_floor
2022-03-04,TATASTEEL,EXIT,exposure_floor
2022-03-04,TRIDENT,EXIT,exposure_floor
2022-03-07,AXISBANK,EXIT,exposure_floor
2022-03-07,CGPOWER,EXIT,exposure_floor
2022-03-07,ICICIBANK,EXIT,exposure_floor
2022-03-07,INDIGO,EXIT,exposure_floor
2022-03-07,JPPOWER,EXIT,exposure_floor
2022-03-07,KOTAKBANK,EXIT,exposure_floor
2022-03-07,LT,EXIT,exposure_floor
2022-03-07,M&M,EXIT,exposure_floor
2022-03-07,MARUTI,EXIT,exposure_floor
2022-03-07,OLECTRA,EXIT,exposure_floor
2022-03-07,POONAWALLA,EXIT,exposure_floor
2022-03-07,RELIANCE,EXIT,exposure_floor
2022-03-07,SBIN,EXIT,exposure_floor
2022-03-07,SUZLON,EXIT,exposure_floor
2022-03-07,TATASTEEL,REDUCE,exposure_floor
2022-03-07,TRIDENT,EXIT,exposure_floor
2022-03-08,CGPOWER,EXIT,exposure_floor
2022-03-08,INDIGO,EXIT,exposure_floor
2022-03-08,JPPOWER,EXIT,exposure_floor
2022-03-08,KOTAKBANK,EXIT,exposure_floor
2022-03-08,LT,EXIT,exposure_floor
2022-03-08,M&M,EXIT,exposure_floor
2022-03-08,MARUTI,EXIT,exposure_floor
2022-03-08,OLECTRA,EXIT,exposure_floor
2022-03-08,POONAWALLA,EXIT,exposure_floor
2022-03-08,RELIANCE,EXIT,exposure_floor
2022-03-08,SBIN,EXIT,exposure_floor
2022-03-08,SUZLON,EXIT,exposure_floor
2022-03-08,TATASTEEL,EXIT,exposure_floor
2022-03-08,TRIDENT,EXIT,exposure_floor
2022-03-09,CGPOWER,EXIT,exposure_floor
2022-03-09,JPPOWER,EXIT,exposure_floor
2022-03-09,KOTAKBANK,EXIT,exposure_floor
2022-03-09,LT,EXIT,exposure_floor
2022-03-09,MARUTI,EXIT,exposure_floor
2022-03-09,OLECTRA,EXIT,exposure_floor
2022-03-09,POONAWALLA,EXIT,exposure_floor
2022-03-09,RELIANCE,EXIT,exposure_floor
2022-03-09,SBIN,EXIT,exposure_floor
2022-03-09,SUZLON,EXIT,exposure_floor
2022-03-09,TATASTEEL,EXIT,exposure_floor
2022-03-09,TRIDENT,EXIT,exposure_floor
2022-03-10,CGPOWER,EXIT,exposure_floor
2022-03-10,JPPOWER,EXIT,exposure_floor
2022-03-10,LT,EXIT,exposure_floor
2022-03-10,MARUTI,EXIT,exposure_floor
2022-03-10,OLECTRA,EXIT,exposure_floor
2022-03-10,POONAWALLA,EXIT,exposure_floor
2022-03-10,RELIANCE,EXIT,exposure_floor
2022-03-10,SBIN,EXIT,exposure_floor
2022-03-10,SUZLON,EXIT,exposure_floor
2022-03-10,TATASTEEL,REDUCE,exposure_floor
2022-03-10,TRIDENT,EXIT,exposure_floor
2022-03-11,CGPOWER,EXIT,exposure_floor
2022-03-11,JPPOWER,EXIT,exposure_floor
2022-03-11,LT,EXIT,exposure_floor
2022-03-11,MARUTI,EXIT,exposure_floor
2022-03-11,OLECTRA,EXIT,exposure_floor
2022-03-11,POONAWALLA,EXIT,exposure_floor
2022-03-11,SBIN,EXIT,exposure_floor
2022-03-11,SUZLON,EXIT,exposure_floor
2022-03-11,TATASTEEL,REDUCE,exposure_floor
2022-03-11,TRIDENT,EXIT,exposure_floor
2022-03-14,CGPOWER,EXIT,exposure_floor
2022-03-14,JPPOWER,EXIT,exposure_floor
2022-03-14,MARUTI,EXIT,exposure_floor
2022-03-14,OLECTRA,EXIT,exposure_floor
2022-03-14,POONAWALLA,EXIT,exposure_floor
2022-03-14,SBIN,EXIT,exposure_floor
2022-03-14,SUZLON,EXIT,exposure_floor
2022-03-14,TATASTEEL,REDUCE,exposure_floor
2022-03-14,TRIDENT,EXIT,exposure_floor
2022-03-15,APOLLOHOSP,EXIT,exposure_floor
2022-03-15,CGPOWER,EXIT,exposure_floor
2022-03-15,JPPOWER,EXIT,exposure_floor
2022-03-15,MARUTI,EXIT,exposure_floor
2022-03-15,OLECTRA,EXIT,exposure_floor
2022-03-15,POONAWALLA,EXIT,exposure_floor
2022-03-15,SBIN,EXIT,exposure_floor
2022-03-15,SUZLON,EXIT,exposure_floor
2022-03-15,TATASTEEL,EXIT,exposure_floor
2022-03-15,TRIDENT,EXIT,exposure_floor
2022-03-16,APOLLOHOSP,REDUCE,exposure_floor
2022-03-16,CGPOWER,EXIT,exposure_floor
2022-03-16,JPPOWER,EXIT,exposure_floor
2022-03-16,MARUTI,EXIT,exposure_floor
2022-03-16,OLECTRA,EXIT,exposure_floor
2022-03-16,SBIN,EXIT,exposure_floor
2022-03-16,SUZLON,EXIT,exposure_floor
2022-03-16,TATASTEEL,EXIT,exposure_floor
2022-03-16,TRIDENT,EXIT,exposure_floor
2022-03-17,APOLLOHOSP,EXIT,exposure_floor
2022-03-17,CGPOWER,EXIT,exposure_floor
2022-03-17,JPPOWER,EXIT,exposure_floor
2022-03-17,OLECTRA,EXIT,exposure_floor
2022-03-17,SBIN,EXIT,exposure_floor
2022-03-17,SUZLON,EXIT,exposure_floor
2022-03-17,TRIDENT,EXIT,exposure_floor
2022-03-21,APOLLOHOSP,EXIT,exposure_floor
2022-03-21,CGPOWER,EXIT,exposure_floor
2022-03-21,JPPOWER,EXIT,exposure_floor
2022-03-21,OLECTRA,EXIT,exposure_floor
2022-03-21,SBIN,EXIT,exposure_floor
2022-03-21,SUZLON,EXIT,exposure_floor
2022-03-21,TATACONSUM,EXIT,exposure_floor
2022-03-21,TRIDENT,EXIT,exposure_floor
2022-03-22,APOLLOHOSP,EXIT,exposure_floor
2022-03-22,CGPOWER,EXIT,exposure_floor
2022-03-22,JPPOWER,EXIT,exposure_floor
2022-03-22,OLECTRA,EXIT,exposure_floor
2022-03-22,SUZLON,EXIT,exposure_floor
2022-03-22,TATACONSUM,EXIT,exposure_floor
2022-03-22,TATASTEEL,REDUCE,exposure_floor
2022-03-22,TRIDENT,EXIT,exposure_floor
2022-03-23,APOLLOHOSP,EXIT,exposure_floor
2022-03-23,CGPOWER,EXIT,exposure_floor
2022-03-23,JPPOWER,EXIT,exposure_floor
2022-03-23,OLECTRA,EXIT,exposure_floor
2022-03-23,SUZLON,EXIT,exposure_floor
2022-03-23,TATACONSUM,EXIT,exposure_floor
2022-03-23,TATASTEEL,REDUCE,exposure_floor
2022-03-23,TRIDENT,EXIT,exposure_floor
2022-03-24,APOLLOHOSP,EXIT,exposure_floor
2022-03-24,CGPOWER,EXIT,exposure_floor
2022-03-24,JPPOWER,EXIT,exposure_floor
2022-03-24,OLECTRA,EXIT,exposure_floor
2022-03-24,SUZLON,EXIT,exposure_floor
2022-03-24,TATASTEEL,REDUCE,exposure_floor
2022-03-24,TRIDENT,EXIT,exposure_floor
2022-03-25,APOLLOHOSP,EXIT,exposure_floor
2022-03-25,CGPOWER,REDUCE,exposure_floor
2022-03-25,JPPOWER,EXIT,exposure_floor
2022-03-25,OLECTRA,EXIT,exposure_floor
2022-03-25,SUZLON,EXIT,exposure_floor
2022-03-25,TRIDENT,EXIT,exposure_floor
2022-03-28,ADANIPORTS,EXIT,exposure_floor
2022-03-28,APOLLOHOSP,EXIT,exposure_floor
2022-03-28,JPPOWER,EXIT,exposure_floor
2022-03-28,OLECTRA,EXIT,exposure_floor
2022-03-28,SUZLON,EXIT,exposure_floor
2022-03-28,TRIDENT,EXIT,exposure_floor
2022-03-29,APOLLOHOSP,EXIT,exposure_floor
2022-03-29,JPPOWER,EXIT,exposure_floor
2022-03-29,OLECTRA,EXIT,exposure_floor
2022-03-29,SUZLON,EXIT,exposure_floor
2022-03-29,TRIDENT,EXIT,exposure_floor
2022-03-30,APOLLOHOSP,EXIT,exposure_floor
2022-03-30,OLECTRA,EXIT,exposure_floor
2022-03-30,SUZLON,EXIT,exposure_floor
2022-03-30,TRIDENT,EXIT,exposure_floor
2022-03-31,APOLLOHOSP,EXIT,exposure_floor
2022-03-31,OLECTRA,EXIT,exposure_floor
2022-03-31,SUZLON,EXIT,exposure_floor
2022-03-31,TRIDENT,EXIT,exposure_floor
2022-04-01,OLECTRA,EXIT,exposure_floor
2022-04-01,SUZLON,EXIT,exposure_floor
2022-04-01,TRIDENT,EXIT,exposure_floor
2022-04-04,OLECTRA,EXIT,exposure_floor
2022-04-04,TRIDENT,EXIT,exposure_floor
2022-04-05,OLECTRA,EXIT,exposure_floor
2022-04-05,TRIDENT,EXIT,exposure_floor
2022-04-06,OLECTRA,EXIT,exposure_floor
2022-04-06,TRIDENT,EXIT,exposure_floor
2022-04-07,OLECTRA,EXIT,exposure_floor
2022-04-07,TRIDENT,EXIT,exposure_floor
2022-04-08,OLECTRA,EXIT,exposure_floor
2022-04-08,TRIDENT,EXIT,exposure_floor
2022-04-11,OLECTRA,EXIT,exposure_floor
2022-04-11,TRIDENT,EXIT,exposure_floor
2022-04-12,OLECTRA,EXIT,exposure_floor
2022-04-12,TRIDENT,EXIT,exposure_floor
2022-04-13,OLECTRA,EXIT,exposure_floor
2022-04-13,TRIDENT,EXIT,exposure_floor
2022-04-18,OLECTRA,EXIT,exposure_floor
2022-04-18,TRIDENT,EXIT,exposure_floor
2022-04-19,OLECTRA,EXIT,exposure_floor
2022-04-19,TRIDENT,EXIT,exposure_floor
2022-04-20,OLECTRA,EXIT,exposure_floor
2022-04-20,TRIDENT,EXIT,exposure_floor
2022-04-21,OLECTRA,EXIT,exposure_floor
2022-04-21,TRIDENT,EXIT,exposure_floor
2022-04-22,OLECTRA,EXIT,exposure_floor
2022-04-22,TRIDENT,EXIT,exposure_floor
2022-04-25,NATIONALUM,EXIT,exposure_floor
2022-04-25,OLECTRA,EXIT,exposure_floor
2022-04-25,SBIN,REDUCE,exposure_floor
2022-04-25,TRIDENT,EXIT,exposure_floor
2022-04-26,OLECTRA,EXIT,exposure_floor
2022-04-26,TRIDENT,EXIT,exposure_floor
2022-04-27,OLECTRA,EXIT,exposure_floor
2022-04-27,TRIDENT,EXIT,exposure_floor
2022-04-28,OLECTRA,EXIT,exposure_floor
2022-04-28,TRIDENT,EXIT,exposure_floor
2022-04-29,AXISBANK,EXIT,exposure_floor
2022-04-29,OLECTRA,EXIT,exposure_floor
2022-04-29,TRIDENT,EXIT,exposure_floor
2022-05-02,EICHERMOT,EXIT,exposure_floor
2022-05-02,GMDCLTD,EXIT,exposure_floor
2022-05-02,ONGC,EXIT,exposure_floor
2022-05-02,OLECTRA,EXIT,exposure_floor
2022-05-02,TRIDENT,EXIT,exposure_floor
2022-07-07,NESTLEIND,EXIT,exposure_floor
2022-07-08,HINDUNILVR,REDUCE,exposure_floor
2022-07-08,ICICIBANK,REDUCE,exposure_floor
2022-07-08,NESTLEIND,REDUCE,exposure_floor
2022-07-11,HINDUNILVR,REDUCE,exposure_floor
2022-07-11,ICICIBANK,REDUCE,exposure_floor
2022-07-11,NESTLEIND,REDUCE,exposure_floor
2022-07-12,HINDUNILVR,REDUCE,exposure_floor
2022-07-12,ICICIBANK,REDUCE,exposure_floor
2022-07-12,NESTLEIND,EXIT,exposure_floor
2022-07-12,SBILIFE,EXIT,exposure_floor
2022-07-13,ICICIBANK,REDUCE,exposure_floor
2022-07-13,NESTLEIND,REDUCE,exposure_floor
2022-07-13,SBILIFE,EXIT,exposure_floor
2022-07-14,NESTLEIND,REDUCE,exposure_floor
2022-07-14,SBILIFE,EXIT,exposure_floor
2022-07-14,SBIN,EXIT,exposure_floor
2022-07-15,SBIN,EXIT,exposure_floor
2022-09-26,ELECON,EXIT,exposure_floor
2022-09-26,JWL,EXIT,exposure_floor
2022-09-26,TATAINVEST,EXIT,exposure_floor
2022-09-27,TATAINVEST,REDUCE,exposure_floor
2022-09-28,TATAINVEST,EXIT,exposure_floor
2022-09-29,TATAINVEST,EXIT,exposure_floor
2022-11-11,TRENT,REDUCE,exposure_floor
2022-11-17,TARIL,EXIT,exposure_floor
2022-12-16,POWERGRID,EXIT,exposure_floor
2022-12-22,BANKINDIA,EXIT,exposure_floor
2022-12-22,COCHINSHIP,EXIT,exposure_floor
2022-12-22,GRSE,EXIT,exposure_floor
2022-12-22,HSCL,EXIT,exposure_floor
2022-12-22,MARUTI,EXIT,exposure_floor
2022-12-22,TARIL,EXIT,exposure_floor
2022-12-22,UNIONBANK,EXIT,exposure_floor
2022-12-23,BANKINDIA,EXIT,exposure_floor
2022-12-23,COCHINSHIP,EXIT,exposure_floor
2022-12-23,GRSE,EXIT,exposure_floor
2022-12-23,HSCL,EXIT,exposure_floor
2022-12-23,IOB,EXIT,exposure_floor
2022-12-23,INDIGO,EXIT,exposure_floor
2022-12-23,KIRLOSENG,EXIT,exposure_floor
2022-12-23,MARUTI,EXIT,exposure_floor
2022-12-23,MAZDOCK,EXIT,exposure_floor
2022-12-23,POWERGRID,EXIT,exposure_floor
2022-12-23,RELIANCE,EXIT,exposure_floor
2022-12-23,TARIL,EXIT,exposure_floor
2022-12-23,TRENT,EXIT,exposure_floor
2022-12-23,UCOBANK,EXIT,exposure_floor
2022-12-23,UNIONBANK,EXIT,exposure_floor
2022-12-27,BANKINDIA,REDUCE,exposure_floor
2022-12-27,COCHINSHIP,EXIT,exposure_floor
2022-12-27,DRREDDY,EXIT,exposure_floor
2022-12-27,GRSE,EXIT,exposure_floor
2022-12-27,IOB,REDUCE,exposure_floor
2022-12-27,INDIGO,REDUCE,exposure_floor
2022-12-27,KIRLOSENG,REDUCE,exposure_floor
2022-12-27,MAZDOCK,REDUCE,exposure_floor
2022-12-27,POWERGRID,EXIT,exposure_floor
2022-12-27,RELIANCE,EXIT,exposure_floor
2022-12-27,SUNPHARMA,REDUCE,exposure_floor
2022-12-27,TATACONSUM,REDUCE,exposure_floor
2022-12-27,TARIL,EXIT,exposure_floor
2022-12-27,UCOBANK,REDUCE,exposure_floor
2022-12-28,COCHINSHIP,EXIT,exposure_floor
2022-12-28,DRREDDY,EXIT,exposure_floor
2022-12-28,GRSE,EXIT,exposure_floor
2022-12-28,POWERGRID,EXIT,exposure_floor
2022-12-28,RELIANCE,EXIT,exposure_floor
2022-12-28,SUNPHARMA,REDUCE,exposure_floor
2022-12-28,TATACONSUM,REDUCE,exposure_floor
2022-12-28,TATASTEEL,EXIT,exposure_floor
2022-12-28,TARIL,EXIT,exposure_floor
2022-12-28,UNIONBANK,EXIT,exposure_floor
2022-12-29,BANKINDIA,EXIT,exposure_floor
2022-12-29,COCHINSHIP,EXIT,exposure_floor
2022-12-29,GRSE,EXIT,exposure_floor
2022-12-29,POWERGRID,EXIT,exposure_floor
2022-12-29,RELIANCE,EXIT,exposure_floor
2022-12-29,TATACONSUM,REDUCE,exposure_floor
2022-12-29,TARIL,EXIT,exposure_floor
2022-12-29,UCOBANK,EXIT,exposure_floor
2022-12-29,UNIONBANK,EXIT,exposure_floor
2022-12-30,APOLLOHOSP,REDUCE,exposure_floor
2022-12-30,BANKINDIA,REDUCE,exposure_floor
2022-12-30,COCHINSHIP,EXIT,exposure_floor
2022-12-30,GRSE,EXIT,exposure_floor
2022-12-30,POWERGRID,EXIT,exposure_floor
2022-12-30,RELIANCE,EXIT,exposure_floor
2022-12-30,SBILIFE,REDUCE,exposure_floor
2022-12-30,TATACONSUM,EXIT,exposure_floor
2022-12-30,TARIL,EXIT,exposure_floor
2022-12-30,UCOBANK,REDUCE,exposure_floor
2022-12-30,UNIONBANK,REDUCE,exposure_floor
2023-01-02,APOLLOHOSP,REDUCE,exposure_floor
2023-01-02,COCHINSHIP,EXIT,exposure_floor
2023-01-02,GRSE,EXIT,exposure_floor
2023-01-02,RELIANCE,EXIT,exposure_floor
2023-01-02,TATACONSUM,EXIT,exposure_floor
2023-01-02,TARIL,EXIT,exposure_floor
2023-01-03,COCHINSHIP,EXIT,exposure_floor
2023-01-03,GRSE,REDUCE,exposure_floor
2023-01-03,TATACONSUM,EXIT,exposure_floor
2023-01-03,TARIL,EXIT,exposure_floor
2023-01-04,COCHINSHIP,EXIT,exposure_floor
2023-01-04,GRSE,REDUCE,exposure_floor
2023-01-04,ONGC,EXIT,exposure_floor
2023-01-04,TATACONSUM,EXIT,exposure_floor
2023-01-04,TARIL,EXIT,exposure_floor
2023-01-05,COCHINSHIP,EXIT,exposure_floor
2023-01-05,GRSE,REDUCE,exposure_floor
2023-01-05,ONGC,EXIT,exposure_floor
2023-01-05,TATACONSUM,EXIT,exposure_floor
2023-01-05,TARIL,EXIT,exposure_floor
2023-01-06,COCHINSHIP,EXIT,exposure_floor
2023-01-06,GRSE,REDUCE,exposure_floor
2023-01-06,ONGC,EXIT,exposure_floor
2023-01-06,TATACONSUM,EXIT,exposure_floor
2023-01-06,TARIL,EXIT,exposure_floor
2023-01-09,COCHINSHIP,EXIT,exposure_floor
2023-01-09,GRSE,REDUCE,exposure_floor
2023-01-09,ONGC,REDUCE,exposure_floor
2023-01-09,TATACONSUM,EXIT,exposure_floor
2023-01-09,TARIL,EXIT,exposure_floor
2023-01-10,COCHINSHIP,EXIT,exposure_floor
2023-01-10,GRSE,REDUCE,exposure_floor
2023-01-10,RELIANCE,EXIT,exposure_floor
2023-01-10,TATACONSUM,EXIT,exposure_floor
2023-01-10,TARIL,EXIT,exposure_floor
2023-01-10,UCOBANK,EXIT,exposure_floor
2023-01-10,UNIONBANK,EXIT,exposure_floor
2023-01-11,COCHINSHIP,EXIT,exposure_floor
2023-01-11,GRSE,REDUCE,exposure_floor
2023-01-11,ONGC,EXIT,exposure_floor
2023-01-11,RELIANCE,EXIT,exposure_floor
2023-01-11,TATACONSUM,EXIT,exposure_floor
2023-01-11,TARIL,REDUCE,exposure_floor
2023-01-11,UCOBANK,EXIT,exposure_floor
2023-01-11,UNIONBANK,EXIT,exposure_floor
2023-01-12,COCHINSHIP,EXIT,exposure_floor
2023-01-12,GRSE,REDUCE,exposure_floor
2023-01-12,ONGC,EXIT,exposure_floor
2023-01-12,RELIANCE,EXIT,exposure_floor
2023-01-12,TATACONSUM,EXIT,exposure_floor
2023-01-12,UCOBANK,EXIT,exposure_floor
2023-01-12,UNIONBANK,EXIT,exposure_floor
2023-01-13,COCHINSHIP,EXIT,exposure_floor
2023-01-13,GRSE,REDUCE,exposure_floor
2023-01-13,ONGC,EXIT,exposure_floor
2023-01-13,RELIANCE,EXIT,exposure_floor
2023-01-13,TITAN,EXIT,exposure_floor
2023-01-13,UCOBANK,EXIT,exposure_floor
2023-01-13,UNIONBANK,EXIT,exposure_floor
2023-01-16,COCHINSHIP,EXIT,exposure_floor
2023-01-16,MAZDOCK,EXIT,exposure_floor
2023-01-16,ONGC,EXIT,exposure_floor
2023-01-16,RELIANCE,EXIT,exposure_floor
2023-01-16,TITAN,EXIT,exposure_floor
2023-01-16,UCOBANK,REDUCE,exposure_floor
2023-01-16,UNIONBANK,REDUCE,exposure_floor
2023-01-17,ADANIENT,REDUCE,exposure_floor
2023-01-17,COCHINSHIP,EXIT,exposure_floor
2023-01-17,GRSE,REDUCE,exposure_floor
2023-01-17,MAZDOCK,EXIT,exposure_floor
2023-01-17,TITAN,EXIT,exposure_floor
2023-01-18,ADANIENT,REDUCE,exposure_floor
2023-01-18,COCHINSHIP,EXIT,exposure_floor
2023-01-18,GRSE,REDUCE,exposure_floor
2023-01-18,MAZDOCK,EXIT,exposure_floor
2023-01-18,SBIN,REDUCE,exposure_floor
2023-01-18,TITAN,EXIT,exposure_floor
2023-01-19,ADANIENT,EXIT,exposure_floor
2023-01-19,APOLLOHOSP,REDUCE,exposure_floor
2023-01-19,COCHINSHIP,EXIT,exposure_floor
2023-01-19,GRSE,REDUCE,exposure_floor
2023-01-19,MAZDOCK,EXIT,exposure_floor
2023-01-20,ADANIENT,EXIT,exposure_floor
2023-01-20,COCHINSHIP,EXIT,exposure_floor
2023-01-20,MAZDOCK,EXIT,exposure_floor
2023-01-20,UCOBANK,EXIT,exposure_floor
2023-01-23,ADANIENT,EXIT,exposure_floor
2023-01-23,COCHINSHIP,EXIT,exposure_floor
2023-01-23,MAZDOCK,EXIT,exposure_floor
2023-01-23,UCOBANK,EXIT,exposure_floor
2023-01-24,ADANIENT,EXIT,exposure_floor
2023-01-24,BANKINDIA,EXIT,exposure_floor
2023-01-24,COCHINSHIP,EXIT,exposure_floor
2023-01-24,GRASIM,EXIT,exposure_floor
2023-01-24,IOB,EXIT,exposure_floor
2023-01-24,MAXHEALTH,REDUCE,exposure_floor
2023-01-24,MAZDOCK,EXIT,exposure_floor
2023-01-24,SBIN,REDUCE,exposure_floor
2023-01-24,UCOBANK,EXIT,exposure_floor
2023-01-25,ADANIENT,EXIT,exposure_floor
2023-01-25,APOLLOHOSP,EXIT,exposure_floor
2023-01-25,BANKINDIA,EXIT,exposure_floor
2023-01-25,COCHINSHIP,EXIT,exposure_floor
2023-01-25,IOB,EXIT,exposure_floor
2023-01-25,MAZDOCK,EXIT,exposure_floor
2023-01-25,SHRIRAMFIN,EXIT,exposure_floor
2023-01-25,SBIN,REDUCE,exposure_floor
2023-01-25,UCOBANK,EXIT,exposure_floor
2023-01-25,ULTRACEMCO,REDUCE,exposure_floor
2023-01-25,UNIONBANK,EXIT,exposure_floor
2023-01-27,ADANIENT,EXIT,exposure_floor
2023-01-27,APARINDS,EXIT,exposure_floor
2023-01-27,APOLLOHOSP,EXIT,exposure_floor
2023-01-27,BANKINDIA,EXIT,exposure_floor
2023-01-27,BEL,EXIT,exposure_floor
2023-01-27,COALINDIA,REDUCE,exposure_floor
2023-01-27,COCHINSHIP,EXIT,exposure_floor
2023-01-27,ICICIBANK,EXIT,exposure_floor
2023-01-27,IOB,EXIT,exposure_floor
2023-01-27,KIRLOSENG,EXIT,exposure_floor
2023-01-27,MAZDOCK,EXIT,exposure_floor
2023-01-27,ONGC,EXIT,exposure_floor
2023-01-27,SHRIRAMFIN,EXIT,exposure_floor
2023-01-27,SBIN,REDUCE,exposure_floor
2023-01-27,UCOBANK,EXIT,exposure_floor
2023-01-27,ULTRACEMCO,REDUCE,exposure_floor
2023-01-27,UNIONBANK,EXIT,exposure_floor
2023-01-30,APARINDS,EXIT,exposure_floor
2023-01-30,BANKINDIA,EXIT,exposure_floor
2023-01-30,COCHINSHIP,EXIT,exposure_floor
2023-01-30,ICICIBANK,EXIT,exposure_floor
2023-01-30,IOB,EXIT,exposure_floor
2023-01-30,KIRLOSENG,EXIT,exposure_floor
2023-01-30,MAZDOCK,EXIT,exposure_floor
2023-01-30,ONGC,EXIT,exposure_floor
2023-01-30,POWERGRID,EXIT,exposure_floor
2023-01-30,SHRIRAMFIN,EXIT,exposure_floor
2023-01-30,SBIN,REDUCE,exposure_floor
2023-01-30,UCOBANK,EXIT,exposure_floor
2023-01-30,ULTRACEMCO,REDUCE,exposure_floor
2023-01-30,UNIONBANK,EXIT,exposure_floor
2023-01-31,APARINDS,REDUCE,exposure_floor
2023-01-31,BANKINDIA,EXIT,exposure_floor
2023-01-31,COCHINSHIP,EXIT,exposure_floor
2023-01-31,IOB,EXIT,exposure_floor
2023-01-31,KIRLOSENG,EXIT,exposure_floor
2023-01-31,MAZDOCK,EXIT,exposure_floor
2023-01-31,SHRIRAMFIN,EXIT,exposure_floor
2023-01-31,SBIN,REDUCE,exposure_floor
2023-01-31,UCOBANK,EXIT,exposure_floor
2023-01-31,UNIONBANK,EXIT,exposure_floor
2023-02-01,BANKINDIA,EXIT,exposure_floor
2023-02-01,COCHINSHIP,EXIT,exposure_floor
2023-02-01,HDFCLIFE,EXIT,exposure_floor
2023-02-01,IOB,EXIT,exposure_floor
2023-02-01,KIRLOSENG,EXIT,exposure_floor
2023-02-01,MAZDOCK,EXIT,exposure_floor
2023-02-01,SHRIRAMFIN,EXIT,exposure_floor
2023-02-01,SBIN,EXIT,exposure_floor
2023-02-01,UCOBANK,EXIT,exposure_floor
2023-02-01,UNIONBANK,EXIT,exposure_floor
2023-02-02,BANKINDIA,EXIT,exposure_floor
2023-02-02,COCHINSHIP,EXIT,exposure_floor
2023-02-02,HDFCLIFE,EXIT,exposure_floor
2023-02-02,IOB,EXIT,exposure_floor
2023-02-02,KIRLOSENG,EXIT,exposure_floor
2023-02-02,MAZDOCK,EXIT,exposure_floor
2023-02-02,SHRIRAMFIN,EXIT,exposure_floor
2023-02-02,SBIN,EXIT,exposure_floor
2023-02-02,UCOBANK,EXIT,exposure_floor
2023-02-02,UNIONBANK,EXIT,exposure_floor
2023-02-03,BANKINDIA,EXIT,exposure_floor
2023-02-03,COCHINSHIP,EXIT,exposure_floor
2023-02-03,GRSE,REDUCE,exposure_floor
2023-02-03,IOB,EXIT,exposure_floor
2023-02-03,KIRLOSENG,EXIT,exposure_floor
2023-02-03,MAZDOCK,EXIT,exposure_floor
2023-02-03,SBIN,EXIT,exposure_floor
2023-02-03,UCOBANK,EXIT,exposure_floor
2023-02-03,UNIONBANK,EXIT,exposure_floor
2023-02-06,BANKINDIA,EXIT,exposure_floor
2023-02-06,COCHINSHIP,EXIT,exposure_floor
2023-02-06,EICHERMOT,EXIT,exposure_floor
2023-02-06,GRSE,REDUCE,exposure_floor
2023-02-06,IOB,EXIT,exposure_floor
2023-02-06,INFY,EXIT,exposure_floor
2023-02-06,JWL,EXIT,exposure_floor
2023-02-06,KIRLOSENG,EXIT,exposure_floor
2023-02-06,MAZDOCK,EXIT,exposure_floor
2023-02-06,UCOBANK,EXIT,exposure_floor
2023-02-06,UNIONBANK,EXIT,exposure_floor
2023-02-07,BANKINDIA,EXIT,exposure_floor
2023-02-07,COCHINSHIP,EXIT,exposure_floor
2023-02-07,IOB,EXIT,exposure_floor
2023-02-07,JWL,EXIT,exposure_floor
2023-02-07,KIRLOSENG,EXIT,exposure_floor
2023-02-07,MAZDOCK,EXIT,exposure_floor
2023-02-07,UCOBANK,EXIT,exposure_floor
2023-02-07,UNIONBANK,EXIT,exposure_floor
2023-02-08,BANKINDIA,EXIT,exposure_floor
2023-02-08,COCHINSHIP,EXIT,exposure_floor
2023-02-08,EICHERMOT,EXIT,exposure_floor
2023-02-08,IOB,EXIT,exposure_floor
2023-02-08,KIRLOSENG,EXIT,exposure_floor
2023-02-08,MAZDOCK,EXIT,exposure_floor
2023-02-08,TARIL,EXIT,exposure_floor
2023-02-08,UCOBANK,EXIT,exposure_floor
2023-02-08,UNIONBANK,EXIT,exposure_floor
2023-02-09,BANKINDIA,EXIT,exposure_floor
2023-02-09,COCHINSHIP,EXIT,exposure_floor
2023-02-09,EICHERMOT,EXIT,exposure_floor
2023-02-09,IOB,EXIT,exposure_floor
2023-02-09,KIRLOSENG,REDUCE,exposure_floor
2023-02-09,MAZDOCK,EXIT,exposure_floor
2023-02-09,TARIL,EXIT,exposure_floor
2023-02-09,UCOBANK,EXIT,exposure_floor
2023-02-10,BANKINDIA,EXIT,exposure_floor
2023-02-10,COCHINSHIP,EXIT,exposure_floor
2023-02-10,EICHERMOT,EXIT,exposure_floor
2023-02-10,GRSE,REDUCE,exposure_floor
2023-02-10,IOB,EXIT,exposure_floor
2023-02-10,KIRLOSENG,REDUCE,exposure_floor
2023-02-10,MAZDOCK,EXIT,exposure_floor
2023-02-10,TATASTEEL,EXIT,exposure_floor
2023-02-10,TARIL,REDUCE,exposure_floor
2023-02-10,UCOBANK,EXIT,exposure_floor
2023-02-13,BANKINDIA,EXIT,exposure_floor
2023-02-13,COCHINSHIP,EXIT,exposure_floor
2023-02-13,EICHERMOT,EXIT,exposure_floor
2023-02-13,GRSE,EXIT,exposure_floor
2023-02-13,IOB,EXIT,exposure_floor
2023-02-13,INFY,EXIT,exposure_floor
2023-02-13,KIRLOSENG,REDUCE,exposure_floor
2023-02-13,MAZDOCK,EXIT,exposure_floor
2023-02-13,TATASTEEL,EXIT,exposure_floor
2023-02-13,TARIL,EXIT,exposure_floor
2023-02-13,UCOBANK,EXIT,exposure_floor
2023-02-14,BANKINDIA,EXIT,exposure_floor
2023-02-14,COCHINSHIP,EXIT,exposure_floor
2023-02-14,GRSE,EXIT,exposure_floor
2023-02-14,IOB,EXIT,exposure_floor
2023-02-14,INFY,REDUCE,exposure_floor
2023-02-14,KIRLOSENG,REDUCE,exposure_floor
2023-02-14,MAZDOCK,EXIT,exposure_floor
2023-02-14,TATASTEEL,EXIT,exposure_floor
2023-02-14,TARIL,EXIT,exposure_floor
2023-02-14,UCOBANK,EXIT,exposure_floor
2023-02-15,BANKINDIA,EXIT,exposure_floor
2023-02-15,COCHINSHIP,EXIT,exposure_floor
2023-02-15,GRSE,EXIT,exposure_floor
2023-02-15,IOB,EXIT,exposure_floor
2023-02-15,KIRLOSENG,REDUCE,exposure_floor
2023-02-15,MAZDOCK,EXIT,exposure_floor
2023-02-15,TATASTEEL,EXIT,exposure_floor
2023-02-15,TARIL,EXIT,exposure_floor
2023-02-15,UCOBANK,EXIT,exposure_floor
2023-02-16,BANKINDIA,EXIT,exposure_floor
2023-02-16,COCHINSHIP,EXIT,exposure_floor
2023-02-16,GRSE,EXIT,exposure_floor
2023-02-16,INDIGO,EXIT,exposure_floor
2023-02-16,KIRLOSENG,REDUCE,exposure_floor
2023-02-16,MAZDOCK,EXIT,exposure_floor
2023-02-16,TARIL,EXIT,exposure_floor
2023-02-16,UCOBANK,EXIT,exposure_floor
2023-02-17,AXISBANK,REDUCE,exposure_floor
2023-02-17,BANKINDIA,EXIT,exposure_floor
2023-02-17,COCHINSHIP,EXIT,exposure_floor
2023-02-17,GRSE,EXIT,exposure_floor
2023-02-17,HINDUNILVR,REDUCE,exposure_floor
2023-02-17,INFY,EXIT,exposure_floor
2023-02-17,INDIGO,EXIT,exposure_floor
2023-02-17,KIRLOSENG,REDUCE,exposure_floor
2023-02-17,MAZDOCK,EXIT,exposure_floor
2023-02-17,TARIL,EXIT,exposure_floor
2023-02-17,UCOBANK,EXIT,exposure_floor
2023-02-20,BAJAJ-AUTO,REDUCE,exposure_floor
2023-02-20,BANKINDIA,EXIT,exposure_floor
2023-02-20,COCHINSHIP,EXIT,exposure_floor
2023-02-20,GRSE,EXIT,exposure_floor
2023-02-20,INFY,REDUCE,exposure_floor
2023-02-20,INDIGO,EXIT,exposure_floor
2023-02-20,KARURVYSYA,REDUCE,exposure_floor
2023-02-20,KIRLOSENG,REDUCE,exposure_floor
2023-02-20,MAZDOCK,EXIT,exposure_floor
2023-02-20,TARIL,EXIT,exposure_floor
2023-02-20,UCOBANK,EXIT,exposure_floor
2023-02-21,BAJAJ-AUTO,REDUCE,exposure_floor
2023-02-21,BANKINDIA,EXIT,exposure_floor
2023-02-21,COCHINSHIP,EXIT,exposure_floor
2023-02-21,GRSE,EXIT,exposure_floor
2023-02-21,INFY,EXIT,exposure_floor
2023-02-21,INDIGO,EXIT,exposure_floor
2023-02-21,KARURVYSYA,REDUCE,exposure_floor
2023-02-21,MAZDOCK,EXIT,exposure_floor
2023-02-21,TITAN,REDUCE,exposure_floor
2023-02-21,TARIL,EXIT,exposure_floor
2023-02-21,UCOBANK,EXIT,exposure_floor
2023-02-22,BAJAJ-AUTO,REDUCE,exposure_floor
2023-02-22,BANKINDIA,EXIT,exposure_floor
2023-02-22,BHARTIARTL,REDUCE,exposure_floor
2023-02-22,COCHINSHIP,EXIT,exposure_floor
2023-02-22,EICHERMOT,EXIT,exposure_floor
2023-02-22,GRSE,EXIT,exposure_floor
2023-02-22,INFY,EXIT,exposure_floor
2023-02-22,INDIGO,EXIT,exposure_floor
2023-02-22,KARURVYSYA,EXIT,exposure_floor
2023-02-22,MAZDOCK,EXIT,exposure_floor
2023-02-22,TITAN,REDUCE,exposure_floor
2023-02-22,TARIL,EXIT,exposure_floor
2023-02-22,UCOBANK,EXIT,exposure_floor
2023-02-23,BAJAJ-AUTO,REDUCE,exposure_floor
2023-02-23,BANKINDIA,EXIT,exposure_floor
2023-02-23,COCHINSHIP,EXIT,exposure_floor
2023-02-23,EICHERMOT,EXIT,exposure_floor
2023-02-23,GRSE,EXIT,exposure_floor
2023-02-23,INFY,EXIT,exposure_floor
2023-02-23,INDIGO,EXIT,exposure_floor
2023-02-23,KARURVYSYA,EXIT,exposure_floor
2023-02-23,MAZDOCK,EXIT,exposure_floor
2023-02-23,TITAN,EXIT,exposure_floor
2023-02-23,TARIL,EXIT,exposure_floor
2023-02-23,UCOBANK,EXIT,exposure_floor
2023-02-24,BAJAJ-AUTO,REDUCE,exposure_floor
2023-02-24,BANKINDIA,EXIT,exposure_floor
2023-02-24,COCHINSHIP,EXIT,exposure_floor
2023-02-24,EICHERMOT,EXIT,exposure_floor
2023-02-24,GRSE,EXIT,exposure_floor
2023-02-24,INFY,EXIT,exposure_floor
2023-02-24,INDIGO,EXIT,exposure_floor
2023-02-24,JSWSTEEL,REDUCE,exposure_floor
2023-02-24,KARURVYSYA,EXIT,exposure_floor
2023-02-24,MAZDOCK,EXIT,exposure_floor
2023-02-24,TITAN,EXIT,exposure_floor
2023-02-24,TARIL,EXIT,exposure_floor
2023-02-24,UCOBANK,EXIT,exposure_floor
2023-02-27,BAJAJ-AUTO,EXIT,exposure_floor
2023-02-27,BANKINDIA,EXIT,exposure_floor
2023-02-27,BHARTIARTL,EXIT,exposure_floor
2023-02-27,COCHINSHIP,EXIT,exposure_floor
2023-02-27,EICHERMOT,EXIT,exposure_floor
2023-02-27,GRSE,EXIT,exposure_floor
2023-02-27,INFY,EXIT,exposure_floor
2023-02-27,INDIGO,EXIT,exposure_floor
2023-02-27,JSWSTEEL,REDUCE,exposure_floor
2023-02-27,KARURVYSYA,EXIT,exposure_floor
2023-02-27,KIRLOSENG,REDUCE,exposure_floor
2023-02-27,MAZDOCK,EXIT,exposure_floor
2023-02-27,TITAN,EXIT,exposure_floor
2023-02-27,TARIL,EXIT,exposure_floor
2023-02-27,UCOBANK,EXIT,exposure_floor
2023-02-28,BAJAJ-AUTO,EXIT,exposure_floor
2023-02-28,BANKINDIA,EXIT,exposure_floor
2023-02-28,COCHINSHIP,EXIT,exposure_floor
2023-02-28,DRREDDY,EXIT,exposure_floor
2023-02-28,EICHERMOT,EXIT,exposure_floor
2023-02-28,GRSE,EXIT,exposure_floor
2023-02-28,INFY,EXIT,exposure_floor
2023-02-28,INDIGO,EXIT,exposure_floor
2023-02-28,JSWSTEEL,REDUCE,exposure_floor
2023-02-28,KARURVYSYA,EXIT,exposure_floor
2023-02-28,MAZDOCK,EXIT,exposure_floor
2023-02-28,TITAN,EXIT,exposure_floor
2023-02-28,TARIL,EXIT,exposure_floor
2023-02-28,UCOBANK,EXIT,exposure_floor
2023-03-01,BAJAJ-AUTO,EXIT,exposure_floor
2023-03-01,BANKINDIA,EXIT,exposure_floor
2023-03-01,COCHINSHIP,EXIT,exposure_floor
2023-03-01,DRREDDY,EXIT,exposure_floor
2023-03-01,EICHERMOT,EXIT,exposure_floor
2023-03-01,GRSE,EXIT,exposure_floor
2023-03-01,INFY,EXIT,exposure_floor
2023-03-01,INDIGO,EXIT,exposure_floor
2023-03-01,KARURVYSYA,EXIT,exposure_floor
2023-03-01,MAZDOCK,EXIT,exposure_floor
2023-03-01,TITAN,EXIT,exposure_floor
2023-03-01,TARIL,EXIT,exposure_floor
2023-03-01,UCOBANK,EXIT,exposure_floor
2023-03-02,BAJAJ-AUTO,EXIT,exposure_floor
2023-03-02,BANKINDIA,EXIT,exposure_floor
2023-03-02,COCHINSHIP,EXIT,exposure_floor
2023-03-02,DRREDDY,REDUCE,exposure_floor
2023-03-02,EICHERMOT,EXIT,exposure_floor
2023-03-02,GRSE,EXIT,exposure_floor
2023-03-02,GRAVITA,EXIT,exposure_floor
2023-03-02,INFY,EXIT,exposure_floor
2023-03-02,INDIGO,EXIT,exposure_floor
2023-03-02,KARURVYSYA,EXIT,exposure_floor
2023-03-02,MARUTI,EXIT,exposure_floor
2023-03-02,MAZDOCK,EXIT,exposure_floor
2023-03-02,TITAN,EXIT,exposure_floor
2023-03-02,TARIL,EXIT,exposure_floor
2023-03-02,UCOBANK,EXIT,exposure_floor
2023-03-03,BAJAJ-AUTO,EXIT,exposure_floor
2023-03-03,BANKINDIA,EXIT,exposure_floor
2023-03-03,COCHINSHIP,EXIT,exposure_floor
2023-03-03,EICHERMOT,EXIT,exposure_floor
2023-03-03,GRSE,EXIT,exposure_floor
2023-03-03,INDIGO,EXIT,exposure_floor
2023-03-03,KARURVYSYA,EXIT,exposure_floor
2023-03-03,MARUTI,EXIT,exposure_floor
2023-03-03,MAZDOCK,EXIT,exposure_floor
2023-03-03,TITAN,EXIT,exposure_floor
2023-03-03,TARIL,EXIT,exposure_floor
2023-03-03,UCOBANK,EXIT,exposure_floor
2023-03-06,BAJAJ-AUTO,EXIT,exposure_floor
2023-03-06,BANKINDIA,EXIT,exposure_floor
2023-03-06,COCHINSHIP,EXIT,exposure_floor
2023-03-06,EICHERMOT,EXIT,exposure_floor
2023-03-06,GRSE,EXIT,exposure_floor
2023-03-06,INDIGO,EXIT,exposure_floor
2023-03-06,KARURVYSYA,EXIT,exposure_floor
2023-03-06,MAXHEALTH,REDUCE,exposure_floor
2023-03-06,MAZDOCK,EXIT,exposure_floor
2023-03-06,SUNPHARMA,REDUCE,exposure_floor
2023-03-06,TITAN,EXIT,exposure_floor
2023-03-06,TARIL,EXIT,exposure_floor
2023-03-06,UCOBANK,EXIT,exposure_floor
2023-03-08,BANKINDIA,EXIT,exposure_floor
2023-03-08,COCHINSHIP,EXIT,exposure_floor
2023-03-08,EICHERMOT,EXIT,exposure_floor
2023-03-08,GRSE,EXIT,exposure_floor
2023-03-08,INDIGO,EXIT,exposure_floor
2023-03-08,KARURVYSYA,EXIT,exposure_floor
2023-03-08,MAZDOCK,EXIT,exposure_floor
2023-03-08,TITAN,EXIT,exposure_floor
2023-03-08,TARIL,EXIT,exposure_floor
2023-03-08,UCOBANK,EXIT,exposure_floor
2023-03-09,BANKINDIA,EXIT,exposure_floor
2023-03-09,COCHINSHIP,EXIT,exposure_floor
2023-03-09,EICHERMOT,EXIT,exposure_floor
2023-03-09,GRSE,EXIT,exposure_floor
2023-03-09,ICICIBANK,REDUCE,exposure_floor
2023-03-09,INDIGO,EXIT,exposure_floor
2023-03-09,KARURVYSYA,EXIT,exposure_floor
2023-03-09,MARUTI,EXIT,exposure_floor
2023-03-09,MAZDOCK,EXIT,exposure_floor
2023-03-09,TITAN,EXIT,exposure_floor
2023-03-09,TARIL,EXIT,exposure_floor
2023-03-09,UCOBANK,EXIT,exposure_floor
2023-03-10,BAJAJ-AUTO,REDUCE,exposure_floor
2023-03-10,BANKINDIA,EXIT,exposure_floor
2023-03-10,COCHINSHIP,EXIT,exposure_floor
2023-03-10,EICHERMOT,EXIT,exposure_floor
2023-03-10,GRSE,EXIT,exposure_floor
2023-03-10,ICICIBANK,EXIT,exposure_floor
2023-03-10,INDIGO,EXIT,exposure_floor
2023-03-10,KARURVYSYA,EXIT,exposure_floor
2023-03-10,MARUTI,EXIT,exposure_floor
2023-03-10,MAZDOCK,EXIT,exposure_floor
2023-03-10,TITAN,EXIT,exposure_floor
2023-03-10,TARIL,EXIT,exposure_floor
2023-03-10,UCOBANK,EXIT,exposure_floor
2023-03-13,BAJAJ-AUTO,REDUCE,exposure_floor
2023-03-13,BANKINDIA,EXIT,exposure_floor
2023-03-13,COCHINSHIP,EXIT,exposure_floor
2023-03-13,EICHERMOT,EXIT,exposure_floor
2023-03-13,GRSE,EXIT,exposure_floor
2023-03-13,ICICIBANK,EXIT,exposure_floor
2023-03-13,INDIGO,EXIT,exposure_floor
2023-03-13,KARURVYSYA,EXIT,exposure_floor
2023-03-13,MARUTI,EXIT,exposure_floor
2023-03-13,MAZDOCK,EXIT,exposure_floor
2023-03-13,TITAN,EXIT,exposure_floor
2023-03-13,TARIL,EXIT,exposure_floor
2023-03-13,UCOBANK,EXIT,exposure_floor
2023-03-14,BAJAJ-AUTO,REDUCE,exposure_floor
2023-03-14,BANKINDIA,EXIT,exposure_floor
2023-03-14,COCHINSHIP,EXIT,exposure_floor
2023-03-14,EICHERMOT,EXIT,exposure_floor
2023-03-14,GRSE,EXIT,exposure_floor
2023-03-14,ICICIBANK,EXIT,exposure_floor
2023-03-14,INDIGO,EXIT,exposure_floor
2023-03-14,KARURVYSYA,EXIT,exposure_floor
2023-03-14,MARUTI,EXIT,exposure_floor
2023-03-14,MAZDOCK,EXIT,exposure_floor
2023-03-14,PNBHOUSING,EXIT,exposure_floor
2023-03-14,TITAN,EXIT,exposure_floor
2023-03-14,TARIL,EXIT,exposure_floor
2023-03-14,UCOBANK,EXIT,exposure_floor
2023-03-15,BAJAJ-AUTO,EXIT,exposure_floor
2023-03-15,BANKINDIA,EXIT,exposure_floor
2023-03-15,COCHINSHIP,EXIT,exposure_floor
2023-03-15,EICHERMOT,EXIT,exposure_floor
2023-03-15,GRSE,EXIT,exposure_floor
2023-03-15,ICICIBANK,EXIT,exposure_floor
2023-03-15,INDIGO,EXIT,exposure_floor
2023-03-15,KARURVYSYA,EXIT,exposure_floor
2023-03-15,MARUTI,EXIT,exposure_floor
2023-03-15,MAZDOCK,EXIT,exposure_floor
2023-03-15,PNBHOUSING,EXIT,exposure_floor
2023-03-15,TCS,EXIT,exposure_floor
2023-03-15,TITAN,EXIT,exposure_floor
2023-03-15,TARIL,EXIT,exposure_floor
2023-03-15,TRENT,EXIT,exposure_floor
2023-03-15,UCOBANK,EXIT,exposure_floor
2023-03-16,BAJAJ-AUTO,REDUCE,exposure_floor
2023-03-16,BANKINDIA,EXIT,exposure_floor
2023-03-16,COCHINSHIP,EXIT,exposure_floor
2023-03-16,EICHERMOT,EXIT,exposure_floor
2023-03-16,GRSE,EXIT,exposure_floor
2023-03-16,ICICIBANK,EXIT,exposure_floor
2023-03-16,INDIGO,EXIT,exposure_floor
2023-03-16,KARURVYSYA,EXIT,exposure_floor
2023-03-16,MARUTI,EXIT,exposure_floor
2023-03-16,MAZDOCK,EXIT,exposure_floor
2023-03-16,TCS,EXIT,exposure_floor
2023-03-16,TITAN,REDUCE,exposure_floor
2023-03-16,TARIL,EXIT,exposure_floor
2023-03-16,TRENT,REDUCE,exposure_floor
2023-03-16,UCOBANK,EXIT,exposure_floor
2023-03-17,BANKINDIA,EXIT,exposure_floor
2023-03-17,COCHINSHIP,EXIT,exposure_floor
2023-03-17,EICHERMOT,EXIT,exposure_floor
2023-03-17,GRSE,EXIT,exposure_floor
2023-03-17,ICICIBANK,EXIT,exposure_floor
2023-03-17,INDIGO,EXIT,exposure_floor
2023-03-17,KARURVYSYA,EXIT,exposure_floor
2023-03-17,MARUTI,EXIT,exposure_floor
2023-03-17,MAZDOCK,EXIT,exposure_floor
2023-03-17,TCS,EXIT,exposure_floor
2023-03-17,TARIL,EXIT,exposure_floor
2023-03-17,TRENT,REDUCE,exposure_floor
2023-03-17,UCOBANK,EXIT,exposure_floor
2023-03-20,BANKINDIA,EXIT,exposure_floor
2023-03-20,COCHINSHIP,EXIT,exposure_floor
2023-03-20,EICHERMOT,EXIT,exposure_floor
2023-03-20,GRSE,EXIT,exposure_floor
2023-03-20,ICICIBANK,EXIT,exposure_floor
2023-03-20,INDIGO,EXIT,exposure_floor
2023-03-20,JINDALSAW,EXIT,exposure_floor
2023-03-20,KARURVYSYA,EXIT,exposure_floor
2023-03-20,MARUTI,EXIT,exposure_floor
2023-03-20,MAZDOCK,EXIT,exposure_floor
2023-03-20,TCS,EXIT,exposure_floor
2023-03-20,TARIL,EXIT,exposure_floor
2023-03-20,TRENT,REDUCE,exposure_floor
2023-03-20,UCOBANK,EXIT,exposure_floor
2023-03-21,APOLLOHOSP,EXIT,exposure_floor
2023-03-21,BANKINDIA,EXIT,exposure_floor
2023-03-21,COCHINSHIP,EXIT,exposure_floor
2023-03-21,EICHERMOT,EXIT,exposure_floor
2023-03-21,GRSE,EXIT,exposure_floor
2023-03-21,ICICIBANK,EXIT,exposure_floor
2023-03-21,INDIGO,EXIT,exposure_floor
2023-03-21,JINDALSAW,EXIT,exposure_floor
2023-03-21,KARURVYSYA,EXIT,exposure_floor
2023-03-21,MARUTI,EXIT,exposure_floor
2023-03-21,MAZDOCK,EXIT,exposure_floor
2023-03-21,NAVA,REDUCE,exposure_floor
2023-03-21,TCS,EXIT,exposure_floor
2023-03-21,TARIL,EXIT,exposure_floor
2023-03-21,TRENT,EXIT,exposure_floor
2023-03-21,UCOBANK,EXIT,exposure_floor
2023-04-05,MAXHEALTH,REDUCE,exposure_floor
2023-04-06,SHRIRAMFIN,REDUCE,exposure_floor
2023-04-06,TITAN,REDUCE,exposure_floor
2023-04-06,TRENT,REDUCE,exposure_floor
2023-04-10,SHRIRAMFIN,REDUCE,exposure_floor
2023-04-10,TRENT,REDUCE,exposure_floor
2023-04-12,JSL,EXIT,exposure_floor
2023-04-18,APOLLOHOSP,EXIT,exposure_floor
2023-04-19,APOLLOHOSP,EXIT,exposure_floor
2023-04-20,APOLLOHOSP,EXIT,exposure_floor
2023-04-21,APOLLOHOSP,EXIT,exposure_floor
2023-05-11,APARINDS,EXIT,exposure_floor
2023-05-12,LT,REDUCE,exposure_floor
2023-05-24,KIRLOSENG,REDUCE,exposure_floor
2023-08-02,JINDALSAW,EXIT,exposure_floor
2023-08-03,JINDALSAW,EXIT,exposure_floor
2023-08-04,JINDALSAW,EXIT,exposure_floor
2023-08-07,JINDALSAW,EXIT,exposure_floor
2023-08-18,JINDALSAW,EXIT,exposure_floor
2023-08-21,JINDALSAW,REDUCE,exposure_floor
2023-08-22,CHOLAHLDNG,REDUCE,exposure_floor
2023-08-22,JINDALSAW,EXIT,exposure_floor
2023-08-23,CHOLAHLDNG,REDUCE,exposure_floor
2023-08-23,JINDALSAW,EXIT,exposure_floor
2023-08-24,CHOLAHLDNG,REDUCE,exposure_floor
2023-08-24,JINDALSAW,EXIT,exposure_floor
2023-08-25,JINDALSAW,EXIT,exposure_floor
2023-08-28,JINDALSAW,EXIT,exposure_floor
2023-08-29,JINDALSAW,EXIT,exposure_floor
2023-08-30,JINDALSAW,REDUCE,exposure_floor
2023-09-07,CEATLTD,REDUCE,exposure_floor
2023-09-13,JWL,EXIT,exposure_floor
2023-09-14,JWL,REDUCE,exposure_floor
2023-09-18,JWL,EXIT,exposure_floor
2023-09-20,JWL,EXIT,exposure_floor
2023-09-21,IRCON,EXIT,exposure_floor
2023-09-21,JWL,EXIT,exposure_floor
2023-09-22,IRCON,REDUCE,exposure_floor
2023-09-22,JWL,EXIT,exposure_floor
2023-09-25,JWL,EXIT,exposure_floor
2023-09-26,JWL,EXIT,exposure_floor
2023-09-27,JWL,EXIT,exposure_floor
2023-09-28,JWL,EXIT,exposure_floor
2023-09-29,JWL,EXIT,exposure_floor
2023-10-03,JWL,EXIT,exposure_floor
2023-10-03,SONATSOFTW,REDUCE,exposure_floor
2023-10-04,JWL,EXIT,exposure_floor
2023-10-04,SHRIRAMFIN,REDUCE,exposure_floor
2023-10-04,SONATSOFTW,REDUCE,exposure_floor
2023-10-04,ULTRACEMCO,REDUCE,exposure_floor
2023-10-05,DRREDDY,REDUCE,exposure_floor
2023-10-05,GLENMARK,REDUCE,exposure_floor
2023-10-05,JWL,EXIT,exposure_floor
2023-10-05,SHRIRAMFIN,REDUCE,exposure_floor
2023-10-05,SONATSOFTW,REDUCE,exposure_floor
2023-10-05,ULTRACEMCO,REDUCE,exposure_floor
2023-10-06,DRREDDY,REDUCE,exposure_floor
2023-10-06,GLENMARK,REDUCE,exposure_floor
2023-10-06,JWL,EXIT,exposure_floor
2023-10-06,SHRIRAMFIN,REDUCE,exposure_floor
2023-10-06,SONATSOFTW,REDUCE,exposure_floor
2023-10-06,ULTRACEMCO,REDUCE,exposure_floor
2023-10-09,IRCON,EXIT,exposure_floor
2023-10-09,IRFC,EXIT,exposure_floor
2023-10-09,JINDALSAW,REDUCE,exposure_floor
2023-10-09,JWL,EXIT,exposure_floor
2023-10-09,RELIANCE,EXIT,exposure_floor
2023-10-09,SHRIRAMFIN,REDUCE,exposure_floor
2023-10-09,SONATSOFTW,REDUCE,exposure_floor
2023-10-09,TECHM,REDUCE,exposure_floor
2023-10-09,ULTRACEMCO,REDUCE,exposure_floor
2023-10-09,WIPRO,REDUCE,exposure_floor
2023-10-10,CIPLA,REDUCE,exposure_floor
2023-10-10,IRCON,REDUCE,exposure_floor
2023-10-10,IRFC,REDUCE,exposure_floor
2023-10-10,JINDALSAW,REDUCE,exposure_floor
2023-10-10,JWL,EXIT,exposure_floor
2023-10-10,RELIANCE,EXIT,exposure_floor
2023-10-10,SONATSOFTW,REDUCE,exposure_floor
2023-10-10,SUNPHARMA,REDUCE,exposure_floor
2023-10-10,WIPRO,REDUCE,exposure_floor
2023-10-11,FINCABLES,REDUCE,exposure_floor
2023-10-11,JWL,EXIT,exposure_floor
2023-10-11,SONATSOFTW,REDUCE,exposure_floor
2023-10-12,FINCABLES,EXIT,exposure_floor
2023-10-12,IRCON,EXIT,exposure_floor
2023-10-12,JWL,EXIT,exposure_floor
2023-10-13,FINCABLES,EXIT,exposure_floor
2023-10-13,IRCON,REDUCE,exposure_floor
2023-10-13,JWL,EXIT,exposure_floor
2023-10-16,FINCABLES,EXIT,exposure_floor
2023-10-16,JWL,EXIT,exposure_floor
2023-10-17,FINCABLES,EXIT,exposure_floor
2023-10-17,JWL,EXIT,exposure_floor
2023-10-18,FINCABLES,EXIT,exposure_floor
2023-10-18,JWL,EXIT,exposure_floor
2023-10-18,TCS,REDUCE,exposure_floor
2023-10-18,TECHM,REDUCE,exposure_floor
2023-10-19,FINCABLES,EXIT,exposure_floor
2023-10-19,JWL,EXIT,exposure_floor
2023-10-19,SHRIRAMFIN,REDUCE,exposure_floor
2023-10-19,TECHM,REDUCE,exposure_floor
2023-10-19,WIPRO,EXIT,exposure_floor
2023-10-20,FINCABLES,EXIT,exposure_floor
2023-10-20,JWL,EXIT,exposure_floor
2023-10-20,SHRIRAMFIN,REDUCE,exposure_floor
2023-10-20,TECHM,REDUCE,exposure_floor
2023-10-20,WIPRO,EXIT,exposure_floor
2023-10-23,FINCABLES,EXIT,exposure_floor
2023-10-23,GMDCLTD,EXIT,exposure_floor
2023-10-23,HINDALCO,REDUCE,exposure_floor
2023-10-23,IFCI,EXIT,exposure_floor
2023-10-23,ITI,EXIT,exposure_floor
2023-10-23,JWL,EXIT,exposure_floor
2023-10-23,SHRIRAMFIN,REDUCE,exposure_floor
2023-10-23,TECHM,REDUCE,exposure_floor
2023-10-23,TARIL,EXIT,exposure_floor
2023-10-23,WIPRO,EXIT,exposure_floor
2023-10-25,ADANIPORTS,REDUCE,exposure_floor
2023-10-25,APOLLOHOSP,REDUCE,exposure_floor
2023-10-25,ASIANPAINT,EXIT,exposure_floor
2023-10-25,FINCABLES,EXIT,exposure_floor
2023-10-25,FORCEMOT,EXIT,exposure_floor
2023-10-25,GMDCLTD,REDUCE,exposure_floor
2023-10-25,HINDALCO,REDUCE,exposure_floor
2023-10-25,IFCI,EXIT,exposure_floor
2023-10-25,IRCON,EXIT,exposure_floor
2023-10-25,ITI,EXIT,exposure_floor
2023-10-25,IRFC,EXIT,exposure_floor
2023-10-25,INFY,EXIT,exposure_floor
2023-10-25,JWL,EXIT,exposure_floor
2023-10-25,MAZDOCK,EXIT,exposure_floor
2023-10-25,SBILIFE,REDUCE,exposure_floor
2023-10-25,SHRIRAMFIN,REDUCE,exposure_floor
2023-10-25,SONATSOFTW,REDUCE,exposure_floor
2023-10-25,SUNPHARMA,REDUCE,exposure_floor
2023-10-25,TCS,REDUCE,exposure_floor
2023-10-25,TECHM,REDUCE,exposure_floor
2023-10-25,TARIL,REDUCE,exposure_floor
2023-10-25,WIPRO,EXIT,exposure_floor
2023-10-26,FINCABLES,EXIT,exposure_floor
2023-10-26,HDFCLIFE,REDUCE,exposure_floor
2023-10-26,ICICIBANK,EXIT,exposure_floor
2023-10-26,IFCI,REDUCE,exposure_floor
2023-10-26,IRCON,REDUCE,exposure_floor
2023-10-26,ITC,REDUCE,exposure_floor
2023-10-26,ITI,REDUCE,exposure_floor
2023-10-26,IRFC,EXIT,exposure_floor
2023-10-26,INFY,EXIT,exposure_floor
2023-10-26,JSWSTEEL,EXIT,exposure_floor
2023-10-26,JWL,EXIT,exposure_floor
2023-10-26,M&M,REDUCE,exposure_floor
2023-10-26,MAZDOCK,EXIT,exposure_floor
2023-10-26,SBILIFE,REDUCE,exposure_floor
2023-10-26,SHRIRAMFIN,REDUCE,exposure_floor
2023-10-26,SUNPHARMA,REDUCE,exposure_floor
2023-10-26,TCS,REDUCE,exposure_floor
2023-10-26,TECHM,REDUCE,exposure_floor
2023-10-26,WIPRO,EXIT,exposure_floor
2023-10-27,FINCABLES,EXIT,exposure_floor
2023-10-27,HDFCLIFE,REDUCE,exposure_floor
2023-10-27,IFCI,EXIT,exposure_floor
2023-10-27,ITC,REDUCE,exposure_floor
2023-10-27,IRFC,REDUCE,exposure_floor
2023-10-27,INFY,EXIT,exposure_floor
2023-10-27,JSWSTEEL,EXIT,exposure_floor
2023-10-27,JWL,EXIT,exposure_floor
2023-10-27,M&M,REDUCE,exposure_floor
2023-10-27,MAZDOCK,REDUCE,exposure_floor
2023-10-27,SUNPHARMA,REDUCE,exposure_floor
2023-10-27,TCS,REDUCE,exposure_floor
2023-10-27,TECHM,REDUCE,exposure_floor
2023-10-27,WIPRO,EXIT,exposure_floor
2023-10-30,FINCABLES,EXIT,exposure_floor
2023-10-30,IFCI,REDUCE,exposure_floor
2023-10-30,ITC,REDUCE,exposure_floor
2023-10-30,INFY,EXIT,exposure_floor
2023-10-30,JSWSTEEL,EXIT,exposure_floor
2023-10-30,JWL,EXIT,exposure_floor
2023-10-30,M&M,REDUCE,exposure_floor
2023-10-30,MAZDOCK,REDUCE,exposure_floor
2023-10-30,SUNPHARMA,REDUCE,exposure_floor
2023-10-30,TCS,REDUCE,exposure_floor
2023-10-30,TECHM,REDUCE,exposure_floor
2023-10-30,WIPRO,EXIT,exposure_floor
2023-10-31,EICHERMOT,EXIT,exposure_floor
2023-10-31,FINCABLES,EXIT,exposure_floor
2023-10-31,IFCI,EXIT,exposure_floor
2023-10-31,ITC,REDUCE,exposure_floor
2023-10-31,INFY,EXIT,exposure_floor
2023-10-31,JWL,EXIT,exposure_floor
2023-10-31,M&M,REDUCE,exposure_floor
2023-10-31,MAZDOCK,REDUCE,exposure_floor
2023-10-31,SUNPHARMA,REDUCE,exposure_floor
2023-10-31,TCS,REDUCE,exposure_floor
2023-10-31,TECHM,REDUCE,exposure_floor
2023-10-31,WIPRO,EXIT,exposure_floor
2023-11-01,EICHERMOT,EXIT,exposure_floor
2023-11-01,FINCABLES,EXIT,exposure_floor
2023-11-01,GMDCLTD,EXIT,exposure_floor
2023-11-01,IFCI,EXIT,exposure_floor
2023-11-01,ITC,REDUCE,exposure_floor
2023-11-01,ITI,EXIT,exposure_floor
2023-11-01,INFY,EXIT,exposure_floor
2023-11-01,JWL,EXIT,exposure_floor
2023-11-01,M&M,REDUCE,exposure_floor
2023-11-01,MAZDOCK,EXIT,exposure_floor
2023-11-01,SUNPHARMA,REDUCE,exposure_floor
2023-11-01,TCS,REDUCE,exposure_floor
2023-11-01,TECHM,REDUCE,exposure_floor
2023-11-01,WIPRO,EXIT,exposure_floor
2023-11-02,EICHERMOT,EXIT,exposure_floor
2023-11-02,FINCABLES,EXIT,exposure_floor
2023-11-02,IFCI,REDUCE,exposure_floor
2023-11-02,ITC,REDUCE,exposure_floor
2023-11-02,INFY,EXIT,exposure_floor
2023-11-02,JWL,EXIT,exposure_floor
2023-11-02,MAZDOCK,EXIT,exposure_floor
2023-11-02,SUNPHARMA,REDUCE,exposure_floor
2023-11-02,TCS,REDUCE,exposure_floor
2023-11-02,TECHM,REDUCE,exposure_floor
2023-11-02,WIPRO,EXIT,exposure_floor
2023-11-03,EICHERMOT,REDUCE,exposure_floor
2023-11-03,FINCABLES,EXIT,exposure_floor
2023-11-03,ITC,REDUCE,exposure_floor
2023-11-03,INFY,EXIT,exposure_floor
2023-11-03,JWL,EXIT,exposure_floor
2023-11-03,MAZDOCK,EXIT,exposure_floor
2023-11-03,SUNPHARMA,REDUCE,exposure_floor
2023-11-03,TATASTEEL,REDUCE,exposure_floor
2023-11-03,TECHM,REDUCE,exposure_floor
2023-11-03,WIPRO,EXIT,exposure_floor
2023-11-06,FINCABLES,EXIT,exposure_floor
2023-11-06,INFY,EXIT,exposure_floor
2023-11-06,JWL,EXIT,exposure_floor
2023-11-06,MAZDOCK,EXIT,exposure_floor
2023-11-06,TATASTEEL,REDUCE,exposure_floor
2023-11-06,TECHM,REDUCE,exposure_floor
2023-11-06,WIPRO,EXIT,exposure_floor
2023-11-07,FINCABLES,EXIT,exposure_floor
2023-11-07,INFY,EXIT,exposure_floor
2023-11-07,JWL,EXIT,exposure_floor
2023-11-07,MAZDOCK,EXIT,exposure_floor
2023-11-07,TATASTEEL,REDUCE,exposure_floor
2023-11-07,WIPRO,EXIT,exposure_floor
2023-11-08,APARINDS,REDUCE,exposure_floor
2023-11-08,FINCABLES,EXIT,exposure_floor
2023-11-08,INFY,EXIT,exposure_floor
2023-11-08,JWL,EXIT,exposure_floor
2023-11-08,MAZDOCK,EXIT,exposure_floor
2023-11-08,TATASTEEL,REDUCE,exposure_floor
2023-11-08,WIPRO,EXIT,exposure_floor
2023-11-09,APARINDS,REDUCE,exposure_floor
2023-11-09,FINCABLES,EXIT,exposure_floor
2023-11-09,INFY,EXIT,exposure_floor
2023-11-09,JWL,EXIT,exposure_floor
2023-11-09,MAZDOCK,EXIT,exposure_floor
2023-11-09,TATASTEEL,REDUCE,exposure_floor
2023-11-09,WIPRO,EXIT,exposure_floor
2023-11-10,APARINDS,REDUCE,exposure_floor
2023-11-10,FINCABLES,EXIT,exposure_floor
2023-11-10,INFY,EXIT,exposure_floor
2023-11-10,JWL,EXIT,exposure_floor
2023-11-10,MAZDOCK,EXIT,exposure_floor
2023-11-10,WIPRO,EXIT,exposure_floor
2023-11-13,FINCABLES,EXIT,exposure_floor
2023-11-13,INFY,EXIT,exposure_floor
2023-11-13,JWL,EXIT,exposure_floor
2023-11-13,MAZDOCK,EXIT,exposure_floor
2023-11-15,FINCABLES,EXIT,exposure_floor
2023-11-15,JWL,EXIT,exposure_floor
2023-11-15,MAZDOCK,EXIT,exposure_floor
2023-11-16,FINCABLES,EXIT,exposure_floor
2023-11-16,JWL,EXIT,exposure_floor
2023-11-16,MAZDOCK,EXIT,exposure_floor
2023-11-17,FINCABLES,EXIT,exposure_floor
2023-11-17,JWL,EXIT,exposure_floor
2023-11-17,MAZDOCK,EXIT,exposure_floor
2023-11-20,FINCABLES,EXIT,exposure_floor
2023-11-20,JWL,EXIT,exposure_floor
2023-11-20,MAZDOCK,EXIT,exposure_floor
2023-11-21,FINCABLES,EXIT,exposure_floor
2023-11-21,JWL,EXIT,exposure_floor
2023-11-21,MAZDOCK,EXIT,exposure_floor
2023-11-22,FINCABLES,EXIT,exposure_floor
2023-11-22,JWL,EXIT,exposure_floor
2023-11-22,MAZDOCK,EXIT,exposure_floor
2023-11-23,CHOLAHLDNG,REDUCE,exposure_floor
2023-11-23,CIPLA,REDUCE,exposure_floor
2023-11-23,FINCABLES,EXIT,exposure_floor
2023-11-23,JWL,EXIT,exposure_floor
2023-11-23,MAZDOCK,EXIT,exposure_floor
2023-11-24,CHOLAHLDNG,REDUCE,exposure_floor
2023-11-24,CIPLA,REDUCE,exposure_floor
2023-11-24,FINCABLES,EXIT,exposure_floor
2023-11-24,JWL,EXIT,exposure_floor
2023-11-24,MAZDOCK,EXIT,exposure_floor
2023-11-24,TCS,REDUCE,exposure_floor
2023-11-28,CHOLAHLDNG,EXIT,exposure_floor
2023-11-28,CIPLA,REDUCE,exposure_floor
2023-11-28,FINCABLES,EXIT,exposure_floor
2023-11-28,JWL,EXIT,exposure_floor
2023-11-28,M&M,REDUCE,exposure_floor
2023-11-28,MAZDOCK,EXIT,exposure_floor
2023-11-28,TCS,REDUCE,exposure_floor
2023-11-29,CHOLAHLDNG,EXIT,exposure_floor
2023-11-29,CIPLA,REDUCE,exposure_floor
2023-11-29,FINCABLES,EXIT,exposure_floor
2023-11-29,JWL,EXIT,exposure_floor
2023-11-29,MAZDOCK,EXIT,exposure_floor
2023-11-29,TCS,REDUCE,exposure_floor
2023-11-30,CHOLAHLDNG,EXIT,exposure_floor
2023-11-30,FINCABLES,EXIT,exposure_floor
2023-11-30,JWL,EXIT,exposure_floor
2023-11-30,MAZDOCK,EXIT,exposure_floor
2023-12-01,CHOLAHLDNG,EXIT,exposure_floor
2023-12-01,FINCABLES,EXIT,exposure_floor
2023-12-01,JWL,EXIT,exposure_floor
2023-12-01,MAZDOCK,EXIT,exposure_floor
2023-12-04,CHOLAHLDNG,EXIT,exposure_floor
2023-12-04,FINCABLES,EXIT,exposure_floor
2023-12-04,JWL,EXIT,exposure_floor
2023-12-04,MAZDOCK,EXIT,exposure_floor
2023-12-05,CHOLAHLDNG,EXIT,exposure_floor
2023-12-05,FINCABLES,EXIT,exposure_floor
2023-12-05,MAZDOCK,EXIT,exposure_floor
2023-12-06,CHOLAHLDNG,EXIT,exposure_floor
2023-12-06,FINCABLES,EXIT,exposure_floor
2023-12-06,MAZDOCK,EXIT,exposure_floor
2023-12-07,CHOLAHLDNG,EXIT,exposure_floor
2023-12-07,FINCABLES,EXIT,exposure_floor
2023-12-07,JWL,EXIT,exposure_floor
2023-12-07,MAZDOCK,EXIT,exposure_floor
2023-12-08,APARINDS,REDUCE,exposure_floor
2023-12-08,CHOLAHLDNG,EXIT,exposure_floor
2023-12-08,FINCABLES,EXIT,exposure_floor
2023-12-08,JWL,EXIT,exposure_floor
2023-12-08,MAZDOCK,EXIT,exposure_floor
2023-12-11,APARINDS,REDUCE,exposure_floor
2023-12-11,CHOLAHLDNG,EXIT,exposure_floor
2023-12-11,DRREDDY,REDUCE,exposure_floor
2023-12-11,FINCABLES,EXIT,exposure_floor
2023-12-11,JWL,EXIT,exposure_floor
2023-12-11,MAZDOCK,EXIT,exposure_floor
2023-12-12,APARINDS,REDUCE,exposure_floor
2023-12-12,CHOLAHLDNG,EXIT,exposure_floor
2023-12-12,DRREDDY,REDUCE,exposure_floor
2023-12-12,FINCABLES,EXIT,exposure_floor
2023-12-12,JWL,EXIT,exposure_floor
2023-12-12,MAZDOCK,EXIT,exposure_floor
2023-12-13,APARINDS,REDUCE,exposure_floor
2023-12-13,CHOLAHLDNG,EXIT,exposure_floor
2023-12-13,FINCABLES,EXIT,exposure_floor
2023-12-13,JINDALSAW,EXIT,exposure_floor
2023-12-13,JWL,EXIT,exposure_floor
2023-12-13,MAZDOCK,EXIT,exposure_floor
2023-12-14,APARINDS,REDUCE,exposure_floor
2023-12-14,CHOLAHLDNG,EXIT,exposure_floor
2023-12-14,FINCABLES,EXIT,exposure_floor
2023-12-14,JINDALSAW,REDUCE,exposure_floor
2023-12-14,JWL,EXIT,exposure_floor
2023-12-14,MAZDOCK,EXIT,exposure_floor
2023-12-15,APARINDS,REDUCE,exposure_floor
2023-12-15,CHOLAHLDNG,EXIT,exposure_floor
2023-12-15,FINCABLES,EXIT,exposure_floor
2023-12-15,JWL,EXIT,exposure_floor
2023-12-15,MAZDOCK,EXIT,exposure_floor
2023-12-18,APARINDS,REDUCE,exposure_floor
2023-12-18,CHOLAHLDNG,EXIT,exposure_floor
2023-12-18,FINCABLES,EXIT,exposure_floor
2023-12-18,JWL,EXIT,exposure_floor
2023-12-18,MAZDOCK,EXIT,exposure_floor
2023-12-19,APARINDS,REDUCE,exposure_floor
2023-12-19,CHOLAHLDNG,EXIT,exposure_floor
2023-12-19,FINCABLES,EXIT,exposure_floor
2023-12-19,JWL,EXIT,exposure_floor
2023-12-19,MAZDOCK,EXIT,exposure_floor
2023-12-20,APARINDS,REDUCE,exposure_floor
2023-12-20,CHOLAHLDNG,EXIT,exposure_floor
2023-12-20,FINCABLES,EXIT,exposure_floor
2023-12-20,JINDALSAW,EXIT,exposure_floor
2023-12-20,JWL,EXIT,exposure_floor
2023-12-20,MAZDOCK,EXIT,exposure_floor
2023-12-21,APARINDS,REDUCE,exposure_floor
2023-12-21,CHOLAHLDNG,EXIT,exposure_floor
2023-12-21,FINCABLES,EXIT,exposure_floor
2023-12-21,JINDALSAW,EXIT,exposure_floor
2023-12-21,MAZDOCK,EXIT,exposure_floor
2023-12-22,APARINDS,REDUCE,exposure_floor
2023-12-22,CHOLAHLDNG,EXIT,exposure_floor
2023-12-22,FINCABLES,EXIT,exposure_floor
2023-12-22,JINDALSAW,EXIT,exposure_floor
2023-12-22,MAZDOCK,EXIT,exposure_floor
2023-12-26,APARINDS,REDUCE,exposure_floor
2023-12-26,CHOLAHLDNG,EXIT,exposure_floor
2023-12-26,FINCABLES,EXIT,exposure_floor
2023-12-26,JINDALSAW,EXIT,exposure_floor
2023-12-26,MAZDOCK,EXIT,exposure_floor
2023-12-27,APARINDS,REDUCE,exposure_floor
2023-12-27,CHOLAHLDNG,EXIT,exposure_floor
2023-12-27,FINCABLES,EXIT,exposure_floor
2023-12-27,JINDALSAW,EXIT,exposure_floor
2023-12-27,MAZDOCK,EXIT,exposure_floor
2023-12-28,APARINDS,REDUCE,exposure_floor
2023-12-28,CHOLAHLDNG,EXIT,exposure_floor
2023-12-28,FINCABLES,EXIT,exposure_floor
2023-12-28,JINDALSAW,EXIT,exposure_floor
2023-12-28,MAZDOCK,EXIT,exposure_floor
2023-12-29,APARINDS,REDUCE,exposure_floor
2023-12-29,CHOLAHLDNG,EXIT,exposure_floor
2023-12-29,FINCABLES,EXIT,exposure_floor
2023-12-29,JINDALSAW,EXIT,exposure_floor
2023-12-29,MAZDOCK,EXIT,exposure_floor
2024-01-02,CHOLAHLDNG,EXIT,exposure_floor
2024-01-02,FINCABLES,EXIT,exposure_floor
2024-01-02,JINDALSAW,REDUCE,exposure_floor
2024-01-02,MAZDOCK,EXIT,exposure_floor
2024-01-03,CHOLAHLDNG,EXIT,exposure_floor
2024-01-03,MAZDOCK,EXIT,exposure_floor
2024-01-04,CHOLAHLDNG,EXIT,exposure_floor
2024-01-04,MAZDOCK,EXIT,exposure_floor
2024-01-05,CHOLAHLDNG,EXIT,exposure_floor
2024-01-05,MAZDOCK,EXIT,exposure_floor
2024-01-08,CHOLAHLDNG,EXIT,exposure_floor
2024-01-09,CHOLAHLDNG,EXIT,exposure_floor
2024-01-10,CHOLAHLDNG,EXIT,exposure_floor
2024-01-11,APARINDS,REDUCE,exposure_floor
2024-01-11,CHOLAHLDNG,EXIT,exposure_floor
2024-01-12,APARINDS,REDUCE,exposure_floor
2024-01-12,CHOLAHLDNG,EXIT,exposure_floor
2024-01-15,APARINDS,REDUCE,exposure_floor
2024-01-15,CHOLAHLDNG,EXIT,exposure_floor
2024-01-16,APARINDS,REDUCE,exposure_floor
2024-01-16,CHOLAHLDNG,EXIT,exposure_floor
2024-01-17,APARINDS,REDUCE,exposure_floor
2024-01-17,CHOLAHLDNG,EXIT,exposure_floor
2024-01-18,APARINDS,REDUCE,exposure_floor
2024-01-18,CHOLAHLDNG,EXIT,exposure_floor
2024-01-19,APARINDS,REDUCE,exposure_floor
2024-01-19,CHOLAHLDNG,EXIT,exposure_floor
2024-01-23,APARINDS,REDUCE,exposure_floor
2024-01-23,BSE,EXIT,exposure_floor
2024-01-23,BAJFINANCE,EXIT,exposure_floor
2024-01-23,CHOLAHLDNG,EXIT,exposure_floor
2024-01-23,HINDALCO,REDUCE,exposure_floor
2024-01-23,SBIN,REDUCE,exposure_floor
2024-01-24,APARINDS,REDUCE,exposure_floor
2024-01-24,CHOLAHLDNG,EXIT,exposure_floor
2024-01-25,APARINDS,REDUCE,exposure_floor
2024-01-25,CHOLAHLDNG,EXIT,exposure_floor
2024-01-29,APARINDS,REDUCE,exposure_floor
2024-01-29,CHOLAHLDNG,EXIT,exposure_floor
2024-01-30,APARINDS,REDUCE,exposure_floor
2024-01-30,CHOLAHLDNG,EXIT,exposure_floor
2024-01-31,APARINDS,REDUCE,exposure_floor
2024-01-31,CHOLAHLDNG,EXIT,exposure_floor
2024-02-01,CHOLAHLDNG,EXIT,exposure_floor
2024-02-02,CHOLAHLDNG,EXIT,exposure_floor
2024-02-05,CHOLAHLDNG,EXIT,exposure_floor
2024-02-06,CHOLAHLDNG,EXIT,exposure_floor
2024-02-07,CHOLAHLDNG,EXIT,exposure_floor
2024-02-08,CHOLAHLDNG,EXIT,exposure_floor
2024-02-09,CHOLAHLDNG,EXIT,exposure_floor
2024-02-12,BAJAJFINSV,EXIT,exposure_floor
2024-02-12,CHOLAHLDNG,REDUCE,exposure_floor
2024-02-12,FINCABLES,EXIT,exposure_floor
2024-02-12,HINDCOPPER,EXIT,exposure_floor
2024-02-12,IRCON,EXIT,exposure_floor
2024-02-12,IRFC,EXIT,exposure_floor
2024-02-12,TITAGARH,EXIT,exposure_floor
2024-02-12,TARIL,EXIT,exposure_floor
2024-02-13,BAJAJFINSV,EXIT,exposure_floor
2024-02-13,FINCABLES,EXIT,exposure_floor
2024-02-13,GRASIM,REDUCE,exposure_floor
2024-02-13,HINDALCO,EXIT,exposure_floor
2024-02-13,HINDCOPPER,EXIT,exposure_floor
2024-02-13,IFCI,EXIT,exposure_floor
2024-02-13,IRCON,REDUCE,exposure_floor
2024-02-13,IRFC,REDUCE,exposure_floor
2024-02-13,MAZDOCK,REDUCE,exposure_floor
2024-02-13,TITAGARH,EXIT,exposure_floor
2024-02-13,TARIL,EXIT,exposure_floor
2024-02-14,FINCABLES,EXIT,exposure_floor
2024-02-14,HINDALCO,EXIT,exposure_floor
2024-02-14,IFCI,EXIT,exposure_floor
2024-02-14,MAZDOCK,REDUCE,exposure_floor
2024-02-14,TITAGARH,EXIT,exposure_floor
2024-02-14,TARIL,EXIT,exposure_floor
2024-02-14,ULTRACEMCO,REDUCE,exposure_floor
2024-02-15,FINCABLES,EXIT,exposure_floor
2024-02-15,HINDALCO,EXIT,exposure_floor
2024-02-15,IFCI,EXIT,exposure_floor
2024-02-15,MAZDOCK,REDUCE,exposure_floor
2024-02-15,TARIL,REDUCE,exposure_floor
2024-02-16,FINCABLES,EXIT,exposure_floor
2024-02-16,HINDALCO,EXIT,exposure_floor
2024-02-16,IFCI,EXIT,exposure_floor
2024-02-16,MAZDOCK,REDUCE,exposure_floor
2024-02-20,CHOLAHLDNG,REDUCE,exposure_floor
2024-02-20,FINCABLES,EXIT,exposure_floor
2024-02-20,HINDALCO,EXIT,exposure_floor
2024-02-20,IFCI,EXIT,exposure_floor
2024-02-20,MAZDOCK,REDUCE,exposure_floor
2024-02-21,CHOLAHLDNG,REDUCE,exposure_floor
2024-02-21,FINCABLES,EXIT,exposure_floor
2024-02-21,HINDALCO,EXIT,exposure_floor
2024-02-21,IFCI,EXIT,exposure_floor
2024-02-21,MAZDOCK,REDUCE,exposure_floor
2024-02-22,CHOLAHLDNG,REDUCE,exposure_floor
2024-02-22,FINCABLES,EXIT,exposure_floor
2024-02-22,HINDALCO,EXIT,exposure_floor
2024-02-22,IFCI,EXIT,exposure_floor
2024-02-22,MAZDOCK,REDUCE,exposure_floor
2024-02-23,CHOLAHLDNG,REDUCE,exposure_floor
2024-02-23,FINCABLES,EXIT,exposure_floor
2024-02-23,HINDALCO,EXIT,exposure_floor
2024-02-23,IFCI,EXIT,exposure_floor
2024-02-23,MAZDOCK,REDUCE,exposure_floor
2024-02-26,CHOLAHLDNG,REDUCE,exposure_floor
2024-02-26,FINCABLES,EXIT,exposure_floor
2024-02-26,HINDALCO,EXIT,exposure_floor
2024-02-26,IFCI,EXIT,exposure_floor
2024-02-26,MAZDOCK,REDUCE,exposure_floor
2024-02-27,CHOLAHLDNG,REDUCE,exposure_floor
2024-02-27,FINCABLES,EXIT,exposure_floor
2024-02-27,HINDALCO,EXIT,exposure_floor
2024-02-27,IFCI,EXIT,exposure_floor
2024-02-27,MAZDOCK,REDUCE,exposure_floor
2024-02-28,CHOLAHLDNG,REDUCE,exposure_floor
2024-02-28,FINCABLES,EXIT,exposure_floor
2024-02-28,HINDALCO,EXIT,exposure_floor
2024-02-28,IFCI,EXIT,exposure_floor
2024-02-28,IRFC,EXIT,exposure_floor
2024-02-28,MAZDOCK,REDUCE,exposure_floor
2024-02-29,CHOLAHLDNG,REDUCE,exposure_floor
2024-02-29,FINCABLES,EXIT,exposure_floor
2024-02-29,HINDALCO,EXIT,exposure_floor
2024-02-29,IFCI,EXIT,exposure_floor
2024-02-29,IRFC,EXIT,exposure_floor
2024-02-29,MAZDOCK,REDUCE,exposure_floor
2024-02-29,NESTLEIND,REDUCE,exposure_floor
2024-03-01,CHOLAHLDNG,REDUCE,exposure_floor
2024-03-01,FINCABLES,EXIT,exposure_floor
2024-03-01,HINDALCO,EXIT,exposure_floor
2024-03-01,IFCI,EXIT,exposure_floor
2024-03-01,IRFC,EXIT,exposure_floor
2024-03-01,MAXHEALTH,EXIT,exposure_floor
2024-03-01,MAZDOCK,REDUCE,exposure_floor
2024-03-04,CHOLAHLDNG,REDUCE,exposure_floor
2024-03-04,FINCABLES,EXIT,exposure_floor
2024-03-04,HINDALCO,EXIT,exposure_floor
2024-03-04,IFCI,EXIT,exposure_floor
2024-03-04,IRFC,EXIT,exposure_floor
2024-03-04,MAXHEALTH,EXIT,exposure_floor
2024-03-04,MAZDOCK,REDUCE,exposure_floor
2024-03-05,CHOLAHLDNG,REDUCE,exposure_floor
2024-03-05,FINCABLES,EXIT,exposure_floor
2024-03-05,HINDALCO,EXIT,exposure_floor
2024-03-05,IFCI,EXIT,exposure_floor
2024-03-05,IRFC,EXIT,exposure_floor
2024-03-05,MAXHEALTH,EXIT,exposure_floor
2024-03-05,MAZDOCK,REDUCE,exposure_floor
2024-03-06,CHOLAHLDNG,REDUCE,exposure_floor
2024-03-06,FINCABLES,EXIT,exposure_floor
2024-03-06,HINDALCO,EXIT,exposure_floor
2024-03-06,IFCI,EXIT,exposure_floor
2024-03-06,IRFC,EXIT,exposure_floor
2024-03-06,MAXHEALTH,EXIT,exposure_floor
2024-03-06,MAZDOCK,REDUCE,exposure_floor
2024-03-06,NESTLEIND,REDUCE,exposure_floor
2024-03-07,CHOLAHLDNG,REDUCE,exposure_floor
2024-03-07,FINCABLES,EXIT,exposure_floor
2024-03-07,HINDALCO,EXIT,exposure_floor
2024-03-07,IFCI,EXIT,exposure_floor
2024-03-07,IRFC,EXIT,exposure_floor
2024-03-07,MAXHEALTH,EXIT,exposure_floor
2024-03-07,MAZDOCK,REDUCE,exposure_floor
2024-03-11,FINCABLES,EXIT,exposure_floor
2024-03-11,HINDALCO,EXIT,exposure_floor
2024-03-11,IFCI,EXIT,exposure_floor
2024-03-11,IRFC,EXIT,exposure_floor
2024-03-11,JINDALSAW,EXIT,exposure_floor
2024-03-11,MAXHEALTH,EXIT,exposure_floor
2024-03-11,MAZDOCK,REDUCE,exposure_floor
2024-03-12,FINCABLES,EXIT,exposure_floor
2024-03-12,HINDALCO,EXIT,exposure_floor
2024-03-12,IFCI,EXIT,exposure_floor
2024-03-12,IRCON,EXIT,exposure_floor
2024-03-12,IRFC,EXIT,exposure_floor
2024-03-12,JINDALSAW,EXIT,exposure_floor
2024-03-12,LT,REDUCE,exposure_floor
2024-03-12,MAXHEALTH,EXIT,exposure_floor
2024-03-12,MAZDOCK,EXIT,exposure_floor
2024-03-12,SONATSOFTW,REDUCE,exposure_floor
2024-03-13,APARINDS,REDUCE,exposure_floor
2024-03-13,FINCABLES,EXIT,exposure_floor
2024-03-13,GALLANTT,EXIT,exposure_floor
2024-03-13,HINDALCO,EXIT,exposure_floor
2024-03-13,IFCI,EXIT,exposure_floor
2024-03-13,IRCON,EXIT,exposure_floor
2024-03-13,IRFC,EXIT,exposure_floor
2024-03-13,INFY,REDUCE,exposure_floor
2024-03-13,JINDALSAW,EXIT,exposure_floor
2024-03-13,KIRLOSENG,EXIT,exposure_floor
2024-03-13,LT,REDUCE,exposure_floor
2024-03-13,MAXHEALTH,EXIT,exposure_floor
2024-03-13,MAZDOCK,EXIT,exposure_floor
2024-03-13,MINDACORP,REDUCE,exposure_floor
2024-03-13,SOBHA,EXIT,exposure_floor
2024-03-13,SONATSOFTW,REDUCE,exposure_floor
2024-03-14,APARINDS,REDUCE,exposure_floor
2024-03-14,EICHERMOT,REDUCE,exposure_floor
2024-03-14,FINCABLES,EXIT,exposure_floor
2024-03-14,HINDALCO,EXIT,exposure_floor
2024-03-14,IFCI,EXIT,exposure_floor
2024-03-14,IRCON,EXIT,exposure_floor
2024-03-14,IRFC,EXIT,exposure_floor
2024-03-14,JSWSTEEL,EXIT,exposure_floor
2024-03-14,JINDALSAW,EXIT,exposure_floor
2024-03-14,KIRLOSENG,EXIT,exposure_floor
2024-03-14,LT,REDUCE,exposure_floor
2024-03-14,MAXHEALTH,EXIT,exposure_floor
2024-03-14,MAZDOCK,EXIT,exposure_floor
2024-03-14,NESTLEIND,REDUCE,exposure_floor
2024-03-14,SOBHA,EXIT,exposure_floor
2024-03-14,SONATSOFTW,EXIT,exposure_floor
2024-03-14,TATAINVEST,EXIT,exposure_floor
2024-03-14,TITAN,REDUCE,exposure_floor
2024-03-14,ULTRACEMCO,REDUCE,exposure_floor
2024-03-14,WOCKPHARMA,EXIT,exposure_floor
2024-03-15,APARINDS,REDUCE,exposure_floor
2024-03-15,HINDALCO,EXIT,exposure_floor
2024-03-15,IFCI,EXIT,exposure_floor
2024-03-15,IRCON,REDUCE,exposure_floor
2024-03-15,IRFC,EXIT,exposure_floor
2024-03-15,JINDALSAW,EXIT,exposure_floor
2024-03-15,KIRLOSENG,REDUCE,exposure_floor
2024-03-15,LT,REDUCE,exposure_floor
2024-03-15,MAXHEALTH,EXIT,exposure_floor
2024-03-15,MAZDOCK,EXIT,exposure_floor
2024-03-15,NESTLEIND,REDUCE,exposure_floor
2024-03-15,SOBHA,EXIT,exposure_floor
2024-03-15,SONATSOFTW,EXIT,exposure_floor
2024-03-15,TATAINVEST,EXIT,exposure_floor
2024-03-15,TITAN,REDUCE,exposure_floor
2024-03-15,ULTRACEMCO,REDUCE,exposure_floor
2024-03-15,WOCKPHARMA,EXIT,exposure_floor
2024-03-18,APARINDS,REDUCE,exposure_floor
2024-03-18,HINDALCO,EXIT,exposure_floor
2024-03-18,IFCI,EXIT,exposure_floor
2024-03-18,IRFC,EXIT,exposure_floor
2024-03-18,JINDALSAW,EXIT,exposure_floor
2024-03-18,MAXHEALTH,EXIT,exposure_floor
2024-03-18,MAZDOCK,EXIT,exposure_floor
2024-03-18,SOBHA,EXIT,exposure_floor
2024-03-18,SONATSOFTW,EXIT,exposure_floor
2024-03-18,TATAINVEST,EXIT,exposure_floor
2024-03-18,TITAN,REDUCE,exposure_floor
2024-03-18,WOCKPHARMA,REDUCE,exposure_floor
2024-03-19,CHOLAHLDNG,EXIT,exposure_floor
2024-03-19,HINDALCO,EXIT,exposure_floor
2024-03-19,IFCI,EXIT,exposure_floor
2024-03-19,IRFC,EXIT,exposure_floor
2024-03-19,JINDALSAW,EXIT,exposure_floor
2024-03-19,MAXHEALTH,EXIT,exposure_floor
2024-03-19,MAZDOCK,EXIT,exposure_floor
2024-03-19,SCHNEIDER,EXIT,exposure_floor
2024-03-19,SOBHA,EXIT,exposure_floor
2024-03-19,SONATSOFTW,EXIT,exposure_floor
2024-03-19,TATAINVEST,EXIT,exposure_floor
2024-03-19,TITAN,REDUCE,exposure_floor
2024-03-20,JINDALSAW,EXIT,exposure_floor
2024-03-20,MAXHEALTH,EXIT,exposure_floor
2024-03-20,MAZDOCK,EXIT,exposure_floor
2024-03-20,SONATSOFTW,EXIT,exposure_floor
2024-03-20,TATAINVEST,EXIT,exposure_floor
2024-03-20,TECHM,REDUCE,exposure_floor
2024-03-20,TITAN,REDUCE,exposure_floor
2024-03-20,TARIL,EXIT,exposure_floor
2024-03-21,JINDALSAW,EXIT,exposure_floor
2024-03-21,SONATSOFTW,EXIT,exposure_floor
2024-03-22,JINDALSAW,EXIT,exposure_floor
2024-03-26,JINDALSAW,EXIT,exposure_floor
2024-03-27,JINDALSAW,EXIT,exposure_floor
2024-03-28,JINDALSAW,EXIT,exposure_floor
2024-05-27,FORCEMOT,EXIT,exposure_floor
2024-05-28,FORCEMOT,EXIT,exposure_floor
2024-05-29,FORCEMOT,EXIT,exposure_floor
2024-05-29,ICICIBANK,REDUCE,exposure_floor
2024-05-29,POLICYBZR,REDUCE,exposure_floor
2024-05-29,SCHNEIDER,EXIT,exposure_floor
2024-05-30,EIHOTEL,EXIT,exposure_floor
2024-05-30,FORCEMOT,REDUCE,exposure_floor
2024-05-30,POLICYBZR,REDUCE,exposure_floor
2024-05-30,SCHNEIDER,EXIT,exposure_floor
2024-05-31,SCHNEIDER,EXIT,exposure_floor
2024-06-03,ETERNAL,REDUCE,exposure_floor
2024-06-03,SCHNEIDER,EXIT,exposure_floor
2024-06-04,ADANIENT,EXIT,exposure_floor
2024-06-04,ADANIPORTS,EXIT,exposure_floor
2024-06-04,BEL,EXIT,exposure_floor
2024-06-04,CUMMINSIND,EXIT,exposure_floor
2024-06-04,DATAPATTNS,EXIT,exposure_floor
2024-06-04,ETERNAL,REDUCE,exposure_floor
2024-06-04,FORCEMOT,EXIT,exposure_floor
2024-06-04,HDFCBANK,EXIT,exposure_floor
2024-06-04,HINDZINC,EXIT,exposure_floor
2024-06-04,HUDCO,EXIT,exposure_floor
2024-06-04,IRCON,EXIT,exposure_floor
2024-06-04,LT,REDUCE,exposure_floor
2024-06-04,NTPC,EXIT,exposure_floor
2024-06-04,ONGC,EXIT,exposure_floor
2024-06-04,SCHNEIDER,EXIT,exposure_floor
2024-06-04,SHRIRAMFIN,REDUCE,exposure_floor
2024-06-04,WOCKPHARMA,EXIT,exposure_floor
2024-06-05,CUMMINSIND,REDUCE,exposure_floor
2024-06-05,ETERNAL,REDUCE,exposure_floor
2024-06-05,FORCEMOT,EXIT,exposure_floor
2024-06-05,HDFCBANK,REDUCE,exposure_floor
2024-06-05,HINDUNILVR,REDUCE,exposure_floor
2024-06-05,HUDCO,EXIT,exposure_floor
2024-06-05,IRCON,EXIT,exposure_floor
2024-06-05,MARUTI,REDUCE,exposure_floor
2024-06-05,SCHNEIDER,EXIT,exposure_floor
2024-06-05,WOCKPHARMA,EXIT,exposure_floor
2024-06-06,ETERNAL,REDUCE,exposure_floor
2024-06-06,FORCEMOT,EXIT,exposure_floor
2024-06-06,HUDCO,REDUCE,exposure_floor
2024-06-06,SCHNEIDER,EXIT,exposure_floor
2024-06-06,WOCKPHARMA,EXIT,exposure_floor
2024-06-07,ETERNAL,REDUCE,exposure_floor
2024-06-07,FORCEMOT,EXIT,exposure_floor
2024-06-07,WOCKPHARMA,EXIT,exposure_floor
2024-06-10,ETERNAL,REDUCE,exposure_floor
2024-06-10,FORCEMOT,EXIT,exposure_floor
2024-06-11,ETERNAL,REDUCE,exposure_floor
2024-06-11,FORCEMOT,REDUCE,exposure_floor
2024-06-12,ETERNAL,REDUCE,exposure_floor
2024-06-13,ETERNAL,REDUCE,exposure_floor
2024-06-14,ETERNAL,REDUCE,exposure_floor
2024-06-18,ETERNAL,REDUCE,exposure_floor
2024-07-19,APARINDS,REDUCE,exposure_floor
2024-07-22,APARINDS,REDUCE,exposure_floor
2024-07-23,APARINDS,REDUCE,exposure_floor
2024-07-24,APARINDS,REDUCE,exposure_floor
2024-07-25,APARINDS,REDUCE,exposure_floor
2024-07-26,APARINDS,REDUCE,exposure_floor
2024-07-29,APARINDS,REDUCE,exposure_floor
2024-08-05,APARINDS,REDUCE,exposure_floor
2024-08-05,HUDCO,EXIT,exposure_floor
2024-08-06,APARINDS,REDUCE,exposure_floor
2024-08-07,APARINDS,REDUCE,exposure_floor
2024-08-08,APARINDS,REDUCE,exposure_floor
2024-08-09,APARINDS,REDUCE,exposure_floor
2024-08-12,APARINDS,REDUCE,exposure_floor
2024-08-14,APARINDS,REDUCE,exposure_floor
2024-08-16,APARINDS,REDUCE,exposure_floor
2024-08-19,APARINDS,REDUCE,exposure_floor
2024-08-20,APARINDS,REDUCE,exposure_floor
2024-08-21,APARINDS,REDUCE,exposure_floor
2024-08-22,APARINDS,REDUCE,exposure_floor
2024-09-27,POLICYBZR,EXIT,exposure_floor
2024-09-30,POLICYBZR,EXIT,exposure_floor
2024-10-17,PCBL,EXIT,exposure_floor
2024-10-18,DEEPAKFERT,REDUCE,exposure_floor
2024-10-18,ETERNAL,REDUCE,exposure_floor
2024-10-18,PCBL,EXIT,exposure_floor
2024-10-21,DEEPAKFERT,REDUCE,exposure_floor
2024-10-21,ETERNAL,REDUCE,exposure_floor
2024-10-21,KOTAKBANK,REDUCE,exposure_floor
2024-10-21,NEULANDLAB,EXIT,exposure_floor
2024-10-21,PCBL,EXIT,exposure_floor
2024-10-22,DEEPAKFERT,REDUCE,exposure_floor
2024-10-22,ETERNAL,REDUCE,exposure_floor
2024-10-22,GRAVITA,EXIT,exposure_floor
2024-10-22,KOTAKBANK,EXIT,exposure_floor
2024-10-22,MARUTI,EXIT,exposure_floor
2024-10-22,NEULANDLAB,EXIT,exposure_floor
2024-10-22,PCBL,EXIT,exposure_floor
2024-10-22,PTCIL,EXIT,exposure_floor
2024-10-22,TCS,EXIT,exposure_floor
2024-10-23,ETERNAL,REDUCE,exposure_floor
2024-10-23,GRAVITA,EXIT,exposure_floor
2024-10-23,NEULANDLAB,REDUCE,exposure_floor
2024-10-23,PCBL,EXIT,exposure_floor
2024-10-23,TCS,EXIT,exposure_floor
2024-10-24,ETERNAL,REDUCE,exposure_floor
2024-10-24,GRAVITA,EXIT,exposure_floor
2024-10-24,HINDUNILVR,EXIT,exposure_floor
2024-10-24,JMFINANCIL,EXIT,exposure_floor
2024-10-24,MAXHEALTH,EXIT,exposure_floor
2024-10-24,NEULANDLAB,EXIT,exposure_floor
2024-10-24,PCBL,EXIT,exposure_floor
2024-10-24,SBILIFE,EXIT,exposure_floor
2024-10-24,TCS,EXIT,exposure_floor
2024-10-25,AXISBANK,REDUCE,exposure_floor
2024-10-25,BSE,EXIT,exposure_floor
2024-10-25,BAJAJFINSV,EXIT,exposure_floor
2024-10-25,COALINDIA,EXIT,exposure_floor
2024-10-25,ETERNAL,REDUCE,exposure_floor
2024-10-25,GRAVITA,EXIT,exposure_floor
2024-10-25,HSCL,EXIT,exposure_floor
2024-10-25,HINDUNILVR,EXIT,exposure_floor
2024-10-25,JMFINANCIL,EXIT,exposure_floor
2024-10-25,M&M,REDUCE,exposure_floor
2024-10-25,MAXHEALTH,REDUCE,exposure_floor
2024-10-25,NEULANDLAB,EXIT,exposure_floor
2024-10-25,PCBL,EXIT,exposure_floor
2024-10-25,SBILIFE,EXIT,exposure_floor
2024-10-25,TCS,EXIT,exposure_floor
2024-10-28,APARINDS,EXIT,exposure_floor
2024-10-28,ETERNAL,REDUCE,exposure_floor
2024-10-28,GRAVITA,EXIT,exposure_floor
2024-10-28,FLUOROCHEM,EXIT,exposure_floor
2024-10-28,HSCL,EXIT,exposure_floor
2024-10-28,HINDUNILVR,EXIT,exposure_floor
2024-10-28,ITC,REDUCE,exposure_floor
2024-10-28,INDIACEM,REDUCE,exposure_floor
2024-10-28,INDIGO,EXIT,exposure_floor
2024-10-28,JMFINANCIL,EXIT,exposure_floor
2024-10-28,M&M,REDUCE,exposure_floor
2024-10-28,NEULANDLAB,REDUCE,exposure_floor
2024-10-28,PCBL,EXIT,exposure_floor
2024-10-28,SBILIFE,EXIT,exposure_floor
2024-10-28,TCS,EXIT,exposure_floor
2024-10-28,ULTRACEMCO,REDUCE,exposure_floor
2024-10-29,APARINDS,EXIT,exposure_floor
2024-10-29,CIPLA,EXIT,exposure_floor
2024-10-29,GRAVITA,EXIT,exposure_floor
2024-10-29,FLUOROCHEM,REDUCE,exposure_floor
2024-10-29,HSCL,EXIT,exposure_floor
2024-10-29,HINDUNILVR,EXIT,exposure_floor
2024-10-29,ITC,REDUCE,exposure_floor
2024-10-29,INDIACEM,REDUCE,exposure_floor
2024-10-29,INDIGO,EXIT,exposure_floor
2024-10-29,JMFINANCIL,EXIT,exposure_floor
2024-10-29,M&M,REDUCE,exposure_floor
2024-10-29,PCBL,EXIT,exposure_floor
2024-10-29,SBILIFE,EXIT,exposure_floor
2024-10-29,TCS,EXIT,exposure_floor
2024-10-29,ULTRACEMCO,REDUCE,exposure_floor
2024-10-30,APARINDS,EXIT,exposure_floor
2024-10-30,ETERNAL,EXIT,exposure_floor
2024-10-30,GRAVITA,EXIT,exposure_floor
2024-10-30,HSCL,EXIT,exposure_floor
2024-10-30,INDIACEM,REDUCE,exposure_floor
2024-10-30,PCBL,EXIT,exposure_floor
2024-10-30,SBILIFE,EXIT,exposure_floor
2024-10-30,TCS,EXIT,exposure_floor
2024-10-31,APARINDS,REDUCE,exposure_floor
2024-10-31,ETERNAL,EXIT,exposure_floor
2024-10-31,GRAVITA,EXIT,exposure_floor
2024-10-31,HSCL,EXIT,exposure_floor
2024-10-31,TCS,EXIT,exposure_floor
2024-11-01,ETERNAL,EXIT,exposure_floor
2024-11-01,GRAVITA,EXIT,exposure_floor
2024-11-01,HSCL,EXIT,exposure_floor
2024-11-01,TCS,EXIT,exposure_floor
2024-11-04,AXISBANK,EXIT,exposure_floor
2024-11-04,GRASIM,REDUCE,exposure_floor
2024-11-04,GRAVITA,EXIT,exposure_floor
2024-11-04,HSCL,EXIT,exposure_floor
2024-11-04,JMFINANCIL,EXIT,exposure_floor
2024-11-04,SARDAEN,EXIT,exposure_floor
2024-11-04,TCS,EXIT,exposure_floor
2024-11-05,ETERNAL,EXIT,exposure_floor
2024-11-05,GRAVITA,EXIT,exposure_floor
2024-11-05,HSCL,EXIT,exposure_floor
2024-11-05,INFY,REDUCE,exposure_floor
2024-11-05,SARDAEN,REDUCE,exposure_floor
2024-11-05,TCS,EXIT,exposure_floor
2024-11-05,TRENT,EXIT,exposure_floor
2024-11-06,ETERNAL,EXIT,exposure_floor
2024-11-06,GRAVITA,EXIT,exposure_floor
2024-11-06,HSCL,EXIT,exposure_floor
2024-11-06,TRENT,EXIT,exposure_floor
2024-11-07,ETERNAL,EXIT,exposure_floor
2024-11-07,GRAVITA,EXIT,exposure_floor
2024-11-07,HSCL,EXIT,exposure_floor
2024-11-07,NEULANDLAB,EXIT,exposure_floor
2024-11-07,TRENT,EXIT,exposure_floor
2024-11-08,APARINDS,EXIT,exposure_floor
2024-11-08,ETERNAL,EXIT,exposure_floor
2024-11-08,GRAVITA,EXIT,exposure_floor
2024-11-08,HSCL,EXIT,exposure_floor
2024-11-08,NEULANDLAB,EXIT,exposure_floor
2024-11-08,SHRIRAMFIN,EXIT,exposure_floor
2024-11-08,TRENT,EXIT,exposure_floor
2024-11-11,APARINDS,EXIT,exposure_floor
2024-11-11,ETERNAL,EXIT,exposure_floor
2024-11-11,GRAVITA,EXIT,exposure_floor
2024-11-11,HDFCLIFE,REDUCE,exposure_floor
2024-11-11,HSCL,EXIT,exposure_floor
2024-11-11,HINDALCO,REDUCE,exposure_floor
2024-11-11,ITC,REDUCE,exposure_floor
2024-11-11,INFY,REDUCE,exposure_floor
2024-11-11,NEULANDLAB,EXIT,exposure_floor
2024-11-11,SHRIRAMFIN,EXIT,exposure_floor
2024-11-11,TRENT,EXIT,exposure_floor
2024-11-12,APARINDS,EXIT,exposure_floor
2024-11-12,ETERNAL,EXIT,exposure_floor
2024-11-12,GRAVITA,EXIT,exposure_floor
2024-11-12,HDFCLIFE,REDUCE,exposure_floor
2024-11-12,HSCL,EXIT,exposure_floor
2024-11-12,HINDALCO,REDUCE,exposure_floor
2024-11-12,ITC,REDUCE,exposure_floor
2024-11-12,INFY,REDUCE,exposure_floor
2024-11-12,NEULANDLAB,REDUCE,exposure_floor
2024-11-12,SHRIRAMFIN,EXIT,exposure_floor
2024-11-12,TRENT,EXIT,exposure_floor
2024-11-13,APARINDS,EXIT,exposure_floor
2024-11-13,BEL,EXIT,exposure_floor
2024-11-13,ETERNAL,EXIT,exposure_floor
2024-11-13,GRAVITA,EXIT,exposure_floor
2024-11-13,FLUOROCHEM,EXIT,exposure_floor
2024-11-13,HDFCLIFE,REDUCE,exposure_floor
2024-11-13,HSCL,EXIT,exposure_floor
2024-11-13,HINDALCO,EXIT,exposure_floor
2024-11-13,ITC,REDUCE,exposure_floor
2024-11-13,INFY,REDUCE,exposure_floor
2024-11-13,LT,EXIT,exposure_floor
2024-11-13,SARDAEN,EXIT,exposure_floor
2024-11-13,SHRIRAMFIN,EXIT,exposure_floor
2024-11-13,TRENT,EXIT,exposure_floor
2024-11-13,VEDL,EXIT,exposure_floor
2024-11-14,APARINDS,EXIT,exposure_floor
2024-11-14,ETERNAL,REDUCE,exposure_floor
2024-11-14,GRAVITA,EXIT,exposure_floor
2024-11-14,FLUOROCHEM,EXIT,exposure_floor
2024-11-14,HSCL,EXIT,exposure_floor
2024-11-14,HINDALCO,EXIT,exposure_floor
2024-11-14,INFY,REDUCE,exposure_floor
2024-11-14,LT,EXIT,exposure_floor
2024-11-14,NTPC,EXIT,exposure_floor
2024-11-14,SARDAEN,EXIT,exposure_floor
2024-11-14,SHRIRAMFIN,EXIT,exposure_floor
2024-11-14,TRENT,EXIT,exposure_floor
2024-11-14,VEDL,EXIT,exposure_floor
2024-11-18,APARINDS,EXIT,exposure_floor
2024-11-18,GRAVITA,EXIT,exposure_floor
2024-11-18,FLUOROCHEM,EXIT,exposure_floor
2024-11-18,HSCL,EXIT,exposure_floor
2024-11-18,HINDALCO,EXIT,exposure_floor
2024-11-18,INFY,REDUCE,exposure_floor
2024-11-18,LT,EXIT,exposure_floor
2024-11-18,NTPC,EXIT,exposure_floor
2024-11-18,SARDAEN,EXIT,exposure_floor
2024-11-18,SHRIRAMFIN,EXIT,exposure_floor
2024-11-18,TRENT,EXIT,exposure_floor
2024-11-18,VEDL,EXIT,exposure_floor
2024-11-19,APARINDS,EXIT,exposure_floor
2024-11-19,GRAVITA,EXIT,exposure_floor
2024-11-19,FLUOROCHEM,EXIT,exposure_floor
2024-11-19,HSCL,EXIT,exposure_floor
2024-11-19,INFY,REDUCE,exposure_floor
2024-11-19,LT,EXIT,exposure_floor
2024-11-19,SARDAEN,EXIT,exposure_floor
2024-11-19,SHRIRAMFIN,EXIT,exposure_floor
2024-11-19,TRENT,EXIT,exposure_floor
2024-11-19,VEDL,EXIT,exposure_floor
2024-11-21,APARINDS,EXIT,exposure_floor
2024-11-21,GRAVITA,EXIT,exposure_floor
2024-11-21,FLUOROCHEM,EXIT,exposure_floor
2024-11-21,HSCL,EXIT,exposure_floor
2024-11-21,INFY,REDUCE,exposure_floor
2024-11-21,LT,EXIT,exposure_floor
2024-11-21,PPLPHARMA,EXIT,exposure_floor
2024-11-21,SARDAEN,EXIT,exposure_floor
2024-11-21,SHRIRAMFIN,EXIT,exposure_floor
2024-11-21,SBIN,EXIT,exposure_floor
2024-11-21,TRENT,EXIT,exposure_floor
2024-11-21,VEDL,EXIT,exposure_floor
2024-11-22,APARINDS,EXIT,exposure_floor
2024-11-22,GRAVITA,EXIT,exposure_floor
2024-11-22,HDFCLIFE,REDUCE,exposure_floor
2024-11-22,HSCL,EXIT,exposure_floor
2024-11-22,ITC,REDUCE,exposure_floor
2024-11-22,LT,REDUCE,exposure_floor
2024-11-22,PPLPHARMA,REDUCE,exposure_floor
2024-11-22,SARDAEN,EXIT,exposure_floor
2024-11-22,SHRIRAMFIN,EXIT,exposure_floor
2024-11-22,SBIN,REDUCE,exposure_floor
2024-11-22,TRENT,EXIT,exposure_floor
2024-11-25,APARINDS,EXIT,exposure_floor
2024-11-25,GRAVITA,EXIT,exposure_floor
2024-11-25,HSCL,EXIT,exposure_floor
2024-11-25,TRENT,EXIT,exposure_floor
2024-11-26,APARINDS,REDUCE,exposure_floor
2024-11-26,GRAVITA,EXIT,exposure_floor
2024-11-26,HSCL,EXIT,exposure_floor
2024-11-26,TRENT,EXIT,exposure_floor
2024-11-27,APARINDS,REDUCE,exposure_floor
2024-11-27,GRAVITA,EXIT,exposure_floor
2024-11-27,HSCL,EXIT,exposure_floor
2024-11-27,TRENT,EXIT,exposure_floor
2024-11-28,APARINDS,REDUCE,exposure_floor
2024-11-28,GRAVITA,EXIT,exposure_floor
2024-11-28,HSCL,EXIT,exposure_floor
2024-11-28,TRENT,EXIT,exposure_floor
2024-11-29,GRAVITA,EXIT,exposure_floor
2024-11-29,HSCL,EXIT,exposure_floor
2024-11-29,TRENT,EXIT,exposure_floor
2024-12-02,GRAVITA,EXIT,exposure_floor
2024-12-02,HSCL,EXIT,exposure_floor
2024-12-02,TRENT,EXIT,exposure_floor
2024-12-03,GRAVITA,EXIT,exposure_floor
2024-12-03,HSCL,EXIT,exposure_floor
2024-12-03,TRENT,EXIT,exposure_floor
2024-12-04,GRAVITA,EXIT,exposure_floor
2024-12-04,HSCL,EXIT,exposure_floor
2024-12-04,TRENT,EXIT,exposure_floor
2024-12-05,GRAVITA,EXIT,exposure_floor
2024-12-05,HSCL,EXIT,exposure_floor
2024-12-05,TRENT,EXIT,exposure_floor
2024-12-06,GRAVITA,EXIT,exposure_floor
2024-12-06,HSCL,EXIT,exposure_floor
2024-12-06,TRENT,EXIT,exposure_floor
2024-12-09,GRAVITA,EXIT,exposure_floor
2024-12-09,HSCL,EXIT,exposure_floor
2024-12-09,TRENT,EXIT,exposure_floor
2024-12-10,GRAVITA,EXIT,exposure_floor
2024-12-10,HSCL,EXIT,exposure_floor
2024-12-10,TRENT,EXIT,exposure_floor
2024-12-11,GRAVITA,EXIT,exposure_floor
2024-12-11,HSCL,EXIT,exposure_floor
2024-12-11,TRENT,EXIT,exposure_floor
2024-12-12,GRAVITA,EXIT,exposure_floor
2024-12-12,HSCL,EXIT,exposure_floor
2024-12-12,TRENT,EXIT,exposure_floor
2024-12-13,GRAVITA,EXIT,exposure_floor
2024-12-13,HSCL,EXIT,exposure_floor
2024-12-13,TRENT,EXIT,exposure_floor
2024-12-16,GRAVITA,EXIT,exposure_floor
2024-12-16,HSCL,EXIT,exposure_floor
2024-12-16,NEULANDLAB,EXIT,exposure_floor
2024-12-16,TRENT,EXIT,exposure_floor
2024-12-17,GRAVITA,EXIT,exposure_floor
2024-12-17,HSCL,EXIT,exposure_floor
2024-12-17,NEULANDLAB,EXIT,exposure_floor
2024-12-17,TRENT,EXIT,exposure_floor
2024-12-18,DEEPAKFERT,EXIT,exposure_floor
2024-12-18,GRAVITA,REDUCE,exposure_floor
2024-12-18,HSCL,EXIT,exposure_floor
2024-12-18,NEULANDLAB,EXIT,exposure_floor
2024-12-18,TRENT,EXIT,exposure_floor
2024-12-19,DEEPAKFERT,EXIT,exposure_floor
2024-12-19,HSCL,EXIT,exposure_floor
2024-12-19,NEULANDLAB,EXIT,exposure_floor
2024-12-19,TRENT,EXIT,exposure_floor
2024-12-20,DEEPAKFERT,EXIT,exposure_floor
2024-12-20,HSCL,EXIT,exposure_floor
2024-12-20,M&M,REDUCE,exposure_floor
2024-12-20,NEULANDLAB,EXIT,exposure_floor
2024-12-20,TRENT,EXIT,exposure_floor
2024-12-23,DEEPAKFERT,EXIT,exposure_floor
2024-12-23,HSCL,EXIT,exposure_floor
2024-12-23,NEULANDLAB,EXIT,exposure_floor
2024-12-23,TRENT,EXIT,exposure_floor
2024-12-24,DEEPAKFERT,EXIT,exposure_floor
2024-12-24,GRAVITA,EXIT,exposure_floor
2024-12-24,HSCL,EXIT,exposure_floor
2024-12-24,NEULANDLAB,EXIT,exposure_floor
2024-12-24,TRENT,EXIT,exposure_floor
2024-12-26,DEEPAKFERT,EXIT,exposure_floor
2024-12-26,GRAVITA,EXIT,exposure_floor
2024-12-26,HSCL,EXIT,exposure_floor
2024-12-26,NEULANDLAB,EXIT,exposure_floor
2024-12-26,TRENT,EXIT,exposure_floor
2024-12-27,DEEPAKFERT,EXIT,exposure_floor
2024-12-27,GRAVITA,EXIT,exposure_floor
2024-12-27,HSCL,EXIT,exposure_floor
2024-12-27,LT,EXIT,exposure_floor
2024-12-27,NEULANDLAB,EXIT,exposure_floor
2024-12-27,SBIN,EXIT,exposure_floor
2024-12-27,TRENT,EXIT,exposure_floor
2024-12-30,DEEPAKFERT,EXIT,exposure_floor
2024-12-30,GRAVITA,EXIT,exposure_floor
2024-12-30,HSCL,EXIT,exposure_floor
2024-12-30,NEULANDLAB,EXIT,exposure_floor
2024-12-30,SBIN,EXIT,exposure_floor
2024-12-30,TRENT,EXIT,exposure_floor
2024-12-31,DEEPAKFERT,EXIT,exposure_floor
2024-12-31,GRAVITA,EXIT,exposure_floor
2024-12-31,HSCL,EXIT,exposure_floor
2024-12-31,NEULANDLAB,EXIT,exposure_floor
2024-12-31,TRENT,EXIT,exposure_floor
2025-01-02,DEEPAKFERT,EXIT,exposure_floor
2025-01-02,GRAVITA,EXIT,exposure_floor
2025-01-02,HSCL,EXIT,exposure_floor
2025-01-02,NEULANDLAB,EXIT,exposure_floor
2025-01-02,TRENT,EXIT,exposure_floor
2025-01-03,DEEPAKFERT,EXIT,exposure_floor
2025-01-03,GRAVITA,EXIT,exposure_floor
2025-01-03,HSCL,EXIT,exposure_floor
2025-01-03,NEULANDLAB,EXIT,exposure_floor
2025-01-03,TRENT,EXIT,exposure_floor
2025-01-06,DEEPAKFERT,EXIT,exposure_floor
2025-01-06,GRAVITA,EXIT,exposure_floor
2025-01-06,HSCL,REDUCE,exposure_floor
2025-01-06,ITC,EXIT,exposure_floor
2025-01-06,INDIGO,EXIT,exposure_floor
2025-01-06,LT,EXIT,exposure_floor
2025-01-06,MCX,EXIT,exposure_floor
2025-01-06,NEULANDLAB,EXIT,exposure_floor
2025-01-06,TRENT,EXIT,exposure_floor
2025-01-07,DEEPAKFERT,EXIT,exposure_floor
2025-01-07,ETERNAL,EXIT,exposure_floor
2025-01-07,GRAVITA,REDUCE,exposure_floor
2025-01-07,MCX,EXIT,exposure_floor
2025-01-07,NEULANDLAB,EXIT,exposure_floor
2025-01-07,TECHM,REDUCE,exposure_floor
2025-01-07,TRENT,EXIT,exposure_floor
2025-01-08,DEEPAKFERT,EXIT,exposure_floor
2025-01-08,ETERNAL,EXIT,exposure_floor
2025-01-08,GRAVITA,EXIT,exposure_floor
2025-01-08,HDFCBANK,REDUCE,exposure_floor
2025-01-08,KOTAKBANK,EXIT,exposure_floor
2025-01-08,MCX,EXIT,exposure_floor
2025-01-08,NEULANDLAB,EXIT,exposure_floor
2025-01-08,TECHM,REDUCE,exposure_floor
2025-01-08,TRENT,EXIT,exposure_floor
2025-01-09,BAJFINANCE,REDUCE,exposure_floor
2025-01-09,DEEPAKFERT,EXIT,exposure_floor
2025-01-09,ETERNAL,EXIT,exposure_floor
2025-01-09,GRAVITA,EXIT,exposure_floor
2025-01-09,HDFCBANK,REDUCE,exposure_floor
2025-01-09,MCX,EXIT,exposure_floor
2025-01-09,NEULANDLAB,EXIT,exposure_floor
2025-01-09,TECHM,REDUCE,exposure_floor
2025-01-09,TITAN,REDUCE,exposure_floor
2025-01-09,TRENT,EXIT,exposure_floor
2025-01-10,BAJFINANCE,REDUCE,exposure_floor
2025-01-10,DEEPAKFERT,EXIT,exposure_floor
2025-01-10,DRREDDY,REDUCE,exposure_floor
2025-01-10,ETERNAL,EXIT,exposure_floor
2025-01-10,GRAVITA,EXIT,exposure_floor
2025-01-10,HDFCBANK,REDUCE,exposure_floor
2025-01-10,KOTAKBANK,EXIT,exposure_floor
2025-01-10,MCX,EXIT,exposure_floor
2025-01-10,NEULANDLAB,EXIT,exposure_floor
2025-01-10,PAYTM,EXIT,exposure_floor
2025-01-10,SUNPHARMA,REDUCE,exposure_floor
2025-01-10,SWANCORP,EXIT,exposure_floor
2025-01-10,SYRMA,EXIT,exposure_floor
2025-01-10,TITAN,EXIT,exposure_floor
2025-01-10,TRENT,EXIT,exposure_floor
2025-01-10,ULTRACEMCO,EXIT,exposure_floor
2025-01-13,BAJFINANCE,REDUCE,exposure_floor
2025-01-13,DEEPAKFERT,EXIT,exposure_floor
2025-01-13,DRREDDY,REDUCE,exposure_floor
2025-01-13,ETERNAL,EXIT,exposure_floor
2025-01-13,GRAVITA,EXIT,exposure_floor
2025-01-13,HDFCBANK,EXIT,exposure_floor
2025-01-13,HSCL,EXIT,exposure_floor
2025-01-13,ICICIBANK,REDUCE,exposure_floor
2025-01-13,KAYNES,EXIT,exposure_floor
2025-01-13,KFINTECH,EXIT,exposure_floor
2025-01-13,KOTAKBANK,EXIT,exposure_floor
2025-01-13,MCX,EXIT,exposure_floor
2025-01-13,NEULANDLAB,EXIT,exposure_floor
2025-01-13,PAYTM,EXIT,exposure_floor
2025-01-13,PGEL,EXIT,exposure_floor
2025-01-13,SUNPHARMA,REDUCE,exposure_floor
2025-01-13,SWANCORP,EXIT,exposure_floor
2025-01-13,SYRMA,EXIT,exposure_floor
2025-01-13,TITAN,EXIT,exposure_floor
2025-01-13,TRENT,EXIT,exposure_floor
2025-01-13,ULTRACEMCO,EXIT,exposure_floor
2025-01-14,DEEPAKFERT,EXIT,exposure_floor
2025-01-14,DRREDDY,REDUCE,exposure_floor
2025-01-14,ETERNAL,EXIT,exposure_floor
2025-01-14,GRAVITA,EXIT,exposure_floor
2025-01-14,HSCL,EXIT,exposure_floor
2025-01-14,KAYNES,EXIT,exposure_floor
2025-01-14,KFINTECH,EXIT,exposure_floor
2025-01-14,KOTAKBANK,EXIT,exposure_floor
2025-01-14,MCX,EXIT,exposure_floor
2025-01-14,NEULANDLAB,EXIT,exposure_floor
2025-01-14,PGEL,EXIT,exposure_floor
2025-01-14,SWANCORP,EXIT,exposure_floor
2025-01-14,TECHM,REDUCE,exposure_floor
2025-01-14,TITAN,EXIT,exposure_floor
2025-01-14,TARIL,EXIT,exposure_floor
2025-01-14,TRENT,EXIT,exposure_floor
2025-01-14,ULTRACEMCO,EXIT,exposure_floor
2025-01-14,ZENTEC,EXIT,exposure_floor
2025-01-15,BAJAJFINSV,EXIT,exposure_floor
2025-01-15,DEEPAKFERT,EXIT,exposure_floor
2025-01-15,ETERNAL,EXIT,exposure_floor
2025-01-15,GRAVITA,EXIT,exposure_floor
2025-01-15,HSCL,EXIT,exposure_floor
2025-01-15,KAYNES,REDUCE,exposure_floor
2025-01-15,KOTAKBANK,REDUCE,exposure_floor
2025-01-15,MCX,EXIT,exposure_floor
2025-01-15,NEULANDLAB,EXIT,exposure_floor
2025-01-15,PGEL,EXIT,exposure_floor
2025-01-15,SWANCORP,EXIT,exposure_floor
2025-01-15,TITAN,EXIT,exposure_floor
2025-01-15,TARIL,EXIT,exposure_floor
2025-01-15,TRENT,EXIT,exposure_floor
2025-01-15,ULTRACEMCO,EXIT,exposure_floor
2025-01-15,ZENTEC,EXIT,exposure_floor
2025-01-16,AMBER,EXIT,exposure_floor
2025-01-16,BAJAJFINSV,EXIT,exposure_floor
2025-01-16,DEEPAKFERT,EXIT,exposure_floor
2025-01-16,ETERNAL,EXIT,exposure_floor
2025-01-16,GRAVITA,EXIT,exposure_floor
2025-01-16,HSCL,EXIT,exposure_floor
2025-01-16,KOTAKBANK,REDUCE,exposure_floor
2025-01-16,MCX,EXIT,exposure_floor
2025-01-16,NEULANDLAB,EXIT,exposure_floor
2025-01-16,PGEL,REDUCE,exposure_floor
2025-01-16,TITAN,EXIT,exposure_floor
2025-01-16,TARIL,EXIT,exposure_floor
2025-01-16,TRENT,EXIT,exposure_floor
2025-01-16,ULTRACEMCO,EXIT,exposure_floor
2025-01-16,ZENTEC,REDUCE,exposure_floor
2025-01-17,AMBER,EXIT,exposure_floor
2025-01-17,BAJAJFINSV,EXIT,exposure_floor
2025-01-17,DEEPAKFERT,EXIT,exposure_floor
2025-01-17,ETERNAL,EXIT,exposure_floor
2025-01-17,GRAVITA,EXIT,exposure_floor
2025-01-17,HSCL,EXIT,exposure_floor
2025-01-17,KOTAKBANK,EXIT,exposure_floor
2025-01-17,NEULANDLAB,EXIT,exposure_floor
2025-01-17,PGEL,EXIT,exposure_floor
2025-01-17,TITAN,EXIT,exposure_floor
2025-01-17,TARIL,EXIT,exposure_floor
2025-01-17,TRENT,EXIT,exposure_floor
2025-01-17,ULTRACEMCO,EXIT,exposure_floor
2025-01-17,ZENTEC,EXIT,exposure_floor
2025-01-20,AMBER,REDUCE,exposure_floor
2025-01-20,DEEPAKFERT,EXIT,exposure_floor
2025-01-20,ETERNAL,EXIT,exposure_floor
2025-01-20,GRAVITA,EXIT,exposure_floor
2025-01-20,HSCL,EXIT,exposure_floor
2025-01-20,KOTAKBANK,REDUCE,exposure_floor
2025-01-20,MARUTI,EXIT,exposure_floor
2025-01-20,NEULANDLAB,EXIT,exposure_floor
2025-01-20,PGEL,EXIT,exposure_floor
2025-01-20,TITAN,EXIT,exposure_floor
2025-01-20,TARIL,REDUCE,exposure_floor
2025-01-20,TRENT,EXIT,exposure_floor
2025-01-20,ULTRACEMCO,EXIT,exposure_floor
2025-01-20,ZENTEC,REDUCE,exposure_floor
2025-03-21,BEL,REDUCE,exposure_floor
2025-03-21,GLAXO,REDUCE,exposure_floor
2025-03-21,HDFCLIFE,REDUCE,exposure_floor
2025-03-21,HINDALCO,REDUCE,exposure_floor
2025-03-21,INDIGO,REDUCE,exposure_floor
2025-03-21,SHRIRAMFIN,REDUCE,exposure_floor
2025-03-21,SUNPHARMA,REDUCE,exposure_floor
2025-03-21,TATASTEEL,REDUCE,exposure_floor
2025-03-24,BEL,REDUCE,exposure_floor
2025-03-24,CIPLA,REDUCE,exposure_floor
2025-03-24,GLAXO,REDUCE,exposure_floor
2025-03-24,HDFCLIFE,REDUCE,exposure_floor
2025-03-24,HINDALCO,REDUCE,exposure_floor
2025-03-24,INDIGO,REDUCE,exposure_floor
2025-03-24,SHRIRAMFIN,REDUCE,exposure_floor
2025-03-24,SUNPHARMA,REDUCE,exposure_floor
2025-03-24,TATASTEEL,REDUCE,exposure_floor
2025-03-25,BEL,REDUCE,exposure_floor
2025-03-25,CIPLA,EXIT,exposure_floor
2025-03-25,GLAXO,REDUCE,exposure_floor
2025-03-25,HDFCLIFE,REDUCE,exposure_floor
2025-03-25,HINDALCO,REDUCE,exposure_floor
2025-03-25,SHRIRAMFIN,REDUCE,exposure_floor
2025-03-25,SUNPHARMA,REDUCE,exposure_floor
2025-03-25,TATASTEEL,REDUCE,exposure_floor
2025-03-26,BEL,REDUCE,exposure_floor
2025-03-26,CIPLA,EXIT,exposure_floor
2025-03-26,FORCEMOT,REDUCE,exposure_floor
2025-03-26,GLAXO,REDUCE,exposure_floor
2025-03-26,HDFCLIFE,REDUCE,exposure_floor
2025-03-26,HINDALCO,REDUCE,exposure_floor
2025-03-26,SHRIRAMFIN,REDUCE,exposure_floor
2025-03-26,SUNPHARMA,REDUCE,exposure_floor
2025-03-26,TATASTEEL,REDUCE,exposure_floor
2025-03-26,ULTRACEMCO,REDUCE,exposure_floor
2025-03-27,BEL,REDUCE,exposure_floor
2025-03-27,CIPLA,EXIT,exposure_floor
2025-03-27,FORCEMOT,REDUCE,exposure_floor
2025-03-27,GLAXO,REDUCE,exposure_floor
2025-03-27,HDFCLIFE,REDUCE,exposure_floor
2025-03-27,HINDALCO,REDUCE,exposure_floor
2025-03-27,SHRIRAMFIN,REDUCE,exposure_floor
2025-03-27,SUNPHARMA,EXIT,exposure_floor
2025-03-27,TATASTEEL,REDUCE,exposure_floor
2025-03-27,ULTRACEMCO,REDUCE,exposure_floor
2025-03-28,BEL,REDUCE,exposure_floor
2025-03-28,CIPLA,EXIT,exposure_floor
2025-03-28,FORCEMOT,REDUCE,exposure_floor
2025-03-28,GLAXO,REDUCE,exposure_floor
2025-03-28,GRASIM,REDUCE,exposure_floor
2025-03-28,HDFCLIFE,REDUCE,exposure_floor
2025-03-28,HINDALCO,REDUCE,exposure_floor
2025-03-28,SHRIRAMFIN,REDUCE,exposure_floor
2025-03-28,SUNPHARMA,EXIT,exposure_floor
2025-03-28,TATASTEEL,REDUCE,exposure_floor
2025-03-28,ULTRACEMCO,REDUCE,exposure_floor
2025-04-01,BEL,REDUCE,exposure_floor
2025-04-01,CIPLA,EXIT,exposure_floor
2025-04-01,FORCEMOT,REDUCE,exposure_floor
2025-04-01,GLAXO,REDUCE,exposure_floor
2025-04-01,GRASIM,REDUCE,exposure_floor
2025-04-01,HDFCLIFE,REDUCE,exposure_floor
2025-04-01,HINDALCO,REDUCE,exposure_floor
2025-04-01,SHRIRAMFIN,REDUCE,exposure_floor
2025-04-01,SUNPHARMA,EXIT,exposure_floor
2025-04-01,TATASTEEL,REDUCE,exposure_floor
2025-04-01,ULTRACEMCO,REDUCE,exposure_floor
2025-04-02,BEL,EXIT,exposure_floor
2025-04-02,CIPLA,EXIT,exposure_floor
2025-04-02,FORCEMOT,REDUCE,exposure_floor
2025-04-02,GLAXO,REDUCE,exposure_floor
2025-04-02,GRASIM,REDUCE,exposure_floor
2025-04-02,HDFCLIFE,REDUCE,exposure_floor
2025-04-02,HINDALCO,EXIT,exposure_floor
2025-04-02,SHRIRAMFIN,REDUCE,exposure_floor
2025-04-02,SUNPHARMA,EXIT,exposure_floor
2025-04-02,TATASTEEL,REDUCE,exposure_floor
2025-04-02,ULTRACEMCO,EXIT,exposure_floor
2025-04-03,BEL,EXIT,exposure_floor
2025-04-03,BLUEJET,EXIT,exposure_floor
2025-04-03,CIPLA,EXIT,exposure_floor
2025-04-03,FORCEMOT,REDUCE,exposure_floor
2025-04-03,GLAXO,REDUCE,exposure_floor
2025-04-03,GODFRYPHLP,REDUCE,exposure_floor
2025-04-03,GRASIM,REDUCE,exposure_floor
2025-04-03,HDFCLIFE,REDUCE,exposure_floor
2025-04-03,HINDALCO,EXIT,exposure_floor
2025-04-03,SHRIRAMFIN,REDUCE,exposure_floor
2025-04-03,SUNPHARMA,REDUCE,exposure_floor
2025-04-03,TATACONSUM,REDUCE,exposure_floor
2025-04-03,TATASTEEL,REDUCE,exposure_floor
2025-04-03,ULTRACEMCO,REDUCE,exposure_floor
2025-04-16,APOLLOHOSP,REDUCE,exposure_floor
2025-04-16,BEL,REDUCE,exposure_floor
2025-04-16,GRASIM,REDUCE,exposure_floor
2025-04-16,HDFCLIFE,REDUCE,exposure_floor
2025-04-16,NESTLEIND,REDUCE,exposure_floor
2025-04-16,TATACONSUM,REDUCE,exposure_floor
2025-04-16,ULTRACEMCO,REDUCE,exposure_floor
2025-04-17,APOLLOHOSP,REDUCE,exposure_floor
2025-04-17,AXISBANK,REDUCE,exposure_floor
2025-04-17,BEL,REDUCE,exposure_floor
2025-04-17,GRASIM,REDUCE,exposure_floor
2025-04-17,HDFCLIFE,REDUCE,exposure_floor
2025-04-17,NESTLEIND,REDUCE,exposure_floor
2025-04-17,TATACONSUM,REDUCE,exposure_floor
2025-04-17,ULTRACEMCO,REDUCE,exposure_floor
2025-04-21,APOLLOHOSP,REDUCE,exposure_floor
2025-04-21,AXISBANK,REDUCE,exposure_floor
2025-04-21,BEL,REDUCE,exposure_floor
2025-04-21,GRASIM,REDUCE,exposure_floor
2025-04-21,HDFCLIFE,REDUCE,exposure_floor
2025-04-21,NESTLEIND,REDUCE,exposure_floor
2025-04-21,ULTRACEMCO,REDUCE,exposure_floor
2025-04-22,APOLLOHOSP,REDUCE,exposure_floor
2025-04-22,AXISBANK,REDUCE,exposure_floor
2025-04-22,BEL,REDUCE,exposure_floor
2025-04-22,HDFCLIFE,REDUCE,exposure_floor
2025-04-22,NESTLEIND,REDUCE,exposure_floor
2025-04-22,ULTRACEMCO,REDUCE,exposure_floor
2025-04-23,APOLLOHOSP,REDUCE,exposure_floor
2025-04-23,AXISBANK,REDUCE,exposure_floor
2025-04-23,BEL,REDUCE,exposure_floor
2025-04-23,HDFCLIFE,REDUCE,exposure_floor
2025-04-23,NESTLEIND,REDUCE,exposure_floor
2025-04-23,ULTRACEMCO,REDUCE,exposure_floor
2025-04-24,APOLLOHOSP,REDUCE,exposure_floor
2025-04-24,AXISBANK,REDUCE,exposure_floor
2025-04-24,BEL,REDUCE,exposure_floor
2025-04-24,HDFCLIFE,REDUCE,exposure_floor
2025-04-24,NESTLEIND,REDUCE,exposure_floor
2025-04-25,APOLLOHOSP,REDUCE,exposure_floor
2025-04-25,AXISBANK,REDUCE,exposure_floor
2025-04-25,BEL,REDUCE,exposure_floor
2025-04-25,HDFCLIFE,REDUCE,exposure_floor
2025-04-25,NESTLEIND,REDUCE,exposure_floor
2025-04-25,POWERGRID,EXIT,exposure_floor
2025-04-28,AXISBANK,REDUCE,exposure_floor
2025-04-28,BEL,REDUCE,exposure_floor
2025-04-28,HDFCLIFE,REDUCE,exposure_floor
2025-04-28,NESTLEIND,REDUCE,exposure_floor
2025-04-28,POWERGRID,EXIT,exposure_floor
2025-04-29,AXISBANK,REDUCE,exposure_floor
2025-04-29,BEL,REDUCE,exposure_floor
2025-04-29,HDFCLIFE,REDUCE,exposure_floor
2025-04-29,NESTLEIND,REDUCE,exposure_floor
2025-04-29,POWERGRID,EXIT,exposure_floor
2025-04-30,AXISBANK,REDUCE,exposure_floor
2025-04-30,BEL,REDUCE,exposure_floor
2025-04-30,HDFCLIFE,REDUCE,exposure_floor
2025-04-30,NESTLEIND,REDUCE,exposure_floor
2025-04-30,PGEL,EXIT,exposure_floor
2025-04-30,POWERGRID,EXIT,exposure_floor
2025-04-30,SBIN,EXIT,exposure_floor
2025-05-02,AXISBANK,REDUCE,exposure_floor
2025-05-02,BEL,REDUCE,exposure_floor
2025-05-02,CIPLA,EXIT,exposure_floor
2025-05-02,HDFCLIFE,REDUCE,exposure_floor
2025-05-02,JSWSTEEL,REDUCE,exposure_floor
2025-05-02,NESTLEIND,EXIT,exposure_floor
2025-05-02,PGEL,EXIT,exposure_floor
2025-05-02,POWERGRID,EXIT,exposure_floor
2025-05-02,SHRIRAMFIN,EXIT,exposure_floor
2025-05-05,BEL,REDUCE,exposure_floor
2025-05-05,CIPLA,EXIT,exposure_floor
2025-05-05,HDFCLIFE,REDUCE,exposure_floor
2025-05-05,JSWSTEEL,EXIT,exposure_floor
2025-05-05,NESTLEIND,EXIT,exposure_floor
2025-05-05,PGEL,EXIT,exposure_floor
2025-05-05,POWERGRID,EXIT,exposure_floor
2025-05-05,SHRIRAMFIN,EXIT,exposure_floor
2025-05-05,SBIN,EXIT,exposure_floor
2025-05-06,BEL,REDUCE,exposure_floor
2025-05-06,CIPLA,EXIT,exposure_floor
2025-05-06,HDFCLIFE,REDUCE,exposure_floor
2025-05-06,JSWSTEEL,EXIT,exposure_floor
2025-05-06,NESTLEIND,REDUCE,exposure_floor
2025-05-06,PGEL,EXIT,exposure_floor
2025-05-06,POWERGRID,EXIT,exposure_floor
2025-05-06,SHRIRAMFIN,EXIT,exposure_floor
2025-05-06,SBIN,EXIT,exposure_floor
2025-05-07,HDFCLIFE,REDUCE,exposure_floor
2025-05-07,JSWSTEEL,EXIT,exposure_floor
2025-05-07,NESTLEIND,EXIT,exposure_floor
2025-05-07,PGEL,EXIT,exposure_floor
2025-05-07,SBILIFE,REDUCE,exposure_floor
2025-05-07,SHRIRAMFIN,EXIT,exposure_floor
2025-05-07,SBIN,EXIT,exposure_floor
2025-05-08,HDFCLIFE,REDUCE,exposure_floor
2025-05-08,JSWSTEEL,EXIT,exposure_floor
2025-05-08,NESTLEIND,EXIT,exposure_floor
2025-05-08,PGEL,EXIT,exposure_floor
2025-05-08,POWERGRID,EXIT,exposure_floor
2025-05-08,SBILIFE,REDUCE,exposure_floor
2025-05-08,SHRIRAMFIN,EXIT,exposure_floor
2025-05-08,SBIN,EXIT,exposure_floor
2025-05-08,SUNPHARMA,EXIT,exposure_floor
2025-05-09,BEL,REDUCE,exposure_floor
2025-05-09,HDFCLIFE,REDUCE,exposure_floor
2025-05-09,JSWSTEEL,EXIT,exposure_floor
2025-05-09,NESTLEIND,EXIT,exposure_floor
2025-05-09,PGEL,EXIT,exposure_floor
2025-05-09,POWERGRID,EXIT,exposure_floor
2025-05-09,SBILIFE,REDUCE,exposure_floor
2025-05-09,SHRIRAMFIN,EXIT,exposure_floor
2025-05-09,SBIN,EXIT,exposure_floor
2025-05-09,SUNPHARMA,EXIT,exposure_floor
2025-05-12,PGEL,EXIT,exposure_floor
2025-05-12,SBILIFE,REDUCE,exposure_floor
2025-05-12,SHRIRAMFIN,REDUCE,exposure_floor
2025-05-12,SUNPHARMA,EXIT,exposure_floor
2025-05-13,PGEL,EXIT,exposure_floor
2025-05-13,POWERGRID,EXIT,exposure_floor
2025-05-13,SBILIFE,REDUCE,exposure_floor
2025-05-13,SRF,REDUCE,exposure_floor
2025-05-13,SUNPHARMA,EXIT,exposure_floor
2025-05-14,PGEL,EXIT,exposure_floor
2025-05-14,POWERGRID,EXIT,exposure_floor
2025-05-14,SBILIFE,REDUCE,exposure_floor
2025-05-14,SRF,REDUCE,exposure_floor
2025-05-14,SUNPHARMA,EXIT,exposure_floor
2025-05-15,PGEL,EXIT,exposure_floor
2025-05-15,SBILIFE,REDUCE,exposure_floor
2025-05-15,SRF,REDUCE,exposure_floor
2025-05-15,SUNPHARMA,EXIT,exposure_floor
2025-05-16,CHAMBLFERT,REDUCE,exposure_floor
2025-05-16,PGEL,EXIT,exposure_floor
2025-05-16,SBILIFE,REDUCE,exposure_floor
2025-05-16,SRF,REDUCE,exposure_floor
2025-05-16,SUNPHARMA,EXIT,exposure_floor
2025-05-19,CHAMBLFERT,REDUCE,exposure_floor
2025-05-19,PGEL,EXIT,exposure_floor
2025-05-19,SBILIFE,REDUCE,exposure_floor
2025-05-19,SRF,REDUCE,exposure_floor
2025-05-19,SUNPHARMA,EXIT,exposure_floor
2025-05-20,CHAMBLFERT,EXIT,exposure_floor
2025-05-20,KOTAKBANK,REDUCE,exposure_floor
2025-05-20,PGEL,EXIT,exposure_floor
2025-05-20,SBILIFE,REDUCE,exposure_floor
2025-05-20,SRF,REDUCE,exposure_floor
2025-05-20,SUNPHARMA,EXIT,exposure_floor
2025-05-21,ADANIPORTS,REDUCE,exposure_floor
2025-05-21,KOTAKBANK,REDUCE,exposure_floor
2025-05-21,PGEL,EXIT,exposure_floor
2025-05-21,SBILIFE,REDUCE,exposure_floor
2025-05-21,SRF,REDUCE,exposure_floor
2025-05-21,SUNPHARMA,EXIT,exposure_floor
2025-05-22,ADANIPORTS,REDUCE,exposure_floor
2025-05-22,KOTAKBANK,REDUCE,exposure_floor
2025-05-22,PGEL,EXIT,exposure_floor
2025-05-22,SRF,REDUCE,exposure_floor
2025-05-22,SHRIRAMFIN,REDUCE,exposure_floor
2025-05-22,SUNPHARMA,EXIT,exposure_floor
2025-05-23,KOTAKBANK,REDUCE,exposure_floor
2025-05-23,PGEL,EXIT,exposure_floor
2025-05-23,RELIANCE,REDUCE,exposure_floor
2025-05-23,SRF,REDUCE,exposure_floor
2025-05-23,SHRIRAMFIN,REDUCE,exposure_floor
2025-05-23,SUNPHARMA,EXIT,exposure_floor
2025-05-26,KOTAKBANK,REDUCE,exposure_floor
2025-05-26,PGEL,EXIT,exposure_floor
2025-05-26,RELIANCE,REDUCE,exposure_floor
2025-05-26,SRF,REDUCE,exposure_floor
2025-05-26,SHRIRAMFIN,REDUCE,exposure_floor
2025-05-26,SUNPHARMA,EXIT,exposure_floor
2025-05-27,EICHERMOT,REDUCE,exposure_floor
2025-05-27,GRASIM,REDUCE,exposure_floor
2025-05-27,KOTAKBANK,REDUCE,exposure_floor
2025-05-27,PGEL,EXIT,exposure_floor
2025-05-27,RELIANCE,REDUCE,exposure_floor
2025-05-27,SRF,REDUCE,exposure_floor
2025-05-27,SHRIRAMFIN,REDUCE,exposure_floor
2025-05-27,SUNPHARMA,EXIT,exposure_floor
2025-05-27,ULTRACEMCO,REDUCE,exposure_floor
2025-05-28,EICHERMOT,REDUCE,exposure_floor
2025-05-28,GRASIM,EXIT,exposure_floor
2025-05-28,KOTAKBANK,REDUCE,exposure_floor
2025-05-28,NH,REDUCE,exposure_floor
2025-05-28,PGEL,EXIT,exposure_floor
2025-05-28,RELIANCE,REDUCE,exposure_floor
2025-05-28,SRF,REDUCE,exposure_floor
2025-05-28,SHRIRAMFIN,REDUCE,exposure_floor
2025-05-28,SUNPHARMA,EXIT,exposure_floor
2025-05-28,ULTRACEMCO,EXIT,exposure_floor
2025-05-29,EICHERMOT,REDUCE,exposure_floor
2025-05-29,GRASIM,EXIT,exposure_floor
2025-05-29,KOTAKBANK,REDUCE,exposure_floor
2025-05-29,NH,REDUCE,exposure_floor
2025-05-29,PGEL,EXIT,exposure_floor
2025-05-29,RELIANCE,REDUCE,exposure_floor
2025-05-29,SRF,REDUCE,exposure_floor
2025-05-29,SHRIRAMFIN,REDUCE,exposure_floor
2025-05-29,SUNPHARMA,EXIT,exposure_floor
2025-05-29,ULTRACEMCO,EXIT,exposure_floor
2025-05-30,EICHERMOT,REDUCE,exposure_floor
2025-05-30,GRASIM,EXIT,exposure_floor
2025-05-30,KOTAKBANK,REDUCE,exposure_floor
2025-05-30,PGEL,EXIT,exposure_floor
2025-05-30,SRF,REDUCE,exposure_floor
2025-05-30,SUNPHARMA,EXIT,exposure_floor
2025-05-30,ULTRACEMCO,EXIT,exposure_floor
2025-06-02,EICHERMOT,REDUCE,exposure_floor
2025-06-02,GRASIM,EXIT,exposure_floor
2025-06-02,KOTAKBANK,REDUCE,exposure_floor
2025-06-02,PGEL,EXIT,exposure_floor
2025-06-02,SRF,REDUCE,exposure_floor
2025-06-02,SUNPHARMA,EXIT,exposure_floor
2025-06-02,ULTRACEMCO,EXIT,exposure_floor
2025-06-03,APOLLOHOSP,EXIT,exposure_floor
2025-06-03,EICHERMOT,REDUCE,exposure_floor
2025-06-03,GRASIM,EXIT,exposure_floor
2025-06-03,KOTAKBANK,REDUCE,exposure_floor
2025-06-03,PGEL,EXIT,exposure_floor
2025-06-03,SRF,REDUCE,exposure_floor
2025-06-03,SUNPHARMA,EXIT,exposure_floor
2025-06-03,ULTRACEMCO,EXIT,exposure_floor
2025-06-04,BAJAJFINSV,REDUCE,exposure_floor
2025-06-04,EICHERMOT,REDUCE,exposure_floor
2025-06-04,GRASIM,EXIT,exposure_floor
2025-06-04,KOTAKBANK,REDUCE,exposure_floor
2025-06-04,NH,REDUCE,exposure_floor
2025-06-04,PGEL,EXIT,exposure_floor
2025-06-04,SRF,REDUCE,exposure_floor
2025-06-04,SUNPHARMA,EXIT,exposure_floor
2025-06-04,ULTRACEMCO,EXIT,exposure_floor
2025-06-05,BAJAJFINSV,REDUCE,exposure_floor
2025-06-05,EICHERMOT,REDUCE,exposure_floor
2025-06-05,GRASIM,EXIT,exposure_floor
2025-06-05,KOTAKBANK,REDUCE,exposure_floor
2025-06-05,NH,REDUCE,exposure_floor
2025-06-05,PGEL,EXIT,exposure_floor
2025-06-05,SRF,REDUCE,exposure_floor
2025-06-05,SUNPHARMA,EXIT,exposure_floor
2025-06-05,ULTRACEMCO,EXIT,exposure_floor
2025-06-06,KOTAKBANK,REDUCE,exposure_floor
2025-06-06,NH,REDUCE,exposure_floor
2025-06-06,PGEL,EXIT,exposure_floor
2025-06-06,SRF,REDUCE,exposure_floor
2025-06-06,SUNPHARMA,EXIT,exposure_floor
2025-06-06,TITAN,REDUCE,exposure_floor
2025-06-06,ULTRACEMCO,EXIT,exposure_floor
2025-06-09,NH,REDUCE,exposure_floor
2025-06-09,PGEL,EXIT,exposure_floor
2025-06-09,SRF,REDUCE,exposure_floor
2025-06-09,SUNPHARMA,EXIT,exposure_floor
2025-06-09,TITAN,REDUCE,exposure_floor
2025-06-09,ULTRACEMCO,EXIT,exposure_floor
2025-06-10,PGEL,EXIT,exposure_floor
2025-06-10,SRF,REDUCE,exposure_floor
2025-06-10,SUNPHARMA,EXIT,exposure_floor
2025-06-11,PGEL,EXIT,exposure_floor
2025-06-11,SRF,REDUCE,exposure_floor
2025-06-11,SUNPHARMA,EXIT,exposure_floor
2025-06-12,PGEL,EXIT,exposure_floor
2025-06-12,SRF,REDUCE,exposure_floor
2025-06-12,SUNPHARMA,EXIT,exposure_floor
2025-06-13,PGEL,EXIT,exposure_floor
2025-06-13,SRF,REDUCE,exposure_floor
2025-06-16,PGEL,EXIT,exposure_floor
2025-06-16,SRF,REDUCE,exposure_floor
2025-06-17,GABRIEL,REDUCE,exposure_floor
2025-06-17,GALLANTT,REDUCE,exposure_floor
2025-06-17,NESTLEIND,REDUCE,exposure_floor
2025-06-17,PGEL,EXIT,exposure_floor
2025-06-17,SRF,REDUCE,exposure_floor
2025-06-17,TATACONSUM,REDUCE,exposure_floor
2025-06-18,GABRIEL,REDUCE,exposure_floor
2025-06-18,GALLANTT,REDUCE,exposure_floor
2025-06-18,ICICIBANK,REDUCE,exposure_floor
2025-06-18,NESTLEIND,REDUCE,exposure_floor
2025-06-18,PGEL,EXIT,exposure_floor
2025-06-18,SRF,REDUCE,exposure_floor
2025-06-18,TATACONSUM,REDUCE,exposure_floor
2025-06-19,ADANIPORTS,EXIT,exposure_floor
2025-06-19,GABRIEL,REDUCE,exposure_floor
2025-06-19,ICICIBANK,REDUCE,exposure_floor
2025-06-19,NESTLEIND,EXIT,exposure_floor
2025-06-19,PGEL,EXIT,exposure_floor
2025-06-19,SRF,REDUCE,exposure_floor
2025-06-19,SBIN,REDUCE,exposure_floor
2025-06-19,TATACONSUM,REDUCE,exposure_floor
2025-06-20,GABRIEL,REDUCE,exposure_floor
2025-06-20,ICICIBANK,REDUCE,exposure_floor
2025-06-20,NESTLEIND,EXIT,exposure_floor
2025-06-20,PGEL,EXIT,exposure_floor
2025-06-20,SRF,REDUCE,exposure_floor
2025-06-20,SBIN,REDUCE,exposure_floor
2025-06-20,TATACONSUM,REDUCE,exposure_floor
2025-06-23,GABRIEL,REDUCE,exposure_floor
2025-06-23,NESTLEIND,EXIT,exposure_floor
2025-06-23,PGEL,EXIT,exposure_floor
2025-06-23,SRF,REDUCE,exposure_floor
2025-06-23,TATACONSUM,REDUCE,exposure_floor
2025-06-24,GABRIEL,REDUCE,exposure_floor
2025-06-24,NESTLEIND,EXIT,exposure_floor
2025-06-24,PGEL,EXIT,exposure_floor
2025-06-24,SRF,REDUCE,exposure_floor
2025-06-25,PGEL,EXIT,exposure_floor
2025-06-25,SRF,REDUCE,exposure_floor
2025-06-26,PGEL,EXIT,exposure_floor
2025-06-26,SRF,REDUCE,exposure_floor
2025-06-27,PGEL,EXIT,exposure_floor
2025-06-27,SRF,REDUCE,exposure_floor
2025-06-30,PGEL,EXIT,exposure_floor
2025-06-30,SRF,REDUCE,exposure_floor
2025-07-01,PGEL,EXIT,exposure_floor
2025-07-01,SRF,REDUCE,exposure_floor
2025-07-02,PGEL,EXIT,exposure_floor
2025-07-03,PGEL,EXIT,exposure_floor
2025-07-04,PGEL,EXIT,exposure_floor
2025-07-07,PGEL,EXIT,exposure_floor
2025-07-08,GODFRYPHLP,REDUCE,exposure_floor
2025-07-08,PGEL,EXIT,exposure_floor
2025-07-09,GODFRYPHLP,REDUCE,exposure_floor
2025-07-09,PGEL,EXIT,exposure_floor
2025-07-10,GODFRYPHLP,REDUCE,exposure_floor
2025-07-10,PGEL,EXIT,exposure_floor
2025-07-11,GODFRYPHLP,REDUCE,exposure_floor
2025-07-11,PGEL,EXIT,exposure_floor
2025-07-14,GODFRYPHLP,REDUCE,exposure_floor
2025-07-14,PGEL,EXIT,exposure_floor
2025-07-15,PGEL,EXIT,exposure_floor
2025-07-16,PGEL,EXIT,exposure_floor
2025-07-17,PGEL,EXIT,exposure_floor
2025-07-18,PGEL,EXIT,exposure_floor
2025-07-18,SBILIFE,REDUCE,exposure_floor
2025-07-18,SOLARINDS,EXIT,exposure_floor
2025-07-21,NH,EXIT,exposure_floor
2025-07-21,PGEL,EXIT,exposure_floor
2025-07-21,SBILIFE,REDUCE,exposure_floor
2025-07-21,SOLARINDS,EXIT,exposure_floor
2025-07-22,DRREDDY,REDUCE,exposure_floor
2025-07-22,NH,REDUCE,exposure_floor
2025-07-22,PGEL,EXIT,exposure_floor
2025-07-22,SBILIFE,REDUCE,exposure_floor
2025-07-23,PGEL,EXIT,exposure_floor
2025-07-23,SBILIFE,REDUCE,exposure_floor
2025-07-24,ADANIPORTS,REDUCE,exposure_floor
2025-07-24,PGEL,EXIT,exposure_floor
2025-07-24,SBILIFE,REDUCE,exposure_floor
2025-07-25,ADANIPORTS,REDUCE,exposure_floor
2025-07-25,BAJFINANCE,REDUCE,exposure_floor
2025-07-25,NESTLEIND,EXIT,exposure_floor
2025-07-25,PGEL,EXIT,exposure_floor
2025-07-28,BAJFINANCE,REDUCE,exposure_floor
2025-07-28,NESTLEIND,EXIT,exposure_floor
2025-07-28,PGEL,EXIT,exposure_floor
2025-07-31,NH,EXIT,exposure_floor
2025-08-01,NH,REDUCE,exposure_floor
2025-08-04,NH,EXIT,exposure_floor
2025-08-05,NH,EXIT,exposure_floor
2025-08-06,NH,EXIT,exposure_floor
2025-08-07,NH,EXIT,exposure_floor
2025-08-08,NH,EXIT,exposure_floor
2025-08-11,NH,EXIT,exposure_floor
2025-08-12,NH,EXIT,exposure_floor
2025-08-12,SRF,REDUCE,exposure_floor
2025-08-13,NH,EXIT,exposure_floor
2025-08-13,SRF,REDUCE,exposure_floor
2025-08-14,GALLANTT,EXIT,exposure_floor
2025-08-14,NH,EXIT,exposure_floor
2025-08-14,SRF,REDUCE,exposure_floor
2025-08-18,GALLANTT,EXIT,exposure_floor
2025-08-18,NH,EXIT,exposure_floor
2025-08-19,GALLANTT,EXIT,exposure_floor
2025-08-19,NH,EXIT,exposure_floor
2025-08-20,GALLANTT,EXIT,exposure_floor
2025-08-20,NH,EXIT,exposure_floor
2025-08-21,GALLANTT,EXIT,exposure_floor
2025-08-21,MANAPPURAM,REDUCE,exposure_floor
2025-08-21,NH,EXIT,exposure_floor
2025-08-22,GALLANTT,EXIT,exposure_floor
2025-08-22,MANAPPURAM,REDUCE,exposure_floor
2025-08-22,NH,EXIT,exposure_floor
2025-08-25,GALLANTT,EXIT,exposure_floor
2025-08-25,MANAPPURAM,REDUCE,exposure_floor
2025-08-25,NH,EXIT,exposure_floor
2025-08-25,TATACONSUM,REDUCE,exposure_floor
2025-08-26,BEL,EXIT,exposure_floor
2025-08-26,GALLANTT,EXIT,exposure_floor
2025-08-26,LT,REDUCE,exposure_floor
2025-08-26,MANAPPURAM,REDUCE,exposure_floor
2025-08-26,NH,EXIT,exposure_floor
2025-08-26,TATACONSUM,REDUCE,exposure_floor
2025-08-28,BEL,EXIT,exposure_floor
2025-08-28,GALLANTT,EXIT,exposure_floor
2025-08-28,LT,REDUCE,exposure_floor
2025-08-28,MANAPPURAM,REDUCE,exposure_floor
2025-08-28,NH,EXIT,exposure_floor
2025-08-28,RELIANCE,REDUCE,exposure_floor
2025-08-28,TATACONSUM,REDUCE,exposure_floor
2025-08-29,BEL,EXIT,exposure_floor
2025-08-29,GALLANTT,EXIT,exposure_floor
2025-08-29,MANAPPURAM,REDUCE,exposure_floor
2025-08-29,NH,EXIT,exposure_floor
2025-08-29,RELIANCE,REDUCE,exposure_floor
2025-09-01,GALLANTT,EXIT,exposure_floor
2025-09-01,NH,EXIT,exposure_floor
2025-09-02,GALLANTT,EXIT,exposure_floor
2025-09-02,ICICIBANK,REDUCE,exposure_floor
2025-09-02,LT,REDUCE,exposure_floor
2025-09-02,NH,EXIT,exposure_floor
2025-09-03,GALLANTT,EXIT,exposure_floor
2025-09-03,NH,EXIT,exposure_floor
2025-09-04,FORCEMOT,EXIT,exposure_floor
2025-09-04,GALLANTT,EXIT,exposure_floor
2025-09-04,NH,EXIT,exposure_floor
2025-09-04,SBILIFE,REDUCE,exposure_floor
2025-09-04,TATACONSUM,REDUCE,exposure_floor
2025-09-05,FORCEMOT,EXIT,exposure_floor
2025-09-05,GALLANTT,EXIT,exposure_floor
2025-09-05,NH,EXIT,exposure_floor
2025-09-05,SBILIFE,REDUCE,exposure_floor
2025-09-08,GALLANTT,REDUCE,exposure_floor
2025-09-08,LT,REDUCE,exposure_floor
2025-09-08,NH,EXIT,exposure_floor
2025-09-08,SBILIFE,REDUCE,exposure_floor
2025-09-09,NH,EXIT,exposure_floor
2025-09-09,SBILIFE,REDUCE,exposure_floor
2025-09-10,NH,EXIT,exposure_floor
2025-09-11,NH,EXIT,exposure_floor
2025-09-11,SBILIFE,REDUCE,exposure_floor
2025-09-12,ICICIBANK,REDUCE,exposure_floor
2025-09-12,NH,EXIT,exposure_floor
2025-09-15,NH,EXIT,exposure_floor
2025-09-16,NH,EXIT,exposure_floor
2025-09-17,NH,EXIT,exposure_floor
2025-09-18,NH,EXIT,exposure_floor
2025-09-19,GALLANTT,EXIT,exposure_floor
2025-09-19,NH,EXIT,exposure_floor
2025-09-22,GALLANTT,REDUCE,exposure_floor
2025-09-22,NH,EXIT,exposure_floor
2025-09-23,GALLANTT,EXIT,exposure_floor
2025-09-23,HINDUNILVR,REDUCE,exposure_floor
2025-09-23,NH,EXIT,exposure_floor
2025-09-23,NESTLEIND,REDUCE,exposure_floor
2025-09-23,SBILIFE,REDUCE,exposure_floor
2025-09-23,ULTRACEMCO,REDUCE,exposure_floor
2025-09-24,GALLANTT,EXIT,exposure_floor
2025-09-24,HINDUNILVR,REDUCE,exposure_floor
2025-09-24,INDIGO,REDUCE,exposure_floor
2025-09-24,MAXHEALTH,EXIT,exposure_floor
2025-09-24,NH,EXIT,exposure_floor
2025-09-24,NESTLEIND,REDUCE,exposure_floor
2025-09-24,SBILIFE,REDUCE,exposure_floor
2025-09-24,ULTRACEMCO,REDUCE,exposure_floor
2025-09-25,GALLANTT,EXIT,exposure_floor
2025-09-25,MAXHEALTH,EXIT,exposure_floor
2025-09-25,NH,EXIT,exposure_floor
2025-09-25,NESTLEIND,REDUCE,exposure_floor
2025-09-25,SBILIFE,REDUCE,exposure_floor
2025-09-25,TITAN,EXIT,exposure_floor
2025-09-25,ULTRACEMCO,REDUCE,exposure_floor
2025-09-26,GALLANTT,EXIT,exposure_floor
2025-09-26,HINDUNILVR,EXIT,exposure_floor
2025-09-26,MAXHEALTH,EXIT,exposure_floor
2025-09-26,NH,EXIT,exposure_floor
2025-09-26,NESTLEIND,REDUCE,exposure_floor
2025-09-26,SBILIFE,REDUCE,exposure_floor
2025-09-26,SRF,EXIT,exposure_floor
2025-09-26,TITAN,EXIT,exposure_floor
2025-09-26,ULTRACEMCO,REDUCE,exposure_floor
2025-09-29,DRREDDY,EXIT,exposure_floor
2025-09-29,GALLANTT,EXIT,exposure_floor
2025-09-29,HINDUNILVR,EXIT,exposure_floor
2025-09-29,NH,EXIT,exposure_floor
2025-09-29,NESTLEIND,EXIT,exposure_floor
2025-09-29,SBILIFE,REDUCE,exposure_floor
2025-09-29,SRF,EXIT,exposure_floor
2025-09-29,TITAN,EXIT,exposure_floor
2025-09-29,ULTRACEMCO,REDUCE,exposure_floor
2025-09-30,DRREDDY,EXIT,exposure_floor
2025-09-30,GALLANTT,EXIT,exposure_floor
2025-09-30,HINDUNILVR,EXIT,exposure_floor
2025-09-30,NH,EXIT,exposure_floor
2025-09-30,NESTLEIND,EXIT,exposure_floor
2025-09-30,SBILIFE,REDUCE,exposure_floor
2025-09-30,SRF,EXIT,exposure_floor
2025-09-30,TITAN,EXIT,exposure_floor
2025-09-30,ULTRACEMCO,REDUCE,exposure_floor
2025-10-01,BHARTIARTL,REDUCE,exposure_floor
2025-10-01,DRREDDY,EXIT,exposure_floor
2025-10-01,GALLANTT,EXIT,exposure_floor
2025-10-01,HINDUNILVR,EXIT,exposure_floor
2025-10-01,NH,EXIT,exposure_floor
2025-10-01,NESTLEIND,EXIT,exposure_floor
2025-10-01,SBILIFE,REDUCE,exposure_floor
2025-10-01,SRF,EXIT,exposure_floor
2025-10-03,GALLANTT,EXIT,exposure_floor
2025-10-03,HINDUNILVR,EXIT,exposure_floor
2025-10-03,NH,EXIT,exposure_floor
2025-10-03,NESTLEIND,EXIT,exposure_floor
2025-10-03,SBILIFE,REDUCE,exposure_floor
2025-10-03,SRF,EXIT,exposure_floor
2025-10-06,GALLANTT,EXIT,exposure_floor
2025-10-06,HINDUNILVR,EXIT,exposure_floor
2025-10-06,NH,EXIT,exposure_floor
2025-10-06,NESTLEIND,EXIT,exposure_floor
2025-10-06,SBILIFE,REDUCE,exposure_floor
2025-10-06,SRF,EXIT,exposure_floor
2025-10-07,GALLANTT,EXIT,exposure_floor
2025-10-07,HINDUNILVR,EXIT,exposure_floor
2025-10-07,NH,EXIT,exposure_floor
2025-10-07,SBILIFE,REDUCE,exposure_floor
2025-10-07,SRF,EXIT,exposure_floor
2025-10-08,GALLANTT,EXIT,exposure_floor
2025-10-08,HDFCLIFE,REDUCE,exposure_floor
2025-10-08,HINDUNILVR,EXIT,exposure_floor
2025-10-08,NH,EXIT,exposure_floor
2025-10-08,SBILIFE,REDUCE,exposure_floor
2025-10-08,SRF,EXIT,exposure_floor
2025-10-09,GALLANTT,EXIT,exposure_floor
2025-10-09,HINDUNILVR,EXIT,exposure_floor
2025-10-09,NH,EXIT,exposure_floor
2025-10-09,SRF,EXIT,exposure_floor
2025-10-10,GALLANTT,EXIT,exposure_floor
2025-10-10,HINDUNILVR,EXIT,exposure_floor
2025-10-10,NH,EXIT,exposure_floor
2025-10-10,SRF,EXIT,exposure_floor
2025-10-13,GALLANTT,EXIT,exposure_floor
2025-10-13,HINDUNILVR,EXIT,exposure_floor
2025-10-13,NH,EXIT,exposure_floor
2025-10-13,SRF,EXIT,exposure_floor
2025-10-14,GALLANTT,EXIT,exposure_floor
2025-10-14,HINDUNILVR,EXIT,exposure_floor
2025-10-14,NH,EXIT,exposure_floor
2025-10-14,SRF,EXIT,exposure_floor
2025-10-15,GALLANTT,EXIT,exposure_floor
2025-10-15,NH,EXIT,exposure_floor
2025-10-16,GALLANTT,EXIT,exposure_floor
2025-10-16,NH,EXIT,exposure_floor
2025-10-17,GALLANTT,EXIT,exposure_floor
2025-10-17,NH,EXIT,exposure_floor
2025-10-20,GALLANTT,EXIT,exposure_floor
2025-10-20,GODFRYPHLP,REDUCE,exposure_floor
2025-10-20,NH,EXIT,exposure_floor
2025-10-21,GALLANTT,EXIT,exposure_floor
2025-10-21,GODFRYPHLP,REDUCE,exposure_floor
2025-10-21,NH,EXIT,exposure_floor
2025-10-23,GALLANTT,EXIT,exposure_floor
2025-10-23,GODFRYPHLP,REDUCE,exposure_floor
2025-10-23,NH,EXIT,exposure_floor
2025-10-24,GALLANTT,EXIT,exposure_floor
2025-10-24,GODFRYPHLP,EXIT,exposure_floor
2025-10-24,NH,EXIT,exposure_floor
2025-10-27,GALLANTT,EXIT,exposure_floor
2025-10-27,GODFRYPHLP,EXIT,exposure_floor
2025-10-27,NH,EXIT,exposure_floor
2025-10-28,GALLANTT,EXIT,exposure_floor
2025-10-28,GODFRYPHLP,EXIT,exposure_floor
2025-10-28,NH,EXIT,exposure_floor
2025-10-29,ETERNAL,REDUCE,exposure_floor
2025-10-29,GALLANTT,EXIT,exposure_floor
2025-10-29,GODFRYPHLP,EXIT,exposure_floor
2025-10-29,MANAPPURAM,REDUCE,exposure_floor
2025-10-29,NH,EXIT,exposure_floor
2025-10-30,ETERNAL,REDUCE,exposure_floor
2025-10-30,GALLANTT,EXIT,exposure_floor
2025-10-30,GODFRYPHLP,EXIT,exposure_floor
2025-10-30,MANAPPURAM,REDUCE,exposure_floor
2025-10-30,NH,EXIT,exposure_floor
2025-10-31,ETERNAL,REDUCE,exposure_floor
2025-10-31,GALLANTT,EXIT,exposure_floor
2025-10-31,GODFRYPHLP,EXIT,exposure_floor
2025-10-31,MANAPPURAM,REDUCE,exposure_floor
2025-10-31,NH,EXIT,exposure_floor
2025-10-31,SRF,EXIT,exposure_floor
2025-11-03,ETERNAL,REDUCE,exposure_floor
2025-11-03,GALLANTT,EXIT,exposure_floor
2025-11-03,GODFRYPHLP,EXIT,exposure_floor
2025-11-03,MANAPPURAM,REDUCE,exposure_floor
2025-11-03,NH,EXIT,exposure_floor
2025-11-03,SRF,EXIT,exposure_floor
2025-11-04,ETERNAL,REDUCE,exposure_floor
2025-11-04,GALLANTT,EXIT,exposure_floor
2025-11-04,GODFRYPHLP,EXIT,exposure_floor
2025-11-04,MANAPPURAM,REDUCE,exposure_floor
2025-11-04,NH,EXIT,exposure_floor
2025-11-04,SRF,EXIT,exposure_floor
2025-11-06,ETERNAL,REDUCE,exposure_floor
2025-11-06,GALLANTT,EXIT,exposure_floor
2025-11-06,GODFRYPHLP,EXIT,exposure_floor
2025-11-06,MANAPPURAM,REDUCE,exposure_floor
2025-11-06,NH,EXIT,exposure_floor
2025-11-06,SRF,EXIT,exposure_floor
2025-11-07,ETERNAL,REDUCE,exposure_floor
2025-11-07,GALLANTT,EXIT,exposure_floor
2025-11-07,GODFRYPHLP,EXIT,exposure_floor
2025-11-07,MANAPPURAM,REDUCE,exposure_floor
2025-11-07,NH,EXIT,exposure_floor
2025-11-07,SRF,EXIT,exposure_floor
2025-11-10,ETERNAL,REDUCE,exposure_floor
2025-11-10,GALLANTT,EXIT,exposure_floor
2025-11-10,GODFRYPHLP,EXIT,exposure_floor
2025-11-10,MANAPPURAM,REDUCE,exposure_floor
2025-11-10,NH,EXIT,exposure_floor
2025-11-10,SRF,EXIT,exposure_floor
2025-11-11,ETERNAL,REDUCE,exposure_floor
2025-11-11,GALLANTT,REDUCE,exposure_floor
2025-11-11,GODFRYPHLP,EXIT,exposure_floor
2025-11-11,MANAPPURAM,REDUCE,exposure_floor
2025-11-11,NH,EXIT,exposure_floor
2025-11-11,SRF,EXIT,exposure_floor
2025-11-12,ETERNAL,REDUCE,exposure_floor
2025-11-12,GALLANTT,EXIT,exposure_floor
2025-11-12,GODFRYPHLP,EXIT,exposure_floor
2025-11-12,MANAPPURAM,REDUCE,exposure_floor
2025-11-12,NH,EXIT,exposure_floor
2025-11-12,SRF,EXIT,exposure_floor
2025-11-13,ETERNAL,EXIT,exposure_floor
2025-11-13,GABRIEL,REDUCE,exposure_floor
2025-11-13,GALLANTT,EXIT,exposure_floor
2025-11-13,GODFRYPHLP,EXIT,exposure_floor
2025-11-13,MANAPPURAM,REDUCE,exposure_floor
2025-11-13,NH,EXIT,exposure_floor
2025-11-13,SRF,EXIT,exposure_floor
2025-11-14,ETERNAL,EXIT,exposure_floor
2025-11-14,GABRIEL,REDUCE,exposure_floor
2025-11-14,GALLANTT,EXIT,exposure_floor
2025-11-14,GODFRYPHLP,EXIT,exposure_floor
2025-11-14,MANAPPURAM,REDUCE,exposure_floor
2025-11-14,NH,EXIT,exposure_floor
2025-11-14,SRF,EXIT,exposure_floor
2025-11-17,ETERNAL,EXIT,exposure_floor
2025-11-17,GABRIEL,EXIT,exposure_floor
2025-11-17,GALLANTT,EXIT,exposure_floor
2025-11-17,GODFRYPHLP,EXIT,exposure_floor
2025-11-17,MANAPPURAM,REDUCE,exposure_floor
2025-11-17,NH,REDUCE,exposure_floor
2025-11-17,SRF,EXIT,exposure_floor
2025-11-18,BAJAJFINSV,REDUCE,exposure_floor
2025-11-18,ETERNAL,EXIT,exposure_floor
2025-11-18,GABRIEL,EXIT,exposure_floor
2025-11-18,GALLANTT,EXIT,exposure_floor
2025-11-18,GODFRYPHLP,EXIT,exposure_floor
2025-11-18,MANAPPURAM,REDUCE,exposure_floor
2025-11-18,SRF,EXIT,exposure_floor
2025-11-19,ETERNAL,EXIT,exposure_floor
2025-11-19,GABRIEL,EXIT,exposure_floor
2025-11-19,GALLANTT,EXIT,exposure_floor
2025-11-19,GODFRYPHLP,EXIT,exposure_floor
2025-11-19,MANAPPURAM,REDUCE,exposure_floor
2025-11-19,SRF,EXIT,exposure_floor
2025-11-20,ETERNAL,EXIT,exposure_floor
2025-11-20,GABRIEL,EXIT,exposure_floor
2025-11-20,GALLANTT,EXIT,exposure_floor
2025-11-20,GODFRYPHLP,EXIT,exposure_floor
2025-11-20,MANAPPURAM,REDUCE,exposure_floor
2025-11-20,SRF,EXIT,exposure_floor
2025-11-21,ETERNAL,EXIT,exposure_floor
2025-11-21,GABRIEL,EXIT,exposure_floor
2025-11-21,GALLANTT,EXIT,exposure_floor
2025-11-21,GODFRYPHLP,EXIT,exposure_floor
2025-11-21,HCLTECH,EXIT,exposure_floor
2025-11-21,MANAPPURAM,REDUCE,exposure_floor
2025-11-21,SRF,EXIT,exposure_floor
2025-11-24,ETERNAL,EXIT,exposure_floor
2025-11-24,GABRIEL,EXIT,exposure_floor
2025-11-24,GALLANTT,EXIT,exposure_floor
2025-11-24,GODFRYPHLP,EXIT,exposure_floor
2025-11-24,GRASIM,EXIT,exposure_floor
2025-11-24,HCLTECH,EXIT,exposure_floor
2025-11-24,MANAPPURAM,REDUCE,exposure_floor
2025-11-24,SRF,EXIT,exposure_floor
2025-11-25,BAJFINANCE,REDUCE,exposure_floor
2025-11-25,ETERNAL,EXIT,exposure_floor
2025-11-25,GABRIEL,EXIT,exposure_floor
2025-11-25,GALLANTT,EXIT,exposure_floor
2025-11-25,GODFRYPHLP,EXIT,exposure_floor
2025-11-25,GRASIM,EXIT,exposure_floor
2025-11-25,HCLTECH,EXIT,exposure_floor
2025-11-25,KOTAKBANK,EXIT,exposure_floor
2025-11-25,MANAPPURAM,REDUCE,exposure_floor
2025-11-25,PAYTM,REDUCE,exposure_floor
2025-11-25,SRF,EXIT,exposure_floor
2025-11-26,ETERNAL,EXIT,exposure_floor
2025-11-26,GABRIEL,EXIT,exposure_floor
2025-11-26,GALLANTT,EXIT,exposure_floor
2025-11-26,GODFRYPHLP,EXIT,exposure_floor
2025-11-26,HCLTECH,EXIT,exposure_floor
2025-11-26,MANAPPURAM,REDUCE,exposure_floor
2025-11-26,SRF,EXIT,exposure_floor
2025-11-27,ETERNAL,EXIT,exposure_floor
2025-11-27,GABRIEL,EXIT,exposure_floor
2025-11-27,GALLANTT,EXIT,exposure_floor
2025-11-27,GODFRYPHLP,EXIT,exposure_floor
2025-11-27,HCLTECH,EXIT,exposure_floor
2025-11-27,MANAPPURAM,REDUCE,exposure_floor
2025-11-27,SRF,EXIT,exposure_floor
2025-11-28,BEL,REDUCE,exposure_floor
2025-11-28,ETERNAL,EXIT,exposure_floor
2025-11-28,GABRIEL,EXIT,exposure_floor
2025-11-28,GALLANTT,EXIT,exposure_floor
2025-11-28,GODFRYPHLP,EXIT,exposure_floor
2025-11-28,HCLTECH,EXIT,exposure_floor
2025-11-28,MANAPPURAM,REDUCE,exposure_floor
2025-11-28,MARUTI,REDUCE,exposure_floor
2025-11-28,SRF,EXIT,exposure_floor
2025-12-01,BAJFINANCE,REDUCE,exposure_floor
2025-12-01,BEL,REDUCE,exposure_floor
2025-12-01,ETERNAL,EXIT,exposure_floor
2025-12-01,GABRIEL,EXIT,exposure_floor
2025-12-01,GALLANTT,EXIT,exposure_floor
2025-12-01,GODFRYPHLP,EXIT,exposure_floor
2025-12-01,MANAPPURAM,REDUCE,exposure_floor
2025-12-01,MARUTI,REDUCE,exposure_floor
2025-12-01,NH,EXIT,exposure_floor
2025-12-01,SRF,EXIT,exposure_floor
2025-12-02,ETERNAL,EXIT,exposure_floor
2025-12-02,GABRIEL,EXIT,exposure_floor
2025-12-02,GALLANTT,EXIT,exposure_floor
2025-12-02,GODFRYPHLP,EXIT,exposure_floor
2025-12-02,HCLTECH,REDUCE,exposure_floor
2025-12-02,INDIGO,REDUCE,exposure_floor
2025-12-02,MANAPPURAM,REDUCE,exposure_floor
2025-12-02,NH,EXIT,exposure_floor
2025-12-02,SRF,EXIT,exposure_floor
2025-12-03,APOLLOHOSP,EXIT,exposure_floor
2025-12-03,ETERNAL,EXIT,exposure_floor
2025-12-03,GABRIEL,EXIT,exposure_floor
2025-12-03,GALLANTT,EXIT,exposure_floor
2025-12-03,GODFRYPHLP,EXIT,exposure_floor
2025-12-03,HCLTECH,REDUCE,exposure_floor
2025-12-03,MANAPPURAM,REDUCE,exposure_floor
2025-12-03,NH,REDUCE,exposure_floor
2025-12-03,SRF,EXIT,exposure_floor
2025-12-04,APOLLOHOSP,EXIT,exposure_floor
2025-12-04,ETERNAL,EXIT,exposure_floor
2025-12-04,GABRIEL,EXIT,exposure_floor
2025-12-04,GALLANTT,EXIT,exposure_floor
2025-12-04,GODFRYPHLP,EXIT,exposure_floor
2025-12-04,HCLTECH,REDUCE,exposure_floor
2025-12-04,INDIGO,EXIT,exposure_floor
2025-12-04,MANAPPURAM,REDUCE,exposure_floor
2025-12-04,MARUTI,REDUCE,exposure_floor
2025-12-04,SRF,EXIT,exposure_floor
2025-12-05,ETERNAL,EXIT,exposure_floor
2025-12-05,GABRIEL,EXIT,exposure_floor
2025-12-05,GALLANTT,EXIT,exposure_floor
2025-12-05,GODFRYPHLP,EXIT,exposure_floor
2025-12-05,HCLTECH,REDUCE,exposure_floor
2025-12-05,MANAPPURAM,REDUCE,exposure_floor
2025-12-05,NH,EXIT,exposure_floor
2025-12-05,SRF,EXIT,exposure_floor
2025-12-05,SYRMA,EXIT,exposure_floor
2025-12-08,BAJFINANCE,REDUCE,exposure_floor
2025-12-08,CIPLA,EXIT,exposure_floor
2025-12-08,ETERNAL,EXIT,exposure_floor
2025-12-08,GABRIEL,EXIT,exposure_floor
2025-12-08,GALLANTT,EXIT,exposure_floor
2025-12-08,GODFRYPHLP,EXIT,exposure_floor
2025-12-08,HCLTECH,REDUCE,exposure_floor
2025-12-08,JSWSTEEL,REDUCE,exposure_floor
2025-12-08,MANAPPURAM,REDUCE,exposure_floor
2025-12-08,NH,REDUCE,exposure_floor
2025-12-08,SRF,EXIT,exposure_floor
2025-12-08,SYRMA,EXIT,exposure_floor
2025-12-08,TATACONSUM,REDUCE,exposure_floor
2025-12-09,ETERNAL,EXIT,exposure_floor
2025-12-09,GABRIEL,EXIT,exposure_floor
2025-12-09,GALLANTT,EXIT,exposure_floor
2025-12-09,GODFRYPHLP,EXIT,exposure_floor
2025-12-09,MANAPPURAM,REDUCE,exposure_floor
2025-12-09,NH,EXIT,exposure_floor
2025-12-09,SRF,EXIT,exposure_floor
2025-12-10,ETERNAL,EXIT,exposure_floor
2025-12-10,GABRIEL,EXIT,exposure_floor
2025-12-10,GALLANTT,EXIT,exposure_floor
2025-12-10,GODFRYPHLP,EXIT,exposure_floor
2025-12-10,MANAPPURAM,REDUCE,exposure_floor
2025-12-10,NH,EXIT,exposure_floor
2025-12-10,ONGC,REDUCE,exposure_floor
2025-12-10,SRF,EXIT,exposure_floor
2025-12-11,ETERNAL,EXIT,exposure_floor
2025-12-11,GABRIEL,EXIT,exposure_floor
2025-12-11,GALLANTT,EXIT,exposure_floor
2025-12-11,GODFRYPHLP,EXIT,exposure_floor
2025-12-11,MANAPPURAM,REDUCE,exposure_floor
2025-12-11,NH,EXIT,exposure_floor
2025-12-11,SRF,EXIT,exposure_floor
2025-12-12,ETERNAL,EXIT,exposure_floor
2025-12-12,GABRIEL,EXIT,exposure_floor
2025-12-12,GALLANTT,EXIT,exposure_floor
2025-12-12,GODFRYPHLP,EXIT,exposure_floor
2025-12-12,MANAPPURAM,REDUCE,exposure_floor
2025-12-12,NH,EXIT,exposure_floor
2025-12-12,SRF,REDUCE,exposure_floor
2025-12-15,ETERNAL,EXIT,exposure_floor
2025-12-15,GABRIEL,EXIT,exposure_floor
2025-12-15,GALLANTT,EXIT,exposure_floor
2025-12-15,GODFRYPHLP,EXIT,exposure_floor
2025-12-15,MANAPPURAM,REDUCE,exposure_floor
2025-12-15,NH,EXIT,exposure_floor
2025-12-15,SRF,REDUCE,exposure_floor
2025-12-16,ETERNAL,EXIT,exposure_floor
2025-12-16,GABRIEL,EXIT,exposure_floor
2025-12-16,GALLANTT,EXIT,exposure_floor
2025-12-16,GODFRYPHLP,EXIT,exposure_floor
2025-12-16,MANAPPURAM,REDUCE,exposure_floor
2025-12-16,NH,EXIT,exposure_floor
2025-12-16,SRF,REDUCE,exposure_floor
2025-12-17,AXISBANK,REDUCE,exposure_floor
2025-12-17,BAJAJ-AUTO,REDUCE,exposure_floor
2025-12-17,ETERNAL,EXIT,exposure_floor
2025-12-17,GABRIEL,EXIT,exposure_floor
2025-12-17,GALLANTT,EXIT,exposure_floor
2025-12-17,GODFRYPHLP,EXIT,exposure_floor
2025-12-17,HDFCBANK,REDUCE,exposure_floor
2025-12-17,MANAPPURAM,REDUCE,exposure_floor
2025-12-17,NH,EXIT,exposure_floor
2025-12-17,SRF,REDUCE,exposure_floor
2025-12-18,ETERNAL,EXIT,exposure_floor
2025-12-18,GABRIEL,EXIT,exposure_floor
2025-12-18,GALLANTT,EXIT,exposure_floor
2025-12-18,GODFRYPHLP,EXIT,exposure_floor
2025-12-18,MANAPPURAM,REDUCE,exposure_floor
2025-12-18,NH,EXIT,exposure_floor
2025-12-18,SRF,REDUCE,exposure_floor
2025-12-18,TECHM,REDUCE,exposure_floor
2025-12-19,ETERNAL,EXIT,exposure_floor
2025-12-19,GABRIEL,EXIT,exposure_floor
2025-12-19,GALLANTT,EXIT,exposure_floor
2025-12-19,GODFRYPHLP,EXIT,exposure_floor
2025-12-19,MANAPPURAM,REDUCE,exposure_floor
2025-12-19,NH,EXIT,exposure_floor
2025-12-19,SRF,REDUCE,exposure_floor
2025-12-22,ETERNAL,EXIT,exposure_floor
2025-12-22,GABRIEL,EXIT,exposure_floor
2025-12-22,GALLANTT,EXIT,exposure_floor
2025-12-22,GODFRYPHLP,EXIT,exposure_floor
2025-12-22,MANAPPURAM,REDUCE,exposure_floor
2025-12-22,NH,EXIT,exposure_floor
2025-12-22,SRF,REDUCE,exposure_floor
2025-12-23,ETERNAL,EXIT,exposure_floor
2025-12-23,GABRIEL,EXIT,exposure_floor
2025-12-23,GALLANTT,EXIT,exposure_floor
2025-12-23,GODFRYPHLP,EXIT,exposure_floor
2025-12-23,NH,EXIT,exposure_floor
2025-12-24,ETERNAL,EXIT,exposure_floor
2025-12-24,GABRIEL,EXIT,exposure_floor
2025-12-24,GALLANTT,EXIT,exposure_floor
2025-12-24,GODFRYPHLP,EXIT,exposure_floor
2025-12-24,NH,EXIT,exposure_floor
2025-12-26,ETERNAL,EXIT,exposure_floor
2025-12-26,GABRIEL,EXIT,exposure_floor
2025-12-26,GALLANTT,EXIT,exposure_floor
2025-12-26,GODFRYPHLP,EXIT,exposure_floor
2025-12-26,NH,EXIT,exposure_floor
2025-12-29,ADANIPORTS,REDUCE,exposure_floor
2025-12-29,ETERNAL,EXIT,exposure_floor
2025-12-29,GABRIEL,EXIT,exposure_floor
2025-12-29,GALLANTT,EXIT,exposure_floor
2025-12-29,GODFRYPHLP,EXIT,exposure_floor
2025-12-29,HCLTECH,EXIT,exposure_floor
2025-12-29,NH,EXIT,exposure_floor
2025-12-29,WIPRO,EXIT,exposure_floor
2025-12-30,ETERNAL,EXIT,exposure_floor
2025-12-30,GABRIEL,EXIT,exposure_floor
2025-12-30,GALLANTT,EXIT,exposure_floor
2025-12-30,GODFRYPHLP,EXIT,exposure_floor
2025-12-30,HCLTECH,EXIT,exposure_floor
2025-12-30,INFY,EXIT,exposure_floor
2025-12-30,NH,EXIT,exposure_floor
2025-12-30,WIPRO,EXIT,exposure_floor
2025-12-31,ETERNAL,EXIT,exposure_floor
2025-12-31,GABRIEL,EXIT,exposure_floor
2025-12-31,GALLANTT,EXIT,exposure_floor
2025-12-31,GODFRYPHLP,EXIT,exposure_floor
2025-12-31,HCLTECH,EXIT,exposure_floor
2025-12-31,INFY,EXIT,exposure_floor
2025-12-31,NH,EXIT,exposure_floor
2025-12-31,WIPRO,EXIT,exposure_floor
2026-01-02,ETERNAL,EXIT,exposure_floor
2026-01-02,GABRIEL,EXIT,exposure_floor
2026-01-02,GALLANTT,EXIT,exposure_floor
2026-01-02,GODFRYPHLP,EXIT,exposure_floor
2026-01-02,HCLTECH,REDUCE,exposure_floor
2026-01-02,NH,REDUCE,exposure_floor
2026-01-05,ETERNAL,EXIT,exposure_floor
2026-01-05,GABRIEL,EXIT,exposure_floor
2026-01-05,GALLANTT,EXIT,exposure_floor
2026-01-05,GODFRYPHLP,EXIT,exposure_floor
2026-01-05,HCLTECH,EXIT,exposure_floor
2026-01-05,NH,EXIT,exposure_floor
2026-01-06,ETERNAL,EXIT,exposure_floor
2026-01-06,GABRIEL,EXIT,exposure_floor
2026-01-06,GALLANTT,EXIT,exposure_floor
2026-01-06,GODFRYPHLP,EXIT,exposure_floor
2026-01-06,HCLTECH,EXIT,exposure_floor
2026-01-06,HDFCBANK,EXIT,exposure_floor
2026-01-06,NH,REDUCE,exposure_floor
2026-01-07,ETERNAL,EXIT,exposure_floor
2026-01-07,GABRIEL,EXIT,exposure_floor
2026-01-07,GALLANTT,EXIT,exposure_floor
2026-01-07,GODFRYPHLP,EXIT,exposure_floor
2026-01-07,HDFCBANK,EXIT,exposure_floor
2026-01-08,ETERNAL,EXIT,exposure_floor
2026-01-08,GABRIEL,EXIT,exposure_floor
2026-01-08,GALLANTT,EXIT,exposure_floor
2026-01-08,GODFRYPHLP,EXIT,exposure_floor
2026-01-08,NH,EXIT,exposure_floor
2026-01-08,WIPRO,EXIT,exposure_floor
2026-01-09,BHARTIARTL,REDUCE,exposure_floor
2026-01-09,ETERNAL,EXIT,exposure_floor
2026-01-09,GABRIEL,EXIT,exposure_floor
2026-01-09,GALLANTT,EXIT,exposure_floor
2026-01-09,GODFRYPHLP,EXIT,exposure_floor
2026-01-09,HDFCLIFE,EXIT,exposure_floor
2026-01-09,KOTAKBANK,REDUCE,exposure_floor
2026-01-09,NH,EXIT,exposure_floor
2026-01-09,PAYTM,REDUCE,exposure_floor
2026-01-09,WIPRO,EXIT,exposure_floor
2026-01-12,ETERNAL,EXIT,exposure_floor
2026-01-12,GABRIEL,EXIT,exposure_floor
2026-01-12,GALLANTT,EXIT,exposure_floor
2026-01-12,GODFRYPHLP,EXIT,exposure_floor
2026-01-12,NH,EXIT,exposure_floor
2026-01-12,WIPRO,EXIT,exposure_floor
2026-01-13,ETERNAL,EXIT,exposure_floor
2026-01-13,GABRIEL,EXIT,exposure_floor
2026-01-13,GALLANTT,EXIT,exposure_floor
2026-01-13,GODFRYPHLP,EXIT,exposure_floor
2026-01-13,NH,EXIT,exposure_floor
2026-01-13,WIPRO,EXIT,exposure_floor
2026-01-14,ETERNAL,EXIT,exposure_floor
2026-01-14,GABRIEL,EXIT,exposure_floor
2026-01-14,GALLANTT,EXIT,exposure_floor
2026-01-14,GODFRYPHLP,EXIT,exposure_floor
2026-01-14,NH,REDUCE,exposure_floor
2026-01-16,ETERNAL,EXIT,exposure_floor
2026-01-16,GABRIEL,EXIT,exposure_floor
2026-01-16,GALLANTT,EXIT,exposure_floor
2026-01-16,GODFRYPHLP,EXIT,exposure_floor
2026-01-16,NH,EXIT,exposure_floor
2026-01-16,SUNPHARMA,EXIT,exposure_floor
2026-01-19,ETERNAL,EXIT,exposure_floor
2026-01-19,GABRIEL,EXIT,exposure_floor
2026-01-19,GALLANTT,EXIT,exposure_floor
2026-01-19,GODFRYPHLP,EXIT,exposure_floor
2026-01-19,NH,EXIT,exposure_floor
2026-01-19,SRF,EXIT,exposure_floor
2026-01-19,WIPRO,EXIT,exposure_floor
2026-01-20,ADANIPORTS,EXIT,exposure_floor
2026-01-20,ETERNAL,EXIT,exposure_floor
2026-01-20,GABRIEL,EXIT,exposure_floor
2026-01-20,GALLANTT,EXIT,exposure_floor
2026-01-20,GODFRYPHLP,EXIT,exposure_floor
2026-01-20,HINDUNILVR,EXIT,exposure_floor
2026-01-20,KIRLOSENG,EXIT,exposure_floor
2026-01-20,NH,EXIT,exposure_floor
2026-01-20,SRF,EXIT,exposure_floor
2026-01-20,IDEA,EXIT,exposure_floor
2026-01-20,WIPRO,EXIT,exposure_floor
2026-01-21,ETERNAL,EXIT,exposure_floor
2026-01-21,GABRIEL,EXIT,exposure_floor
2026-01-21,GALLANTT,EXIT,exposure_floor
2026-01-21,GODFRYPHLP,EXIT,exposure_floor
2026-01-21,KOTAKBANK,REDUCE,exposure_floor
2026-01-21,NTPC,REDUCE,exposure_floor
2026-01-21,NH,EXIT,exposure_floor
2026-01-21,SRF,EXIT,exposure_floor
2026-01-21,WIPRO,EXIT,exposure_floor
2026-01-22,ETERNAL,EXIT,exposure_floor
2026-01-22,GABRIEL,EXIT,exposure_floor
2026-01-22,GALLANTT,EXIT,exposure_floor
2026-01-22,GODFRYPHLP,EXIT,exposure_floor
2026-01-22,NTPC,REDUCE,exposure_floor
2026-01-22,NH,EXIT,exposure_floor
2026-01-22,SRF,EXIT,exposure_floor
2026-01-22,WIPRO,EXIT,exposure_floor
2026-01-23,ETERNAL,EXIT,exposure_floor
2026-01-23,GABRIEL,EXIT,exposure_floor
2026-01-23,GALLANTT,EXIT,exposure_floor
2026-01-23,GODFRYPHLP,EXIT,exposure_floor
2026-01-23,NTPC,REDUCE,exposure_floor
2026-01-23,NH,EXIT,exposure_floor
2026-01-23,PAYTM,EXIT,exposure_floor
2026-01-23,SRF,EXIT,exposure_floor
2026-01-23,WIPRO,EXIT,exposure_floor
2026-01-27,ETERNAL,EXIT,exposure_floor
2026-01-27,GABRIEL,EXIT,exposure_floor
2026-01-27,GALLANTT,EXIT,exposure_floor
2026-01-27,GODFRYPHLP,EXIT,exposure_floor
2026-01-27,KOTAKBANK,EXIT,exposure_floor
2026-01-27,NTPC,REDUCE,exposure_floor
2026-01-27,NH,EXIT,exposure_floor
2026-01-27,SRF,EXIT,exposure_floor
2026-01-27,ULTRACEMCO,REDUCE,exposure_floor
2026-01-27,WIPRO,EXIT,exposure_floor
2026-01-28,ETERNAL,EXIT,exposure_floor
2026-01-28,GABRIEL,EXIT,exposure_floor
2026-01-28,GALLANTT,EXIT,exposure_floor
2026-01-28,GODFRYPHLP,EXIT,exposure_floor
2026-01-28,KOTAKBANK,EXIT,exposure_floor
2026-01-28,NTPC,REDUCE,exposure_floor
2026-01-28,NH,EXIT,exposure_floor
2026-01-28,SRF,EXIT,exposure_floor
2026-01-28,ULTRACEMCO,REDUCE,exposure_floor
2026-01-28,WIPRO,EXIT,exposure_floor
2026-01-29,ETERNAL,EXIT,exposure_floor
2026-01-29,GABRIEL,EXIT,exposure_floor
2026-01-29,GALLANTT,EXIT,exposure_floor
2026-01-29,GODFRYPHLP,EXIT,exposure_floor
2026-01-29,KOTAKBANK,EXIT,exposure_floor
2026-01-29,NTPC,REDUCE,exposure_floor
2026-01-29,NH,EXIT,exposure_floor
2026-01-29,SRF,EXIT,exposure_floor
2026-01-29,ULTRACEMCO,REDUCE,exposure_floor
2026-01-29,WIPRO,EXIT,exposure_floor
2026-01-30,ETERNAL,EXIT,exposure_floor
2026-01-30,GABRIEL,EXIT,exposure_floor
2026-01-30,GALLANTT,EXIT,exposure_floor
2026-01-30,GODFRYPHLP,EXIT,exposure_floor
2026-01-30,KOTAKBANK,EXIT,exposure_floor
2026-01-30,NTPC,REDUCE,exposure_floor
2026-01-30,NH,EXIT,exposure_floor
2026-01-30,SRF,EXIT,exposure_floor
2026-01-30,ULTRACEMCO,REDUCE,exposure_floor
2026-01-30,WIPRO,EXIT,exposure_floor
2026-02-02,ETERNAL,EXIT,exposure_floor
2026-02-02,GABRIEL,EXIT,exposure_floor
2026-02-02,GALLANTT,EXIT,exposure_floor
2026-02-02,GODFRYPHLP,EXIT,exposure_floor
2026-02-02,NH,EXIT,exposure_floor
2026-02-02,SRF,EXIT,exposure_floor
2026-02-02,WIPRO,EXIT,exposure_floor
2026-02-03,ETERNAL,EXIT,exposure_floor
2026-02-03,GABRIEL,EXIT,exposure_floor
2026-02-03,GALLANTT,EXIT,exposure_floor
2026-02-03,GODFRYPHLP,EXIT,exposure_floor
2026-02-03,NH,EXIT,exposure_floor
2026-02-03,SRF,EXIT,exposure_floor
2026-02-04,ETERNAL,EXIT,exposure_floor
2026-02-04,GABRIEL,EXIT,exposure_floor
2026-02-04,GALLANTT,EXIT,exposure_floor
2026-02-04,GODFRYPHLP,EXIT,exposure_floor
2026-02-04,NH,EXIT,exposure_floor
2026-02-04,SRF,EXIT,exposure_floor
2026-02-05,ETERNAL,EXIT,exposure_floor
2026-02-05,GABRIEL,EXIT,exposure_floor
2026-02-05,GALLANTT,EXIT,exposure_floor
2026-02-05,GODFRYPHLP,EXIT,exposure_floor
2026-02-05,NH,EXIT,exposure_floor
2026-02-05,NATIONALUM,EXIT,exposure_floor
2026-02-05,SRF,EXIT,exposure_floor
2026-02-06,ETERNAL,EXIT,exposure_floor
2026-02-06,GABRIEL,EXIT,exposure_floor
2026-02-06,GALLANTT,EXIT,exposure_floor
2026-02-06,GODFRYPHLP,EXIT,exposure_floor
2026-02-06,NH,EXIT,exposure_floor
2026-02-06,SRF,EXIT,exposure_floor
2026-02-09,ETERNAL,EXIT,exposure_floor
2026-02-09,GABRIEL,EXIT,exposure_floor
2026-02-09,GALLANTT,EXIT,exposure_floor
2026-02-09,GODFRYPHLP,EXIT,exposure_floor
2026-02-09,NH,EXIT,exposure_floor
2026-02-09,SRF,REDUCE,exposure_floor
2026-02-10,ETERNAL,EXIT,exposure_floor
2026-02-10,GABRIEL,EXIT,exposure_floor
2026-02-10,GALLANTT,EXIT,exposure_floor
2026-02-10,GODFRYPHLP,EXIT,exposure_floor
2026-02-10,NH,EXIT,exposure_floor
2026-02-10,SRF,EXIT,exposure_floor
2026-02-11,ETERNAL,EXIT,exposure_floor
2026-02-11,GABRIEL,EXIT,exposure_floor
2026-02-11,GALLANTT,EXIT,exposure_floor
2026-02-11,GODFRYPHLP,EXIT,exposure_floor
2026-02-11,NH,EXIT,exposure_floor
2026-02-11,SRF,EXIT,exposure_floor
2026-02-12,ETERNAL,EXIT,exposure_floor
2026-02-12,GABRIEL,EXIT,exposure_floor
2026-02-12,GALLANTT,EXIT,exposure_floor
2026-02-12,GODFRYPHLP,EXIT,exposure_floor
2026-02-12,NH,EXIT,exposure_floor
2026-02-12,SRF,EXIT,exposure_floor
2026-02-13,ETERNAL,EXIT,exposure_floor
2026-02-13,GABRIEL,EXIT,exposure_floor
2026-02-13,GALLANTT,EXIT,exposure_floor
2026-02-13,GODFRYPHLP,EXIT,exposure_floor
2026-02-13,NH,EXIT,exposure_floor
2026-02-13,SRF,EXIT,exposure_floor
2026-02-16,ETERNAL,EXIT,exposure_floor
2026-02-16,GABRIEL,EXIT,exposure_floor
2026-02-16,GALLANTT,EXIT,exposure_floor
2026-02-16,GODFRYPHLP,EXIT,exposure_floor
2026-02-16,NH,EXIT,exposure_floor
2026-02-16,SRF,EXIT,exposure_floor
2026-02-17,ETERNAL,EXIT,exposure_floor
2026-02-17,GABRIEL,EXIT,exposure_floor
2026-02-17,GALLANTT,EXIT,exposure_floor
2026-02-17,GODFRYPHLP,EXIT,exposure_floor
2026-02-17,NH,EXIT,exposure_floor
2026-02-17,SRF,EXIT,exposure_floor
2026-02-18,ETERNAL,EXIT,exposure_floor
2026-02-18,GABRIEL,EXIT,exposure_floor
2026-02-18,GALLANTT,EXIT,exposure_floor
2026-02-18,GODFRYPHLP,EXIT,exposure_floor
2026-02-18,NH,EXIT,exposure_floor
2026-02-18,SRF,EXIT,exposure_floor
2026-02-19,ETERNAL,EXIT,exposure_floor
2026-02-19,GABRIEL,EXIT,exposure_floor
2026-02-19,GALLANTT,EXIT,exposure_floor
2026-02-19,GODFRYPHLP,EXIT,exposure_floor
2026-02-19,NH,EXIT,exposure_floor
2026-02-19,SRF,EXIT,exposure_floor
2026-02-20,ETERNAL,EXIT,exposure_floor
2026-02-20,GABRIEL,EXIT,exposure_floor
2026-02-20,GALLANTT,EXIT,exposure_floor
2026-02-20,GODFRYPHLP,EXIT,exposure_floor
2026-02-20,NH,EXIT,exposure_floor
2026-02-20,SRF,EXIT,exposure_floor
2026-02-23,ETERNAL,EXIT,exposure_floor
2026-02-23,GABRIEL,EXIT,exposure_floor
2026-02-23,GALLANTT,EXIT,exposure_floor
2026-02-23,GODFRYPHLP,EXIT,exposure_floor
2026-02-23,NH,EXIT,exposure_floor
2026-02-23,SRF,EXIT,exposure_floor
2026-02-24,ETERNAL,EXIT,exposure_floor
2026-02-24,GABRIEL,EXIT,exposure_floor
2026-02-24,GALLANTT,EXIT,exposure_floor
2026-02-24,GODFRYPHLP,EXIT,exposure_floor
2026-02-24,NH,EXIT,exposure_floor
2026-02-24,SRF,EXIT,exposure_floor
2026-02-25,ETERNAL,EXIT,exposure_floor
2026-02-25,GABRIEL,EXIT,exposure_floor
2026-02-25,GALLANTT,EXIT,exposure_floor
2026-02-25,GODFRYPHLP,EXIT,exposure_floor
2026-02-25,NH,EXIT,exposure_floor
2026-02-25,SRF,EXIT,exposure_floor
2026-02-26,ETERNAL,EXIT,exposure_floor
2026-02-26,GABRIEL,EXIT,exposure_floor
2026-02-26,GALLANTT,EXIT,exposure_floor
2026-02-26,GODFRYPHLP,EXIT,exposure_floor
2026-02-26,NH,EXIT,exposure_floor
2026-02-26,SRF,EXIT,exposure_floor
2026-02-27,BAJAJFINSV,EXIT,exposure_floor
2026-02-27,ETERNAL,EXIT,exposure_floor
2026-02-27,GABRIEL,EXIT,exposure_floor
2026-02-27,GALLANTT,EXIT,exposure_floor
2026-02-27,GODFRYPHLP,EXIT,exposure_floor
2026-02-27,ICICIBANK,EXIT,exposure_floor
2026-02-27,INDIACEM,EXIT,exposure_floor
2026-02-27,JKTYRE,EXIT,exposure_floor
2026-02-27,KOTAKBANK,EXIT,exposure_floor
2026-02-27,M&M,EXIT,exposure_floor
2026-02-27,NH,EXIT,exposure_floor
2026-02-27,SRF,EXIT,exposure_floor
2026-03-02,BAJAJFINSV,EXIT,exposure_floor
2026-03-02,ETERNAL,EXIT,exposure_floor
2026-03-02,GABRIEL,EXIT,exposure_floor
2026-03-02,GALLANTT,EXIT,exposure_floor
2026-03-02,GODFRYPHLP,EXIT,exposure_floor
2026-03-02,GRASIM,EXIT,exposure_floor
2026-03-02,ICICIBANK,EXIT,exposure_floor
2026-03-02,JKTYRE,EXIT,exposure_floor
2026-03-02,KOTAKBANK,EXIT,exposure_floor
2026-03-02,M&M,EXIT,exposure_floor
2026-03-02,NH,EXIT,exposure_floor
2026-03-02,POWERGRID,REDUCE,exposure_floor
2026-03-02,SRF,EXIT,exposure_floor
2026-03-02,TATACONSUM,EXIT,exposure_floor
2026-03-04,ADANIPORTS,EXIT,exposure_floor
2026-03-04,BAJFINANCE,EXIT,exposure_floor
2026-03-04,BAJAJFINSV,EXIT,exposure_floor
2026-03-04,CUB,REDUCE,exposure_floor
2026-03-04,ETERNAL,EXIT,exposure_floor
2026-03-04,GABRIEL,EXIT,exposure_floor
2026-03-04,GALLANTT,EXIT,exposure_floor
2026-03-04,GODFRYPHLP,EXIT,exposure_floor
2026-03-04,GRASIM,EXIT,exposure_floor
2026-03-04,ICICIBANK,EXIT,exposure_floor
2026-03-04,JKTYRE,EXIT,exposure_floor
2026-03-04,KOTAKBANK,EXIT,exposure_floor
2026-03-04,M&M,EXIT,exposure_floor
2026-03-04,MANAPPURAM,EXIT,exposure_floor
2026-03-04,NH,EXIT,exposure_floor
2026-03-04,POWERGRID,REDUCE,exposure_floor
2026-03-04,SRF,EXIT,exposure_floor
2026-03-04,TATACONSUM,EXIT,exposure_floor
2026-03-04,ULTRACEMCO,EXIT,exposure_floor
2026-03-05,BAJFINANCE,EXIT,exposure_floor
2026-03-05,BAJAJFINSV,EXIT,exposure_floor
2026-03-05,CUB,REDUCE,exposure_floor
2026-03-05,ETERNAL,EXIT,exposure_floor
2026-03-05,GABRIEL,EXIT,exposure_floor
2026-03-05,GALLANTT,EXIT,exposure_floor
2026-03-05,GODFRYPHLP,EXIT,exposure_floor
2026-03-05,GRASIM,EXIT,exposure_floor
2026-03-05,ICICIBANK,EXIT,exposure_floor
2026-03-05,JKTYRE,EXIT,exposure_floor
2026-03-05,KOTAKBANK,EXIT,exposure_floor
2026-03-05,MANAPPURAM,EXIT,exposure_floor
2026-03-05,NH,EXIT,exposure_floor
2026-03-05,POWERGRID,REDUCE,exposure_floor
2026-03-05,SBILIFE,REDUCE,exposure_floor
2026-03-05,SRF,EXIT,exposure_floor
2026-03-05,TATACONSUM,EXIT,exposure_floor
2026-03-05,ULTRACEMCO,EXIT,exposure_floor
2026-03-06,BAJFINANCE,EXIT,exposure_floor
2026-03-06,BAJAJFINSV,EXIT,exposure_floor
2026-03-06,CUB,REDUCE,exposure_floor
2026-03-06,ETERNAL,EXIT,exposure_floor
2026-03-06,GABRIEL,EXIT,exposure_floor
2026-03-06,GALLANTT,EXIT,exposure_floor
2026-03-06,GODFRYPHLP,EXIT,exposure_floor
2026-03-06,GRASIM,EXIT,exposure_floor
2026-03-06,ICICIBANK,EXIT,exposure_floor
2026-03-06,JKTYRE,EXIT,exposure_floor
2026-03-06,KOTAKBANK,EXIT,exposure_floor
2026-03-06,MANAPPURAM,EXIT,exposure_floor
2026-03-06,NH,EXIT,exposure_floor
2026-03-06,POWERGRID,REDUCE,exposure_floor
2026-03-06,SBILIFE,REDUCE,exposure_floor
2026-03-06,SRF,EXIT,exposure_floor
2026-03-06,TATACONSUM,EXIT,exposure_floor
2026-03-06,ULTRACEMCO,EXIT,exposure_floor
2026-03-09,BAJFINANCE,EXIT,exposure_floor
2026-03-09,BAJAJFINSV,EXIT,exposure_floor
2026-03-09,CUB,EXIT,exposure_floor
2026-03-09,DRREDDY,REDUCE,exposure_floor
2026-03-09,ETERNAL,EXIT,exposure_floor
2026-03-09,GABRIEL,EXIT,exposure_floor
2026-03-09,GALLANTT,EXIT,exposure_floor
2026-03-09,GODFRYPHLP,EXIT,exposure_floor
2026-03-09,GRASIM,EXIT,exposure_floor
2026-03-09,ICICIBANK,EXIT,exposure_floor
2026-03-09,JKTYRE,EXIT,exposure_floor
2026-03-09,KOTAKBANK,EXIT,exposure_floor
2026-03-09,MANAPPURAM,EXIT,exposure_floor
2026-03-09,NH,EXIT,exposure_floor
2026-03-09,POWERGRID,REDUCE,exposure_floor
2026-03-09,SRF,EXIT,exposure_floor
2026-03-09,TATACONSUM,EXIT,exposure_floor
2026-03-09,ULTRACEMCO,EXIT,exposure_floor
2026-03-10,BAJFINANCE,EXIT,exposure_floor
2026-03-10,BAJAJFINSV,EXIT,exposure_floor
2026-03-10,CUB,EXIT,exposure_floor
2026-03-10,DRREDDY,REDUCE,exposure_floor
2026-03-10,ETERNAL,EXIT,exposure_floor
2026-03-10,GABRIEL,EXIT,exposure_floor
2026-03-10,GALLANTT,EXIT,exposure_floor
2026-03-10,GODFRYPHLP,EXIT,exposure_floor
2026-03-10,GRASIM,EXIT,exposure_floor
2026-03-10,ICICIBANK,EXIT,exposure_floor
2026-03-10,JKTYRE,EXIT,exposure_floor
2026-03-10,KOTAKBANK,EXIT,exposure_floor
2026-03-10,MANAPPURAM,EXIT,exposure_floor
2026-03-10,NH,EXIT,exposure_floor
2026-03-10,POWERGRID,REDUCE,exposure_floor
2026-03-10,SRF,EXIT,exposure_floor
2026-03-10,TATACONSUM,EXIT,exposure_floor
2026-03-10,ULTRACEMCO,EXIT,exposure_floor
2026-03-11,BAJFINANCE,EXIT,exposure_floor
2026-03-11,BAJAJFINSV,EXIT,exposure_floor
2026-03-11,CUB,EXIT,exposure_floor
2026-03-11,DRREDDY,REDUCE,exposure_floor
2026-03-11,ETERNAL,EXIT,exposure_floor
2026-03-11,GABRIEL,EXIT,exposure_floor
2026-03-11,GALLANTT,EXIT,exposure_floor
2026-03-11,GODFRYPHLP,EXIT,exposure_floor
2026-03-11,GRASIM,EXIT,exposure_floor
2026-03-11,ICICIBANK,EXIT,exposure_floor
2026-03-11,JKTYRE,EXIT,exposure_floor
2026-03-11,KOTAKBANK,EXIT,exposure_floor
2026-03-11,MANAPPURAM,EXIT,exposure_floor
2026-03-11,NH,EXIT,exposure_floor
2026-03-11,SRF,EXIT,exposure_floor
2026-03-11,TATACONSUM,EXIT,exposure_floor
2026-03-11,ULTRACEMCO,EXIT,exposure_floor
2026-04-15,OIL,REDUCE,exposure_floor
2026-04-16,COALINDIA,REDUCE,exposure_floor
2026-04-16,EICHERMOT,REDUCE,exposure_floor
2026-04-16,GALLANTT,REDUCE,exposure_floor
2026-04-16,OIL,REDUCE,exposure_floor
2026-04-16,SPLPETRO,REDUCE,exposure_floor
2026-04-16,THERMAX,REDUCE,exposure_floor
2026-04-17,EICHERMOT,REDUCE,exposure_floor
2026-04-17,GALLANTT,REDUCE,exposure_floor
2026-04-17,NESTLEIND,REDUCE,exposure_floor
2026-04-17,OIL,REDUCE,exposure_floor
2026-04-17,SBILIFE,REDUCE,exposure_floor
2026-04-17,SPLPETRO,REDUCE,exposure_floor
2026-04-17,THERMAX,REDUCE,exposure_floor
2026-04-20,EICHERMOT,REDUCE,exposure_floor
2026-04-20,GALLANTT,REDUCE,exposure_floor
2026-04-20,NESTLEIND,REDUCE,exposure_floor
2026-04-20,OIL,REDUCE,exposure_floor
2026-04-20,SBILIFE,REDUCE,exposure_floor
2026-04-20,SPLPETRO,REDUCE,exposure_floor
