date,symbol,decision,reason
2021-04-22,TRENT,EXIT,exposure_floor
2021-04-23,TRENT,EXIT,exposure_floor
2021-04-26,SHRIRAMFIN,REDUCE,exposure_floor
2021-04-26,TECHM,REDUCE,exposure_floor
2021-04-26,TRENT,EXIT,exposure_floor
2021-04-27,SHRIRAMFIN,REDUCE,exposure_floor
2021-04-27,TECHM,REDUCE,exposure_floor
2021-04-27,TRENT,EXIT,exposure_floor
2021-04-28,TECHM,REDUCE,exposure_floor
2021-04-28,TRENT,EXIT,exposure_floor
2021-04-29,TECHM,REDUCE,exposure_floor
2021-04-29,TRENT,EXIT,exposure_floor
2021-04-30,TECHM,REDUCE,exposure_floor
2021-04-30,TRENT,EXIT,exposure_floor
2021-05-03,TITAN,REDUCE,exposure_floor
2021-05-03,TRENT,EXIT,exposure_floor
2021-05-04,TRENT,EXIT,exposure_floor
2021-05-06,POWERGRID,REDUCE,exposure_floor
2021-05-06,TRENT,EXIT,exposure_floor
2021-05-07,POWERGRID,REDUCE,exposure_floor
2021-05-07,TRENT,EXIT,exposure_floor
2021-05-10,TATACONSUM,REDUCE,exposure_floor
2021-05-10,TRENT,EXIT,exposure_floor
2021-05-11,TRENT,EXIT,exposure_floor
2021-05-12,NESTLEIND,EXIT,exposure_floor
2021-05-12,TECHM,REDUCE,exposure_floor
2021-05-12,TRENT,EXIT,exposure_floor
2021-05-14,MAXHEALTH,REDUCE,exposure_floor
2021-05-14,TECHM,REDUCE,exposure_floor
2021-05-14,TRENT,EXIT,exposure_floor
2021-05-17,TRENT,EXIT,exposure_floor
2021-05-19,ITC,REDUCE,exposure_floor
2021-05-19,ULTRACEMCO,REDUCE,exposure_floor
2021-05-20,ITC,REDUCE,exposure_floor
2021-05-20,INFY,REDUCE,exposure_floor
2021-05-21,GRASIM,REDUCE,exposure_floor
2021-05-21,ITC,REDUCE,exposure_floor
2021-05-21,INFY,REDUCE,exposure_floor
2021-05-21,TCS,REDUCE,exposure_floor
2021-05-24,GRASIM,REDUCE,exposure_floor
2021-05-24,ITC,REDUCE,exposure_floor
2021-05-24,INFY,REDUCE,exposure_floor
2021-05-25,GRASIM,REDUCE,exposure_floor
2021-05-25,ITC,REDUCE,exposure_floor
2021-05-25,INFY,REDUCE,exposure_floor
2021-05-25,ULTRACEMCO,REDUCE,exposure_floor
2021-05-26,GRASIM,REDUCE,exposure_floor
2021-05-26,ULTRACEMCO,REDUCE,exposure_floor
2021-05-27,GRASIM,REDUCE,exposure_floor
2021-05-27,ULTRACEMCO,REDUCE,exposure_floor
2021-05-28,ULTRACEMCO,REDUCE,exposure_floor
2021-05-31,ULTRACEMCO,REDUCE,exposure_floor
2021-06-01,HINDUNILVR,REDUCE,exposure_floor
2021-06-01,ULTRACEMCO,REDUCE,exposure_floor
2021-06-02,HINDUNILVR,REDUCE,exposure_floor
2021-06-03,HINDUNILVR,REDUCE,exposure_floor
2021-06-16,ADANIPORTS,EXIT,exposure_floor
2021-06-17,ADANIENT,EXIT,exposure_floor
2021-06-17,HINDALCO,REDUCE,exposure_floor
2021-06-18,ADANIENT,REDUCE,exposure_floor
2021-06-25,JSWSTEEL,REDUCE,exposure_floor
2021-06-28,JSWSTEEL,REDUCE,exposure_floor
2021-06-29,JSWSTEEL,REDUCE,exposure_floor
2021-06-30,JSWSTEEL,REDUCE,exposure_floor
2021-07-01,JSWSTEEL,REDUCE,exposure_floor
2021-07-02,ADANIENT,EXIT,exposure_floor
2021-07-02,JSWSTEEL,REDUCE,exposure_floor
2021-07-05,ADANIENT,EXIT,exposure_floor
2021-07-05,JSWSTEEL,REDUCE,exposure_floor
2021-07-06,ADANIENT,REDUCE,exposure_floor
2021-07-06,JSWSTEEL,REDUCE,exposure_floor
2021-07-06,POWERGRID,REDUCE,exposure_floor
2021-07-07,ADANIENT,EXIT,exposure_floor
2021-07-07,JSWSTEEL,REDUCE,exposure_floor
2021-07-07,POWERGRID,REDUCE,exposure_floor
2021-07-08,ADANIENT,REDUCE,exposure_floor
2021-07-08,JSWSTEEL,REDUCE,exposure_floor
2021-07-08,POWERGRID,REDUCE,exposure_floor
2021-07-09,ADANIENT,EXIT,exposure_floor
2021-07-09,JSWSTEEL,REDUCE,exposure_floor
2021-07-09,POWERGRID,REDUCE,exposure_floor
2021-07-09,RELIANCE,REDUCE,exposure_floor
2021-07-09,WIPRO,REDUCE,exposure_floor
2021-07-12,ADANIENT,EXIT,exposure_floor
2021-07-12,BAJAJ-AUTO,REDUCE,exposure_floor
2021-07-12,JSWSTEEL,REDUCE,exposure_floor
2021-07-12,POWERGRID,REDUCE,exposure_floor
2021-07-12,TCS,REDUCE,exposure_floor
2021-07-12,WIPRO,REDUCE,exposure_floor
2021-07-13,ADANIENT,EXIT,exposure_floor
2021-07-13,BAJAJ-AUTO,REDUCE,exposure_floor
2021-07-13,JSWSTEEL,REDUCE,exposure_floor
2021-07-13,POWERGRID,REDUCE,exposure_floor
2021-07-13,TCS,REDUCE,exposure_floor
2021-07-13,WIPRO,REDUCE,exposure_floor
2021-07-14,ADANIENT,EXIT,exposure_floor
2021-07-14,BAJAJ-AUTO,REDUCE,exposure_floor
2021-07-14,JSWSTEEL,REDUCE,exposure_floor
2021-07-14,POWERGRID,REDUCE,exposure_floor
2021-07-14,TCS,REDUCE,exposure_floor
2021-07-15,ADANIENT,EXIT,exposure_floor
2021-07-15,BAJAJ-AUTO,REDUCE,exposure_floor
2021-07-15,COALINDIA,REDUCE,exposure_floor
2021-07-15,JSWSTEEL,REDUCE,exposure_floor
2021-07-15,ONGC,REDUCE,exposure_floor
2021-07-15,POWERGRID,REDUCE,exposure_floor
2021-07-16,ADANIENT,EXIT,exposure_floor
2021-07-16,BAJAJ-AUTO,REDUCE,exposure_floor
2021-07-16,COALINDIA,REDUCE,exposure_floor
2021-07-16,EICHERMOT,REDUCE,exposure_floor
2021-07-16,JSWSTEEL,REDUCE,exposure_floor
2021-07-16,ONGC,REDUCE,exposure_floor
2021-07-16,POWERGRID,REDUCE,exposure_floor
2021-07-19,ADANIENT,EXIT,exposure_floor
2021-07-19,BAJAJ-AUTO,REDUCE,exposure_floor
2021-07-19,COALINDIA,REDUCE,exposure_floor
2021-07-19,EICHERMOT,REDUCE,exposure_floor
2021-07-19,JSWSTEEL,REDUCE,exposure_floor
2021-07-19,MARUTI,EXIT,exposure_floor
2021-07-19,ONGC,REDUCE,exposure_floor
2021-07-19,RELIANCE,REDUCE,exposure_floor
2021-07-20,ADANIENT,EXIT,exposure_floor
2021-07-20,BAJAJ-AUTO,REDUCE,exposure_floor
2021-07-20,COALINDIA,REDUCE,exposure_floor
2021-07-20,EICHERMOT,REDUCE,exposure_floor
2021-07-20,HDFCLIFE,EXIT,exposure_floor
2021-07-20,INDIGO,REDUCE,exposure_floor
2021-07-20,JSWSTEEL,REDUCE,exposure_floor
2021-07-20,ONGC,REDUCE,exposure_floor
2021-07-20,POWERGRID,REDUCE,exposure_floor
2021-07-20,RELIANCE,REDUCE,exposure_floor
2021-07-22,ADANIENT,EXIT,exposure_floor
2021-07-22,BAJAJ-AUTO,REDUCE,exposure_floor
2021-07-22,CIPLA,REDUCE,exposure_floor
2021-07-22,COALINDIA,REDUCE,exposure_floor
2021-07-22,EICHERMOT,REDUCE,exposure_floor
2021-07-22,HDFCLIFE,EXIT,exposure_floor
2021-07-22,INDIGO,REDUCE,exposure_floor
2021-07-22,JSWSTEEL,REDUCE,exposure_floor
2021-07-22,ONGC,REDUCE,exposure_floor
2021-07-22,POWERGRID,REDUCE,exposure_floor
2021-07-23,ADANIENT,EXIT,exposure_floor
2021-07-23,BAJAJ-AUTO,REDUCE,exposure_floor
2021-07-23,CIPLA,REDUCE,exposure_floor
2021-07-23,COALINDIA,REDUCE,exposure_floor
2021-07-23,EICHERMOT,EXIT,exposure_floor
2021-07-23,HDFCLIFE,EXIT,exposure_floor
2021-07-23,INDIGO,REDUCE,exposure_floor
2021-07-23,JSWSTEEL,REDUCE,exposure_floor
2021-07-23,ONGC,REDUCE,exposure_floor
2021-07-23,POWERGRID,REDUCE,exposure_floor
2021-07-26,ADANIENT,EXIT,exposure_floor
2021-07-26,CIPLA,REDUCE,exposure_floor
2021-07-26,COALINDIA,REDUCE,exposure_floor
2021-07-26,EICHERMOT,EXIT,exposure_floor
2021-07-26,HDFCLIFE,EXIT,exposure_floor
2021-07-26,INDIGO,REDUCE,exposure_floor
2021-07-26,JSWSTEEL,REDUCE,exposure_floor
2021-07-26,ONGC,REDUCE,exposure_floor
2021-07-26,POWERGRID,REDUCE,exposure_floor
2021-07-26,RELIANCE,REDUCE,exposure_floor
2021-07-27,ADANIENT,EXIT,exposure_floor
2021-07-27,AXISBANK,REDUCE,exposure_floor
2021-07-27,CIPLA,REDUCE,exposure_floor
2021-07-27,COALINDIA,REDUCE,exposure_floor
2021-07-27,DRREDDY,EXIT,exposure_floor
2021-07-27,EICHERMOT,EXIT,exposure_floor
2021-07-27,HDFCLIFE,EXIT,exposure_floor
2021-07-27,INDIGO,REDUCE,exposure_floor
2021-07-27,JSWSTEEL,REDUCE,exposure_floor
2021-07-27,ONGC,REDUCE,exposure_floor
2021-07-27,POWERGRID,REDUCE,exposure_floor
2021-07-27,RELIANCE,REDUCE,exposure_floor
2021-07-28,ADANIENT,EXIT,exposure_floor
2021-07-28,AXISBANK,REDUCE,exposure_floor
2021-07-28,COALINDIA,REDUCE,exposure_floor
2021-07-28,DRREDDY,EXIT,exposure_floor
2021-07-28,EICHERMOT,EXIT,exposure_floor
2021-07-28,HDFCLIFE,EXIT,exposure_floor
2021-07-28,INDIGO,REDUCE,exposure_floor
2021-07-28,JSWSTEEL,REDUCE,exposure_floor
2021-07-28,MARUTI,EXIT,exposure_floor
2021-07-28,ONGC,REDUCE,exposure_floor
2021-07-28,POWERGRID,REDUCE,exposure_floor
2021-07-28,RELIANCE,REDUCE,exposure_floor
2021-07-29,ADANIENT,EXIT,exposure_floor
2021-07-29,AXISBANK,REDUCE,exposure_floor
2021-07-29,COALINDIA,REDUCE,exposure_floor
2021-07-29,DRREDDY,EXIT,exposure_floor
2021-07-29,EICHERMOT,EXIT,exposure_floor
2021-07-29,HDFCLIFE,EXIT,exposure_floor
2021-07-29,INDIGO,REDUCE,exposure_floor
2021-07-29,MARUTI,EXIT,exposure_floor
2021-07-29,ONGC,REDUCE,exposure_floor
2021-07-29,POWERGRID,REDUCE,exposure_floor
2021-07-29,RELIANCE,REDUCE,exposure_floor
2021-07-30,ADANIENT,EXIT,exposure_floor
2021-07-30,ASIANPAINT,REDUCE,exposure_floor
2021-07-30,COALINDIA,REDUCE,exposure_floor
2021-07-30,DRREDDY,EXIT,exposure_floor
2021-07-30,EICHERMOT,EXIT,exposure_floor
2021-07-30,HDFCLIFE,EXIT,exposure_floor
2021-07-30,INDIGO,REDUCE,exposure_floor
2021-07-30,MARUTI,EXIT,exposure_floor
2021-07-30,ONGC,REDUCE,exposure_floor
2021-07-30,POWERGRID,REDUCE,exposure_floor
2021-07-30,RELIANCE,REDUCE,exposure_floor
2021-08-02,ADANIENT,EXIT,exposure_floor
2021-08-02,ASIANPAINT,REDUCE,exposure_floor
2021-08-02,COALINDIA,REDUCE,exposure_floor
2021-08-02,DRREDDY,EXIT,exposure_floor
2021-08-02,EICHERMOT,EXIT,exposure_floor
2021-08-02,HDFCLIFE,EXIT,exposure_floor
2021-08-02,INDIGO,REDUCE,exposure_floor
2021-08-02,MARUTI,EXIT,exposure_floor
2021-08-02,ONGC,REDUCE,exposure_floor
2021-08-02,POWERGRID,REDUCE,exposure_floor
2021-08-02,RELIANCE,REDUCE,exposure_floor
2021-08-03,ADANIENT,EXIT,exposure_floor
2021-08-03,COALINDIA,REDUCE,exposure_floor
2021-08-03,DRREDDY,EXIT,exposure_floor
2021-08-03,EICHERMOT,EXIT,exposure_floor
2021-08-03,HDFCLIFE,EXIT,exposure_floor
2021-08-03,INDIGO,REDUCE,exposure_floor
2021-08-03,MARUTI,EXIT,exposure_floor
2021-08-03,ONGC,REDUCE,exposure_floor
2021-08-03,POWERGRID,REDUCE,exposure_floor
2021-08-03,RELIANCE,REDUCE,exposure_floor
2021-08-04,ADANIENT,EXIT,exposure_floor
2021-08-04,COALINDIA,REDUCE,exposure_floor
2021-08-04,DRREDDY,EXIT,exposure_floor
2021-08-04,EICHERMOT,EXIT,exposure_floor
2021-08-04,HDFCLIFE,EXIT,exposure_floor
2021-08-04,INDIGO,REDUCE,exposure_floor
2021-08-04,MARUTI,EXIT,exposure_floor
2021-08-04,ONGC,REDUCE,exposure_floor
2021-08-04,POWERGRID,REDUCE,exposure_floor
2021-08-04,RELIANCE,REDUCE,exposure_floor
2021-08-05,ADANIENT,EXIT,exposure_floor
2021-08-05,ASIANPAINT,REDUCE,exposure_floor
2021-08-05,COALINDIA,REDUCE,exposure_floor
2021-08-05,DRREDDY,EXIT,exposure_floor
2021-08-05,EICHERMOT,EXIT,exposure_floor
2021-08-05,HDFCLIFE,EXIT,exposure_floor
2021-08-05,INDIGO,REDUCE,exposure_floor
2021-08-05,MARUTI,EXIT,exposure_floor
2021-08-05,NTPC,REDUCE,exposure_floor
2021-08-05,ONGC,REDUCE,exposure_floor
2021-08-05,POWERGRID,REDUCE,exposure_floor
2021-08-06,ADANIENT,REDUCE,exposure_floor
2021-08-06,ASIANPAINT,REDUCE,exposure_floor
2021-08-06,COALINDIA,REDUCE,exposure_floor
2021-08-06,DRREDDY,EXIT,exposure_floor
2021-08-06,EICHERMOT,EXIT,exposure_floor
2021-08-06,HDFCLIFE,EXIT,exposure_floor
2021-08-06,INDIGO,EXIT,exposure_floor
2021-08-06,MARUTI,EXIT,exposure_floor
2021-08-06,NTPC,REDUCE,exposure_floor
2021-08-06,ONGC,REDUCE,exposure_floor
2021-08-06,POWERGRID,REDUCE,exposure_floor
2021-08-06,RELIANCE,REDUCE,exposure_floor
2021-08-09,ASIANPAINT,REDUCE,exposure_floor
2021-08-09,COALINDIA,REDUCE,exposure_floor
2021-08-09,DRREDDY,EXIT,exposure_floor
2021-08-09,EICHERMOT,EXIT,exposure_floor
2021-08-09,GRASIM,REDUCE,exposure_floor
2021-08-09,HDFCLIFE,EXIT,exposure_floor
2021-08-09,INDIGO,EXIT,exposure_floor
2021-08-09,MARUTI,EXIT,exposure_floor
2021-08-09,NTPC,REDUCE,exposure_floor
2021-08-09,ONGC,REDUCE,exposure_floor
2021-08-09,POWERGRID,REDUCE,exposure_floor
2021-08-09,RELIANCE,REDUCE,exposure_floor
2021-08-10,ASIANPAINT,REDUCE,exposure_floor
2021-08-10,COALINDIA,REDUCE,exposure_floor
2021-08-10,DRREDDY,EXIT,exposure_floor
2021-08-10,EICHERMOT,EXIT,exposure_floor
2021-08-10,GRASIM,REDUCE,exposure_floor
2021-08-10,HDFCLIFE,EXIT,exposure_floor
2021-08-10,INDIGO,EXIT,exposure_floor
2021-08-10,MARUTI,EXIT,exposure_floor
2021-08-10,NTPC,REDUCE,exposure_floor
2021-08-10,ONGC,REDUCE,exposure_floor
2021-08-10,POWERGRID,REDUCE,exposure_floor
2021-08-10,RELIANCE,REDUCE,exposure_floor
2021-08-10,SHRIRAMFIN,EXIT,exposure_floor
2021-08-10,SBIN,REDUCE,exposure_floor
2021-08-11,ADANIENT,EXIT,exposure_floor
2021-08-11,ASIANPAINT,REDUCE,exposure_floor
2021-08-11,COALINDIA,REDUCE,exposure_floor
2021-08-11,DRREDDY,EXIT,exposure_floor
2021-08-11,EICHERMOT,EXIT,exposure_floor
2021-08-11,GRASIM,REDUCE,exposure_floor
2021-08-11,HDFCLIFE,EXIT,exposure_floor
2021-08-11,INDIGO,EXIT,exposure_floor
2021-08-11,MARUTI,EXIT,exposure_floor
2021-08-11,NTPC,REDUCE,exposure_floor
2021-08-11,ONGC,REDUCE,exposure_floor
2021-08-11,POWERGRID,REDUCE,exposure_floor
2021-08-11,RELIANCE,REDUCE,exposure_floor
2021-08-11,SBIN,REDUCE,exposure_floor
2021-08-12,ADANIENT,EXIT,exposure_floor
2021-08-12,ASIANPAINT,REDUCE,exposure_floor
2021-08-12,COALINDIA,REDUCE,exposure_floor
2021-08-12,DRREDDY,EXIT,exposure_floor
2021-08-12,EICHERMOT,EXIT,exposure_floor
2021-08-12,GRASIM,REDUCE,exposure_floor
2021-08-12,HDFCLIFE,EXIT,exposure_floor
2021-08-12,INDIGO,EXIT,exposure_floor
2021-08-12,MARUTI,EXIT,exposure_floor
2021-08-12,ONGC,REDUCE,exposure_floor
2021-08-12,RELIANCE,REDUCE,exposure_floor
2021-08-12,SBIN,REDUCE,exposure_floor
2021-08-13,ADANIENT,EXIT,exposure_floor
2021-08-13,ASIANPAINT,REDUCE,exposure_floor
2021-08-13,COALINDIA,REDUCE,exposure_floor
2021-08-13,DRREDDY,EXIT,exposure_floor
2021-08-13,EICHERMOT,EXIT,exposure_floor
2021-08-13,GRASIM,REDUCE,exposure_floor
2021-08-13,HDFCLIFE,EXIT,exposure_floor
2021-08-13,INDIGO,EXIT,exposure_floor
2021-08-13,MARUTI,EXIT,exposure_floor
2021-08-13,ONGC,REDUCE,exposure_floor
2021-08-13,RELIANCE,REDUCE,exposure_floor
2021-08-13,SBIN,REDUCE,exposure_floor
2021-08-13,TRENT,REDUCE,exposure_floor
2021-08-16,ADANIENT,EXIT,exposure_floor
2021-08-16,ASIANPAINT,REDUCE,exposure_floor
2021-08-16,COALINDIA,REDUCE,exposure_floor
2021-08-16,DRREDDY,EXIT,exposure_floor
2021-08-16,EICHERMOT,EXIT,exposure_floor
2021-08-16,GRASIM,REDUCE,exposure_floor
2021-08-16,HDFCLIFE,EXIT,exposure_floor
2021-08-16,INDIGO,EXIT,exposure_floor
2021-08-16,MARUTI,EXIT,exposure_floor
2021-08-16,ONGC,REDUCE,exposure_floor
2021-08-16,RELIANCE,REDUCE,exposure_floor
2021-08-16,SBIN,REDUCE,exposure_floor
2021-08-16,TRENT,REDUCE,exposure_floor
2021-08-17,ADANIENT,EXIT,exposure_floor
2021-08-17,ASIANPAINT,REDUCE,exposure_floor
2021-08-17,DRREDDY,EXIT,exposure_floor
2021-08-17,EICHERMOT,EXIT,exposure_floor
2021-08-17,GRASIM,REDUCE,exposure_floor
2021-08-17,HDFCLIFE,EXIT,exposure_floor
2021-08-17,INDIGO,EXIT,exposure_floor
2021-08-17,MARUTI,EXIT,exposure_floor
2021-08-17,NTPC,REDUCE,exposure_floor
2021-08-17,ONGC,REDUCE,exposure_floor
2021-08-17,RELIANCE,REDUCE,exposure_floor
2021-08-17,SBIN,REDUCE,exposure_floor
2021-08-17,TRENT,REDUCE,exposure_floor
2021-08-18,ADANIENT,EXIT,exposure_floor
2021-08-18,ASIANPAINT,REDUCE,exposure_floor
2021-08-18,DRREDDY,EXIT,exposure_floor
2021-08-18,EICHERMOT,EXIT,exposure_floor
2021-08-18,GRASIM,REDUCE,exposure_floor
2021-08-18,HDFCLIFE,EXIT,exposure_floor
2021-08-18,INDIGO,EXIT,exposure_floor
2021-08-18,MARUTI,EXIT,exposure_floor
2021-08-18,NTPC,REDUCE,exposure_floor
2021-08-18,ONGC,REDUCE,exposure_floor
2021-08-18,RELIANCE,REDUCE,exposure_floor
2021-08-18,SBIN,REDUCE,exposure_floor
2021-08-18,TRENT,REDUCE,exposure_floor
2021-08-20,ADANIENT,EXIT,exposure_floor
2021-08-20,AXISBANK,REDUCE,exposure_floor
2021-08-20,COALINDIA,EXIT,exposure_floor
2021-08-20,DRREDDY,EXIT,exposure_floor
2021-08-20,EICHERMOT,EXIT,exposure_floor
2021-08-20,GRASIM,REDUCE,exposure_floor
2021-08-20,HDFCLIFE,EXIT,exposure_floor
2021-08-20,INDIGO,EXIT,exposure_floor
2021-08-20,JSWSTEEL,REDUCE,exposure_floor
2021-08-20,MARUTI,EXIT,exposure_floor
2021-08-20,NTPC,REDUCE,exposure_floor
2021-08-20,ONGC,REDUCE,exposure_floor
2021-08-20,RELIANCE,REDUCE,exposure_floor
2021-08-20,SBIN,REDUCE,exposure_floor
2021-08-23,ADANIENT,EXIT,exposure_floor
2021-08-23,AXISBANK,REDUCE,exposure_floor
2021-08-23,COALINDIA,EXIT,exposure_floor
2021-08-23,DRREDDY,EXIT,exposure_floor
2021-08-23,EICHERMOT,EXIT,exposure_floor
2021-08-23,GRASIM,REDUCE,exposure_floor
2021-08-23,INDIGO,EXIT,exposure_floor
2021-08-23,JSWSTEEL,REDUCE,exposure_floor
2021-08-23,MARUTI,EXIT,exposure_floor
2021-08-23,ONGC,REDUCE,exposure_floor
2021-08-23,POWERGRID,REDUCE,exposure_floor
2021-08-23,RELIANCE,REDUCE,exposure_floor
2021-08-23,SBIN,REDUCE,exposure_floor
2021-08-23,TRENT,REDUCE,exposure_floor
2021-08-24,ADANIENT,EXIT,exposure_floor
2021-08-24,COALINDIA,EXIT,exposure_floor
2021-08-24,DRREDDY,EXIT,exposure_floor
2021-08-24,EICHERMOT,EXIT,exposure_floor
2021-08-24,GRASIM,REDUCE,exposure_floor
2021-08-24,INDIGO,EXIT,exposure_floor
2021-08-24,JSWSTEEL,REDUCE,exposure_floor
2021-08-24,MARUTI,EXIT,exposure_floor
2021-08-24,ONGC,REDUCE,exposure_floor
2021-08-24,POWERGRID,REDUCE,exposure_floor
2021-08-24,RELIANCE,REDUCE,exposure_floor
2021-08-24,SBIN,REDUCE,exposure_floor
2021-08-24,TRENT,REDUCE,exposure_floor
2021-08-25,ADANIENT,EXIT,exposure_floor
2021-08-25,COALINDIA,EXIT,exposure_floor
2021-08-25,DRREDDY,EXIT,exposure_floor
2021-08-25,EICHERMOT,EXIT,exposure_floor
2021-08-25,GRASIM,REDUCE,exposure_floor
2021-08-25,INDIGO,EXIT,exposure_floor
2021-08-25,JSWSTEEL,REDUCE,exposure_floor
2021-08-25,MARUTI,EXIT,exposure_floor
2021-08-25,ONGC,REDUCE,exposure_floor
2021-08-25,POWERGRID,REDUCE,exposure_floor
2021-08-25,RELIANCE,REDUCE,exposure_floor
2021-08-25,SBIN,REDUCE,exposure_floor
2021-08-26,ADANIENT,EXIT,exposure_floor
2021-08-26,AXISBANK,REDUCE,exposure_floor
2021-08-26,COALINDIA,EXIT,exposure_floor
2021-08-26,DRREDDY,EXIT,exposure_floor
2021-08-26,EICHERMOT,EXIT,exposure_floor
2021-08-26,GRASIM,REDUCE,exposure_floor
2021-08-26,INDIGO,EXIT,exposure_floor
2021-08-26,JSWSTEEL,REDUCE,exposure_floor
2021-08-26,MARUTI,EXIT,exposure_floor
2021-08-26,ONGC,REDUCE,exposure_floor
2021-08-26,POWERGRID,REDUCE,exposure_floor
2021-08-26,RELIANCE,REDUCE,exposure_floor
2021-08-26,SBIN,REDUCE,exposure_floor
2021-08-27,ADANIENT,EXIT,exposure_floor
2021-08-27,COALINDIA,EXIT,exposure_floor
2021-08-27,DRREDDY,EXIT,exposure_floor
2021-08-27,EICHERMOT,EXIT,exposure_floor
2021-08-27,GRASIM,REDUCE,exposure_floor
2021-08-27,INDIGO,EXIT,exposure_floor
2021-08-27,JSWSTEEL,REDUCE,exposure_floor
2021-08-27,MARUTI,EXIT,exposure_floor
2021-08-27,ONGC,REDUCE,exposure_floor
2021-08-27,POWERGRID,REDUCE,exposure_floor
2021-08-27,RELIANCE,REDUCE,exposure_floor
2021-08-27,SBIN,REDUCE,exposure_floor
2021-08-30,ADANIENT,REDUCE,exposure_floor
2021-08-30,EICHERMOT,EXIT,exposure_floor
2021-08-30,GRASIM,REDUCE,exposure_floor
2021-08-30,INDIGO,EXIT,exposure_floor
2021-08-30,JSWSTEEL,REDUCE,exposure_floor
2021-08-30,MARUTI,EXIT,exposure_floor
2021-08-30,ONGC,REDUCE,exposure_floor
2021-08-30,POWERGRID,REDUCE,exposure_floor
2021-08-30,RELIANCE,REDUCE,exposure_floor
2021-08-30,SBIN,REDUCE,exposure_floor
2021-08-31,ADANIENT,REDUCE,exposure_floor
2021-08-31,EICHERMOT,EXIT,exposure_floor
2021-08-31,GRASIM,REDUCE,exposure_floor
2021-08-31,JSWSTEEL,REDUCE,exposure_floor
2021-08-31,MARUTI,EXIT,exposure_floor
2021-08-31,ONGC,REDUCE,exposure_floor
2021-08-31,POWERGRID,REDUCE,exposure_floor
2021-08-31,RELIANCE,REDUCE,exposure_floor
2021-08-31,SBIN,REDUCE,exposure_floor
2021-09-01,ADANIENT,REDUCE,exposure_floor
2021-09-01,EICHERMOT,EXIT,exposure_floor
2021-09-01,GRASIM,REDUCE,exposure_floor
2021-09-01,JSWSTEEL,REDUCE,exposure_floor
2021-09-01,MARUTI,EXIT,exposure_floor
2021-09-01,ONGC,REDUCE,exposure_floor
2021-09-01,POWERGRID,REDUCE,exposure_floor
2021-09-01,RELIANCE,REDUCE,exposure_floor
2021-09-01,SBIN,REDUCE,exposure_floor
2021-09-02,ADANIENT,REDUCE,exposure_floor
2021-09-02,EICHERMOT,EXIT,exposure_floor
2021-09-02,GRASIM,REDUCE,exposure_floor
2021-09-02,JSWSTEEL,REDUCE,exposure_floor
2021-09-02,MARUTI,EXIT,exposure_floor
2021-09-02,ONGC,REDUCE,exposure_floor
2021-09-02,POWERGRID,REDUCE,exposure_floor
2021-09-02,RELIANCE,REDUCE,exposure_floor
2021-09-02,SBIN,REDUCE,exposure_floor
2021-09-03,ADANIENT,REDUCE,exposure_floor
2021-09-03,EICHERMOT,EXIT,exposure_floor
2021-09-03,GRASIM,REDUCE,exposure_floor
2021-09-03,JSWSTEEL,REDUCE,exposure_floor
2021-09-03,MARUTI,EXIT,exposure_floor
2021-09-03,ONGC,REDUCE,exposure_floor
2021-09-03,POWERGRID,REDUCE,exposure_floor
2021-09-03,RELIANCE,REDUCE,exposure_floor
2021-09-03,SBIN,REDUCE,exposure_floor
2021-09-06,ADANIENT,REDUCE,exposure_floor
2021-09-06,EICHERMOT,EXIT,exposure_floor
2021-09-06,GRASIM,REDUCE,exposure_floor
2021-09-06,JSWSTEEL,REDUCE,exposure_floor
2021-09-06,MARUTI,EXIT,exposure_floor
2021-09-06,ONGC,REDUCE,exposure_floor
2021-09-06,POWERGRID,REDUCE,exposure_floor
2021-09-07,ADANIENT,REDUCE,exposure_floor
2021-09-07,EICHERMOT,EXIT,exposure_floor
2021-09-07,GRASIM,REDUCE,exposure_floor
2021-09-07,JSWSTEEL,REDUCE,exposure_floor
2021-09-07,MARUTI,EXIT,exposure_floor
2021-09-07,ONGC,REDUCE,exposure_floor
2021-09-07,POWERGRID,REDUCE,exposure_floor
2021-09-08,ADANIENT,REDUCE,exposure_floor
2021-09-08,ADANIPORTS,REDUCE,exposure_floor
2021-09-08,EICHERMOT,EXIT,exposure_floor
2021-09-08,GRASIM,REDUCE,exposure_floor
2021-09-08,JSWSTEEL,REDUCE,exposure_floor
2021-09-08,MARUTI,EXIT,exposure_floor
2021-09-08,POWERGRID,REDUCE,exposure_floor
2021-09-09,ADANIENT,REDUCE,exposure_floor
2021-09-09,ADANIPORTS,REDUCE,exposure_floor
2021-09-09,EICHERMOT,EXIT,exposure_floor
2021-09-09,GRASIM,REDUCE,exposure_floor
2021-09-09,JSWSTEEL,REDUCE,exposure_floor
2021-09-09,MARUTI,EXIT,exposure_floor
2021-09-09,POWERGRID,REDUCE,exposure_floor
2021-09-13,ADANIENT,REDUCE,exposure_floor
2021-09-13,ADANIPORTS,REDUCE,exposure_floor
2021-09-13,BAJAJ-AUTO,EXIT,exposure_floor
2021-09-13,EICHERMOT,EXIT,exposure_floor
2021-09-13,GRASIM,REDUCE,exposure_floor
2021-09-13,JSWSTEEL,REDUCE,exposure_floor
2021-09-13,MARUTI,EXIT,exposure_floor
2021-09-13,POWERGRID,REDUCE,exposure_floor
2021-09-14,ADANIENT,REDUCE,exposure_floor
2021-09-14,ADANIPORTS,REDUCE,exposure_floor
2021-09-14,BAJAJ-AUTO,EXIT,exposure_floor
2021-09-14,EICHERMOT,EXIT,exposure_floor
2021-09-14,GRASIM,REDUCE,exposure_floor
2021-09-14,JSWSTEEL,REDUCE,exposure_floor
2021-09-14,MARUTI,EXIT,exposure_floor
2021-09-14,POWERGRID,REDUCE,exposure_floor
2021-09-15,ADANIENT,REDUCE,exposure_floor
2021-09-15,ADANIPORTS,REDUCE,exposure_floor
2021-09-15,GRASIM,REDUCE,exposure_floor
2021-09-15,JSWSTEEL,REDUCE,exposure_floor
2021-09-15,MARUTI,EXIT,exposure_floor
2021-09-15,POWERGRID,REDUCE,exposure_floor
2021-09-16,ADANIENT,REDUCE,exposure_floor
2021-09-16,ADANIPORTS,REDUCE,exposure_floor
2021-09-16,GRASIM,REDUCE,exposure_floor
2021-09-16,JSWSTEEL,REDUCE,exposure_floor
2021-09-16,POWERGRID,REDUCE,exposure_floor
2021-09-17,ADANIENT,REDUCE,exposure_floor
2021-09-17,ADANIPORTS,REDUCE,exposure_floor
2021-09-17,GRASIM,REDUCE,exposure_floor
2021-09-17,JSWSTEEL,REDUCE,exposure_floor
2021-09-20,ADANIENT,EXIT,exposure_floor
2021-09-20,ADANIPORTS,REDUCE,exposure_floor
2021-09-20,GRASIM,REDUCE,exposure_floor
2021-09-20,JSWSTEEL,EXIT,exposure_floor
2021-09-20,TATASTEEL,EXIT,exposure_floor
2021-09-21,ADANIENT,EXIT,exposure_floor
2021-09-21,GRASIM,REDUCE,exposure_floor
2021-09-21,JSWSTEEL,EXIT,exposure_floor
2021-09-21,KOTAKBANK,REDUCE,exposure_floor
2021-09-21,TATASTEEL,EXIT,exposure_floor
2021-09-22,ADANIENT,EXIT,exposure_floor
2021-09-22,GRASIM,REDUCE,exposure_floor
2021-09-22,JSWSTEEL,EXIT,exposure_floor
2021-09-22,KOTAKBANK,REDUCE,exposure_floor
2021-09-22,TATASTEEL,EXIT,exposure_floor
2021-09-23,ADANIENT,EXIT,exposure_floor
2021-09-23,GRASIM,REDUCE,exposure_floor
2021-09-23,JSWSTEEL,EXIT,exposure_floor
2021-09-23,KOTAKBANK,REDUCE,exposure_floor
2021-09-23,TATASTEEL,EXIT,exposure_floor
2021-09-24,ADANIENT,EXIT,exposure_floor
2021-09-24,GRASIM,REDUCE,exposure_floor
2021-09-24,JSWSTEEL,EXIT,exposure_floor
2021-09-24,KOTAKBANK,REDUCE,exposure_floor
2021-09-24,TATASTEEL,EXIT,exposure_floor
2021-09-27,ADANIENT,EXIT,exposure_floor
2021-09-27,GRASIM,REDUCE,exposure_floor
2021-09-27,JSWSTEEL,EXIT,exposure_floor
2021-09-27,KOTAKBANK,REDUCE,exposure_floor
2021-09-27,TATASTEEL,EXIT,exposure_floor
2021-09-28,ADANIENT,EXIT,exposure_floor
2021-09-28,ADANIPORTS,EXIT,exposure_floor
2021-09-28,GRASIM,REDUCE,exposure_floor
2021-09-28,JSWSTEEL,EXIT,exposure_floor
2021-09-28,KOTAKBANK,REDUCE,exposure_floor
2021-09-28,TATASTEEL,EXIT,exposure_floor
2021-09-29,ADANIENT,EXIT,exposure_floor
2021-09-29,ADANIPORTS,EXIT,exposure_floor
2021-09-29,GRASIM,REDUCE,exposure_floor
2021-09-29,JSWSTEEL,EXIT,exposure_floor
2021-09-29,KOTAKBANK,REDUCE,exposure_floor
2021-09-29,TATASTEEL,EXIT,exposure_floor
2021-09-30,ADANIENT,EXIT,exposure_floor
2021-09-30,ADANIPORTS,EXIT,exposure_floor
2021-09-30,GRASIM,REDUCE,exposure_floor
2021-09-30,ICICIBANK,REDUCE,exposure_floor
2021-09-30,INFY,REDUCE,exposure_floor
2021-09-30,JSWSTEEL,EXIT,exposure_floor
2021-09-30,KOTAKBANK,REDUCE,exposure_floor
2021-09-30,TATASTEEL,EXIT,exposure_floor
2021-10-01,ADANIENT,EXIT,exposure_floor
2021-10-01,ADANIPORTS,EXIT,exposure_floor
2021-10-01,GRASIM,REDUCE,exposure_floor
2021-10-01,ICICIBANK,REDUCE,exposure_floor
2021-10-01,INFY,REDUCE,exposure_floor
2021-10-01,JSWSTEEL,EXIT,exposure_floor
2021-10-01,KOTAKBANK,REDUCE,exposure_floor
2021-10-01,TATASTEEL,EXIT,exposure_floor
2021-10-04,ADANIENT,EXIT,exposure_floor
2021-10-04,ADANIPORTS,EXIT,exposure_floor
2021-10-04,GRASIM,REDUCE,exposure_floor
2021-10-04,ICICIBANK,REDUCE,exposure_floor
2021-10-04,INFY,REDUCE,exposure_floor
2021-10-04,JSWSTEEL,EXIT,exposure_floor
2021-10-04,KOTAKBANK,REDUCE,exposure_floor
2021-10-04,TATASTEEL,EXIT,exposure_floor
2021-10-05,ADANIENT,EXIT,exposure_floor
2021-10-05,ADANIPORTS,EXIT,exposure_floor
2021-10-05,GRASIM,REDUCE,exposure_floor
2021-10-05,INFY,REDUCE,exposure_floor
2021-10-05,JSWSTEEL,EXIT,exposure_floor
2021-10-05,KOTAKBANK,REDUCE,exposure_floor
2021-10-05,TATASTEEL,EXIT,exposure_floor
2021-10-06,ADANIENT,EXIT,exposure_floor
2021-10-06,ADANIPORTS,EXIT,exposure_floor
2021-10-06,APOLLOHOSP,REDUCE,exposure_floor
2021-10-06,GRASIM,REDUCE,exposure_floor
2021-10-06,INFY,REDUCE,exposure_floor
2021-10-06,JSWSTEEL,EXIT,exposure_floor
2021-10-06,NESTLEIND,REDUCE,exposure_floor
2021-10-06,TATASTEEL,EXIT,exposure_floor
2021-10-07,ADANIENT,EXIT,exposure_floor
2021-10-07,ADANIPORTS,EXIT,exposure_floor
2021-10-07,GRASIM,REDUCE,exposure_floor
2021-10-07,HDFCLIFE,REDUCE,exposure_floor
2021-10-07,INFY,REDUCE,exposure_floor
2021-10-07,JSWSTEEL,EXIT,exposure_floor
2021-10-07,TATASTEEL,EXIT,exposure_floor
2021-10-08,ADANIENT,EXIT,exposure_floor
2021-10-08,ADANIPORTS,EXIT,exposure_floor
2021-10-08,GRASIM,REDUCE,exposure_floor
2021-10-08,HDFCLIFE,REDUCE,exposure_floor
2021-10-08,INFY,REDUCE,exposure_floor
2021-10-08,JSWSTEEL,EXIT,exposure_floor
2021-10-08,TATASTEEL,EXIT,exposure_floor
2021-10-11,ADANIENT,EXIT,exposure_floor
2021-10-11,ADANIPORTS,EXIT,exposure_floor
2021-10-11,HDFCLIFE,REDUCE,exposure_floor
2021-10-11,INFY,REDUCE,exposure_floor
2021-10-11,JSWSTEEL,EXIT,exposure_floor
2021-10-11,TATASTEEL,EXIT,exposure_floor
2021-10-12,ADANIENT,EXIT,exposure_floor
2021-10-12,ADANIPORTS,EXIT,exposure_floor
2021-10-12,HDFCLIFE,REDUCE,exposure_floor
2021-10-12,INFY,REDUCE,exposure_floor
2021-10-12,JSWSTEEL,EXIT,exposure_floor
2021-10-12,MAXHEALTH,EXIT,exposure_floor
2021-10-12,TATASTEEL,EXIT,exposure_floor
2021-10-13,ADANIENT,EXIT,exposure_floor
2021-10-13,HDFCLIFE,REDUCE,exposure_floor
2021-10-13,INFY,REDUCE,exposure_floor
2021-10-13,JSWSTEEL,EXIT,exposure_floor
2021-10-13,MAXHEALTH,EXIT,exposure_floor
2021-10-13,TATASTEEL,EXIT,exposure_floor
2021-10-14,ADANIENT,REDUCE,exposure_floor
2021-10-14,HINDUNILVR,REDUCE,exposure_floor
2021-10-14,INFY,REDUCE,exposure_floor
2021-10-14,JSWSTEEL,EXIT,exposure_floor
2021-10-14,MAXHEALTH,REDUCE,exposure_floor
2021-10-14,TATASTEEL,EXIT,exposure_floor
2021-10-18,ADANIENT,REDUCE,exposure_floor
2021-10-18,HINDUNILVR,REDUCE,exposure_floor
2021-10-18,INFY,REDUCE,exposure_floor
2021-10-18,JSWSTEEL,EXIT,exposure_floor
2021-10-18,MAXHEALTH,REDUCE,exposure_floor
2021-10-18,TATASTEEL,EXIT,exposure_floor
2021-10-19,ADANIENT,REDUCE,exposure_floor
2021-10-19,APOLLOHOSP,EXIT,exposure_floor
2021-10-19,ASIANPAINT,REDUCE,exposure_floor
2021-10-19,EICHERMOT,REDUCE,exposure_floor
2021-10-19,HINDUNILVR,REDUCE,exposure_floor
2021-10-19,INFY,REDUCE,exposure_floor
2021-10-19,JSWSTEEL,EXIT,exposure_floor
2021-10-19,MAXHEALTH,EXIT,exposure_floor
2021-10-19,TATASTEEL,EXIT,exposure_floor
2021-10-20,ADANIENT,REDUCE,exposure_floor
2021-10-20,ASIANPAINT,REDUCE,exposure_floor
2021-10-20,EICHERMOT,EXIT,exposure_floor
2021-10-20,GRASIM,REDUCE,exposure_floor
2021-10-20,INFY,REDUCE,exposure_floor
2021-10-20,JSWSTEEL,EXIT,exposure_floor
2021-10-20,MAXHEALTH,EXIT,exposure_floor
2021-10-20,SBILIFE,REDUCE,exposure_floor
2021-10-20,TATASTEEL,EXIT,exposure_floor
2021-10-21,ADANIENT,REDUCE,exposure_floor
2021-10-21,ASIANPAINT,REDUCE,exposure_floor
2021-10-21,EICHERMOT,EXIT,exposure_floor
2021-10-21,INFY,REDUCE,exposure_floor
2021-10-21,JSWSTEEL,EXIT,exposure_floor
2021-10-21,MAXHEALTH,EXIT,exposure_floor
2021-10-21,SBILIFE,REDUCE,exposure_floor
2021-10-21,TATASTEEL,EXIT,exposure_floor
2021-10-22,ADANIENT,REDUCE,exposure_floor
2021-10-22,ASIANPAINT,REDUCE,exposure_floor
2021-10-22,EICHERMOT,EXIT,exposure_floor
2021-10-22,HDFCLIFE,EXIT,exposure_floor
2021-10-22,INFY,REDUCE,exposure_floor
2021-10-22,JSWSTEEL,EXIT,exposure_floor
2021-10-22,MAXHEALTH,EXIT,exposure_floor
2021-10-22,SBILIFE,REDUCE,exposure_floor
2021-10-22,TATASTEEL,EXIT,exposure_floor
2021-10-25,ADANIENT,REDUCE,exposure_floor
2021-10-25,ASIANPAINT,EXIT,exposure_floor
2021-10-25,EICHERMOT,EXIT,exposure_floor
2021-10-25,HCLTECH,REDUCE,exposure_floor
2021-10-25,HDFCLIFE,EXIT,exposure_floor
2021-10-25,INFY,REDUCE,exposure_floor
2021-10-25,JSWSTEEL,EXIT,exposure_floor
2021-10-25,MAXHEALTH,EXIT,exposure_floor
2021-10-25,SBILIFE,REDUCE,exposure_floor
2021-10-25,TATASTEEL,EXIT,exposure_floor
2021-10-26,ADANIENT,REDUCE,exposure_floor
2021-10-26,ASIANPAINT,EXIT,exposure_floor
2021-10-26,EICHERMOT,EXIT,exposure_floor
2021-10-26,HDFCLIFE,EXIT,exposure_floor
2021-10-26,INFY,REDUCE,exposure_floor
2021-10-26,JSWSTEEL,EXIT,exposure_floor
2021-10-26,MAXHEALTH,EXIT,exposure_floor
2021-10-26,SBILIFE,REDUCE,exposure_floor
2021-10-26,TATASTEEL,EXIT,exposure_floor
2021-10-27,ADANIENT,REDUCE,exposure_floor
2021-10-27,ASIANPAINT,EXIT,exposure_floor
2021-10-27,EICHERMOT,EXIT,exposure_floor
2021-10-27,HDFCLIFE,EXIT,exposure_floor
2021-10-27,HINDUNILVR,EXIT,exposure_floor
2021-10-27,INFY,REDUCE,exposure_floor
2021-10-27,JSWSTEEL,EXIT,exposure_floor
2021-10-27,MAXHEALTH,EXIT,exposure_floor
2021-10-27,SBILIFE,REDUCE,exposure_floor
2021-10-27,TATASTEEL,EXIT,exposure_floor
2021-10-28,ADANIENT,EXIT,exposure_floor
2021-10-28,ADANIPORTS,EXIT,exposure_floor
2021-10-28,ASIANPAINT,EXIT,exposure_floor
2021-10-28,AXISBANK,REDUCE,exposure_floor
2021-10-28,CIPLA,EXIT,exposure_floor
2021-10-28,COALINDIA,EXIT,exposure_floor
2021-10-28,EICHERMOT,EXIT,exposure_floor
2021-10-28,HDFCLIFE,EXIT,exposure_floor
2021-10-28,HINDALCO,REDUCE,exposure_floor
2021-10-28,HINDUNILVR,EXIT,exposure_floor
2021-10-28,ITC,REDUCE,exposure_floor
2021-10-28,INFY,REDUCE,exposure_floor
2021-10-28,JSWSTEEL,EXIT,exposure_floor
2021-10-28,MAXHEALTH,EXIT,exposure_floor
2021-10-28,SBILIFE,REDUCE,exposure_floor
2021-10-28,SHRIRAMFIN,REDUCE,exposure_floor
2021-10-28,TATASTEEL,EXIT,exposure_floor
2021-10-28,WIPRO,REDUCE,exposure_floor
2021-10-29,ADANIENT,EXIT,exposure_floor
2021-10-29,ADANIPORTS,EXIT,exposure_floor
2021-10-29,ASIANPAINT,EXIT,exposure_floor
2021-10-29,AXISBANK,REDUCE,exposure_floor
2021-10-29,CIPLA,EXIT,exposure_floor
2021-10-29,COALINDIA,REDUCE,exposure_floor
2021-10-29,EICHERMOT,EXIT,exposure_floor
2021-10-29,HCLTECH,EXIT,exposure_floor
2021-10-29,HDFCBANK,REDUCE,exposure_floor
2021-10-29,HDFCLIFE,EXIT,exposure_floor
2021-10-29,HINDALCO,EXIT,exposure_floor
2021-10-29,HINDUNILVR,EXIT,exposure_floor
2021-10-29,ITC,REDUCE,exposure_floor
2021-10-29,INFY,REDUCE,exposure_floor
2021-10-29,JSWSTEEL,EXIT,exposure_floor
2021-10-29,MAXHEALTH,EXIT,exposure_floor
2021-10-29,SBILIFE,REDUCE,exposure_floor
2021-10-29,SUNPHARMA,REDUCE,exposure_floor
2021-10-29,TATASTEEL,EXIT,exposure_floor
2021-10-29,WIPRO,REDUCE,exposure_floor
2021-11-01,ADANIENT,EXIT,exposure_floor
2021-11-01,ADANIPORTS,EXIT,exposure_floor
2021-11-01,ASIANPAINT,EXIT,exposure_floor
2021-11-01,CIPLA,EXIT,exposure_floor
2021-11-01,EICHERMOT,EXIT,exposure_floor
2021-11-01,HCLTECH,EXIT,exposure_floor
2021-11-01,HDFCBANK,REDUCE,exposure_floor
2021-11-01,HDFCLIFE,EXIT,exposure_floor
2021-11-01,HINDALCO,REDUCE,exposure_floor
2021-11-01,HINDUNILVR,EXIT,exposure_floor
2021-11-01,INFY,REDUCE,exposure_floor
2021-11-01,JSWSTEEL,EXIT,exposure_floor
2021-11-01,MAXHEALTH,EXIT,exposure_floor
2021-11-01,SBILIFE,REDUCE,exposure_floor
2021-11-01,SUNPHARMA,REDUCE,exposure_floor
2021-11-01,TATASTEEL,EXIT,exposure_floor
2021-11-01,WIPRO,REDUCE,exposure_floor
2021-11-02,ADANIENT,EXIT,exposure_floor
2021-11-02,ADANIPORTS,EXIT,exposure_floor
2021-11-02,ASIANPAINT,EXIT,exposure_floor
2021-11-02,CIPLA,EXIT,exposure_floor
2021-11-02,EICHERMOT,EXIT,exposure_floor
2021-11-02,HCLTECH,EXIT,exposure_floor
2021-11-02,HDFCBANK,REDUCE,exposure_floor
2021-11-02,HDFCLIFE,EXIT,exposure_floor
2021-11-02,HINDALCO,REDUCE,exposure_floor
2021-11-02,HINDUNILVR,EXIT,exposure_floor
2021-11-02,INFY,REDUCE,exposure_floor
2021-11-02,JSWSTEEL,EXIT,exposure_floor
2021-11-02,MAXHEALTH,EXIT,exposure_floor
2021-11-02,SBILIFE,REDUCE,exposure_floor
2021-11-02,SUNPHARMA,REDUCE,exposure_floor
2021-11-02,TATASTEEL,EXIT,exposure_floor
2021-11-02,WIPRO,REDUCE,exposure_floor
2021-11-03,ADANIENT,EXIT,exposure_floor
2021-11-03,ADANIPORTS,EXIT,exposure_floor
2021-11-03,ASIANPAINT,EXIT,exposure_floor
2021-11-03,CIPLA,EXIT,exposure_floor
2021-11-03,EICHERMOT,EXIT,exposure_floor
2021-11-03,HCLTECH,EXIT,exposure_floor
2021-11-03,HDFCBANK,REDUCE,exposure_floor
2021-11-03,HDFCLIFE,EXIT,exposure_floor
2021-11-03,HINDUNILVR,EXIT,exposure_floor
2021-11-03,ITC,EXIT,exposure_floor
2021-11-03,INFY,REDUCE,exposure_floor
2021-11-03,JSWSTEEL,EXIT,exposure_floor
2021-11-03,MAXHEALTH,EXIT,exposure_floor
2021-11-03,SBILIFE,REDUCE,exposure_floor
2021-11-03,SUNPHARMA,REDUCE,exposure_floor
2021-11-03,TATASTEEL,EXIT,exposure_floor
2021-11-03,WIPRO,REDUCE,exposure_floor
2021-11-04,ADANIENT,EXIT,exposure_floor
2021-11-04,ADANIPORTS,EXIT,exposure_floor
2021-11-04,ASIANPAINT,EXIT,exposure_floor
2021-11-04,BAJFINANCE,REDUCE,exposure_floor
2021-11-04,CIPLA,EXIT,exposure_floor
2021-11-04,EICHERMOT,EXIT,exposure_floor
2021-11-04,HCLTECH,EXIT,exposure_floor
2021-11-04,HDFCBANK,REDUCE,exposure_floor
2021-11-04,HDFCLIFE,EXIT,exposure_floor
2021-11-04,HINDUNILVR,EXIT,exposure_floor
2021-11-04,INFY,REDUCE,exposure_floor
2021-11-04,JSWSTEEL,EXIT,exposure_floor
2021-11-04,MAXHEALTH,EXIT,exposure_floor
2021-11-04,SBILIFE,REDUCE,exposure_floor
2021-11-04,SUNPHARMA,REDUCE,exposure_floor
2021-11-04,TATASTEEL,EXIT,exposure_floor
2021-11-04,WIPRO,REDUCE,exposure_floor
2021-11-08,ADANIENT,EXIT,exposure_floor
2021-11-08,ADANIPORTS,EXIT,exposure_floor
2021-11-08,ASIANPAINT,EXIT,exposure_floor
2021-11-08,CIPLA,EXIT,exposure_floor
2021-11-08,EICHERMOT,EXIT,exposure_floor
2021-11-08,HCLTECH,EXIT,exposure_floor
2021-11-08,HDFCBANK,REDUCE,exposure_floor
2021-11-08,HDFCLIFE,EXIT,exposure_floor
2021-11-08,HINDALCO,REDUCE,exposure_floor
2021-11-08,HINDUNILVR,EXIT,exposure_floor
2021-11-08,JSWSTEEL,EXIT,exposure_floor
2021-11-08,MAXHEALTH,EXIT,exposure_floor
2021-11-08,SBILIFE,REDUCE,exposure_floor
2021-11-08,SUNPHARMA,REDUCE,exposure_floor
2021-11-08,TATASTEEL,EXIT,exposure_floor
2021-11-08,WIPRO,REDUCE,exposure_floor
2021-11-09,ADANIENT,REDUCE,exposure_floor
2021-11-09,ADANIPORTS,EXIT,exposure_floor
2021-11-09,ASIANPAINT,EXIT,exposure_floor
2021-11-09,BAJFINANCE,REDUCE,exposure_floor
2021-11-09,CIPLA,EXIT,exposure_floor
2021-11-09,EICHERMOT,EXIT,exposure_floor
2021-11-09,HCLTECH,EXIT,exposure_floor
2021-11-09,HDFCBANK,REDUCE,exposure_floor
2021-11-09,HDFCLIFE,EXIT,exposure_floor
2021-11-09,HINDALCO,REDUCE,exposure_floor
2021-11-09,HINDUNILVR,EXIT,exposure_floor
2021-11-09,JSWSTEEL,EXIT,exposure_floor
2021-11-09,MAXHEALTH,EXIT,exposure_floor
2021-11-09,SBILIFE,REDUCE,exposure_floor
2021-11-09,SUNPHARMA,REDUCE,exposure_floor
2021-11-09,TATASTEEL,EXIT,exposure_floor
2021-11-09,WIPRO,REDUCE,exposure_floor
2021-11-10,ASIANPAINT,EXIT,exposure_floor
2021-11-10,BAJFINANCE,REDUCE,exposure_floor
2021-11-10,CIPLA,EXIT,exposure_floor
2021-11-10,COALINDIA,EXIT,exposure_floor
2021-11-10,EICHERMOT,EXIT,exposure_floor
2021-11-10,HCLTECH,EXIT,exposure_floor
2021-11-10,HDFCBANK,REDUCE,exposure_floor
2021-11-10,HDFCLIFE,EXIT,exposure_floor
2021-11-10,HINDALCO,EXIT,exposure_floor
2021-11-10,HINDUNILVR,EXIT,exposure_floor
2021-11-10,JSWSTEEL,EXIT,exposure_floor
2021-11-10,MAXHEALTH,EXIT,exposure_floor
2021-11-10,POWERGRID,REDUCE,exposure_floor
2021-11-10,SBILIFE,REDUCE,exposure_floor
2021-11-10,SUNPHARMA,REDUCE,exposure_floor
2021-11-10,TATASTEEL,EXIT,exposure_floor
2021-11-10,WIPRO,REDUCE,exposure_floor
2021-11-11,ASIANPAINT,EXIT,exposure_floor
2021-11-11,AXISBANK,EXIT,exposure_floor
2021-11-11,BAJFINANCE,REDUCE,exposure_floor
2021-11-11,CIPLA,EXIT,exposure_floor
2021-11-11,COALINDIA,EXIT,exposure_floor
2021-11-11,EICHERMOT,EXIT,exposure_floor
2021-11-11,HCLTECH,EXIT,exposure_floor
2021-11-11,HDFCBANK,REDUCE,exposure_floor
2021-11-11,HDFCLIFE,EXIT,exposure_floor
2021-11-11,HINDALCO,EXIT,exposure_floor
2021-11-11,HINDUNILVR,EXIT,exposure_floor
2021-11-11,JSWSTEEL,EXIT,exposure_floor
2021-11-11,MAXHEALTH,EXIT,exposure_floor
2021-11-11,POWERGRID,REDUCE,exposure_floor
2021-11-11,SBILIFE,REDUCE,exposure_floor
2021-11-11,SUNPHARMA,REDUCE,exposure_floor
2021-11-11,TATASTEEL,EXIT,exposure_floor
2021-11-11,WIPRO,REDUCE,exposure_floor
2021-11-12,ASIANPAINT,EXIT,exposure_floor
2021-11-12,BAJFINANCE,REDUCE,exposure_floor
2021-11-12,CIPLA,EXIT,exposure_floor
2021-11-12,COALINDIA,EXIT,exposure_floor
2021-11-12,EICHERMOT,EXIT,exposure_floor
2021-11-12,HCLTECH,EXIT,exposure_floor
2021-11-12,HDFCBANK,REDUCE,exposure_floor
2021-11-12,HDFCLIFE,EXIT,exposure_floor
2021-11-12,HINDALCO,EXIT,exposure_floor
2021-11-12,HINDUNILVR,EXIT,exposure_floor
2021-11-12,JSWSTEEL,EXIT,exposure_floor
2021-11-12,MAXHEALTH,EXIT,exposure_floor
2021-11-12,POWERGRID,REDUCE,exposure_floor
2021-11-12,SBILIFE,REDUCE,exposure_floor
2021-11-12,SUNPHARMA,REDUCE,exposure_floor
2021-11-12,TATASTEEL,EXIT,exposure_floor
2021-11-12,WIPRO,REDUCE,exposure_floor
2021-11-15,ASIANPAINT,EXIT,exposure_floor
2021-11-15,BAJFINANCE,REDUCE,exposure_floor
2021-11-15,CIPLA,EXIT,exposure_floor
2021-11-15,COALINDIA,EXIT,exposure_floor
2021-11-15,EICHERMOT,EXIT,exposure_floor
2021-11-15,HCLTECH,EXIT,exposure_floor
2021-11-15,HDFCBANK,REDUCE,exposure_floor
2021-11-15,HDFCLIFE,EXIT,exposure_floor
2021-11-15,HINDALCO,EXIT,exposure_floor
2021-11-15,HINDUNILVR,EXIT,exposure_floor
2021-11-15,JSWSTEEL,EXIT,exposure_floor
2021-11-15,MAXHEALTH,EXIT,exposure_floor
2021-11-15,SBILIFE,REDUCE,exposure_floor
2021-11-15,SUNPHARMA,REDUCE,exposure_floor
2021-11-15,TATASTEEL,EXIT,exposure_floor
2021-11-15,WIPRO,REDUCE,exposure_floor
2021-11-16,ASIANPAINT,EXIT,exposure_floor
2021-11-16,BAJFINANCE,REDUCE,exposure_floor
2021-11-16,CIPLA,EXIT,exposure_floor
2021-11-16,COALINDIA,EXIT,exposure_floor
2021-11-16,EICHERMOT,EXIT,exposure_floor
2021-11-16,HCLTECH,EXIT,exposure_floor
2021-11-16,HDFCBANK,REDUCE,exposure_floor
2021-11-16,HDFCLIFE,EXIT,exposure_floor
2021-11-16,HINDALCO,EXIT,exposure_floor
2021-11-16,HINDUNILVR,EXIT,exposure_floor
2021-11-16,JSWSTEEL,EXIT,exposure_floor
2021-11-16,MAXHEALTH,EXIT,exposure_floor
2021-11-16,SBILIFE,REDUCE,exposure_floor
2021-11-16,SUNPHARMA,REDUCE,exposure_floor
2021-11-16,TATASTEEL,EXIT,exposure_floor
2021-11-16,WIPRO,REDUCE,exposure_floor
2021-11-17,ASIANPAINT,EXIT,exposure_floor
2021-11-17,CIPLA,EXIT,exposure_floor
2021-11-17,COALINDIA,EXIT,exposure_floor
2021-11-17,EICHERMOT,EXIT,exposure_floor
2021-11-17,HCLTECH,EXIT,exposure_floor
2021-11-17,HDFCLIFE,EXIT,exposure_floor
2021-11-17,HINDALCO,EXIT,exposure_floor
2021-11-17,HINDUNILVR,EXIT,exposure_floor
2021-11-17,JSWSTEEL,EXIT,exposure_floor
2021-11-17,MAXHEALTH,EXIT,exposure_floor
2021-11-17,RELIANCE,REDUCE,exposure_floor
2021-11-17,SBILIFE,REDUCE,exposure_floor
2021-11-17,SUNPHARMA,REDUCE,exposure_floor
2021-11-17,TATASTEEL,EXIT,exposure_floor
2021-11-17,WIPRO,REDUCE,exposure_floor
2021-11-18,ASIANPAINT,EXIT,exposure_floor
2021-11-18,CIPLA,EXIT,exposure_floor
2021-11-18,COALINDIA,EXIT,exposure_floor
2021-11-18,EICHERMOT,EXIT,exposure_floor
2021-11-18,HCLTECH,EXIT,exposure_floor
2021-11-18,HDFCLIFE,EXIT,exposure_floor
2021-11-18,HINDALCO,EXIT,exposure_floor
2021-11-18,HINDUNILVR,EXIT,exposure_floor
2021-11-18,JSWSTEEL,EXIT,exposure_floor
2021-11-18,MAXHEALTH,EXIT,exposure_floor
2021-11-18,RELIANCE,REDUCE,exposure_floor
2021-11-18,SBILIFE,REDUCE,exposure_floor
2021-11-18,SUNPHARMA,REDUCE,exposure_floor
2021-11-18,TATASTEEL,EXIT,exposure_floor
2021-11-18,WIPRO,REDUCE,exposure_floor
2021-11-22,ASIANPAINT,EXIT,exposure_floor
2021-11-22,CIPLA,EXIT,exposure_floor
2021-11-22,COALINDIA,EXIT,exposure_floor
2021-11-22,EICHERMOT,EXIT,exposure_floor
2021-11-22,HCLTECH,EXIT,exposure_floor
2021-11-22,HDFCBANK,EXIT,exposure_floor
2021-11-22,HDFCLIFE,EXIT,exposure_floor
2021-11-22,HINDALCO,EXIT,exposure_floor
2021-11-22,HINDUNILVR,EXIT,exposure_floor
2021-11-22,JSWSTEEL,EXIT,exposure_floor
2021-11-22,MAXHEALTH,EXIT,exposure_floor
2021-11-22,RELIANCE,REDUCE,exposure_floor
2021-11-22,SBILIFE,REDUCE,exposure_floor
2021-11-22,SUNPHARMA,REDUCE,exposure_floor
2021-11-22,TATASTEEL,EXIT,exposure_floor
2021-11-22,WIPRO,REDUCE,exposure_floor
2021-11-23,ASIANPAINT,EXIT,exposure_floor
2021-11-23,CIPLA,EXIT,exposure_floor
2021-11-23,COALINDIA,EXIT,exposure_floor
2021-11-23,EICHERMOT,EXIT,exposure_floor
2021-11-23,HCLTECH,EXIT,exposure_floor
2021-11-23,HDFCBANK,EXIT,exposure_floor
2021-11-23,HDFCLIFE,EXIT,exposure_floor
2021-11-23,HINDALCO,EXIT,exposure_floor
2021-11-23,HINDUNILVR,EXIT,exposure_floor
2021-11-23,JSWSTEEL,EXIT,exposure_floor
2021-11-23,MAXHEALTH,EXIT,exposure_floor
2021-11-23,RELIANCE,REDUCE,exposure_floor
2021-11-23,SBILIFE,REDUCE,exposure_floor
2021-11-23,SUNPHARMA,REDUCE,exposure_floor
2021-11-23,TATASTEEL,EXIT,exposure_floor
2021-11-23,WIPRO,REDUCE,exposure_floor
2021-11-24,ASIANPAINT,EXIT,exposure_floor
2021-11-24,COALINDIA,EXIT,exposure_floor
2021-11-24,EICHERMOT,EXIT,exposure_floor
2021-11-24,HCLTECH,EXIT,exposure_floor
2021-11-24,HDFCBANK,EXIT,exposure_floor
2021-11-24,HDFCLIFE,EXIT,exposure_floor
2021-11-24,HINDALCO,EXIT,exposure_floor
2021-11-24,HINDUNILVR,EXIT,exposure_floor
2021-11-24,INFY,REDUCE,exposure_floor
2021-11-24,JSWSTEEL,EXIT,exposure_floor
2021-11-24,MAXHEALTH,EXIT,exposure_floor
2021-11-24,RELIANCE,REDUCE,exposure_floor
2021-11-24,SBILIFE,REDUCE,exposure_floor
2021-11-24,SUNPHARMA,REDUCE,exposure_floor
2021-11-24,TATASTEEL,EXIT,exposure_floor
2021-11-24,WIPRO,REDUCE,exposure_floor
2021-11-25,ASIANPAINT,EXIT,exposure_floor
2021-11-25,COALINDIA,EXIT,exposure_floor
2021-11-25,EICHERMOT,EXIT,exposure_floor
2021-11-25,HCLTECH,EXIT,exposure_floor
2021-11-25,HDFCBANK,EXIT,exposure_floor
2021-11-25,HDFCLIFE,EXIT,exposure_floor
2021-11-25,HINDALCO,EXIT,exposure_floor
2021-11-25,HINDUNILVR,EXIT,exposure_floor
2021-11-25,JSWSTEEL,EXIT,exposure_floor
2021-11-25,MAXHEALTH,EXIT,exposure_floor
2021-11-25,RELIANCE,REDUCE,exposure_floor
2021-11-25,SBILIFE,REDUCE,exposure_floor
2021-11-25,SUNPHARMA,REDUCE,exposure_floor
2021-11-25,TATASTEEL,EXIT,exposure_floor
2021-11-25,WIPRO,REDUCE,exposure_floor
2021-11-26,ADANIPORTS,EXIT,exposure_floor
2021-11-26,ASIANPAINT,EXIT,exposure_floor
2021-11-26,BEL,REDUCE,exposure_floor
2021-11-26,COALINDIA,EXIT,exposure_floor
2021-11-26,EICHERMOT,EXIT,exposure_floor
2021-11-26,HCLTECH,EXIT,exposure_floor
2021-11-26,HDFCBANK,EXIT,exposure_floor
2021-11-26,HDFCLIFE,EXIT,exposure_floor
2021-11-26,HINDALCO,EXIT,exposure_floor
2021-11-26,HINDUNILVR,EXIT,exposure_floor
2021-11-26,INDIGO,EXIT,exposure_floor
2021-11-26,JSWSTEEL,EXIT,exposure_floor
2021-11-26,MAXHEALTH,EXIT,exposure_floor
2021-11-26,RELIANCE,REDUCE,exposure_floor
2021-11-26,SBILIFE,REDUCE,exposure_floor
2021-11-26,SUNPHARMA,REDUCE,exposure_floor
2021-11-26,TATASTEEL,EXIT,exposure_floor
2021-11-26,WIPRO,REDUCE,exposure_floor
2021-11-29,ADANIPORTS,EXIT,exposure_floor
2021-11-29,ASIANPAINT,EXIT,exposure_floor
2021-11-29,BEL,REDUCE,exposure_floor
2021-11-29,COALINDIA,EXIT,exposure_floor
2021-11-29,EICHERMOT,EXIT,exposure_floor
2021-11-29,HCLTECH,EXIT,exposure_floor
2021-11-29,HDFCBANK,EXIT,exposure_floor
2021-11-29,HDFCLIFE,EXIT,exposure_floor
2021-11-29,HINDALCO,EXIT,exposure_floor
2021-11-29,HINDUNILVR,EXIT,exposure_floor
2021-11-29,ITC,EXIT,exposure_floor
2021-11-29,INDIGO,EXIT,exposure_floor
2021-11-29,JSWSTEEL,EXIT,exposure_floor
2021-11-29,MAXHEALTH,EXIT,exposure_floor
2021-11-29,NTPC,EXIT,exposure_floor
2021-11-29,RELIANCE,REDUCE,exposure_floor
2021-11-29,SBILIFE,REDUCE,exposure_floor
2021-11-29,SHRIRAMFIN,EXIT,exposure_floor
2021-11-29,SUNPHARMA,REDUCE,exposure_floor
2021-11-29,TATASTEEL,EXIT,exposure_floor
2021-11-29,WIPRO,REDUCE,exposure_floor
2021-11-30,ADANIPORTS,EXIT,exposure_floor
2021-11-30,ASIANPAINT,EXIT,exposure_floor
2021-11-30,BEL,REDUCE,exposure_floor
2021-11-30,COALINDIA,EXIT,exposure_floor
2021-11-30,EICHERMOT,EXIT,exposure_floor
2021-11-30,HCLTECH,EXIT,exposure_floor
2021-11-30,HDFCBANK,EXIT,exposure_floor
2021-11-30,HDFCLIFE,EXIT,exposure_floor
2021-11-30,HINDALCO,EXIT,exposure_floor
2021-11-30,HINDUNILVR,EXIT,exposure_floor
2021-11-30,ICICIBANK,EXIT,exposure_floor
2021-11-30,ITC,EXIT,exposure_floor
2021-11-30,INDIGO,EXIT,exposure_floor
2021-11-30,JSWSTEEL,EXIT,exposure_floor
2021-11-30,MARUTI,EXIT,exposure_floor
2021-11-30,MAXHEALTH,EXIT,exposure_floor
2021-11-30,NTPC,EXIT,exposure_floor
2021-11-30,RELIANCE,REDUCE,exposure_floor
2021-11-30,SBILIFE,REDUCE,exposure_floor
2021-11-30,SHRIRAMFIN,EXIT,exposure_floor
2021-11-30,SUNPHARMA,REDUCE,exposure_floor
2021-11-30,TATASTEEL,EXIT,exposure_floor
2021-11-30,WIPRO,REDUCE,exposure_floor
2021-12-01,ADANIPORTS,EXIT,exposure_floor
2021-12-01,ASIANPAINT,EXIT,exposure_floor
2021-12-01,BEL,REDUCE,exposure_floor
2021-12-01,COALINDIA,EXIT,exposure_floor
2021-12-01,EICHERMOT,EXIT,exposure_floor
2021-12-01,HCLTECH,EXIT,exposure_floor
2021-12-01,HDFCBANK,EXIT,exposure_floor
2021-12-01,HDFCLIFE,EXIT,exposure_floor
2021-12-01,HINDALCO,EXIT,exposure_floor
2021-12-01,HINDUNILVR,EXIT,exposure_floor
2021-12-01,ICICIBANK,EXIT,exposure_floor
2021-12-01,ITC,EXIT,exposure_floor
2021-12-01,INDIGO,EXIT,exposure_floor
2021-12-01,JSWSTEEL,EXIT,exposure_floor
2021-12-01,KOTAKBANK,REDUCE,exposure_floor
2021-12-01,MARUTI,EXIT,exposure_floor
2021-12-01,MAXHEALTH,REDUCE,exposure_floor
2021-12-01,NTPC,EXIT,exposure_floor
2021-12-01,RELIANCE,REDUCE,exposure_floor
2021-12-01,SBILIFE,REDUCE,exposure_floor
2021-12-01,SHRIRAMFIN,EXIT,exposure_floor
2021-12-01,SUNPHARMA,REDUCE,exposure_floor
2021-12-01,TATASTEEL,EXIT,exposure_floor
2021-12-01,WIPRO,REDUCE,exposure_floor
2021-12-02,ADANIPORTS,EXIT,exposure_floor
2021-12-02,ASIANPAINT,EXIT,exposure_floor
2021-12-02,CIPLA,REDUCE,exposure_floor
2021-12-02,COALINDIA,EXIT,exposure_floor
2021-12-02,EICHERMOT,EXIT,exposure_floor
2021-12-02,HCLTECH,EXIT,exposure_floor
2021-12-02,HDFCBANK,EXIT,exposure_floor
2021-12-02,HDFCLIFE,EXIT,exposure_floor
2021-12-02,HINDALCO,EXIT,exposure_floor
2021-12-02,HINDUNILVR,EXIT,exposure_floor
2021-12-02,ICICIBANK,EXIT,exposure_floor
2021-12-02,ITC,EXIT,exposure_floor
2021-12-02,INDIGO,EXIT,exposure_floor
2021-12-02,JSWSTEEL,EXIT,exposure_floor
2021-12-02,KOTAKBANK,REDUCE,exposure_floor
2021-12-02,MARUTI,EXIT,exposure_floor
2021-12-02,MAXHEALTH,REDUCE,exposure_floor
2021-12-02,NTPC,EXIT,exposure_floor
2021-12-02,RELIANCE,REDUCE,exposure_floor
2021-12-02,SBILIFE,REDUCE,exposure_floor
2021-12-02,SHRIRAMFIN,EXIT,exposure_floor
2021-12-02,SUNPHARMA,REDUCE,exposure_floor
2021-12-02,TATASTEEL,EXIT,exposure_floor
2021-12-02,WIPRO,REDUCE,exposure_floor
2021-12-03,ADANIPORTS,EXIT,exposure_floor
2021-12-03,ASIANPAINT,EXIT,exposure_floor
2021-12-03,CIPLA,REDUCE,exposure_floor
2021-12-03,COALINDIA,EXIT,exposure_floor
2021-12-03,EICHERMOT,EXIT,exposure_floor
2021-12-03,HCLTECH,EXIT,exposure_floor
2021-12-03,HDFCBANK,EXIT,exposure_floor
2021-12-03,HDFCLIFE,EXIT,exposure_floor
2021-12-03,HINDALCO,EXIT,exposure_floor
2021-12-03,HINDUNILVR,EXIT,exposure_floor
2021-12-03,ICICIBANK,EXIT,exposure_floor
2021-12-03,ITC,EXIT,exposure_floor
2021-12-03,INDIGO,EXIT,exposure_floor
2021-12-03,JSWSTEEL,EXIT,exposure_floor
2021-12-03,KOTAKBANK,REDUCE,exposure_floor
2021-12-03,MARUTI,EXIT,exposure_floor
2021-12-03,NTPC,EXIT,exposure_floor
2021-12-03,RELIANCE,REDUCE,exposure_floor
2021-12-03,SBILIFE,REDUCE,exposure_floor
2021-12-03,SHRIRAMFIN,EXIT,exposure_floor
2021-12-03,SUNPHARMA,REDUCE,exposure_floor
2021-12-03,TATASTEEL,EXIT,exposure_floor
2021-12-03,WIPRO,REDUCE,exposure_floor
2021-12-06,ADANIPORTS,EXIT,exposure_floor
2021-12-06,ASIANPAINT,EXIT,exposure_floor
2021-12-06,BAJAJFINSV,REDUCE,exposure_floor
2021-12-06,CIPLA,EXIT,exposure_floor
2021-12-06,COALINDIA,EXIT,exposure_floor
2021-12-06,EICHERMOT,EXIT,exposure_floor
2021-12-06,HCLTECH,EXIT,exposure_floor
2021-12-06,HDFCBANK,EXIT,exposure_floor
2021-12-06,HDFCLIFE,EXIT,exposure_floor
2021-12-06,HINDALCO,EXIT,exposure_floor
2021-12-06,HINDUNILVR,EXIT,exposure_floor
2021-12-06,ICICIBANK,EXIT,exposure_floor
2021-12-06,ITC,EXIT,exposure_floor
2021-12-06,INDIGO,EXIT,exposure_floor
2021-12-06,JSWSTEEL,EXIT,exposure_floor
2021-12-06,KOTAKBANK,REDUCE,exposure_floor
2021-12-06,MARUTI,EXIT,exposure_floor
2021-12-06,NTPC,EXIT,exposure_floor
2021-12-06,RELIANCE,REDUCE,exposure_floor
2021-12-06,SBILIFE,REDUCE,exposure_floor
2021-12-06,SHRIRAMFIN,EXIT,exposure_floor
2021-12-06,SUNPHARMA,REDUCE,exposure_floor
2021-12-06,TATACONSUM,EXIT,exposure_floor
2021-12-06,TATASTEEL,EXIT,exposure_floor
2021-12-06,TRENT,EXIT,exposure_floor
2021-12-06,WIPRO,REDUCE,exposure_floor
2021-12-07,ASIANPAINT,EXIT,exposure_floor
2021-12-07,BAJAJFINSV,REDUCE,exposure_floor
2021-12-07,CIPLA,EXIT,exposure_floor
2021-12-07,COALINDIA,EXIT,exposure_floor
2021-12-07,EICHERMOT,EXIT,exposure_floor
2021-12-07,HCLTECH,EXIT,exposure_floor
2021-12-07,HDFCBANK,EXIT,exposure_floor
2021-12-07,HDFCLIFE,EXIT,exposure_floor
2021-12-07,HINDALCO,EXIT,exposure_floor
2021-12-07,HINDUNILVR,EXIT,exposure_floor
2021-12-07,ICICIBANK,EXIT,exposure_floor
2021-12-07,ITC,EXIT,exposure_floor
2021-12-07,INDIGO,EXIT,exposure_floor
2021-12-07,JSWSTEEL,EXIT,exposure_floor
2021-12-07,KOTAKBANK,REDUCE,exposure_floor
2021-12-07,MARUTI,EXIT,exposure_floor
2021-12-07,NTPC,EXIT,exposure_floor
2021-12-07,RELIANCE,REDUCE,exposure_floor
2021-12-07,SBILIFE,REDUCE,exposure_floor
2021-12-07,SHRIRAMFIN,EXIT,exposure_floor
2021-12-07,SUNPHARMA,REDUCE,exposure_floor
2021-12-07,TATACONSUM,EXIT,exposure_floor
2021-12-07,TATASTEEL,EXIT,exposure_floor
2021-12-07,TRENT,EXIT,exposure_floor
2021-12-07,WIPRO,REDUCE,exposure_floor
2021-12-08,ASIANPAINT,EXIT,exposure_floor
2021-12-08,BAJAJFINSV,REDUCE,exposure_floor
2021-12-08,CIPLA,EXIT,exposure_floor
2021-12-08,COALINDIA,EXIT,exposure_floor
2021-12-08,EICHERMOT,EXIT,exposure_floor
2021-12-08,HCLTECH,EXIT,exposure_floor
2021-12-08,HDFCBANK,EXIT,exposure_floor
2021-12-08,HDFCLIFE,EXIT,exposure_floor
2021-12-08,HINDALCO,EXIT,exposure_floor
2021-12-08,HINDUNILVR,EXIT,exposure_floor
2021-12-08,ITC,EXIT,exposure_floor
2021-12-08,INDIGO,EXIT,exposure_floor
2021-12-08,JSWSTEEL,REDUCE,exposure_floor
2021-12-08,KOTAKBANK,REDUCE,exposure_floor
2021-12-08,MARUTI,EXIT,exposure_floor
2021-12-08,NTPC,EXIT,exposure_floor
2021-12-08,RELIANCE,REDUCE,exposure_floor
2021-12-08,SBILIFE,REDUCE,exposure_floor
2021-12-08,SHRIRAMFIN,REDUCE,exposure_floor
2021-12-08,SUNPHARMA,REDUCE,exposure_floor
2021-12-08,TATACONSUM,EXIT,exposure_floor
2021-12-08,TATASTEEL,EXIT,exposure_floor
2021-12-08,TRENT,EXIT,exposure_floor
2021-12-08,WIPRO,REDUCE,exposure_floor
2021-12-09,ASIANPAINT,EXIT,exposure_floor
2021-12-09,BAJAJFINSV,REDUCE,exposure_floor
2021-12-09,CIPLA,EXIT,exposure_floor
2021-12-09,COALINDIA,EXIT,exposure_floor
2021-12-09,EICHERMOT,EXIT,exposure_floor
2021-12-09,HCLTECH,EXIT,exposure_floor
2021-12-09,HDFCBANK,EXIT,exposure_floor
2021-12-09,HDFCLIFE,EXIT,exposure_floor
2021-12-09,HINDALCO,EXIT,exposure_floor
2021-12-09,HINDUNILVR,EXIT,exposure_floor
2021-12-09,ITC,EXIT,exposure_floor
2021-12-09,INDIGO,EXIT,exposure_floor
2021-12-09,KOTAKBANK,REDUCE,exposure_floor
2021-12-09,MARUTI,EXIT,exposure_floor
2021-12-09,NTPC,EXIT,exposure_floor
2021-12-09,RELIANCE,REDUCE,exposure_floor
2021-12-09,SBILIFE,REDUCE,exposure_floor
2021-12-09,SUNPHARMA,REDUCE,exposure_floor
2021-12-09,TATACONSUM,EXIT,exposure_floor
2021-12-09,TATASTEEL,EXIT,exposure_floor
2021-12-09,TRENT,EXIT,exposure_floor
2021-12-09,WIPRO,REDUCE,exposure_floor
2021-12-10,ASIANPAINT,EXIT,exposure_floor
2021-12-10,BAJAJFINSV,REDUCE,exposure_floor
2021-12-10,BEL,REDUCE,exposure_floor
2021-12-10,CIPLA,EXIT,exposure_floor
2021-12-10,COALINDIA,EXIT,exposure_floor
2021-12-10,EICHERMOT,EXIT,exposure_floor
2021-12-10,HCLTECH,EXIT,exposure_floor
2021-12-10,HDFCBANK,EXIT,exposure_floor
2021-12-10,HDFCLIFE,EXIT,exposure_floor
2021-12-10,HINDALCO,EXIT,exposure_floor
2021-12-10,HINDUNILVR,EXIT,exposure_floor
2021-12-10,ITC,EXIT,exposure_floor
2021-12-10,INDIGO,EXIT,exposure_floor
2021-12-10,KOTAKBANK,REDUCE,exposure_floor
2021-12-10,MARUTI,EXIT,exposure_floor
2021-12-10,NTPC,EXIT,exposure_floor
2021-12-10,RELIANCE,REDUCE,exposure_floor
2021-12-10,SBILIFE,REDUCE,exposure_floor
2021-12-10,SUNPHARMA,REDUCE,exposure_floor
2021-12-10,TATASTEEL,EXIT,exposure_floor
2021-12-10,TRENT,EXIT,exposure_floor
2021-12-10,WIPRO,REDUCE,exposure_floor
2021-12-13,ASIANPAINT,EXIT,exposure_floor
2021-12-13,BAJAJFINSV,REDUCE,exposure_floor
2021-12-13,CIPLA,EXIT,exposure_floor
2021-12-13,COALINDIA,EXIT,exposure_floor
2021-12-13,EICHERMOT,EXIT,exposure_floor
2021-12-13,HCLTECH,EXIT,exposure_floor
2021-12-13,HDFCBANK,EXIT,exposure_floor
2021-12-13,HDFCLIFE,EXIT,exposure_floor
2021-12-13,HINDALCO,EXIT,exposure_floor
2021-12-13,HINDUNILVR,EXIT,exposure_floor
2021-12-13,ITC,EXIT,exposure_floor
2021-12-13,INDIGO,EXIT,exposure_floor
2021-12-13,KOTAKBANK,EXIT,exposure_floor
2021-12-13,MARUTI,REDUCE,exposure_floor
2021-12-13,NTPC,EXIT,exposure_floor
2021-12-13,NESTLEIND,REDUCE,exposure_floor
2021-12-13,RELIANCE,REDUCE,exposure_floor
2021-12-13,SBILIFE,REDUCE,exposure_floor
2021-12-13,SUNPHARMA,REDUCE,exposure_floor
2021-12-13,TATASTEEL,EXIT,exposure_floor
2021-12-13,TRENT,EXIT,exposure_floor
2021-12-13,WIPRO,REDUCE,exposure_floor
2021-12-14,ASIANPAINT,REDUCE,exposure_floor
2021-12-14,BAJFINANCE,REDUCE,exposure_floor
2021-12-14,BAJAJFINSV,REDUCE,exposure_floor
2021-12-14,CIPLA,EXIT,exposure_floor
2021-12-14,COALINDIA,EXIT,exposure_floor
2021-12-14,EICHERMOT,EXIT,exposure_floor
2021-12-14,HCLTECH,EXIT,exposure_floor
2021-12-14,HDFCBANK,EXIT,exposure_floor
2021-12-14,HDFCLIFE,EXIT,exposure_floor
2021-12-14,HINDALCO,EXIT,exposure_floor
2021-12-14,HINDUNILVR,EXIT,exposure_floor
2021-12-14,ITC,EXIT,exposure_floor
2021-12-14,INDIGO,EXIT,exposure_floor
2021-12-14,KOTAKBANK,EXIT,exposure_floor
2021-12-14,MARUTI,REDUCE,exposure_floor
2021-12-14,NTPC,EXIT,exposure_floor
2021-12-14,RELIANCE,REDUCE,exposure_floor
2021-12-14,SBILIFE,REDUCE,exposure_floor
2021-12-14,SHRIRAMFIN,EXIT,exposure_floor
2021-12-14,SUNPHARMA,REDUCE,exposure_floor
2021-12-14,TATASTEEL,EXIT,exposure_floor
2021-12-14,TRENT,EXIT,exposure_floor
2021-12-14,WIPRO,REDUCE,exposure_floor
2021-12-15,BAJFINANCE,REDUCE,exposure_floor
2021-12-15,BAJAJFINSV,REDUCE,exposure_floor
2021-12-15,CIPLA,EXIT,exposure_floor
2021-12-15,COALINDIA,EXIT,exposure_floor
2021-12-15,EICHERMOT,EXIT,exposure_floor
2021-12-15,HCLTECH,EXIT,exposure_floor
2021-12-15,HDFCBANK,EXIT,exposure_floor
2021-12-15,HDFCLIFE,EXIT,exposure_floor
2021-12-15,HINDALCO,EXIT,exposure_floor
2021-12-15,HINDUNILVR,EXIT,exposure_floor
2021-12-15,ITC,EXIT,exposure_floor
2021-12-15,INDIGO,EXIT,exposure_floor
2021-12-15,JSWSTEEL,REDUCE,exposure_floor
2021-12-15,KOTAKBANK,EXIT,exposure_floor
2021-12-15,NTPC,EXIT,exposure_floor
2021-12-15,RELIANCE,REDUCE,exposure_floor
2021-12-15,SBILIFE,REDUCE,exposure_floor
2021-12-15,SHRIRAMFIN,EXIT,exposure_floor
2021-12-15,SUNPHARMA,REDUCE,exposure_floor
2021-12-15,TATASTEEL,EXIT,exposure_floor
2021-12-15,TRENT,EXIT,exposure_floor
2021-12-15,WIPRO,REDUCE,exposure_floor
2021-12-16,BAJFINANCE,REDUCE,exposure_floor
2021-12-16,BAJAJFINSV,REDUCE,exposure_floor
2021-12-16,CIPLA,EXIT,exposure_floor
2021-12-16,COALINDIA,EXIT,exposure_floor
2021-12-16,EICHERMOT,EXIT,exposure_floor
2021-12-16,HCLTECH,EXIT,exposure_floor
2021-12-16,HDFCBANK,EXIT,exposure_floor
2021-12-16,HDFCLIFE,EXIT,exposure_floor
2021-12-16,HINDALCO,EXIT,exposure_floor
2021-12-16,HINDUNILVR,EXIT,exposure_floor
2021-12-16,ITC,EXIT,exposure_floor
2021-12-16,INDIGO,EXIT,exposure_floor
2021-12-16,JSWSTEEL,REDUCE,exposure_floor
2021-12-16,KOTAKBANK,EXIT,exposure_floor
2021-12-16,NTPC,EXIT,exposure_floor
2021-12-16,RELIANCE,REDUCE,exposure_floor
2021-12-16,SBILIFE,REDUCE,exposure_floor
2021-12-16,SHRIRAMFIN,EXIT,exposure_floor
2021-12-16,SUNPHARMA,REDUCE,exposure_floor
2021-12-16,TATASTEEL,EXIT,exposure_floor
2021-12-16,TRENT,EXIT,exposure_floor
2021-12-16,WIPRO,REDUCE,exposure_floor
2021-12-17,ADANIPORTS,EXIT,exposure_floor
2021-12-17,APOLLOHOSP,EXIT,exposure_floor
2021-12-17,BAJFINANCE,REDUCE,exposure_floor
2021-12-17,BAJAJFINSV,EXIT,exposure_floor
2021-12-17,BHARTIARTL,REDUCE,exposure_floor
2021-12-17,CIPLA,EXIT,exposure_floor
2021-12-17,COALINDIA,EXIT,exposure_floor
2021-12-17,EICHERMOT,EXIT,exposure_floor
2021-12-17,HCLTECH,EXIT,exposure_floor
2021-12-17,HDFCBANK,EXIT,exposure_floor
2021-12-17,HDFCLIFE,EXIT,exposure_floor
2021-12-17,HINDALCO,EXIT,exposure_floor
2021-12-17,HINDUNILVR,EXIT,exposure_floor
2021-12-17,ITC,EXIT,exposure_floor
2021-12-17,INDIGO,EXIT,exposure_floor
2021-12-17,JSWSTEEL,REDUCE,exposure_floor
2021-12-17,KOTAKBANK,EXIT,exposure_floor
2021-12-17,NTPC,EXIT,exposure_floor
2021-12-17,ONGC,REDUCE,exposure_floor
2021-12-17,RELIANCE,REDUCE,exposure_floor
2021-12-17,SBILIFE,REDUCE,exposure_floor
2021-12-17,SHRIRAMFIN,EXIT,exposure_floor
2021-12-17,SUNPHARMA,REDUCE,exposure_floor
2021-12-17,TCS,REDUCE,exposure_floor
2021-12-17,TATASTEEL,EXIT,exposure_floor
2021-12-17,TRENT,EXIT,exposure_floor
2021-12-17,ULTRACEMCO,REDUCE,exposure_floor
2021-12-20,ADANIPORTS,EXIT,exposure_floor
2021-12-20,APOLLOHOSP,EXIT,exposure_floor
2021-12-20,BAJFINANCE,EXIT,exposure_floor
2021-12-20,BAJAJFINSV,EXIT,exposure_floor
2021-12-20,BHARTIARTL,REDUCE,exposure_floor
2021-12-20,CIPLA,EXIT,exposure_floor
2021-12-20,COALINDIA,EXIT,exposure_floor
2021-12-20,EICHERMOT,EXIT,exposure_floor
2021-12-20,HCLTECH,EXIT,exposure_floor
2021-12-20,HDFCBANK,EXIT,exposure_floor
2021-12-20,HDFCLIFE,EXIT,exposure_floor
2021-12-20,HINDALCO,EXIT,exposure_floor
2021-12-20,HINDUNILVR,EXIT,exposure_floor
2021-12-20,ICICIBANK,EXIT,exposure_floor
2021-12-20,ITC,EXIT,exposure_floor
2021-12-20,INDIGO,EXIT,exposure_floor
2021-12-20,JSWSTEEL,EXIT,exposure_floor
2021-12-20,KOTAKBANK,EXIT,exposure_floor
2021-12-20,M&M,EXIT,exposure_floor
2021-12-20,NTPC,EXIT,exposure_floor
2021-12-20,ONGC,EXIT,exposure_floor
2021-12-20,RELIANCE,EXIT,exposure_floor
2021-12-20,SBILIFE,REDUCE,exposure_floor
2021-12-20,SHRIRAMFIN,EXIT,exposure_floor
2021-12-20,SBIN,EXIT,exposure_floor
2021-12-20,SUNPHARMA,REDUCE,exposure_floor
2021-12-20,TATASTEEL,EXIT,exposure_floor
2021-12-20,TRENT,EXIT,exposure_floor
2021-12-20,ULTRACEMCO,REDUCE,exposure_floor
2021-12-21,ADANIPORTS,EXIT,exposure_floor
2021-12-21,APOLLOHOSP,EXIT,exposure_floor
2021-12-21,BAJFINANCE,EXIT,exposure_floor
2021-12-21,BAJAJFINSV,EXIT,exposure_floor
2021-12-21,BHARTIARTL,REDUCE,exposure_floor
2021-12-21,CIPLA,EXIT,exposure_floor
2021-12-21,COALINDIA,EXIT,exposure_floor
2021-12-21,EICHERMOT,EXIT,exposure_floor
2021-12-21,HCLTECH,EXIT,exposure_floor
2021-12-21,HDFCBANK,EXIT,exposure_floor
2021-12-21,HDFCLIFE,EXIT,exposure_floor
2021-12-21,HINDALCO,EXIT,exposure_floor
2021-12-21,HINDUNILVR,EXIT,exposure_floor
2021-12-21,ICICIBANK,EXIT,exposure_floor
2021-12-21,ITC,EXIT,exposure_floor
2021-12-21,INDIGO,EXIT,exposure_floor
2021-12-21,JSWSTEEL,EXIT,exposure_floor
2021-12-21,KOTAKBANK,EXIT,exposure_floor
2021-12-21,M&M,EXIT,exposure_floor
2021-12-21,NTPC,EXIT,exposure_floor
2021-12-21,ONGC,EXIT,exposure_floor
2021-12-21,RELIANCE,EXIT,exposure_floor
2021-12-21,SBILIFE,REDUCE,exposure_floor
2021-12-21,SHRIRAMFIN,EXIT,exposure_floor
2021-12-21,SBIN,EXIT,exposure_floor
2021-12-21,SUNPHARMA,REDUCE,exposure_floor
2021-12-21,TATASTEEL,EXIT,exposure_floor
2021-12-21,TRENT,EXIT,exposure_floor
2021-12-22,ADANIPORTS,EXIT,exposure_floor
2021-12-22,APOLLOHOSP,EXIT,exposure_floor
2021-12-22,BAJFINANCE,EXIT,exposure_floor
2021-12-22,BAJAJFINSV,EXIT,exposure_floor
2021-12-22,BHARTIARTL,REDUCE,exposure_floor
2021-12-22,CIPLA,EXIT,exposure_floor
2021-12-22,COALINDIA,EXIT,exposure_floor
2021-12-22,EICHERMOT,EXIT,exposure_floor
2021-12-22,HCLTECH,EXIT,exposure_floor
2021-12-22,HDFCBANK,EXIT,exposure_floor
2021-12-22,HDFCLIFE,EXIT,exposure_floor
2021-12-22,HINDALCO,REDUCE,exposure_floor
2021-12-22,HINDUNILVR,EXIT,exposure_floor
2021-12-22,ITC,EXIT,exposure_floor
2021-12-22,INDIGO,EXIT,exposure_floor
2021-12-22,JSWSTEEL,EXIT,exposure_floor
2021-12-22,KOTAKBANK,EXIT,exposure_floor
2021-12-22,M&M,EXIT,exposure_floor
2021-12-22,NTPC,EXIT,exposure_floor
2021-12-22,ONGC,EXIT,exposure_floor
2021-12-22,RELIANCE,EXIT,exposure_floor
2021-12-22,SBILIFE,REDUCE,exposure_floor
2021-12-22,SHRIRAMFIN,EXIT,exposure_floor
2021-12-22,SBIN,EXIT,exposure_floor
2021-12-22,TATASTEEL,EXIT,exposure_floor
2021-12-22,TRENT,EXIT,exposure_floor
2021-12-23,ADANIPORTS,EXIT,exposure_floor
2021-12-23,APOLLOHOSP,EXIT,exposure_floor
2021-12-23,BAJFINANCE,EXIT,exposure_floor
2021-12-23,BAJAJFINSV,EXIT,exposure_floor
2021-12-23,BHARTIARTL,REDUCE,exposure_floor
2021-12-23,CIPLA,EXIT,exposure_floor
2021-12-23,COALINDIA,EXIT,exposure_floor
2021-12-23,EICHERMOT,EXIT,exposure_floor
2021-12-23,HCLTECH,EXIT,exposure_floor
2021-12-23,HDFCBANK,EXIT,exposure_floor
2021-12-23,HDFCLIFE,EXIT,exposure_floor
2021-12-23,HINDALCO,EXIT,exposure_floor
2021-12-23,HINDUNILVR,EXIT,exposure_floor
2021-12-23,ITC,EXIT,exposure_floor
2021-12-23,INDIGO,EXIT,exposure_floor
2021-12-23,JSWSTEEL,EXIT,exposure_floor
2021-12-23,KOTAKBANK,EXIT,exposure_floor
2021-12-23,M&M,EXIT,exposure_floor
2021-12-23,NTPC,EXIT,exposure_floor
2021-12-23,ONGC,EXIT,exposure_floor
2021-12-23,RELIANCE,EXIT,exposure_floor
2021-12-23,SBILIFE,REDUCE,exposure_floor
2021-12-23,SHRIRAMFIN,EXIT,exposure_floor
2021-12-23,SBIN,EXIT,exposure_floor
2021-12-23,TATASTEEL,EXIT,exposure_floor
2021-12-23,TRENT,EXIT,exposure_floor
2021-12-24,ADANIPORTS,EXIT,exposure_floor
2021-12-24,APOLLOHOSP,EXIT,exposure_floor
2021-12-24,BAJFINANCE,EXIT,exposure_floor
2021-12-24,BAJAJFINSV,EXIT,exposure_floor
2021-12-24,BHARTIARTL,REDUCE,exposure_floor
2021-12-24,CIPLA,EXIT,exposure_floor
2021-12-24,COALINDIA,EXIT,exposure_floor
2021-12-24,EICHERMOT,EXIT,exposure_floor
2021-12-24,HCLTECH,REDUCE,exposure_floor
2021-12-24,HDFCBANK,EXIT,exposure_floor
2021-12-24,HDFCLIFE,EXIT,exposure_floor
2021-12-24,HINDALCO,EXIT,exposure_floor
2021-12-24,HINDUNILVR,EXIT,exposure_floor
2021-12-24,ITC,EXIT,exposure_floor
2021-12-24,INDIGO,EXIT,exposure_floor
2021-12-24,JSWSTEEL,EXIT,exposure_floor
2021-12-24,KOTAKBANK,EXIT,exposure_floor
2021-12-24,M&M,EXIT,exposure_floor
2021-12-24,NTPC,EXIT,exposure_floor
2021-12-24,ONGC,EXIT,exposure_floor
2021-12-24,RELIANCE,EXIT,exposure_floor
2021-12-24,SBILIFE,REDUCE,exposure_floor
2021-12-24,SHRIRAMFIN,EXIT,exposure_floor
2021-12-24,SBIN,EXIT,exposure_floor
2021-12-24,SUNPHARMA,REDUCE,exposure_floor
2021-12-24,TATASTEEL,EXIT,exposure_floor
2021-12-24,TITAN,REDUCE,exposure_floor
2021-12-24,TRENT,EXIT,exposure_floor
2021-12-27,APOLLOHOSP,EXIT,exposure_floor
2021-12-27,BAJFINANCE,EXIT,exposure_floor
2021-12-27,BAJAJFINSV,EXIT,exposure_floor
2021-12-27,BHARTIARTL,REDUCE,exposure_floor
2021-12-27,CIPLA,REDUCE,exposure_floor
2021-12-27,COALINDIA,EXIT,exposure_floor
2021-12-27,EICHERMOT,EXIT,exposure_floor
2021-12-27,HDFCBANK,EXIT,exposure_floor
2021-12-27,HDFCLIFE,EXIT,exposure_floor
2021-12-27,HINDALCO,EXIT,exposure_floor
2021-12-27,HINDUNILVR,EXIT,exposure_floor
2021-12-27,ITC,EXIT,exposure_floor
2021-12-27,INDIGO,EXIT,exposure_floor
2021-12-27,JSWSTEEL,EXIT,exposure_floor
2021-12-27,KOTAKBANK,EXIT,exposure_floor
2021-12-27,M&M,EXIT,exposure_floor
2021-12-27,NTPC,EXIT,exposure_floor
2021-12-27,ONGC,EXIT,exposure_floor
2021-12-27,RELIANCE,EXIT,exposure_floor
2021-12-27,SBILIFE,REDUCE,exposure_floor
2021-12-27,SHRIRAMFIN,EXIT,exposure_floor
2021-12-27,SBIN,EXIT,exposure_floor
2021-12-27,TATASTEEL,EXIT,exposure_floor
2021-12-27,TITAN,REDUCE,exposure_floor
2021-12-27,TRENT,EXIT,exposure_floor
2021-12-27,ULTRACEMCO,REDUCE,exposure_floor
2021-12-28,APOLLOHOSP,EXIT,exposure_floor
2021-12-28,BAJFINANCE,EXIT,exposure_floor
2021-12-28,BAJAJFINSV,EXIT,exposure_floor
2021-12-28,BHARTIARTL,REDUCE,exposure_floor
2021-12-28,CIPLA,REDUCE,exposure_floor
2021-12-28,COALINDIA,EXIT,exposure_floor
2021-12-28,EICHERMOT,EXIT,exposure_floor
2021-12-28,GRASIM,REDUCE,exposure_floor
2021-12-28,HDFCBANK,EXIT,exposure_floor
2021-12-28,HDFCLIFE,EXIT,exposure_floor
2021-12-28,HINDALCO,EXIT,exposure_floor
2021-12-28,HINDUNILVR,EXIT,exposure_floor
2021-12-28,ITC,EXIT,exposure_floor
2021-12-28,INDIGO,EXIT,exposure_floor
2021-12-28,JSWSTEEL,EXIT,exposure_floor
2021-12-28,KOTAKBANK,EXIT,exposure_floor
2021-12-28,M&M,EXIT,exposure_floor
2021-12-28,NTPC,EXIT,exposure_floor
2021-12-28,ONGC,EXIT,exposure_floor
2021-12-28,RELIANCE,EXIT,exposure_floor
2021-12-28,SHRIRAMFIN,EXIT,exposure_floor
2021-12-28,SBIN,EXIT,exposure_floor
2021-12-28,TATASTEEL,EXIT,exposure_floor
2021-12-28,TITAN,REDUCE,exposure_floor
2021-12-28,TRENT,EXIT,exposure_floor
2021-12-29,APOLLOHOSP,REDUCE,exposure_floor
2021-12-29,BAJFINANCE,EXIT,exposure_floor
2021-12-29,BAJAJFINSV,EXIT,exposure_floor
2021-12-29,BHARTIARTL,REDUCE,exposure_floor
2021-12-29,CIPLA,REDUCE,exposure_floor
2021-12-29,COALINDIA,EXIT,exposure_floor
2021-12-29,EICHERMOT,EXIT,exposure_floor
2021-12-29,GRASIM,REDUCE,exposure_floor
2021-12-29,HDFCBANK,EXIT,exposure_floor
2021-12-29,HDFCLIFE,EXIT,exposure_floor
2021-12-29,HINDALCO,EXIT,exposure_floor
2021-12-29,HINDUNILVR,EXIT,exposure_floor
2021-12-29,ITC,EXIT,exposure_floor
2021-12-29,INDIGO,EXIT,exposure_floor
2021-12-29,JSWSTEEL,EXIT,exposure_floor
2021-12-29,KOTAKBANK,EXIT,exposure_floor
2021-12-29,M&M,EXIT,exposure_floor
2021-12-29,NTPC,EXIT,exposure_floor
2021-12-29,ONGC,EXIT,exposure_floor
2021-12-29,RELIANCE,EXIT,exposure_floor
2021-12-29,SHRIRAMFIN,EXIT,exposure_floor
2021-12-29,SBIN,EXIT,exposure_floor
2021-12-29,TATASTEEL,EXIT,exposure_floor
2021-12-29,TITAN,REDUCE,exposure_floor
2021-12-29,TRENT,EXIT,exposure_floor
2021-12-30,BAJFINANCE,EXIT,exposure_floor
2021-12-30,BAJAJFINSV,EXIT,exposure_floor
2021-12-30,BHARTIARTL,REDUCE,exposure_floor
2021-12-30,CIPLA,REDUCE,exposure_floor
2021-12-30,COALINDIA,EXIT,exposure_floor
2021-12-30,GRASIM,REDUCE,exposure_floor
2021-12-30,HDFCBANK,EXIT,exposure_floor
2021-12-30,HDFCLIFE,EXIT,exposure_floor
2021-12-30,HINDALCO,EXIT,exposure_floor
2021-12-30,HINDUNILVR,EXIT,exposure_floor
2021-12-30,ITC,EXIT,exposure_floor
2021-12-30,INDIGO,EXIT,exposure_floor
2021-12-30,JSWSTEEL,EXIT,exposure_floor
2021-12-30,KOTAKBANK,EXIT,exposure_floor
2021-12-30,M&M,EXIT,exposure_floor
2021-12-30,NTPC,EXIT,exposure_floor
2021-12-30,ONGC,EXIT,exposure_floor
2021-12-30,RELIANCE,EXIT,exposure_floor
2021-12-30,SHRIRAMFIN,EXIT,exposure_floor
2021-12-30,SBIN,EXIT,exposure_floor
2021-12-30,TATASTEEL,EXIT,exposure_floor
2021-12-30,TRENT,EXIT,exposure_floor
2021-12-31,BAJFINANCE,EXIT,exposure_floor
2021-12-31,BAJAJFINSV,EXIT,exposure_floor
2021-12-31,BHARTIARTL,REDUCE,exposure_floor
2021-12-31,CIPLA,REDUCE,exposure_floor
2021-12-31,COALINDIA,EXIT,exposure_floor
2021-12-31,GRASIM,REDUCE,exposure_floor
2021-12-31,HDFCBANK,EXIT,exposure_floor
2021-12-31,HDFCLIFE,EXIT,exposure_floor
2021-12-31,HINDALCO,EXIT,exposure_floor
2021-12-31,HINDUNILVR,EXIT,exposure_floor
2021-12-31,ITC,EXIT,exposure_floor
2021-12-31,INDIGO,EXIT,exposure_floor
2021-12-31,JSWSTEEL,EXIT,exposure_floor
2021-12-31,KOTAKBANK,EXIT,exposure_floor
2021-12-31,M&M,EXIT,exposure_floor
2021-12-31,NTPC,EXIT,exposure_floor
2021-12-31,ONGC,EXIT,exposure_floor
2021-12-31,RELIANCE,EXIT,exposure_floor
2021-12-31,SHRIRAMFIN,EXIT,exposure_floor
2021-12-31,SBIN,EXIT,exposure_floor
2021-12-31,TATASTEEL,EXIT,exposure_floor
2021-12-31,TRENT,EXIT,exposure_floor
2022-01-03,BAJFINANCE,EXIT,exposure_floor
2022-01-03,BAJAJFINSV,EXIT,exposure_floor
2022-01-03,CIPLA,REDUCE,exposure_floor
2022-01-03,COALINDIA,EXIT,exposure_floor
2022-01-03,DRREDDY,EXIT,exposure_floor
2022-01-03,GRASIM,REDUCE,exposure_floor
2022-01-03,HDFCLIFE,EXIT,exposure_floor
2022-01-03,HINDALCO,EXIT,exposure_floor
2022-01-03,HINDUNILVR,EXIT,exposure_floor
2022-01-03,ITC,EXIT,exposure_floor
2022-01-03,JSWSTEEL,REDUCE,exposure_floor
2022-01-03,KOTAKBANK,EXIT,exposure_floor
2022-01-03,M&M,EXIT,exposure_floor
2022-01-03,NTPC,EXIT,exposure_floor
2022-01-03,ONGC,EXIT,exposure_floor
2022-01-03,RELIANCE,EXIT,exposure_floor
2022-01-03,SHRIRAMFIN,EXIT,exposure_floor
2022-01-03,TATASTEEL,EXIT,exposure_floor
2022-01-03,TRENT,EXIT,exposure_floor
2022-01-04,BAJFINANCE,EXIT,exposure_floor
2022-01-04,BAJAJFINSV,EXIT,exposure_floor
2022-01-04,CIPLA,REDUCE,exposure_floor
2022-01-04,COALINDIA,EXIT,exposure_floor
2022-01-04,DRREDDY,EXIT,exposure_floor
2022-01-04,GRASIM,REDUCE,exposure_floor
2022-01-04,HDFCLIFE,EXIT,exposure_floor
2022-01-04,HINDALCO,REDUCE,exposure_floor
2022-01-04,HINDUNILVR,EXIT,exposure_floor
2022-01-04,ITC,EXIT,exposure_floor
2022-01-04,JSWSTEEL,REDUCE,exposure_floor
2022-01-04,KOTAKBANK,EXIT,exposure_floor
2022-01-04,M&M,EXIT,exposure_floor
2022-01-04,NTPC,EXIT,exposure_floor
2022-01-04,ONGC,EXIT,exposure_floor
2022-01-04,RELIANCE,EXIT,exposure_floor
2022-01-04,SHRIRAMFIN,EXIT,exposure_floor
2022-01-04,TATASTEEL,EXIT,exposure_floor
2022-01-04,TRENT,EXIT,exposure_floor
2022-01-05,BAJFINANCE,EXIT,exposure_floor
2022-01-05,BAJAJFINSV,EXIT,exposure_floor
2022-01-05,CIPLA,REDUCE,exposure_floor
2022-01-05,COALINDIA,EXIT,exposure_floor
2022-01-05,DRREDDY,EXIT,exposure_floor
2022-01-05,HDFCLIFE,EXIT,exposure_floor
2022-01-05,HINDUNILVR,EXIT,exposure_floor
2022-01-05,ITC,EXIT,exposure_floor
2022-01-05,JSWSTEEL,REDUCE,exposure_floor
2022-01-05,KOTAKBANK,EXIT,exposure_floor
2022-01-05,M&M,EXIT,exposure_floor
2022-01-05,NTPC,EXIT,exposure_floor
2022-01-05,ONGC,EXIT,exposure_floor
2022-01-05,RELIANCE,EXIT,exposure_floor
2022-01-05,SHRIRAMFIN,EXIT,exposure_floor
2022-01-05,TATASTEEL,EXIT,exposure_floor
2022-01-05,TRENT,REDUCE,exposure_floor
2022-01-06,BAJFINANCE,EXIT,exposure_floor
2022-01-06,BAJAJFINSV,EXIT,exposure_floor
2022-01-06,COALINDIA,EXIT,exposure_floor
2022-01-06,DRREDDY,EXIT,exposure_floor
2022-01-06,HDFCLIFE,EXIT,exposure_floor
2022-01-06,ITC,EXIT,exposure_floor
2022-01-06,JSWSTEEL,REDUCE,exposure_floor
2022-01-06,KOTAKBANK,EXIT,exposure_floor
2022-01-06,M&M,EXIT,exposure_floor
2022-01-06,NTPC,EXIT,exposure_floor
2022-01-06,ONGC,EXIT,exposure_floor
2022-01-06,RELIANCE,EXIT,exposure_floor
2022-01-06,SHRIRAMFIN,EXIT,exposure_floor
2022-01-06,TATASTEEL,EXIT,exposure_floor
2022-01-07,ADANIPORTS,EXIT,exposure_floor
2022-01-07,BAJFINANCE,REDUCE,exposure_floor
2022-01-07,BAJAJFINSV,EXIT,exposure_floor
2022-01-07,CIPLA,EXIT,exposure_floor
2022-01-07,COALINDIA,EXIT,exposure_floor
2022-01-07,DRREDDY,EXIT,exposure_floor
2022-01-07,HDFCLIFE,EXIT,exposure_floor
2022-01-07,ITC,EXIT,exposure_floor
2022-01-07,JSWSTEEL,REDUCE,exposure_floor
2022-01-07,KOTAKBANK,EXIT,exposure_floor
2022-01-07,M&M,EXIT,exposure_floor
2022-01-07,NTPC,EXIT,exposure_floor
2022-01-07,ONGC,REDUCE,exposure_floor
2022-01-07,RELIANCE,EXIT,exposure_floor
2022-01-07,SHRIRAMFIN,EXIT,exposure_floor
2022-01-07,TATASTEEL,EXIT,exposure_floor
2022-01-10,BAJAJFINSV,EXIT,exposure_floor
2022-01-10,CIPLA,EXIT,exposure_floor
2022-01-10,COALINDIA,REDUCE,exposure_floor
2022-01-10,DRREDDY,EXIT,exposure_floor
2022-01-10,HDFCLIFE,EXIT,exposure_floor
2022-01-10,ITC,EXIT,exposure_floor
2022-01-10,KOTAKBANK,EXIT,exposure_floor
2022-01-10,M&M,EXIT,exposure_floor
2022-01-10,NTPC,EXIT,exposure_floor
2022-01-10,RELIANCE,EXIT,exposure_floor
2022-01-10,SHRIRAMFIN,EXIT,exposure_floor
2022-01-10,TATASTEEL,EXIT,exposure_floor
2022-01-11,BAJAJFINSV,EXIT,exposure_floor
2022-01-11,CIPLA,EXIT,exposure_floor
2022-01-11,COALINDIA,EXIT,exposure_floor
2022-01-11,DRREDDY,EXIT,exposure_floor
2022-01-11,HDFCLIFE,EXIT,exposure_floor
2022-01-11,ITC,EXIT,exposure_floor
2022-01-11,JSWSTEEL,EXIT,exposure_floor
2022-01-11,KOTAKBANK,EXIT,exposure_floor
2022-01-11,M&M,EXIT,exposure_floor
2022-01-11,NTPC,EXIT,exposure_floor
2022-01-11,RELIANCE,EXIT,exposure_floor
2022-01-11,SHRIRAMFIN,EXIT,exposure_floor
2022-01-11,TATASTEEL,EXIT,exposure_floor
2022-01-12,BAJAJFINSV,EXIT,exposure_floor
2022-01-12,CIPLA,EXIT,exposure_floor
2022-01-12,COALINDIA,EXIT,exposure_floor
2022-01-12,DRREDDY,EXIT,exposure_floor
2022-01-12,HDFCLIFE,EXIT,exposure_floor
2022-01-12,ITC,EXIT,exposure_floor
2022-01-12,JSWSTEEL,EXIT,exposure_floor
2022-01-12,KOTAKBANK,EXIT,exposure_floor
2022-01-12,M&M,EXIT,exposure_floor
2022-01-12,NTPC,EXIT,exposure_floor
2022-01-12,RELIANCE,EXIT,exposure_floor
2022-01-12,SHRIRAMFIN,EXIT,exposure_floor
2022-01-12,TATASTEEL,EXIT,exposure_floor
2022-01-13,BAJAJFINSV,REDUCE,exposure_floor
2022-01-13,CIPLA,EXIT,exposure_floor
2022-01-13,COALINDIA,REDUCE,exposure_floor
2022-01-13,DRREDDY,EXIT,exposure_floor
2022-01-13,HDFCLIFE,EXIT,exposure_floor
2022-01-13,ITC,EXIT,exposure_floor
2022-01-13,JSWSTEEL,EXIT,exposure_floor
2022-01-13,KOTAKBANK,EXIT,exposure_floor
2022-01-13,M&M,REDUCE,exposure_floor
2022-01-13,NTPC,EXIT,exposure_floor
2022-01-13,RELIANCE,EXIT,exposure_floor
2022-01-13,SHRIRAMFIN,EXIT,exposure_floor
2022-01-13,TATASTEEL,EXIT,exposure_floor
2022-01-13,WIPRO,REDUCE,exposure_floor
2022-01-14,CIPLA,EXIT,exposure_floor
2022-01-14,COALINDIA,REDUCE,exposure_floor
2022-01-14,DRREDDY,EXIT,exposure_floor
2022-01-14,HDFCLIFE,EXIT,exposure_floor
2022-01-14,ITC,EXIT,exposure_floor
2022-01-14,JSWSTEEL,EXIT,exposure_floor
2022-01-14,KOTAKBANK,EXIT,exposure_floor
2022-01-14,NTPC,EXIT,exposure_floor
2022-01-14,RELIANCE,EXIT,exposure_floor
2022-01-14,SHRIRAMFIN,EXIT,exposure_floor
2022-01-14,TATASTEEL,EXIT,exposure_floor
2022-01-14,WIPRO,REDUCE,exposure_floor
2022-01-17,COALINDIA,REDUCE,exposure_floor
2022-01-17,DRREDDY,EXIT,exposure_floor
2022-01-17,HDFCLIFE,EXIT,exposure_floor
2022-01-17,ITC,EXIT,exposure_floor
2022-01-17,KOTAKBANK,EXIT,exposure_floor
2022-01-17,NTPC,EXIT,exposure_floor
2022-01-17,RELIANCE,EXIT,exposure_floor
2022-01-17,SHRIRAMFIN,EXIT,exposure_floor
2022-01-17,TATASTEEL,EXIT,exposure_floor
2022-01-17,WIPRO,REDUCE,exposure_floor
2022-01-18,APOLLOHOSP,EXIT,exposure_floor
2022-01-18,BEL,REDUCE,exposure_floor
2022-01-18,COALINDIA,REDUCE,exposure_floor
2022-01-18,DRREDDY,EXIT,exposure_floor
2022-01-18,HDFCLIFE,EXIT,exposure_floor
2022-01-18,ITC,EXIT,exposure_floor
2022-01-18,KOTAKBANK,EXIT,exposure_floor
2022-01-18,NTPC,EXIT,exposure_floor
2022-01-18,RELIANCE,REDUCE,exposure_floor
2022-01-18,SHRIRAMFIN,EXIT,exposure_floor
2022-01-18,TATASTEEL,EXIT,exposure_floor
2022-01-18,WIPRO,REDUCE,exposure_floor
2022-01-19,APOLLOHOSP,EXIT,exposure_floor
2022-01-19,BEL,REDUCE,exposure_floor
2022-01-19,DRREDDY,EXIT,exposure_floor
2022-01-19,EICHERMOT,REDUCE,exposure_floor
2022-01-19,HDFCLIFE,EXIT,exposure_floor
2022-01-19,ITC,EXIT,exposure_floor
2022-01-19,JSWSTEEL,EXIT,exposure_floor
2022-01-19,KOTAKBANK,EXIT,exposure_floor
2022-01-19,NTPC,EXIT,exposure_floor
2022-01-19,SHRIRAMFIN,EXIT,exposure_floor
2022-01-19,TATASTEEL,EXIT,exposure_floor
2022-01-19,WIPRO,REDUCE,exposure_floor
2022-01-20,ADANIPORTS,EXIT,exposure_floor
2022-01-20,APOLLOHOSP,EXIT,exposure_floor
2022-01-20,BEL,REDUCE,exposure_floor
2022-01-20,DRREDDY,EXIT,exposure_floor
2022-01-20,EICHERMOT,REDUCE,exposure_floor
2022-01-20,HDFCLIFE,EXIT,exposure_floor
2022-01-20,ITC,EXIT,exposure_floor
2022-01-20,KOTAKBANK,EXIT,exposure_floor
2022-01-20,NTPC,EXIT,exposure_floor
2022-01-20,NESTLEIND,REDUCE,exposure_floor
2022-01-20,SHRIRAMFIN,EXIT,exposure_floor
2022-01-20,TATASTEEL,EXIT,exposure_floor
2022-01-20,WIPRO,REDUCE,exposure_floor
2022-01-21,ADANIPORTS,EXIT,exposure_floor
2022-01-21,APOLLOHOSP,EXIT,exposure_floor
2022-01-21,BAJAJFINSV,REDUCE,exposure_floor
2022-01-21,BEL,REDUCE,exposure_floor
2022-01-21,COALINDIA,EXIT,exposure_floor
2022-01-21,DRREDDY,EXIT,exposure_floor
2022-01-21,EICHERMOT,REDUCE,exposure_floor
2022-01-21,HDFCLIFE,EXIT,exposure_floor
2022-01-21,ITC,EXIT,exposure_floor
2022-01-21,JSWSTEEL,EXIT,exposure_floor
2022-01-21,KOTAKBANK,EXIT,exposure_floor
2022-01-21,MAXHEALTH,EXIT,exposure_floor
2022-01-21,NESTLEIND,REDUCE,exposure_floor
2022-01-21,SHRIRAMFIN,EXIT,exposure_floor
2022-01-21,TATASTEEL,EXIT,exposure_floor
2022-01-21,WIPRO,EXIT,exposure_floor
2022-01-24,ADANIPORTS,EXIT,exposure_floor
2022-01-24,APOLLOHOSP,EXIT,exposure_floor
2022-01-24,BAJFINANCE,REDUCE,exposure_floor
2022-01-24,BAJAJFINSV,EXIT,exposure_floor
2022-01-24,BEL,REDUCE,exposure_floor
2022-01-24,COALINDIA,REDUCE,exposure_floor
2022-01-24,DRREDDY,EXIT,exposure_floor
2022-01-24,EICHERMOT,REDUCE,exposure_floor
2022-01-24,GRASIM,REDUCE,exposure_floor
2022-01-24,HCLTECH,EXIT,exposure_floor
2022-01-24,HDFCLIFE,EXIT,exposure_floor
2022-01-24,ITC,EXIT,exposure_floor
2022-01-24,INDIGO,EXIT,exposure_floor
2022-01-24,JSWSTEEL,EXIT,exposure_floor
2022-01-24,KOTAKBANK,EXIT,exposure_floor
2022-01-24,M&M,REDUCE,exposure_floor
2022-01-24,MAXHEALTH,EXIT,exposure_floor
2022-01-24,SHRIRAMFIN,EXIT,exposure_floor
2022-01-24,TATASTEEL,EXIT,exposure_floor
2022-01-24,TECHM,EXIT,exposure_floor
2022-01-24,WIPRO,EXIT,exposure_floor
2022-01-25,ADANIPORTS,EXIT,exposure_floor
2022-01-25,APOLLOHOSP,EXIT,exposure_floor
2022-01-25,BAJAJFINSV,EXIT,exposure_floor
2022-01-25,BEL,REDUCE,exposure_floor
2022-01-25,DRREDDY,EXIT,exposure_floor
2022-01-25,EICHERMOT,REDUCE,exposure_floor
2022-01-25,GRASIM,REDUCE,exposure_floor
2022-01-25,HCLTECH,EXIT,exposure_floor
2022-01-25,HDFCLIFE,EXIT,exposure_floor
2022-01-25,ITC,EXIT,exposure_floor
2022-01-25,INDIGO,EXIT,exposure_floor
2022-01-25,JSWSTEEL,EXIT,exposure_floor
2022-01-25,KOTAKBANK,EXIT,exposure_floor
2022-01-25,MAXHEALTH,EXIT,exposure_floor
2022-01-25,SHRIRAMFIN,EXIT,exposure_floor
2022-01-25,TATASTEEL,EXIT,exposure_floor
2022-01-25,TECHM,EXIT,exposure_floor
2022-01-25,TITAN,REDUCE,exposure_floor
2022-01-25,WIPRO,EXIT,exposure_floor
2022-01-27,ADANIPORTS,EXIT,exposure_floor
2022-01-27,APOLLOHOSP,EXIT,exposure_floor
2022-01-27,BAJAJFINSV,EXIT,exposure_floor
2022-01-27,BEL,REDUCE,exposure_floor
2022-01-27,EICHERMOT,REDUCE,exposure_floor
2022-01-27,GRASIM,REDUCE,exposure_floor
2022-01-27,HCLTECH,EXIT,exposure_floor
2022-01-27,HDFCLIFE,EXIT,exposure_floor
2022-01-27,ITC,EXIT,exposure_floor
2022-01-27,INFY,REDUCE,exposure_floor
2022-01-27,INDIGO,EXIT,exposure_floor
2022-01-27,JSWSTEEL,EXIT,exposure_floor
2022-01-27,KOTAKBANK,EXIT,exposure_floor
2022-01-27,MAXHEALTH,EXIT,exposure_floor
2022-01-27,SHRIRAMFIN,EXIT,exposure_floor
2022-01-27,TATASTEEL,EXIT,exposure_floor
2022-01-27,TECHM,EXIT,exposure_floor
2022-01-27,TITAN,REDUCE,exposure_floor
2022-01-27,TRENT,REDUCE,exposure_floor
2022-01-27,WIPRO,EXIT,exposure_floor
2022-01-28,ADANIPORTS,EXIT,exposure_floor
2022-01-28,APOLLOHOSP,EXIT,exposure_floor
2022-01-28,BAJAJFINSV,EXIT,exposure_floor
2022-01-28,BEL,REDUCE,exposure_floor
2022-01-28,EICHERMOT,EXIT,exposure_floor
2022-01-28,GRASIM,REDUCE,exposure_floor
2022-01-28,HCLTECH,EXIT,exposure_floor
2022-01-28,HDFCLIFE,EXIT,exposure_floor
2022-01-28,ITC,EXIT,exposure_floor
2022-01-28,INFY,REDUCE,exposure_floor
2022-01-28,INDIGO,EXIT,exposure_floor
2022-01-28,JSWSTEEL,EXIT,exposure_floor
2022-01-28,KOTAKBANK,EXIT,exposure_floor
2022-01-28,MAXHEALTH,EXIT,exposure_floor
2022-01-28,SHRIRAMFIN,EXIT,exposure_floor
2022-01-28,TATASTEEL,EXIT,exposure_floor
2022-01-28,TECHM,EXIT,exposure_floor
2022-01-28,TRENT,REDUCE,exposure_floor
2022-01-28,WIPRO,EXIT,exposure_floor
2022-01-31,ADANIPORTS,EXIT,exposure_floor
2022-01-31,APOLLOHOSP,EXIT,exposure_floor
2022-01-31,BAJAJFINSV,EXIT,exposure_floor
2022-01-31,EICHERMOT,REDUCE,exposure_floor
2022-01-31,GRASIM,REDUCE,exposure_floor
2022-01-31,HCLTECH,EXIT,exposure_floor
2022-01-31,HDFCLIFE,EXIT,exposure_floor
2022-01-31,ITC,EXIT,exposure_floor
2022-01-31,INFY,REDUCE,exposure_floor
2022-01-31,INDIGO,EXIT,exposure_floor
2022-01-31,JSWSTEEL,EXIT,exposure_floor
2022-01-31,KOTAKBANK,EXIT,exposure_floor
2022-01-31,MAXHEALTH,EXIT,exposure_floor
2022-01-31,SHRIRAMFIN,EXIT,exposure_floor
2022-01-31,TATASTEEL,EXIT,exposure_floor
2022-01-31,TECHM,EXIT,exposure_floor
2022-01-31,TRENT,REDUCE,exposure_floor
2022-01-31,WIPRO,EXIT,exposure_floor
2022-02-01,APOLLOHOSP,EXIT,exposure_floor
2022-02-01,ASIANPAINT,REDUCE,exposure_floor
2022-02-01,BAJAJFINSV,EXIT,exposure_floor
2022-02-01,EICHERMOT,EXIT,exposure_floor
2022-02-01,GRASIM,REDUCE,exposure_floor
2022-02-01,HCLTECH,EXIT,exposure_floor
2022-02-01,HDFCLIFE,EXIT,exposure_floor
2022-02-01,ITC,EXIT,exposure_floor
2022-02-01,INFY,REDUCE,exposure_floor
2022-02-01,INDIGO,EXIT,exposure_floor
2022-02-01,JSWSTEEL,EXIT,exposure_floor
2022-02-01,KOTAKBANK,EXIT,exposure_floor
2022-02-01,MAXHEALTH,EXIT,exposure_floor
2022-02-01,SHRIRAMFIN,EXIT,exposure_floor
2022-02-01,TATASTEEL,EXIT,exposure_floor
2022-02-01,TECHM,EXIT,exposure_floor
2022-02-01,TRENT,REDUCE,exposure_floor
2022-02-01,WIPRO,EXIT,exposure_floor
2022-02-02,APOLLOHOSP,EXIT,exposure_floor
2022-02-02,ASIANPAINT,REDUCE,exposure_floor
2022-02-02,BAJAJFINSV,EXIT,exposure_floor
2022-02-02,EICHERMOT,REDUCE,exposure_floor
2022-02-02,GRASIM,REDUCE,exposure_floor
2022-02-02,HCLTECH,EXIT,exposure_floor
2022-02-02,HDFCLIFE,EXIT,exposure_floor
2022-02-02,ITC,EXIT,exposure_floor
2022-02-02,INFY,REDUCE,exposure_floor
2022-02-02,INDIGO,EXIT,exposure_floor
2022-02-02,JSWSTEEL,EXIT,exposure_floor
2022-02-02,KOTAKBANK,EXIT,exposure_floor
2022-02-02,MAXHEALTH,EXIT,exposure_floor
2022-02-02,SHRIRAMFIN,EXIT,exposure_floor
2022-02-02,TATASTEEL,EXIT,exposure_floor
2022-02-02,TECHM,EXIT,exposure_floor
2022-02-02,TRENT,REDUCE,exposure_floor
2022-02-02,WIPRO,EXIT,exposure_floor
2022-02-03,ADANIPORTS,EXIT,exposure_floor
2022-02-03,APOLLOHOSP,EXIT,exposure_floor
2022-02-03,ASIANPAINT,REDUCE,exposure_floor
2022-02-03,BAJFINANCE,REDUCE,exposure_floor
2022-02-03,BAJAJFINSV,EXIT,exposure_floor
2022-02-03,EICHERMOT,REDUCE,exposure_floor
2022-02-03,GRASIM,REDUCE,exposure_floor
2022-02-03,HCLTECH,EXIT,exposure_floor
2022-02-03,HDFCLIFE,EXIT,exposure_floor
2022-02-03,ITC,REDUCE,exposure_floor
2022-02-03,INFY,REDUCE,exposure_floor
2022-02-03,INDIGO,EXIT,exposure_floor
2022-02-03,JSWSTEEL,EXIT,exposure_floor
2022-02-03,KOTAKBANK,EXIT,exposure_floor
2022-02-03,MAXHEALTH,EXIT,exposure_floor
2022-02-03,SHRIRAMFIN,EXIT,exposure_floor
2022-02-03,TATASTEEL,EXIT,exposure_floor
2022-02-03,TECHM,EXIT,exposure_floor
2022-02-03,TRENT,REDUCE,exposure_floor
2022-02-03,WIPRO,EXIT,exposure_floor
2022-02-04,ADANIPORTS,EXIT,exposure_floor
2022-02-04,APOLLOHOSP,EXIT,exposure_floor
2022-02-04,ASIANPAINT,REDUCE,exposure_floor
2022-02-04,BAJFINANCE,REDUCE,exposure_floor
2022-02-04,BAJAJFINSV,EXIT,exposure_floor
2022-02-04,BEL,REDUCE,exposure_floor
2022-02-04,EICHERMOT,EXIT,exposure_floor
2022-02-04,GRASIM,REDUCE,exposure_floor
2022-02-04,HCLTECH,EXIT,exposure_floor
2022-02-04,HDFCLIFE,EXIT,exposure_floor
2022-02-04,INDIGO,EXIT,exposure_floor
2022-02-04,JSWSTEEL,EXIT,exposure_floor
2022-02-04,KOTAKBANK,EXIT,exposure_floor
2022-02-04,MAXHEALTH,EXIT,exposure_floor
2022-02-04,SHRIRAMFIN,EXIT,exposure_floor
2022-02-04,TATASTEEL,EXIT,exposure_floor
2022-02-04,TECHM,EXIT,exposure_floor
2022-02-04,TRENT,REDUCE,exposure_floor
2022-02-04,WIPRO,EXIT,exposure_floor
2022-02-07,ADANIPORTS,EXIT,exposure_floor
2022-02-07,APOLLOHOSP,EXIT,exposure_floor
2022-02-07,ASIANPAINT,REDUCE,exposure_floor
2022-02-07,BAJFINANCE,REDUCE,exposure_floor
2022-02-07,BAJAJFINSV,EXIT,exposure_floor
2022-02-07,BEL,REDUCE,exposure_floor
2022-02-07,EICHERMOT,EXIT,exposure_floor
2022-02-07,GRASIM,REDUCE,exposure_floor
2022-02-07,HCLTECH,EXIT,exposure_floor
2022-02-07,HDFCBANK,EXIT,exposure_floor
2022-02-07,HDFCLIFE,EXIT,exposure_floor
2022-02-07,JSWSTEEL,EXIT,exposure_floor
2022-02-07,KOTAKBANK,EXIT,exposure_floor
2022-02-07,MAXHEALTH,EXIT,exposure_floor
2022-02-07,RELIANCE,EXIT,exposure_floor
2022-02-07,SHRIRAMFIN,EXIT,exposure_floor
2022-02-07,TATASTEEL,EXIT,exposure_floor
2022-02-07,TECHM,EXIT,exposure_floor
2022-02-07,TRENT,REDUCE,exposure_floor
2022-02-07,WIPRO,EXIT,exposure_floor
2022-02-08,ADANIPORTS,EXIT,exposure_floor
2022-02-08,APOLLOHOSP,EXIT,exposure_floor
2022-02-08,ASIANPAINT,REDUCE,exposure_floor
2022-02-08,BAJFINANCE,REDUCE,exposure_floor
2022-02-08,BAJAJFINSV,EXIT,exposure_floor
2022-02-08,BEL,REDUCE,exposure_floor
2022-02-08,EICHERMOT,EXIT,exposure_floor
2022-02-08,GRASIM,REDUCE,exposure_floor
2022-02-08,HCLTECH,EXIT,exposure_floor
2022-02-08,HDFCBANK,EXIT,exposure_floor
2022-02-08,HDFCLIFE,EXIT,exposure_floor
2022-02-08,JSWSTEEL,EXIT,exposure_floor
2022-02-08,KOTAKBANK,EXIT,exposure_floor
2022-02-08,MAXHEALTH,EXIT,exposure_floor
2022-02-08,RELIANCE,EXIT,exposure_floor
2022-02-08,SBILIFE,REDUCE,exposure_floor
2022-02-08,SHRIRAMFIN,EXIT,exposure_floor
2022-02-08,TATASTEEL,EXIT,exposure_floor
2022-02-08,TECHM,EXIT,exposure_floor
2022-02-08,TRENT,REDUCE,exposure_floor
2022-02-08,WIPRO,EXIT,exposure_floor
2022-02-09,APOLLOHOSP,EXIT,exposure_floor
2022-02-09,ASIANPAINT,REDUCE,exposure_floor
2022-02-09,BAJFINANCE,REDUCE,exposure_floor
2022-02-09,BAJAJFINSV,EXIT,exposure_floor
2022-02-09,BEL,REDUCE,exposure_floor
2022-02-09,EICHERMOT,EXIT,exposure_floor
2022-02-09,HCLTECH,EXIT,exposure_floor
2022-02-09,HDFCBANK,EXIT,exposure_floor
2022-02-09,HDFCLIFE,EXIT,exposure_floor
2022-02-09,JSWSTEEL,EXIT,exposure_floor
2022-02-09,KOTAKBANK,EXIT,exposure_floor
2022-02-09,MAXHEALTH,EXIT,exposure_floor
2022-02-09,RELIANCE,EXIT,exposure_floor
2022-02-09,SBILIFE,REDUCE,exposure_floor
2022-02-09,SHRIRAMFIN,EXIT,exposure_floor
2022-02-09,TATASTEEL,EXIT,exposure_floor
2022-02-09,TECHM,EXIT,exposure_floor
2022-02-09,WIPRO,EXIT,exposure_floor
2022-02-10,APOLLOHOSP,EXIT,exposure_floor
2022-02-10,ASIANPAINT,REDUCE,exposure_floor
2022-02-10,BAJFINANCE,REDUCE,exposure_floor
2022-02-10,BAJAJFINSV,EXIT,exposure_floor
2022-02-10,BEL,REDUCE,exposure_floor
2022-02-10,EICHERMOT,REDUCE,exposure_floor
2022-02-10,HCLTECH,EXIT,exposure_floor
2022-02-10,HDFCBANK,EXIT,exposure_floor
2022-02-10,HDFCLIFE,EXIT,exposure_floor
2022-02-10,JSWSTEEL,EXIT,exposure_floor
2022-02-10,KOTAKBANK,EXIT,exposure_floor
2022-02-10,MAXHEALTH,EXIT,exposure_floor
2022-02-10,RELIANCE,EXIT,exposure_floor
2022-02-10,SBILIFE,REDUCE,exposure_floor
2022-02-10,SHRIRAMFIN,EXIT,exposure_floor
2022-02-10,TATASTEEL,REDUCE,exposure_floor
2022-02-10,TECHM,EXIT,exposure_floor
2022-02-10,WIPRO,EXIT,exposure_floor
2022-02-11,APOLLOHOSP,EXIT,exposure_floor
2022-02-11,ASIANPAINT,REDUCE,exposure_floor
2022-02-11,BAJFINANCE,REDUCE,exposure_floor
2022-02-11,BAJAJFINSV,EXIT,exposure_floor
2022-02-11,BEL,REDUCE,exposure_floor
2022-02-11,EICHERMOT,EXIT,exposure_floor
2022-02-11,GRASIM,REDUCE,exposure_floor
2022-02-11,HCLTECH,EXIT,exposure_floor
2022-02-11,HDFCLIFE,EXIT,exposure_floor
2022-02-11,JSWSTEEL,EXIT,exposure_floor
2022-02-11,KOTAKBANK,EXIT,exposure_floor
2022-02-11,MAXHEALTH,EXIT,exposure_floor
2022-02-11,RELIANCE,EXIT,exposure_floor
2022-02-11,SBILIFE,REDUCE,exposure_floor
2022-02-11,SHRIRAMFIN,EXIT,exposure_floor
2022-02-11,TATASTEEL,EXIT,exposure_floor
2022-02-11,TECHM,EXIT,exposure_floor
2022-02-11,WIPRO,EXIT,exposure_floor
2022-02-14,APOLLOHOSP,EXIT,exposure_floor
2022-02-14,ASIANPAINT,REDUCE,exposure_floor
2022-02-14,AXISBANK,REDUCE,exposure_floor
2022-02-14,BAJFINANCE,EXIT,exposure_floor
2022-02-14,BAJAJFINSV,EXIT,exposure_floor
2022-02-14,BEL,REDUCE,exposure_floor
2022-02-14,BHARTIARTL,REDUCE,exposure_floor
2022-02-14,EICHERMOT,EXIT,exposure_floor
2022-02-14,GRASIM,REDUCE,exposure_floor
2022-02-14,HCLTECH,EXIT,exposure_floor
2022-02-14,HDFCBANK,EXIT,exposure_floor
2022-02-14,HDFCLIFE,EXIT,exposure_floor
2022-02-14,JSWSTEEL,EXIT,exposure_floor
2022-02-14,KOTAKBANK,EXIT,exposure_floor
2022-02-14,MAXHEALTH,EXIT,exposure_floor
2022-02-14,RELIANCE,EXIT,exposure_floor
2022-02-14,SBILIFE,EXIT,exposure_floor
2022-02-14,SHRIRAMFIN,EXIT,exposure_floor
2022-02-14,TATASTEEL,EXIT,exposure_floor
2022-02-14,TECHM,EXIT,exposure_floor
2022-02-14,WIPRO,EXIT,exposure_floor
2022-02-15,ASIANPAINT,REDUCE,exposure_floor
2022-02-15,AXISBANK,REDUCE,exposure_floor
2022-02-15,BAJFINANCE,EXIT,exposure_floor
2022-02-15,BAJAJFINSV,EXIT,exposure_floor
2022-02-15,BEL,REDUCE,exposure_floor
2022-02-15,CIPLA,EXIT,exposure_floor
2022-02-15,EICHERMOT,REDUCE,exposure_floor
2022-02-15,GRASIM,REDUCE,exposure_floor
2022-02-15,HCLTECH,EXIT,exposure_floor
2022-02-15,HDFCBANK,EXIT,exposure_floor
2022-02-15,HDFCLIFE,EXIT,exposure_floor
2022-02-15,JSWSTEEL,EXIT,exposure_floor
2022-02-15,KOTAKBANK,EXIT,exposure_floor
2022-02-15,MAXHEALTH,EXIT,exposure_floor
2022-02-15,SBILIFE,EXIT,exposure_floor
2022-02-15,SHRIRAMFIN,EXIT,exposure_floor
2022-02-15,TATASTEEL,EXIT,exposure_floor
2022-02-15,TECHM,EXIT,exposure_floor
2022-02-15,WIPRO,EXIT,exposure_floor
2022-02-16,ASIANPAINT,REDUCE,exposure_floor
2022-02-16,AXISBANK,REDUCE,exposure_floor
2022-02-16,BAJFINANCE,EXIT,exposure_floor
2022-02-16,BAJAJFINSV,EXIT,exposure_floor
2022-02-16,BEL,REDUCE,exposure_floor
2022-02-16,EICHERMOT,REDUCE,exposure_floor
2022-02-16,GRASIM,REDUCE,exposure_floor
2022-02-16,HCLTECH,EXIT,exposure_floor
2022-02-16,HDFCBANK,EXIT,exposure_floor
2022-02-16,HDFCLIFE,EXIT,exposure_floor
2022-02-16,JSWSTEEL,EXIT,exposure_floor
2022-02-16,KOTAKBANK,EXIT,exposure_floor
2022-02-16,MAXHEALTH,EXIT,exposure_floor
2022-02-16,SBILIFE,EXIT,exposure_floor
2022-02-16,SHRIRAMFIN,EXIT,exposure_floor
2022-02-16,TATASTEEL,EXIT,exposure_floor
2022-02-16,TECHM,EXIT,exposure_floor
2022-02-16,WIPRO,EXIT,exposure_floor
2022-02-17,ASIANPAINT,REDUCE,exposure_floor
2022-02-17,AXISBANK,REDUCE,exposure_floor
2022-02-17,BAJFINANCE,EXIT,exposure_floor
2022-02-17,BAJAJFINSV,EXIT,exposure_floor
2022-02-17,BEL,REDUCE,exposure_floor
2022-02-17,EICHERMOT,REDUCE,exposure_floor
2022-02-17,GRASIM,REDUCE,exposure_floor
2022-02-17,HCLTECH,EXIT,exposure_floor
2022-02-17,HDFCBANK,EXIT,exposure_floor
2022-02-17,HDFCLIFE,EXIT,exposure_floor
2022-02-17,JSWSTEEL,EXIT,exposure_floor
2022-02-17,KOTAKBANK,EXIT,exposure_floor
2022-02-17,MAXHEALTH,EXIT,exposure_floor
2022-02-17,SBILIFE,EXIT,exposure_floor
2022-02-17,SHRIRAMFIN,EXIT,exposure_floor
2022-02-17,TATASTEEL,EXIT,exposure_floor
2022-02-17,TECHM,EXIT,exposure_floor
2022-02-17,WIPRO,EXIT,exposure_floor
2022-02-18,ASIANPAINT,REDUCE,exposure_floor
2022-02-18,AXISBANK,REDUCE,exposure_floor
2022-02-18,BAJAJFINSV,EXIT,exposure_floor
2022-02-18,BEL,REDUCE,exposure_floor
2022-02-18,CIPLA,EXIT,exposure_floor
2022-02-18,EICHERMOT,REDUCE,exposure_floor
2022-02-18,GRASIM,REDUCE,exposure_floor
2022-02-18,HCLTECH,EXIT,exposure_floor
2022-02-18,HDFCBANK,EXIT,exposure_floor
2022-02-18,HDFCLIFE,EXIT,exposure_floor
2022-02-18,JSWSTEEL,EXIT,exposure_floor
2022-02-18,KOTAKBANK,EXIT,exposure_floor
2022-02-18,MAXHEALTH,EXIT,exposure_floor
2022-02-18,SBILIFE,EXIT,exposure_floor
2022-02-18,SHRIRAMFIN,EXIT,exposure_floor
2022-02-18,TATASTEEL,EXIT,exposure_floor
2022-02-18,TECHM,EXIT,exposure_floor
2022-02-18,WIPRO,EXIT,exposure_floor
2022-02-21,ASIANPAINT,REDUCE,exposure_floor
2022-02-21,AXISBANK,REDUCE,exposure_floor
2022-02-21,BAJAJFINSV,EXIT,exposure_floor
2022-02-21,BEL,REDUCE,exposure_floor
2022-02-21,CIPLA,EXIT,exposure_floor
2022-02-21,EICHERMOT,REDUCE,exposure_floor
2022-02-21,GRASIM,REDUCE,exposure_floor
2022-02-21,HCLTECH,EXIT,exposure_floor
2022-02-21,HDFCLIFE,EXIT,exposure_floor
2022-02-21,JSWSTEEL,EXIT,exposure_floor
2022-02-21,KOTAKBANK,EXIT,exposure_floor
2022-02-21,MAXHEALTH,EXIT,exposure_floor
2022-02-21,SBILIFE,EXIT,exposure_floor
2022-02-21,SHRIRAMFIN,EXIT,exposure_floor
2022-02-21,TATASTEEL,EXIT,exposure_floor
2022-02-21,TECHM,EXIT,exposure_floor
2022-02-21,WIPRO,EXIT,exposure_floor
2022-02-22,ASIANPAINT,REDUCE,exposure_floor
2022-02-22,AXISBANK,REDUCE,exposure_floor
2022-02-22,BAJAJFINSV,EXIT,exposure_floor
2022-02-22,CIPLA,EXIT,exposure_floor
2022-02-22,EICHERMOT,REDUCE,exposure_floor
2022-02-22,GRASIM,REDUCE,exposure_floor
2022-02-22,HCLTECH,EXIT,exposure_floor
2022-02-22,HDFCBANK,EXIT,exposure_floor
2022-02-22,HDFCLIFE,EXIT,exposure_floor
2022-02-22,ITC,EXIT,exposure_floor
2022-02-22,JSWSTEEL,EXIT,exposure_floor
2022-02-22,KOTAKBANK,EXIT,exposure_floor
2022-02-22,MAXHEALTH,EXIT,exposure_floor
2022-02-22,SBILIFE,EXIT,exposure_floor
2022-02-22,SHRIRAMFIN,EXIT,exposure_floor
2022-02-22,TATASTEEL,EXIT,exposure_floor
2022-02-22,TECHM,EXIT,exposure_floor
2022-02-22,WIPRO,EXIT,exposure_floor
2022-02-23,ASIANPAINT,REDUCE,exposure_floor
2022-02-23,AXISBANK,REDUCE,exposure_floor
2022-02-23,BAJAJFINSV,EXIT,exposure_floor
2022-02-23,CIPLA,EXIT,exposure_floor
2022-02-23,EICHERMOT,REDUCE,exposure_floor
2022-02-23,GRASIM,REDUCE,exposure_floor
2022-02-23,HCLTECH,EXIT,exposure_floor
2022-02-23,HDFCBANK,EXIT,exposure_floor
2022-02-23,HDFCLIFE,EXIT,exposure_floor
2022-02-23,ITC,EXIT,exposure_floor
2022-02-23,JSWSTEEL,EXIT,exposure_floor
2022-02-23,KOTAKBANK,REDUCE,exposure_floor
2022-02-23,MAXHEALTH,EXIT,exposure_floor
2022-02-23,SBILIFE,EXIT,exposure_floor
2022-02-23,SHRIRAMFIN,EXIT,exposure_floor
2022-02-23,TATASTEEL,EXIT,exposure_floor
2022-02-23,TECHM,EXIT,exposure_floor
2022-02-23,WIPRO,EXIT,exposure_floor
2022-02-24,ADANIENT,EXIT,exposure_floor
2022-02-24,ASIANPAINT,EXIT,exposure_floor
2022-02-24,AXISBANK,EXIT,exposure_floor
2022-02-24,BAJAJFINSV,EXIT,exposure_floor
2022-02-24,BEL,EXIT,exposure_floor
2022-02-24,CIPLA,EXIT,exposure_floor
2022-02-24,COALINDIA,EXIT,exposure_floor
2022-02-24,EICHERMOT,EXIT,exposure_floor
2022-02-24,GRASIM,EXIT,exposure_floor
2022-02-24,HCLTECH,EXIT,exposure_floor
2022-02-24,HDFCBANK,EXIT,exposure_floor
2022-02-24,HDFCLIFE,EXIT,exposure_floor
2022-02-24,ICICIBANK,EXIT,exposure_floor
2022-02-24,ITC,EXIT,exposure_floor
2022-02-24,INFY,REDUCE,exposure_floor
2022-02-24,INDIGO,EXIT,exposure_floor
2022-02-24,JSWSTEEL,EXIT,exposure_floor
2022-02-24,KOTAKBANK,EXIT,exposure_floor
2022-02-24,LT,EXIT,exposure_floor
2022-02-24,MAXHEALTH,EXIT,exposure_floor
2022-02-24,RELIANCE,EXIT,exposure_floor
2022-02-24,SBILIFE,EXIT,exposure_floor
2022-02-24,SHRIRAMFIN,EXIT,exposure_floor
2022-02-24,TCS,EXIT,exposure_floor
2022-02-24,TATASTEEL,EXIT,exposure_floor
2022-02-24,TECHM,EXIT,exposure_floor
2022-02-24,WIPRO,EXIT,exposure_floor
2022-02-25,ADANIENT,EXIT,exposure_floor
2022-02-25,ASIANPAINT,EXIT,exposure_floor
2022-02-25,AXISBANK,REDUCE,exposure_floor
2022-02-25,BAJAJFINSV,EXIT,exposure_floor
2022-02-25,BEL,EXIT,exposure_floor
2022-02-25,CIPLA,EXIT,exposure_floor
2022-02-25,COALINDIA,REDUCE,exposure_floor
2022-02-25,EICHERMOT,EXIT,exposure_floor
2022-02-25,GRASIM,EXIT,exposure_floor
2022-02-25,HCLTECH,EXIT,exposure_floor
2022-02-25,HDFCBANK,EXIT,exposure_floor
2022-02-25,HDFCLIFE,EXIT,exposure_floor
2022-02-25,ICICIBANK,EXIT,exposure_floor
2022-02-25,ITC,EXIT,exposure_floor
2022-02-25,INFY,REDUCE,exposure_floor
2022-02-25,INDIGO,EXIT,exposure_floor
2022-02-25,JSWSTEEL,EXIT,exposure_floor
2022-02-25,KOTAKBANK,EXIT,exposure_floor
2022-02-25,LT,EXIT,exposure_floor
2022-02-25,MAXHEALTH,EXIT,exposure_floor
2022-02-25,RELIANCE,EXIT,exposure_floor
2022-02-25,SBILIFE,EXIT,exposure_floor
2022-02-25,SHRIRAMFIN,EXIT,exposure_floor
2022-02-25,TCS,EXIT,exposure_floor
2022-02-25,TATASTEEL,EXIT,exposure_floor
2022-02-25,TECHM,EXIT,exposure_floor
2022-02-25,WIPRO,EXIT,exposure_floor
2022-02-28,ADANIENT,EXIT,exposure_floor
2022-02-28,ASIANPAINT,EXIT,exposure_floor
2022-02-28,AXISBANK,EXIT,exposure_floor
2022-02-28,BAJAJFINSV,EXIT,exposure_floor
2022-02-28,CIPLA,EXIT,exposure_floor
2022-02-28,EICHERMOT,EXIT,exposure_floor
2022-02-28,GRASIM,EXIT,exposure_floor
2022-02-28,HCLTECH,EXIT,exposure_floor
2022-02-28,HDFCBANK,EXIT,exposure_floor
2022-02-28,HDFCLIFE,EXIT,exposure_floor
2022-02-28,ICICIBANK,EXIT,exposure_floor
2022-02-28,ITC,EXIT,exposure_floor
2022-02-28,INDIGO,EXIT,exposure_floor
2022-02-28,JSWSTEEL,EXIT,exposure_floor
2022-02-28,KOTAKBANK,EXIT,exposure_floor
2022-02-28,LT,EXIT,exposure_floor
2022-02-28,MAXHEALTH,EXIT,exposure_floor
2022-02-28,RELIANCE,EXIT,exposure_floor
2022-02-28,SBILIFE,EXIT,exposure_floor
2022-02-28,SHRIRAMFIN,EXIT,exposure_floor
2022-02-28,TCS,EXIT,exposure_floor
2022-02-28,TATASTEEL,EXIT,exposure_floor
2022-02-28,TECHM,EXIT,exposure_floor
2022-02-28,WIPRO,EXIT,exposure_floor
2022-03-02,ADANIENT,EXIT,exposure_floor
2022-03-02,APOLLOHOSP,EXIT,exposure_floor
2022-03-02,ASIANPAINT,EXIT,exposure_floor
2022-03-02,AXISBANK,REDUCE,exposure_floor
2022-03-02,BAJAJFINSV,EXIT,exposure_floor
2022-03-02,CIPLA,EXIT,exposure_floor
2022-03-02,EICHERMOT,EXIT,exposure_floor
2022-03-02,GRASIM,EXIT,exposure_floor
2022-03-02,HCLTECH,EXIT,exposure_floor
2022-03-02,HDFCBANK,EXIT,exposure_floor
2022-03-02,HDFCLIFE,EXIT,exposure_floor
2022-03-02,ICICIBANK,EXIT,exposure_floor
2022-03-02,ITC,EXIT,exposure_floor
2022-03-02,INDIGO,EXIT,exposure_floor
2022-03-02,JSWSTEEL,EXIT,exposure_floor
2022-03-02,KOTAKBANK,EXIT,exposure_floor
2022-03-02,LT,EXIT,exposure_floor
2022-03-02,MAXHEALTH,EXIT,exposure_floor
2022-03-02,SBILIFE,EXIT,exposure_floor
2022-03-02,SHRIRAMFIN,EXIT,exposure_floor
2022-03-02,TCS,EXIT,exposure_floor
2022-03-02,TATASTEEL,REDUCE,exposure_floor
2022-03-02,TECHM,EXIT,exposure_floor
2022-03-02,WIPRO,EXIT,exposure_floor
2022-03-03,ADANIENT,EXIT,exposure_floor
2022-03-03,ASIANPAINT,EXIT,exposure_floor
2022-03-03,AXISBANK,EXIT,exposure_floor
2022-03-03,BAJAJFINSV,EXIT,exposure_floor
2022-03-03,CIPLA,REDUCE,exposure_floor
2022-03-03,EICHERMOT,EXIT,exposure_floor
2022-03-03,GRASIM,EXIT,exposure_floor
2022-03-03,HCLTECH,EXIT,exposure_floor
2022-03-03,HDFCBANK,EXIT,exposure_floor
2022-03-03,HDFCLIFE,EXIT,exposure_floor
2022-03-03,ICICIBANK,EXIT,exposure_floor
2022-03-03,ITC,REDUCE,exposure_floor
2022-03-03,INDIGO,EXIT,exposure_floor
2022-03-03,JSWSTEEL,EXIT,exposure_floor
2022-03-03,KOTAKBANK,EXIT,exposure_floor
2022-03-03,LT,EXIT,exposure_floor
2022-03-03,MARUTI,EXIT,exposure_floor
2022-03-03,MAXHEALTH,EXIT,exposure_floor
2022-03-03,SBILIFE,EXIT,exposure_floor
2022-03-03,SHRIRAMFIN,EXIT,exposure_floor
2022-03-03,TCS,EXIT,exposure_floor
2022-03-03,TATASTEEL,REDUCE,exposure_floor
2022-03-03,TECHM,EXIT,exposure_floor
2022-03-03,WIPRO,EXIT,exposure_floor
2022-03-04,ADANIENT,EXIT,exposure_floor
2022-03-04,APOLLOHOSP,EXIT,exposure_floor
2022-03-04,ASIANPAINT,EXIT,exposure_floor
2022-03-04,AXISBANK,EXIT,exposure_floor
2022-03-04,BAJAJFINSV,EXIT,exposure_floor
2022-03-04,CIPLA,REDUCE,exposure_floor
2022-03-04,EICHERMOT,EXIT,exposure_floor
2022-03-04,GRASIM,EXIT,exposure_floor
2022-03-04,HCLTECH,EXIT,exposure_floor
2022-03-04,HDFCBANK,EXIT,exposure_floor
2022-03-04,HDFCLIFE,EXIT,exposure_floor
2022-03-04,ICICIBANK,EXIT,exposure_floor
2022-03-04,INDIGO,EXIT,exposure_floor
2022-03-04,JSWSTEEL,EXIT,exposure_floor
2022-03-04,KOTAKBANK,EXIT,exposure_floor
2022-03-04,LT,EXIT,exposure_floor
2022-03-04,MARUTI,EXIT,exposure_floor
2022-03-04,MAXHEALTH,EXIT,exposure_floor
2022-03-04,SBILIFE,EXIT,exposure_floor
2022-03-04,SHRIRAMFIN,EXIT,exposure_floor
2022-03-04,SBIN,EXIT,exposure_floor
2022-03-04,TCS,EXIT,exposure_floor
2022-03-04,TATASTEEL,EXIT,exposure_floor
2022-03-04,TECHM,EXIT,exposure_floor
2022-03-04,WIPRO,EXIT,exposure_floor
2022-03-07,ADANIENT,EXIT,exposure_floor
2022-03-07,APOLLOHOSP,EXIT,exposure_floor
2022-03-07,ASIANPAINT,EXIT,exposure_floor
2022-03-07,AXISBANK,EXIT,exposure_floor
2022-03-07,BAJAJFINSV,EXIT,exposure_floor
2022-03-07,CIPLA,REDUCE,exposure_floor
2022-03-07,EICHERMOT,EXIT,exposure_floor
2022-03-07,GRASIM,EXIT,exposure_floor
2022-03-07,HCLTECH,EXIT,exposure_floor
2022-03-07,HDFCBANK,EXIT,exposure_floor
2022-03-07,HDFCLIFE,EXIT,exposure_floor
2022-03-07,ICICIBANK,EXIT,exposure_floor
2022-03-07,INFY,REDUCE,exposure_floor
2022-03-07,INDIGO,EXIT,exposure_floor
2022-03-07,JSWSTEEL,EXIT,exposure_floor
2022-03-07,KOTAKBANK,EXIT,exposure_floor
2022-03-07,LT,EXIT,exposure_floor
2022-03-07,MARUTI,EXIT,exposure_floor
2022-03-07,MAXHEALTH,EXIT,exposure_floor
2022-03-07,SBILIFE,EXIT,exposure_floor
2022-03-07,SHRIRAMFIN,EXIT,exposure_floor
2022-03-07,SBIN,EXIT,exposure_floor
2022-03-07,TATASTEEL,REDUCE,exposure_floor
2022-03-07,TECHM,EXIT,exposure_floor
2022-03-07,WIPRO,EXIT,exposure_floor
2022-03-08,ADANIENT,EXIT,exposure_floor
2022-03-08,APOLLOHOSP,REDUCE,exposure_floor
2022-03-08,ASIANPAINT,EXIT,exposure_floor
2022-03-08,AXISBANK,EXIT,exposure_floor
2022-03-08,BAJAJFINSV,EXIT,exposure_floor
2022-03-08,CIPLA,REDUCE,exposure_floor
2022-03-08,EICHERMOT,EXIT,exposure_floor
2022-03-08,GRASIM,EXIT,exposure_floor
2022-03-08,HCLTECH,EXIT,exposure_floor
2022-03-08,HDFCBANK,EXIT,exposure_floor
2022-03-08,HDFCLIFE,EXIT,exposure_floor
2022-03-08,ICICIBANK,EXIT,exposure_floor
2022-03-08,INFY,REDUCE,exposure_floor
2022-03-08,INDIGO,EXIT,exposure_floor
2022-03-08,JSWSTEEL,EXIT,exposure_floor
2022-03-08,KOTAKBANK,EXIT,exposure_floor
2022-03-08,LT,EXIT,exposure_floor
2022-03-08,MARUTI,EXIT,exposure_floor
2022-03-08,MAXHEALTH,EXIT,exposure_floor
2022-03-08,SBILIFE,EXIT,exposure_floor
2022-03-08,SHRIRAMFIN,EXIT,exposure_floor
2022-03-08,SBIN,EXIT,exposure_floor
2022-03-08,TATASTEEL,EXIT,exposure_floor
2022-03-08,TECHM,EXIT,exposure_floor
2022-03-08,WIPRO,EXIT,exposure_floor
2022-03-09,ADANIENT,EXIT,exposure_floor
2022-03-09,APOLLOHOSP,EXIT,exposure_floor
2022-03-09,ASIANPAINT,EXIT,exposure_floor
2022-03-09,AXISBANK,EXIT,exposure_floor
2022-03-09,BAJAJFINSV,EXIT,exposure_floor
2022-03-09,EICHERMOT,EXIT,exposure_floor
2022-03-09,GRASIM,EXIT,exposure_floor
2022-03-09,HCLTECH,EXIT,exposure_floor
2022-03-09,HDFCBANK,EXIT,exposure_floor
2022-03-09,HDFCLIFE,EXIT,exposure_floor
2022-03-09,ICICIBANK,EXIT,exposure_floor
2022-03-09,INDIGO,EXIT,exposure_floor
2022-03-09,JSWSTEEL,EXIT,exposure_floor
2022-03-09,KOTAKBANK,EXIT,exposure_floor
2022-03-09,LT,EXIT,exposure_floor
2022-03-09,MARUTI,EXIT,exposure_floor
2022-03-09,MAXHEALTH,EXIT,exposure_floor
2022-03-09,SBILIFE,EXIT,exposure_floor
2022-03-09,SHRIRAMFIN,EXIT,exposure_floor
2022-03-09,SBIN,EXIT,exposure_floor
2022-03-09,TATASTEEL,REDUCE,exposure_floor
2022-03-09,TECHM,EXIT,exposure_floor
2022-03-09,WIPRO,EXIT,exposure_floor
2022-03-10,ADANIENT,REDUCE,exposure_floor
2022-03-10,APOLLOHOSP,REDUCE,exposure_floor
2022-03-10,ASIANPAINT,EXIT,exposure_floor
2022-03-10,AXISBANK,EXIT,exposure_floor
2022-03-10,BAJAJFINSV,EXIT,exposure_floor
2022-03-10,EICHERMOT,EXIT,exposure_floor
2022-03-10,GRASIM,EXIT,exposure_floor
2022-03-10,HCLTECH,EXIT,exposure_floor
2022-03-10,HDFCBANK,EXIT,exposure_floor
2022-03-10,HDFCLIFE,EXIT,exposure_floor
2022-03-10,ICICIBANK,EXIT,exposure_floor
2022-03-10,INDIGO,EXIT,exposure_floor
2022-03-10,JSWSTEEL,EXIT,exposure_floor
2022-03-10,KOTAKBANK,EXIT,exposure_floor
2022-03-10,LT,EXIT,exposure_floor
2022-03-10,MARUTI,EXIT,exposure_floor
2022-03-10,MAXHEALTH,EXIT,exposure_floor
2022-03-10,SBILIFE,EXIT,exposure_floor
2022-03-10,SHRIRAMFIN,EXIT,exposure_floor
2022-03-10,SBIN,EXIT,exposure_floor
2022-03-10,TATASTEEL,REDUCE,exposure_floor
2022-03-10,TECHM,EXIT,exposure_floor
2022-03-10,WIPRO,EXIT,exposure_floor
2022-03-11,APOLLOHOSP,EXIT,exposure_floor
2022-03-11,ASIANPAINT,EXIT,exposure_floor
2022-03-11,AXISBANK,EXIT,exposure_floor
2022-03-11,BAJAJFINSV,EXIT,exposure_floor
2022-03-11,EICHERMOT,EXIT,exposure_floor
2022-03-11,GRASIM,EXIT,exposure_floor
2022-03-11,HCLTECH,EXIT,exposure_floor
2022-03-11,HDFCBANK,EXIT,exposure_floor
2022-03-11,HDFCLIFE,EXIT,exposure_floor
2022-03-11,ICICIBANK,EXIT,exposure_floor
2022-03-11,INDIGO,EXIT,exposure_floor
2022-03-11,JSWSTEEL,EXIT,exposure_floor
2022-03-11,KOTAKBANK,EXIT,exposure_floor
2022-03-11,LT,EXIT,exposure_floor
2022-03-11,MARUTI,EXIT,exposure_floor
2022-03-11,MAXHEALTH,EXIT,exposure_floor
2022-03-11,SBILIFE,EXIT,exposure_floor
2022-03-11,SBIN,EXIT,exposure_floor
2022-03-11,TATASTEEL,REDUCE,exposure_floor
2022-03-11,TECHM,EXIT,exposure_floor
2022-03-11,WIPRO,EXIT,exposure_floor
2022-03-14,APOLLOHOSP,REDUCE,exposure_floor
2022-03-14,ASIANPAINT,EXIT,exposure_floor
2022-03-14,AXISBANK,EXIT,exposure_floor
2022-03-14,BAJAJFINSV,EXIT,exposure_floor
2022-03-14,EICHERMOT,EXIT,exposure_floor
2022-03-14,GRASIM,EXIT,exposure_floor
2022-03-14,HCLTECH,EXIT,exposure_floor
2022-03-14,HDFCBANK,EXIT,exposure_floor
2022-03-14,HDFCLIFE,EXIT,exposure_floor
2022-03-14,INDIGO,EXIT,exposure_floor
2022-03-14,JSWSTEEL,EXIT,exposure_floor
2022-03-14,KOTAKBANK,EXIT,exposure_floor
2022-03-14,LT,EXIT,exposure_floor
2022-03-14,MARUTI,EXIT,exposure_floor
2022-03-14,MAXHEALTH,EXIT,exposure_floor
2022-03-14,SBILIFE,EXIT,exposure_floor
2022-03-14,SBIN,EXIT,exposure_floor
2022-03-14,TATASTEEL,REDUCE,exposure_floor
2022-03-14,TECHM,EXIT,exposure_floor
2022-03-14,WIPRO,EXIT,exposure_floor
2022-03-15,APOLLOHOSP,EXIT,exposure_floor
2022-03-15,ASIANPAINT,EXIT,exposure_floor
2022-03-15,AXISBANK,EXIT,exposure_floor
2022-03-15,BAJAJFINSV,EXIT,exposure_floor
2022-03-15,EICHERMOT,EXIT,exposure_floor
2022-03-15,GRASIM,EXIT,exposure_floor
2022-03-15,HCLTECH,EXIT,exposure_floor
2022-03-15,HDFCBANK,EXIT,exposure_floor
2022-03-15,HDFCLIFE,EXIT,exposure_floor
2022-03-15,INDIGO,EXIT,exposure_floor
2022-03-15,JSWSTEEL,EXIT,exposure_floor
2022-03-15,KOTAKBANK,EXIT,exposure_floor
2022-03-15,LT,EXIT,exposure_floor
2022-03-15,MARUTI,EXIT,exposure_floor
2022-03-15,MAXHEALTH,EXIT,exposure_floor
2022-03-15,SBILIFE,EXIT,exposure_floor
2022-03-15,SBIN,EXIT,exposure_floor
2022-03-15,TATASTEEL,EXIT,exposure_floor
2022-03-15,TECHM,EXIT,exposure_floor
2022-03-15,WIPRO,EXIT,exposure_floor
2022-03-16,APOLLOHOSP,REDUCE,exposure_floor
2022-03-16,ASIANPAINT,EXIT,exposure_floor
2022-03-16,AXISBANK,EXIT,exposure_floor
2022-03-16,BAJAJFINSV,EXIT,exposure_floor
2022-03-16,EICHERMOT,EXIT,exposure_floor
2022-03-16,GRASIM,EXIT,exposure_floor
2022-03-16,HCLTECH,EXIT,exposure_floor
2022-03-16,HDFCBANK,EXIT,exposure_floor
2022-03-16,HDFCLIFE,EXIT,exposure_floor
2022-03-16,INDIGO,EXIT,exposure_floor
2022-03-16,JSWSTEEL,EXIT,exposure_floor
2022-03-16,KOTAKBANK,EXIT,exposure_floor
2022-03-16,LT,EXIT,exposure_floor
2022-03-16,MARUTI,EXIT,exposure_floor
2022-03-16,MAXHEALTH,EXIT,exposure_floor
2022-03-16,SBILIFE,EXIT,exposure_floor
2022-03-16,SBIN,EXIT,exposure_floor
2022-03-16,TATASTEEL,REDUCE,exposure_floor
2022-03-16,TECHM,EXIT,exposure_floor
2022-03-16,WIPRO,EXIT,exposure_floor
2022-03-17,APOLLOHOSP,EXIT,exposure_floor
2022-03-17,ASIANPAINT,EXIT,exposure_floor
2022-03-17,AXISBANK,EXIT,exposure_floor
2022-03-17,BAJAJFINSV,EXIT,exposure_floor
2022-03-17,EICHERMOT,EXIT,exposure_floor
2022-03-17,GRASIM,EXIT,exposure_floor
2022-03-17,HDFCBANK,EXIT,exposure_floor
2022-03-17,HDFCLIFE,EXIT,exposure_floor
2022-03-17,INDIGO,EXIT,exposure_floor
2022-03-17,JSWSTEEL,REDUCE,exposure_floor
2022-03-17,KOTAKBANK,EXIT,exposure_floor
2022-03-17,LT,EXIT,exposure_floor
2022-03-17,MARUTI,EXIT,exposure_floor
2022-03-17,MAXHEALTH,EXIT,exposure_floor
2022-03-17,SBILIFE,EXIT,exposure_floor
2022-03-17,SBIN,EXIT,exposure_floor
2022-03-17,TATASTEEL,REDUCE,exposure_floor
2022-03-17,WIPRO,EXIT,exposure_floor
2022-03-21,ADANIPORTS,EXIT,exposure_floor
2022-03-21,APOLLOHOSP,REDUCE,exposure_floor
2022-03-21,ASIANPAINT,EXIT,exposure_floor
2022-03-21,AXISBANK,EXIT,exposure_floor
2022-03-21,BAJAJFINSV,EXIT,exposure_floor
2022-03-21,EICHERMOT,EXIT,exposure_floor
2022-03-21,GRASIM,EXIT,exposure_floor
2022-03-21,HDFCBANK,EXIT,exposure_floor
2022-03-21,HDFCLIFE,EXIT,exposure_floor
2022-03-21,INDIGO,EXIT,exposure_floor
2022-03-21,JSWSTEEL,REDUCE,exposure_floor
2022-03-21,KOTAKBANK,EXIT,exposure_floor
2022-03-21,LT,EXIT,exposure_floor
2022-03-21,MARUTI,EXIT,exposure_floor
2022-03-21,MAXHEALTH,EXIT,exposure_floor
2022-03-21,SBILIFE,EXIT,exposure_floor
2022-03-21,SBIN,EXIT,exposure_floor
2022-03-21,TATACONSUM,EXIT,exposure_floor
2022-03-21,TATASTEEL,REDUCE,exposure_floor
2022-03-21,WIPRO,EXIT,exposure_floor
2022-03-22,APOLLOHOSP,EXIT,exposure_floor
2022-03-22,ASIANPAINT,EXIT,exposure_floor
2022-03-22,AXISBANK,EXIT,exposure_floor
2022-03-22,BAJAJFINSV,EXIT,exposure_floor
2022-03-22,EICHERMOT,EXIT,exposure_floor
2022-03-22,GRASIM,EXIT,exposure_floor
2022-03-22,HDFCBANK,EXIT,exposure_floor
2022-03-22,HDFCLIFE,EXIT,exposure_floor
2022-03-22,INDIGO,EXIT,exposure_floor
2022-03-22,JSWSTEEL,REDUCE,exposure_floor
2022-03-22,KOTAKBANK,EXIT,exposure_floor
2022-03-22,LT,EXIT,exposure_floor
2022-03-22,MARUTI,EXIT,exposure_floor
2022-03-22,MAXHEALTH,EXIT,exposure_floor
2022-03-22,SBILIFE,EXIT,exposure_floor
2022-03-22,SBIN,EXIT,exposure_floor
2022-03-22,TATACONSUM,EXIT,exposure_floor
2022-03-22,TATASTEEL,REDUCE,exposure_floor
2022-03-22,WIPRO,EXIT,exposure_floor
2022-03-23,ADANIPORTS,EXIT,exposure_floor
2022-03-23,APOLLOHOSP,EXIT,exposure_floor
2022-03-23,ASIANPAINT,EXIT,exposure_floor
2022-03-23,AXISBANK,EXIT,exposure_floor
2022-03-23,BAJAJFINSV,EXIT,exposure_floor
2022-03-23,EICHERMOT,EXIT,exposure_floor
2022-03-23,GRASIM,EXIT,exposure_floor
2022-03-23,HDFCBANK,EXIT,exposure_floor
2022-03-23,HDFCLIFE,EXIT,exposure_floor
2022-03-23,INDIGO,EXIT,exposure_floor
2022-03-23,JSWSTEEL,REDUCE,exposure_floor
2022-03-23,KOTAKBANK,EXIT,exposure_floor
2022-03-23,LT,EXIT,exposure_floor
2022-03-23,MARUTI,EXIT,exposure_floor
2022-03-23,MAXHEALTH,EXIT,exposure_floor
2022-03-23,SBILIFE,EXIT,exposure_floor
2022-03-23,SBIN,EXIT,exposure_floor
2022-03-23,TATACONSUM,EXIT,exposure_floor
2022-03-23,TATASTEEL,REDUCE,exposure_floor
2022-03-23,WIPRO,EXIT,exposure_floor
2022-03-24,APOLLOHOSP,EXIT,exposure_floor
2022-03-24,ASIANPAINT,EXIT,exposure_floor
2022-03-24,AXISBANK,EXIT,exposure_floor
2022-03-24,BAJAJFINSV,EXIT,exposure_floor
2022-03-24,EICHERMOT,EXIT,exposure_floor
2022-03-24,GRASIM,EXIT,exposure_floor
2022-03-24,HDFCBANK,EXIT,exposure_floor
2022-03-24,HDFCLIFE,EXIT,exposure_floor
2022-03-24,INDIGO,EXIT,exposure_floor
2022-03-24,JSWSTEEL,REDUCE,exposure_floor
2022-03-24,KOTAKBANK,EXIT,exposure_floor
2022-03-24,LT,EXIT,exposure_floor
2022-03-24,MARUTI,EXIT,exposure_floor
2022-03-24,MAXHEALTH,EXIT,exposure_floor
2022-03-24,SBILIFE,EXIT,exposure_floor
2022-03-24,SBIN,EXIT,exposure_floor
2022-03-24,TATASTEEL,REDUCE,exposure_floor
2022-03-24,WIPRO,EXIT,exposure_floor
2022-03-25,APOLLOHOSP,EXIT,exposure_floor
2022-03-25,ASIANPAINT,EXIT,exposure_floor
2022-03-25,AXISBANK,EXIT,exposure_floor
2022-03-25,BAJAJFINSV,EXIT,exposure_floor
2022-03-25,EICHERMOT,EXIT,exposure_floor
2022-03-25,GRASIM,EXIT,exposure_floor
2022-03-25,HDFCBANK,EXIT,exposure_floor
2022-03-25,HDFCLIFE,EXIT,exposure_floor
2022-03-25,INDIGO,EXIT,exposure_floor
2022-03-25,JSWSTEEL,REDUCE,exposure_floor
2022-03-25,KOTAKBANK,EXIT,exposure_floor
2022-03-25,LT,EXIT,exposure_floor
2022-03-25,MARUTI,EXIT,exposure_floor
2022-03-25,MAXHEALTH,EXIT,exposure_floor
2022-03-25,SBILIFE,EXIT,exposure_floor
2022-03-25,SBIN,EXIT,exposure_floor
2022-03-25,TATASTEEL,REDUCE,exposure_floor
2022-03-25,WIPRO,EXIT,exposure_floor
2022-03-28,ADANIPORTS,EXIT,exposure_floor
2022-03-28,APOLLOHOSP,EXIT,exposure_floor
2022-03-28,ASIANPAINT,EXIT,exposure_floor
2022-03-28,AXISBANK,EXIT,exposure_floor
2022-03-28,BAJAJFINSV,EXIT,exposure_floor
2022-03-28,GRASIM,EXIT,exposure_floor
2022-03-28,HDFCBANK,EXIT,exposure_floor
2022-03-28,HDFCLIFE,EXIT,exposure_floor
2022-03-28,INDIGO,EXIT,exposure_floor
2022-03-28,JSWSTEEL,REDUCE,exposure_floor
2022-03-28,KOTAKBANK,EXIT,exposure_floor
2022-03-28,LT,EXIT,exposure_floor
2022-03-28,MARUTI,EXIT,exposure_floor
2022-03-28,MAXHEALTH,EXIT,exposure_floor
2022-03-28,SBILIFE,EXIT,exposure_floor
2022-03-28,SBIN,EXIT,exposure_floor
2022-03-28,TATASTEEL,REDUCE,exposure_floor
2022-03-28,WIPRO,EXIT,exposure_floor
2022-03-29,APOLLOHOSP,EXIT,exposure_floor
2022-03-29,ASIANPAINT,EXIT,exposure_floor
2022-03-29,AXISBANK,EXIT,exposure_floor
2022-03-29,BAJAJFINSV,EXIT,exposure_floor
2022-03-29,GRASIM,EXIT,exposure_floor
2022-03-29,HDFCBANK,EXIT,exposure_floor
2022-03-29,HDFCLIFE,EXIT,exposure_floor
2022-03-29,INDIGO,EXIT,exposure_floor
2022-03-29,JSWSTEEL,REDUCE,exposure_floor
2022-03-29,KOTAKBANK,EXIT,exposure_floor
2022-03-29,LT,EXIT,exposure_floor
2022-03-29,MARUTI,EXIT,exposure_floor
2022-03-29,MAXHEALTH,EXIT,exposure_floor
2022-03-29,SBILIFE,EXIT,exposure_floor
2022-03-29,SBIN,EXIT,exposure_floor
2022-03-29,TATASTEEL,REDUCE,exposure_floor
2022-03-29,WIPRO,EXIT,exposure_floor
2022-03-30,APOLLOHOSP,EXIT,exposure_floor
2022-03-30,ASIANPAINT,EXIT,exposure_floor
2022-03-30,AXISBANK,REDUCE,exposure_floor
2022-03-30,BAJAJFINSV,EXIT,exposure_floor
2022-03-30,GRASIM,EXIT,exposure_floor
2022-03-30,HDFCBANK,EXIT,exposure_floor
2022-03-30,HDFCLIFE,EXIT,exposure_floor
2022-03-30,INDIGO,EXIT,exposure_floor
2022-03-30,JSWSTEEL,REDUCE,exposure_floor
2022-03-30,KOTAKBANK,EXIT,exposure_floor
2022-03-30,LT,EXIT,exposure_floor
2022-03-30,MARUTI,EXIT,exposure_floor
2022-03-30,MAXHEALTH,EXIT,exposure_floor
2022-03-30,SBILIFE,EXIT,exposure_floor
2022-03-30,SBIN,EXIT,exposure_floor
2022-03-30,TATASTEEL,REDUCE,exposure_floor
2022-03-30,WIPRO,EXIT,exposure_floor
2022-03-31,APOLLOHOSP,EXIT,exposure_floor
2022-03-31,ASIANPAINT,EXIT,exposure_floor
2022-03-31,BAJAJFINSV,EXIT,exposure_floor
2022-03-31,GRASIM,EXIT,exposure_floor
2022-03-31,HDFCBANK,EXIT,exposure_floor
2022-03-31,HDFCLIFE,EXIT,exposure_floor
2022-03-31,INDIGO,EXIT,exposure_floor
2022-03-31,JSWSTEEL,REDUCE,exposure_floor
2022-03-31,KOTAKBANK,EXIT,exposure_floor
2022-03-31,LT,EXIT,exposure_floor
2022-03-31,MARUTI,EXIT,exposure_floor
2022-03-31,MAXHEALTH,EXIT,exposure_floor
2022-03-31,SBILIFE,EXIT,exposure_floor
2022-03-31,SBIN,EXIT,exposure_floor
2022-03-31,TATASTEEL,REDUCE,exposure_floor
2022-03-31,WIPRO,EXIT,exposure_floor
2022-04-01,APOLLOHOSP,EXIT,exposure_floor
2022-04-01,ASIANPAINT,EXIT,exposure_floor
2022-04-01,BAJAJFINSV,EXIT,exposure_floor
2022-04-01,GRASIM,EXIT,exposure_floor
2022-04-01,HDFCBANK,EXIT,exposure_floor
2022-04-01,INDIGO,EXIT,exposure_floor
2022-04-01,JSWSTEEL,REDUCE,exposure_floor
2022-04-01,KOTAKBANK,EXIT,exposure_floor
2022-04-01,LT,EXIT,exposure_floor
2022-04-01,MARUTI,EXIT,exposure_floor
2022-04-01,MAXHEALTH,EXIT,exposure_floor
2022-04-01,SBILIFE,EXIT,exposure_floor
2022-04-01,SBIN,REDUCE,exposure_floor
2022-04-01,TATASTEEL,REDUCE,exposure_floor
2022-04-01,WIPRO,EXIT,exposure_floor
2022-04-04,APOLLOHOSP,EXIT,exposure_floor
2022-04-04,ASIANPAINT,EXIT,exposure_floor
2022-04-04,BAJAJFINSV,EXIT,exposure_floor
2022-04-04,GRASIM,EXIT,exposure_floor
2022-04-04,INDIGO,EXIT,exposure_floor
2022-04-04,JSWSTEEL,REDUCE,exposure_floor
2022-04-04,KOTAKBANK,EXIT,exposure_floor
2022-04-04,LT,EXIT,exposure_floor
2022-04-04,MARUTI,EXIT,exposure_floor
2022-04-04,MAXHEALTH,EXIT,exposure_floor
2022-04-04,SBILIFE,EXIT,exposure_floor
2022-04-04,SBIN,REDUCE,exposure_floor
2022-04-04,TATASTEEL,REDUCE,exposure_floor
2022-04-04,WIPRO,EXIT,exposure_floor
2022-04-05,APOLLOHOSP,EXIT,exposure_floor
2022-04-05,ASIANPAINT,EXIT,exposure_floor
2022-04-05,BAJAJFINSV,EXIT,exposure_floor
2022-04-05,GRASIM,EXIT,exposure_floor
2022-04-05,INDIGO,EXIT,exposure_floor
2022-04-05,JSWSTEEL,REDUCE,exposure_floor
2022-04-05,KOTAKBANK,EXIT,exposure_floor
2022-04-05,LT,EXIT,exposure_floor
2022-04-05,MARUTI,EXIT,exposure_floor
2022-04-05,MAXHEALTH,EXIT,exposure_floor
2022-04-05,SBILIFE,EXIT,exposure_floor
2022-04-05,SBIN,REDUCE,exposure_floor
2022-04-05,TATASTEEL,REDUCE,exposure_floor
2022-04-05,WIPRO,EXIT,exposure_floor
2022-04-06,APOLLOHOSP,EXIT,exposure_floor
2022-04-06,ASIANPAINT,EXIT,exposure_floor
2022-04-06,BAJAJFINSV,REDUCE,exposure_floor
2022-04-06,GRASIM,EXIT,exposure_floor
2022-04-06,INDIGO,EXIT,exposure_floor
2022-04-06,JSWSTEEL,REDUCE,exposure_floor
2022-04-06,KOTAKBANK,EXIT,exposure_floor
2022-04-06,LT,EXIT,exposure_floor
2022-04-06,MARUTI,EXIT,exposure_floor
2022-04-06,MAXHEALTH,EXIT,exposure_floor
2022-04-06,SBILIFE,EXIT,exposure_floor
2022-04-06,TATASTEEL,REDUCE,exposure_floor
2022-04-06,WIPRO,EXIT,exposure_floor
2022-04-07,APOLLOHOSP,EXIT,exposure_floor
2022-04-07,ASIANPAINT,EXIT,exposure_floor
2022-04-07,BAJAJFINSV,REDUCE,exposure_floor
2022-04-07,GRASIM,EXIT,exposure_floor
2022-04-07,INDIGO,EXIT,exposure_floor
2022-04-07,JSWSTEEL,REDUCE,exposure_floor
2022-04-07,KOTAKBANK,EXIT,exposure_floor
2022-04-07,LT,EXIT,exposure_floor
2022-04-07,MARUTI,EXIT,exposure_floor
2022-04-07,MAXHEALTH,EXIT,exposure_floor
2022-04-07,SBILIFE,EXIT,exposure_floor
2022-04-07,TATASTEEL,REDUCE,exposure_floor
2022-04-07,WIPRO,EXIT,exposure_floor
2022-04-08,APOLLOHOSP,EXIT,exposure_floor
2022-04-08,ASIANPAINT,EXIT,exposure_floor
2022-04-08,BAJAJFINSV,REDUCE,exposure_floor
2022-04-08,GRASIM,EXIT,exposure_floor
2022-04-08,INDIGO,EXIT,exposure_floor
2022-04-08,JSWSTEEL,REDUCE,exposure_floor
2022-04-08,KOTAKBANK,EXIT,exposure_floor
2022-04-08,LT,EXIT,exposure_floor
2022-04-08,MARUTI,EXIT,exposure_floor
2022-04-08,MAXHEALTH,EXIT,exposure_floor
2022-04-08,SBILIFE,EXIT,exposure_floor
2022-04-08,TATASTEEL,REDUCE,exposure_floor
2022-04-08,WIPRO,EXIT,exposure_floor
2022-04-11,APOLLOHOSP,REDUCE,exposure_floor
2022-04-11,ASIANPAINT,EXIT,exposure_floor
2022-04-11,BAJAJFINSV,REDUCE,exposure_floor
2022-04-11,GRASIM,REDUCE,exposure_floor
2022-04-11,HCLTECH,EXIT,exposure_floor
2022-04-11,INDIGO,REDUCE,exposure_floor
2022-04-11,JSWSTEEL,REDUCE,exposure_floor
2022-04-11,KOTAKBANK,EXIT,exposure_floor
2022-04-11,LT,EXIT,exposure_floor
2022-04-11,MARUTI,EXIT,exposure_floor
2022-04-11,MAXHEALTH,EXIT,exposure_floor
2022-04-11,SBILIFE,EXIT,exposure_floor
2022-04-11,TATASTEEL,REDUCE,exposure_floor
2022-04-11,WIPRO,EXIT,exposure_floor
2022-04-12,APOLLOHOSP,EXIT,exposure_floor
2022-04-12,ASIANPAINT,EXIT,exposure_floor
2022-04-12,BAJAJFINSV,REDUCE,exposure_floor
2022-04-12,HCLTECH,EXIT,exposure_floor
2022-04-12,INDIGO,EXIT,exposure_floor
2022-04-12,JSWSTEEL,REDUCE,exposure_floor
2022-04-12,KOTAKBANK,EXIT,exposure_floor
2022-04-12,LT,EXIT,exposure_floor
2022-04-12,MARUTI,EXIT,exposure_floor
2022-04-12,MAXHEALTH,EXIT,exposure_floor
2022-04-12,SBILIFE,EXIT,exposure_floor
2022-04-12,TATASTEEL,REDUCE,exposure_floor
2022-04-12,WIPRO,EXIT,exposure_floor
2022-04-13,APOLLOHOSP,REDUCE,exposure_floor
2022-04-13,ASIANPAINT,EXIT,exposure_floor
2022-04-13,BAJAJFINSV,EXIT,exposure_floor
2022-04-13,HCLTECH,EXIT,exposure_floor
2022-04-13,INFY,REDUCE,exposure_floor
2022-04-13,INDIGO,EXIT,exposure_floor
2022-04-13,JSWSTEEL,REDUCE,exposure_floor
2022-04-13,KOTAKBANK,EXIT,exposure_floor
2022-04-13,LT,EXIT,exposure_floor
2022-04-13,MARUTI,EXIT,exposure_floor
2022-04-13,MAXHEALTH,EXIT,exposure_floor
2022-04-13,SBILIFE,EXIT,exposure_floor
2022-04-13,TATASTEEL,REDUCE,exposure_floor
2022-04-13,WIPRO,EXIT,exposure_floor
2022-04-18,APOLLOHOSP,EXIT,exposure_floor
2022-04-18,ASIANPAINT,EXIT,exposure_floor
2022-04-18,BAJAJFINSV,EXIT,exposure_floor
2022-04-18,INFY,EXIT,exposure_floor
2022-04-18,INDIGO,EXIT,exposure_floor
2022-04-18,JSWSTEEL,REDUCE,exposure_floor
2022-04-18,KOTAKBANK,EXIT,exposure_floor
2022-04-18,LT,EXIT,exposure_floor
2022-04-18,MAXHEALTH,REDUCE,exposure_floor
2022-04-18,SBILIFE,EXIT,exposure_floor
2022-04-18,TCS,EXIT,exposure_floor
2022-04-18,TATACONSUM,REDUCE,exposure_floor
2022-04-18,TATASTEEL,REDUCE,exposure_floor
2022-04-18,WIPRO,EXIT,exposure_floor
2022-04-19,APOLLOHOSP,REDUCE,exposure_floor
2022-04-19,ASIANPAINT,EXIT,exposure_floor
2022-04-19,BAJAJFINSV,EXIT,exposure_floor
2022-04-19,INFY,EXIT,exposure_floor
2022-04-19,INDIGO,EXIT,exposure_floor
2022-04-19,JSWSTEEL,REDUCE,exposure_floor
2022-04-19,KOTAKBANK,EXIT,exposure_floor
2022-04-19,LT,EXIT,exposure_floor
2022-04-19,MAXHEALTH,EXIT,exposure_floor
2022-04-19,SBILIFE,EXIT,exposure_floor
2022-04-19,TCS,EXIT,exposure_floor
2022-04-19,TATACONSUM,REDUCE,exposure_floor
2022-04-19,TATASTEEL,REDUCE,exposure_floor
2022-04-19,WIPRO,EXIT,exposure_floor
2022-04-20,APOLLOHOSP,EXIT,exposure_floor
2022-04-20,ASIANPAINT,EXIT,exposure_floor
2022-04-20,BAJFINANCE,EXIT,exposure_floor
2022-04-20,BAJAJFINSV,EXIT,exposure_floor
2022-04-20,INFY,EXIT,exposure_floor
2022-04-20,INDIGO,EXIT,exposure_floor
2022-04-20,KOTAKBANK,EXIT,exposure_floor
2022-04-20,LT,EXIT,exposure_floor
2022-04-20,MAXHEALTH,REDUCE,exposure_floor
2022-04-20,SBILIFE,EXIT,exposure_floor
2022-04-20,TCS,EXIT,exposure_floor
2022-04-20,TATACONSUM,REDUCE,exposure_floor
2022-04-20,WIPRO,EXIT,exposure_floor
2022-04-21,APOLLOHOSP,REDUCE,exposure_floor
2022-04-21,ASIANPAINT,EXIT,exposure_floor
2022-04-21,BAJFINANCE,EXIT,exposure_floor
2022-04-21,BAJAJFINSV,EXIT,exposure_floor
2022-04-21,INFY,EXIT,exposure_floor
2022-04-21,KOTAKBANK,EXIT,exposure_floor
2022-04-21,LT,EXIT,exposure_floor
2022-04-21,SBILIFE,EXIT,exposure_floor
2022-04-21,TCS,EXIT,exposure_floor
2022-04-21,TATACONSUM,REDUCE,exposure_floor
2022-04-21,WIPRO,EXIT,exposure_floor
2022-04-22,APOLLOHOSP,EXIT,exposure_floor
2022-04-22,ASIANPAINT,EXIT,exposure_floor
2022-04-22,BAJAJFINSV,EXIT,exposure_floor
2022-04-22,HINDALCO,EXIT,exposure_floor
2022-04-22,INFY,EXIT,exposure_floor
2022-04-22,KOTAKBANK,EXIT,exposure_floor
2022-04-22,LT,EXIT,exposure_floor
2022-04-22,SBILIFE,EXIT,exposure_floor
2022-04-22,TCS,EXIT,exposure_floor
2022-04-22,TATACONSUM,REDUCE,exposure_floor
2022-04-22,TATASTEEL,EXIT,exposure_floor
2022-04-22,WIPRO,EXIT,exposure_floor
2022-04-25,APOLLOHOSP,REDUCE,exposure_floor
2022-04-25,ASIANPAINT,EXIT,exposure_floor
2022-04-25,BAJFINANCE,EXIT,exposure_floor
2022-04-25,BAJAJFINSV,EXIT,exposure_floor
2022-04-25,EICHERMOT,EXIT,exposure_floor
2022-04-25,GRASIM,REDUCE,exposure_floor
2022-04-25,HINDALCO,EXIT,exposure_floor
2022-04-25,INFY,EXIT,exposure_floor
2022-04-25,KOTAKBANK,EXIT,exposure_floor
2022-04-25,LT,EXIT,exposure_floor
2022-04-25,M&M,REDUCE,exposure_floor
2022-04-25,SBILIFE,EXIT,exposure_floor
2022-04-25,TCS,EXIT,exposure_floor
2022-04-25,TATACONSUM,REDUCE,exposure_floor
2022-04-25,TATASTEEL,EXIT,exposure_floor
2022-04-25,WIPRO,EXIT,exposure_floor
2022-04-26,APOLLOHOSP,EXIT,exposure_floor
2022-04-26,ASIANPAINT,EXIT,exposure_floor
2022-04-26,BAJAJFINSV,EXIT,exposure_floor
2022-04-26,GRASIM,REDUCE,exposure_floor
2022-04-26,HINDALCO,EXIT,exposure_floor
2022-04-26,INFY,EXIT,exposure_floor
2022-04-26,KOTAKBANK,EXIT,exposure_floor
2022-04-26,LT,EXIT,exposure_floor
2022-04-26,M&M,REDUCE,exposure_floor
2022-04-26,SBILIFE,EXIT,exposure_floor
2022-04-26,TCS,EXIT,exposure_floor
2022-04-26,TATACONSUM,REDUCE,exposure_floor
2022-04-26,TATASTEEL,EXIT,exposure_floor
2022-04-26,WIPRO,EXIT,exposure_floor
2022-04-27,APOLLOHOSP,EXIT,exposure_floor
2022-04-27,ASIANPAINT,EXIT,exposure_floor
2022-04-27,BAJFINANCE,EXIT,exposure_floor
2022-04-27,BAJAJFINSV,EXIT,exposure_floor
2022-04-27,GRASIM,REDUCE,exposure_floor
2022-04-27,HINDALCO,EXIT,exposure_floor
2022-04-27,INFY,EXIT,exposure_floor
2022-04-27,KOTAKBANK,EXIT,exposure_floor
2022-04-27,LT,EXIT,exposure_floor
2022-04-27,M&M,REDUCE,exposure_floor
2022-04-27,SBILIFE,EXIT,exposure_floor
2022-04-27,TCS,EXIT,exposure_floor
2022-04-27,TATACONSUM,REDUCE,exposure_floor
2022-04-27,TATASTEEL,EXIT,exposure_floor
2022-04-27,WIPRO,EXIT,exposure_floor
2022-04-28,APOLLOHOSP,EXIT,exposure_floor
2022-04-28,ASIANPAINT,REDUCE,exposure_floor
2022-04-28,BAJFINANCE,EXIT,exposure_floor
2022-04-28,BAJAJFINSV,EXIT,exposure_floor
2022-04-28,GRASIM,REDUCE,exposure_floor
2022-04-28,HINDALCO,EXIT,exposure_floor
2022-04-28,INFY,EXIT,exposure_floor
2022-04-28,KOTAKBANK,EXIT,exposure_floor
2022-04-28,LT,EXIT,exposure_floor
2022-04-28,M&M,REDUCE,exposure_floor
2022-04-28,SBILIFE,EXIT,exposure_floor
2022-04-28,TCS,EXIT,exposure_floor
2022-04-28,TATACONSUM,REDUCE,exposure_floor
2022-04-28,TATASTEEL,EXIT,exposure_floor
2022-04-28,WIPRO,EXIT,exposure_floor
2022-04-29,APOLLOHOSP,EXIT,exposure_floor
2022-04-29,ASIANPAINT,REDUCE,exposure_floor
2022-04-29,AXISBANK,EXIT,exposure_floor
2022-04-29,BAJFINANCE,EXIT,exposure_floor
2022-04-29,BAJAJFINSV,EXIT,exposure_floor
2022-04-29,GRASIM,REDUCE,exposure_floor
2022-04-29,HINDALCO,EXIT,exposure_floor
2022-04-29,INFY,EXIT,exposure_floor
2022-04-29,KOTAKBANK,EXIT,exposure_floor
2022-04-29,LT,EXIT,exposure_floor
2022-04-29,M&M,REDUCE,exposure_floor
2022-04-29,SBILIFE,EXIT,exposure_floor
2022-04-29,TCS,EXIT,exposure_floor
2022-04-29,TATACONSUM,REDUCE,exposure_floor
2022-04-29,TATASTEEL,EXIT,exposure_floor
2022-04-29,TITAN,REDUCE,exposure_floor
2022-04-29,WIPRO,EXIT,exposure_floor
2022-05-02,APOLLOHOSP,EXIT,exposure_floor
2022-05-02,ASIANPAINT,REDUCE,exposure_floor
2022-05-02,AXISBANK,EXIT,exposure_floor
2022-05-02,BAJAJ-AUTO,REDUCE,exposure_floor
2022-05-02,BAJFINANCE,EXIT,exposure_floor
2022-05-02,BAJAJFINSV,EXIT,exposure_floor
2022-05-02,EICHERMOT,EXIT,exposure_floor
2022-05-02,GRASIM,REDUCE,exposure_floor
2022-05-02,HINDALCO,EXIT,exposure_floor
2022-05-02,INFY,EXIT,exposure_floor
2022-05-02,KOTAKBANK,EXIT,exposure_floor
2022-05-02,LT,EXIT,exposure_floor
2022-05-02,M&M,REDUCE,exposure_floor
2022-05-02,SBILIFE,EXIT,exposure_floor
2022-05-02,TCS,EXIT,exposure_floor
2022-05-02,TATACONSUM,REDUCE,exposure_floor
2022-05-02,TATASTEEL,REDUCE,exposure_floor
2022-05-02,WIPRO,EXIT,exposure_floor
2022-07-07,NESTLEIND,EXIT,exposure_floor
2022-07-07,SHRIRAMFIN,EXIT,exposure_floor
2022-07-08,HINDUNILVR,REDUCE,exposure_floor
2022-07-08,ICICIBANK,REDUCE,exposure_floor
2022-07-08,NESTLEIND,REDUCE,exposure_floor
2022-07-08,SHRIRAMFIN,REDUCE,exposure_floor
2022-07-08,SBIN,REDUCE,exposure_floor
2022-07-08,TRENT,REDUCE,exposure_floor
2022-07-11,HINDUNILVR,REDUCE,exposure_floor
2022-07-11,ICICIBANK,REDUCE,exposure_floor
2022-07-11,NESTLEIND,REDUCE,exposure_floor
2022-07-11,SBILIFE,REDUCE,exposure_floor
2022-07-11,SHRIRAMFIN,EXIT,exposure_floor
2022-07-11,SBIN,REDUCE,exposure_floor
2022-07-11,TATACONSUM,REDUCE,exposure_floor
2022-07-11,TRENT,REDUCE,exposure_floor
2022-07-12,DRREDDY,EXIT,exposure_floor
2022-07-12,HINDUNILVR,REDUCE,exposure_floor
2022-07-12,ICICIBANK,REDUCE,exposure_floor
2022-07-12,NESTLEIND,EXIT,exposure_floor
2022-07-12,SBILIFE,EXIT,exposure_floor
2022-07-12,SHRIRAMFIN,EXIT,exposure_floor
2022-07-12,SBIN,REDUCE,exposure_floor
2022-07-12,TATACONSUM,REDUCE,exposure_floor
2022-07-12,TRENT,REDUCE,exposure_floor
2022-07-13,DRREDDY,REDUCE,exposure_floor
2022-07-13,HINDUNILVR,REDUCE,exposure_floor
2022-07-13,ICICIBANK,REDUCE,exposure_floor
2022-07-13,NESTLEIND,REDUCE,exposure_floor
2022-07-13,SBILIFE,EXIT,exposure_floor
2022-07-13,SHRIRAMFIN,REDUCE,exposure_floor
2022-07-13,SBIN,REDUCE,exposure_floor
2022-07-13,TATACONSUM,REDUCE,exposure_floor
2022-07-13,TRENT,REDUCE,exposure_floor
2022-07-14,DRREDDY,EXIT,exposure_floor
2022-07-14,HINDUNILVR,REDUCE,exposure_floor
2022-07-14,ICICIBANK,REDUCE,exposure_floor
2022-07-14,MAXHEALTH,EXIT,exposure_floor
2022-07-14,NESTLEIND,REDUCE,exposure_floor
2022-07-14,SBILIFE,EXIT,exposure_floor
2022-07-14,SHRIRAMFIN,EXIT,exposure_floor
2022-07-14,SBIN,EXIT,exposure_floor
2022-07-14,TATACONSUM,REDUCE,exposure_floor
2022-07-14,TRENT,REDUCE,exposure_floor
2022-07-15,DRREDDY,REDUCE,exposure_floor
2022-07-15,HINDUNILVR,REDUCE,exposure_floor
2022-07-15,ICICIBANK,REDUCE,exposure_floor
2022-07-15,MAXHEALTH,REDUCE,exposure_floor
2022-07-15,NESTLEIND,REDUCE,exposure_floor
2022-07-15,SBILIFE,REDUCE,exposure_floor
2022-07-15,SHRIRAMFIN,REDUCE,exposure_floor
2022-07-15,SBIN,EXIT,exposure_floor
2022-07-15,TATACONSUM,REDUCE,exposure_floor
2022-07-15,TRENT,REDUCE,exposure_floor
2022-07-18,DRREDDY,EXIT,exposure_floor
2022-07-18,ICICIBANK,REDUCE,exposure_floor
2022-07-18,MAXHEALTH,EXIT,exposure_floor
2022-07-18,NESTLEIND,REDUCE,exposure_floor
2022-07-18,SBILIFE,REDUCE,exposure_floor
2022-07-18,SHRIRAMFIN,REDUCE,exposure_floor
2022-07-18,SBIN,REDUCE,exposure_floor
2022-07-18,TATACONSUM,REDUCE,exposure_floor
2022-07-18,TRENT,REDUCE,exposure_floor
2022-07-19,DRREDDY,REDUCE,exposure_floor
2022-07-19,ICICIBANK,REDUCE,exposure_floor
2022-07-19,MAXHEALTH,REDUCE,exposure_floor
2022-07-19,NESTLEIND,REDUCE,exposure_floor
2022-07-19,SBILIFE,REDUCE,exposure_floor
2022-07-19,SHRIRAMFIN,EXIT,exposure_floor
2022-07-19,SBIN,REDUCE,exposure_floor
2022-07-19,TATACONSUM,REDUCE,exposure_floor
2022-07-19,TRENT,REDUCE,exposure_floor
2022-07-20,DRREDDY,EXIT,exposure_floor
2022-07-20,ICICIBANK,REDUCE,exposure_floor
2022-07-20,MAXHEALTH,EXIT,exposure_floor
2022-07-20,NESTLEIND,REDUCE,exposure_floor
2022-07-20,SBILIFE,REDUCE,exposure_floor
2022-07-20,SHRIRAMFIN,REDUCE,exposure_floor
2022-07-20,SBIN,REDUCE,exposure_floor
2022-07-20,TATACONSUM,REDUCE,exposure_floor
2022-07-20,TRENT,REDUCE,exposure_floor
2022-07-21,DRREDDY,EXIT,exposure_floor
2022-07-21,ICICIBANK,REDUCE,exposure_floor
2022-07-21,MAXHEALTH,EXIT,exposure_floor
2022-07-21,NESTLEIND,REDUCE,exposure_floor
2022-07-21,SBILIFE,REDUCE,exposure_floor
2022-07-21,SHRIRAMFIN,REDUCE,exposure_floor
2022-07-21,SBIN,REDUCE,exposure_floor
2022-07-21,TATACONSUM,REDUCE,exposure_floor
2022-07-21,TRENT,REDUCE,exposure_floor
2022-07-22,ADANIPORTS,EXIT,exposure_floor
2022-07-22,DRREDDY,EXIT,exposure_floor
2022-07-22,ICICIBANK,REDUCE,exposure_floor
2022-07-22,LT,REDUCE,exposure_floor
2022-07-22,MAXHEALTH,EXIT,exposure_floor
2022-07-22,NESTLEIND,REDUCE,exposure_floor
2022-07-22,SBILIFE,REDUCE,exposure_floor
2022-07-22,SHRIRAMFIN,REDUCE,exposure_floor
2022-07-22,SBIN,REDUCE,exposure_floor
2022-07-22,TATACONSUM,REDUCE,exposure_floor
2022-07-22,TRENT,REDUCE,exposure_floor
2022-07-25,ADANIPORTS,REDUCE,exposure_floor
2022-07-25,AXISBANK,REDUCE,exposure_floor
2022-07-25,DRREDDY,EXIT,exposure_floor
2022-07-25,ICICIBANK,REDUCE,exposure_floor
2022-07-25,LT,REDUCE,exposure_floor
2022-07-25,MAXHEALTH,EXIT,exposure_floor
2022-07-25,NESTLEIND,REDUCE,exposure_floor
2022-07-25,SBILIFE,REDUCE,exposure_floor
2022-07-25,SHRIRAMFIN,REDUCE,exposure_floor
2022-07-25,SBIN,REDUCE,exposure_floor
2022-07-25,TATACONSUM,REDUCE,exposure_floor
2022-07-25,TRENT,REDUCE,exposure_floor
2022-07-26,ADANIPORTS,EXIT,exposure_floor
2022-07-26,AXISBANK,EXIT,exposure_floor
2022-07-26,DRREDDY,EXIT,exposure_floor
2022-07-26,ICICIBANK,REDUCE,exposure_floor
2022-07-26,LT,REDUCE,exposure_floor
2022-07-26,MAXHEALTH,EXIT,exposure_floor
2022-07-26,NESTLEIND,REDUCE,exposure_floor
2022-07-26,SBILIFE,EXIT,exposure_floor
2022-07-26,SHRIRAMFIN,REDUCE,exposure_floor
2022-07-26,SBIN,REDUCE,exposure_floor
2022-07-26,TATACONSUM,REDUCE,exposure_floor
2022-07-26,TRENT,REDUCE,exposure_floor
2022-07-27,ADANIPORTS,EXIT,exposure_floor
2022-07-27,ASIANPAINT,REDUCE,exposure_floor
2022-07-27,AXISBANK,REDUCE,exposure_floor
2022-07-27,DRREDDY,EXIT,exposure_floor
2022-07-27,ICICIBANK,REDUCE,exposure_floor
2022-07-27,LT,REDUCE,exposure_floor
2022-07-27,MAXHEALTH,EXIT,exposure_floor
2022-07-27,NESTLEIND,REDUCE,exposure_floor
2022-07-27,SBILIFE,REDUCE,exposure_floor
2022-07-27,SHRIRAMFIN,REDUCE,exposure_floor
2022-07-27,SBIN,REDUCE,exposure_floor
2022-07-27,TATACONSUM,REDUCE,exposure_floor
2022-07-28,ADANIPORTS,EXIT,exposure_floor
2022-07-28,ASIANPAINT,REDUCE,exposure_floor
2022-07-28,AXISBANK,REDUCE,exposure_floor
2022-07-28,DRREDDY,EXIT,exposure_floor
2022-07-28,ICICIBANK,REDUCE,exposure_floor
2022-07-28,LT,REDUCE,exposure_floor
2022-07-28,MAXHEALTH,EXIT,exposure_floor
2022-07-28,NESTLEIND,REDUCE,exposure_floor
2022-07-28,SBILIFE,REDUCE,exposure_floor
2022-07-28,SHRIRAMFIN,REDUCE,exposure_floor
2022-07-28,SBIN,REDUCE,exposure_floor
2022-07-28,TATACONSUM,REDUCE,exposure_floor
2022-07-29,ADANIPORTS,EXIT,exposure_floor
2022-07-29,ASIANPAINT,REDUCE,exposure_floor
2022-07-29,AXISBANK,REDUCE,exposure_floor
2022-07-29,BAJFINANCE,REDUCE,exposure_floor
2022-07-29,DRREDDY,EXIT,exposure_floor
2022-07-29,ICICIBANK,REDUCE,exposure_floor
2022-07-29,LT,REDUCE,exposure_floor
2022-07-29,MAXHEALTH,EXIT,exposure_floor
2022-07-29,NESTLEIND,REDUCE,exposure_floor
2022-07-29,SBILIFE,REDUCE,exposure_floor
2022-07-29,SHRIRAMFIN,EXIT,exposure_floor
2022-07-29,SBIN,REDUCE,exposure_floor
2022-07-29,TATACONSUM,REDUCE,exposure_floor
2022-08-01,ADANIPORTS,EXIT,exposure_floor
2022-08-01,ASIANPAINT,REDUCE,exposure_floor
2022-08-01,AXISBANK,REDUCE,exposure_floor
2022-08-01,BAJFINANCE,REDUCE,exposure_floor
2022-08-01,DRREDDY,EXIT,exposure_floor
2022-08-01,ICICIBANK,REDUCE,exposure_floor
2022-08-01,LT,REDUCE,exposure_floor
2022-08-01,MAXHEALTH,EXIT,exposure_floor
2022-08-01,NESTLEIND,REDUCE,exposure_floor
2022-08-01,SBILIFE,REDUCE,exposure_floor
2022-08-01,SHRIRAMFIN,REDUCE,exposure_floor
2022-08-01,SBIN,REDUCE,exposure_floor
2022-08-01,TATACONSUM,REDUCE,exposure_floor
2022-08-02,ADANIPORTS,EXIT,exposure_floor
2022-08-02,ASIANPAINT,REDUCE,exposure_floor
2022-08-02,AXISBANK,REDUCE,exposure_floor
2022-08-02,BAJFINANCE,REDUCE,exposure_floor
2022-08-02,DRREDDY,EXIT,exposure_floor
2022-08-02,HDFCBANK,EXIT,exposure_floor
2022-08-02,ICICIBANK,REDUCE,exposure_floor
2022-08-02,JSWSTEEL,REDUCE,exposure_floor
2022-08-02,LT,REDUCE,exposure_floor
2022-08-02,MAXHEALTH,EXIT,exposure_floor
2022-08-02,NESTLEIND,REDUCE,exposure_floor
2022-08-02,SBILIFE,REDUCE,exposure_floor
2022-08-02,SHRIRAMFIN,EXIT,exposure_floor
2022-08-02,SBIN,REDUCE,exposure_floor
2022-08-02,TITAN,REDUCE,exposure_floor
2022-08-03,ADANIPORTS,REDUCE,exposure_floor
2022-08-03,ASIANPAINT,REDUCE,exposure_floor
2022-08-03,AXISBANK,REDUCE,exposure_floor
2022-08-03,BAJFINANCE,REDUCE,exposure_floor
2022-08-03,DRREDDY,EXIT,exposure_floor
2022-08-03,HDFCBANK,EXIT,exposure_floor
2022-08-03,ICICIBANK,REDUCE,exposure_floor
2022-08-03,INDIGO,EXIT,exposure_floor
2022-08-03,JSWSTEEL,REDUCE,exposure_floor
2022-08-03,LT,REDUCE,exposure_floor
2022-08-03,MAXHEALTH,EXIT,exposure_floor
2022-08-03,NESTLEIND,REDUCE,exposure_floor
2022-08-03,SHRIRAMFIN,REDUCE,exposure_floor
2022-08-03,SBIN,REDUCE,exposure_floor
2022-08-03,TITAN,REDUCE,exposure_floor
2022-08-04,ADANIPORTS,REDUCE,exposure_floor
2022-08-04,ASIANPAINT,REDUCE,exposure_floor
2022-08-04,BAJFINANCE,REDUCE,exposure_floor
2022-08-04,DRREDDY,EXIT,exposure_floor
2022-08-04,HDFCBANK,EXIT,exposure_floor
2022-08-04,ICICIBANK,REDUCE,exposure_floor
2022-08-04,JSWSTEEL,REDUCE,exposure_floor
2022-08-04,LT,REDUCE,exposure_floor
2022-08-04,MAXHEALTH,EXIT,exposure_floor
2022-08-04,NESTLEIND,REDUCE,exposure_floor
2022-08-04,SHRIRAMFIN,EXIT,exposure_floor
2022-08-04,SBIN,REDUCE,exposure_floor
2022-08-04,TITAN,REDUCE,exposure_floor
2022-08-05,ADANIPORTS,REDUCE,exposure_floor
2022-08-05,ASIANPAINT,REDUCE,exposure_floor
2022-08-05,BAJFINANCE,REDUCE,exposure_floor
2022-08-05,DRREDDY,EXIT,exposure_floor
2022-08-05,HDFCBANK,EXIT,exposure_floor
2022-08-05,ICICIBANK,REDUCE,exposure_floor
2022-08-05,JSWSTEEL,REDUCE,exposure_floor
2022-08-05,LT,REDUCE,exposure_floor
2022-08-05,MAXHEALTH,EXIT,exposure_floor
2022-08-05,NESTLEIND,REDUCE,exposure_floor
2022-08-05,SHRIRAMFIN,REDUCE,exposure_floor
2022-08-05,SBIN,REDUCE,exposure_floor
2022-08-05,TITAN,REDUCE,exposure_floor
2022-08-08,ASIANPAINT,REDUCE,exposure_floor
2022-08-08,BAJFINANCE,REDUCE,exposure_floor
2022-08-08,DRREDDY,EXIT,exposure_floor
2022-08-08,HDFCBANK,EXIT,exposure_floor
2022-08-08,JSWSTEEL,REDUCE,exposure_floor
2022-08-08,LT,REDUCE,exposure_floor
2022-08-08,MAXHEALTH,EXIT,exposure_floor
2022-08-08,NESTLEIND,REDUCE,exposure_floor
2022-08-08,SHRIRAMFIN,EXIT,exposure_floor
2022-08-08,SBIN,REDUCE,exposure_floor
2022-08-08,TITAN,REDUCE,exposure_floor
2022-08-08,ULTRACEMCO,EXIT,exposure_floor
2022-08-10,BAJFINANCE,REDUCE,exposure_floor
2022-08-10,BAJAJFINSV,EXIT,exposure_floor
2022-08-10,DRREDDY,EXIT,exposure_floor
2022-08-10,HDFCBANK,EXIT,exposure_floor
2022-08-10,LT,REDUCE,exposure_floor
2022-08-10,MAXHEALTH,EXIT,exposure_floor
2022-08-10,NESTLEIND,REDUCE,exposure_floor
2022-08-10,SHRIRAMFIN,REDUCE,exposure_floor
2022-08-10,SBIN,REDUCE,exposure_floor
2022-08-10,TITAN,REDUCE,exposure_floor
2022-08-10,ULTRACEMCO,EXIT,exposure_floor
2022-08-11,APOLLOHOSP,EXIT,exposure_floor
2022-08-11,BAJFINANCE,REDUCE,exposure_floor
2022-08-11,DRREDDY,EXIT,exposure_floor
2022-08-11,GRASIM,EXIT,exposure_floor
2022-08-11,HDFCBANK,EXIT,exposure_floor
2022-08-11,LT,REDUCE,exposure_floor
2022-08-11,MAXHEALTH,EXIT,exposure_floor
2022-08-11,NESTLEIND,REDUCE,exposure_floor
2022-08-11,SBIN,REDUCE,exposure_floor
2022-08-11,TITAN,REDUCE,exposure_floor
2022-08-11,ULTRACEMCO,EXIT,exposure_floor
2022-08-12,BAJFINANCE,REDUCE,exposure_floor
2022-08-12,BAJAJFINSV,EXIT,exposure_floor
2022-08-12,DRREDDY,EXIT,exposure_floor
2022-08-12,HDFCBANK,REDUCE,exposure_floor
2022-08-12,LT,REDUCE,exposure_floor
2022-08-12,MAXHEALTH,EXIT,exposure_floor
2022-08-12,NESTLEIND,REDUCE,exposure_floor
2022-08-12,SHRIRAMFIN,EXIT,exposure_floor
2022-08-12,TITAN,REDUCE,exposure_floor
2022-08-16,BAJFINANCE,REDUCE,exposure_floor
2022-08-16,BAJAJFINSV,REDUCE,exposure_floor
2022-08-16,DRREDDY,EXIT,exposure_floor
2022-08-16,GRASIM,EXIT,exposure_floor
2022-08-16,HDFCBANK,REDUCE,exposure_floor
2022-08-16,LT,REDUCE,exposure_floor
2022-08-16,MAXHEALTH,EXIT,exposure_floor
2022-08-16,NESTLEIND,REDUCE,exposure_floor
2022-08-16,SHRIRAMFIN,REDUCE,exposure_floor
2022-08-16,TATASTEEL,EXIT,exposure_floor
2022-08-16,TITAN,REDUCE,exposure_floor
2022-08-17,BAJFINANCE,REDUCE,exposure_floor
2022-08-17,BAJAJFINSV,REDUCE,exposure_floor
2022-08-17,DRREDDY,EXIT,exposure_floor
2022-08-17,HDFCBANK,REDUCE,exposure_floor
2022-08-17,LT,REDUCE,exposure_floor
2022-08-17,MAXHEALTH,EXIT,exposure_floor
2022-08-17,NESTLEIND,REDUCE,exposure_floor
2022-08-17,SHRIRAMFIN,EXIT,exposure_floor
2022-08-17,TITAN,REDUCE,exposure_floor
2022-08-18,BAJFINANCE,REDUCE,exposure_floor
2022-08-18,BAJAJFINSV,REDUCE,exposure_floor
2022-08-18,DRREDDY,EXIT,exposure_floor
2022-08-18,GRASIM,EXIT,exposure_floor
2022-08-18,HDFCBANK,REDUCE,exposure_floor
2022-08-18,LT,REDUCE,exposure_floor
2022-08-18,MAXHEALTH,EXIT,exposure_floor
2022-08-18,SHRIRAMFIN,REDUCE,exposure_floor
2022-08-18,TATASTEEL,EXIT,exposure_floor
2022-08-18,TITAN,REDUCE,exposure_floor
2022-08-19,BAJAJFINSV,REDUCE,exposure_floor
2022-08-19,DRREDDY,EXIT,exposure_floor
2022-08-19,INDIGO,EXIT,exposure_floor
2022-08-19,LT,REDUCE,exposure_floor
2022-08-19,MAXHEALTH,EXIT,exposure_floor
2022-08-19,SHRIRAMFIN,EXIT,exposure_floor
2022-08-19,TATASTEEL,EXIT,exposure_floor
2022-08-19,TITAN,REDUCE,exposure_floor
2022-08-19,ULTRACEMCO,EXIT,exposure_floor
2022-08-22,BAJAJFINSV,EXIT,exposure_floor
2022-08-22,DRREDDY,EXIT,exposure_floor
2022-08-22,GRASIM,EXIT,exposure_floor
2022-08-22,LT,REDUCE,exposure_floor
2022-08-22,MAXHEALTH,EXIT,exposure_floor
2022-08-22,SHRIRAMFIN,REDUCE,exposure_floor
2022-08-22,TATASTEEL,EXIT,exposure_floor
2022-08-22,TITAN,REDUCE,exposure_floor
2022-08-22,ULTRACEMCO,EXIT,exposure_floor
2022-08-23,BAJAJFINSV,REDUCE,exposure_floor
2022-08-23,DRREDDY,EXIT,exposure_floor
2022-08-23,INDIGO,EXIT,exposure_floor
2022-08-23,LT,REDUCE,exposure_floor
2022-08-23,MAXHEALTH,EXIT,exposure_floor
2022-08-23,SHRIRAMFIN,EXIT,exposure_floor
2022-08-23,TATASTEEL,EXIT,exposure_floor
2022-08-23,TITAN,REDUCE,exposure_floor
2022-08-23,ULTRACEMCO,EXIT,exposure_floor
2022-08-24,BAJAJFINSV,REDUCE,exposure_floor
2022-08-24,DRREDDY,EXIT,exposure_floor
2022-08-24,GRASIM,EXIT,exposure_floor
2022-08-24,INDIGO,EXIT,exposure_floor
2022-08-24,LT,REDUCE,exposure_floor
2022-08-24,MAXHEALTH,EXIT,exposure_floor
2022-08-24,SHRIRAMFIN,REDUCE,exposure_floor
2022-08-24,TATASTEEL,EXIT,exposure_floor
2022-08-24,TITAN,REDUCE,exposure_floor
2022-08-24,ULTRACEMCO,EXIT,exposure_floor
2022-08-25,BAJAJFINSV,REDUCE,exposure_floor
2022-08-25,DRREDDY,EXIT,exposure_floor
2022-08-25,LT,REDUCE,exposure_floor
2022-08-25,MAXHEALTH,EXIT,exposure_floor
2022-08-25,SHRIRAMFIN,EXIT,exposure_floor
2022-08-25,TATASTEEL,EXIT,exposure_floor
2022-08-25,TITAN,REDUCE,exposure_floor
2022-08-25,ULTRACEMCO,EXIT,exposure_floor
2022-08-26,BAJAJFINSV,REDUCE,exposure_floor
2022-08-26,DRREDDY,EXIT,exposure_floor
2022-08-26,INDIGO,EXIT,exposure_floor
2022-08-26,LT,REDUCE,exposure_floor
2022-08-26,MAXHEALTH,EXIT,exposure_floor
2022-08-26,SHRIRAMFIN,REDUCE,exposure_floor
2022-08-26,TATASTEEL,EXIT,exposure_floor
2022-08-26,TITAN,REDUCE,exposure_floor
2022-08-26,ULTRACEMCO,EXIT,exposure_floor
2022-08-29,BAJAJFINSV,EXIT,exposure_floor
2022-08-29,DRREDDY,EXIT,exposure_floor
2022-08-29,LT,REDUCE,exposure_floor
2022-08-29,MAXHEALTH,EXIT,exposure_floor
2022-08-29,SHRIRAMFIN,EXIT,exposure_floor
2022-08-29,TATASTEEL,EXIT,exposure_floor
2022-08-29,TITAN,REDUCE,exposure_floor
2022-08-29,ULTRACEMCO,EXIT,exposure_floor
2022-08-30,BAJAJFINSV,REDUCE,exposure_floor
2022-08-30,DRREDDY,EXIT,exposure_floor
2022-08-30,LT,REDUCE,exposure_floor
2022-08-30,MAXHEALTH,EXIT,exposure_floor
2022-08-30,SHRIRAMFIN,EXIT,exposure_floor
2022-08-30,TATASTEEL,EXIT,exposure_floor
2022-08-30,TITAN,REDUCE,exposure_floor
2022-09-01,BAJAJFINSV,REDUCE,exposure_floor
2022-09-01,DRREDDY,EXIT,exposure_floor
2022-09-01,LT,REDUCE,exposure_floor
2022-09-01,MAXHEALTH,EXIT,exposure_floor
2022-09-01,SHRIRAMFIN,EXIT,exposure_floor
2022-09-01,SUNPHARMA,REDUCE,exposure_floor
2022-09-01,TATASTEEL,EXIT,exposure_floor
2022-09-01,TITAN,REDUCE,exposure_floor
2022-09-01,ULTRACEMCO,EXIT,exposure_floor
2022-09-02,BAJAJFINSV,REDUCE,exposure_floor
2022-09-02,DRREDDY,EXIT,exposure_floor
2022-09-02,LT,REDUCE,exposure_floor
2022-09-02,MAXHEALTH,EXIT,exposure_floor
2022-09-02,SHRIRAMFIN,EXIT,exposure_floor
2022-09-02,SUNPHARMA,REDUCE,exposure_floor
2022-09-02,TATASTEEL,EXIT,exposure_floor
2022-09-02,TITAN,REDUCE,exposure_floor
2022-09-02,ULTRACEMCO,EXIT,exposure_floor
2022-09-05,BAJAJFINSV,REDUCE,exposure_floor
2022-09-05,DRREDDY,EXIT,exposure_floor
2022-09-05,LT,REDUCE,exposure_floor
2022-09-05,MAXHEALTH,EXIT,exposure_floor
2022-09-05,SHRIRAMFIN,EXIT,exposure_floor
2022-09-05,TATASTEEL,EXIT,exposure_floor
2022-09-05,TITAN,REDUCE,exposure_floor
2022-09-05,ULTRACEMCO,EXIT,exposure_floor
2022-09-06,BAJAJ-AUTO,REDUCE,exposure_floor
2022-09-06,BAJAJFINSV,REDUCE,exposure_floor
2022-09-06,DRREDDY,EXIT,exposure_floor
2022-09-06,MAXHEALTH,EXIT,exposure_floor
2022-09-06,SHRIRAMFIN,EXIT,exposure_floor
2022-09-06,TITAN,REDUCE,exposure_floor
2022-09-06,ULTRACEMCO,EXIT,exposure_floor
2022-09-07,BAJAJFINSV,REDUCE,exposure_floor
2022-09-07,DRREDDY,EXIT,exposure_floor
2022-09-07,GRASIM,REDUCE,exposure_floor
2022-09-07,INDIGO,EXIT,exposure_floor
2022-09-07,MAXHEALTH,EXIT,exposure_floor
2022-09-07,SHRIRAMFIN,EXIT,exposure_floor
2022-09-07,TATASTEEL,EXIT,exposure_floor
2022-09-07,TITAN,REDUCE,exposure_floor
2022-09-08,BAJAJFINSV,REDUCE,exposure_floor
2022-09-08,DRREDDY,EXIT,exposure_floor
2022-09-08,GRASIM,REDUCE,exposure_floor
2022-09-08,MAXHEALTH,EXIT,exposure_floor
2022-09-08,SHRIRAMFIN,EXIT,exposure_floor
2022-09-08,TATASTEEL,EXIT,exposure_floor
2022-09-08,TITAN,REDUCE,exposure_floor
2022-09-08,ULTRACEMCO,EXIT,exposure_floor
2022-09-09,DRREDDY,EXIT,exposure_floor
2022-09-09,GRASIM,REDUCE,exposure_floor
2022-09-09,INDIGO,EXIT,exposure_floor
2022-09-09,MAXHEALTH,EXIT,exposure_floor
2022-09-09,SHRIRAMFIN,EXIT,exposure_floor
2022-09-09,TITAN,REDUCE,exposure_floor
2022-09-12,APOLLOHOSP,EXIT,exposure_floor
2022-09-12,DRREDDY,EXIT,exposure_floor
2022-09-12,GRASIM,REDUCE,exposure_floor
2022-09-12,MAXHEALTH,EXIT,exposure_floor
2022-09-12,NESTLEIND,REDUCE,exposure_floor
2022-09-12,SHRIRAMFIN,EXIT,exposure_floor
2022-09-12,TITAN,REDUCE,exposure_floor
2022-09-12,ULTRACEMCO,EXIT,exposure_floor
2022-09-13,DRREDDY,EXIT,exposure_floor
2022-09-13,GRASIM,REDUCE,exposure_floor
2022-09-13,INDIGO,EXIT,exposure_floor
2022-09-13,MAXHEALTH,EXIT,exposure_floor
2022-09-13,NESTLEIND,REDUCE,exposure_floor
2022-09-13,SHRIRAMFIN,EXIT,exposure_floor
2022-09-14,DRREDDY,EXIT,exposure_floor
2022-09-14,GRASIM,REDUCE,exposure_floor
2022-09-14,HINDUNILVR,REDUCE,exposure_floor
2022-09-14,INDIGO,EXIT,exposure_floor
2022-09-14,MAXHEALTH,REDUCE,exposure_floor
2022-09-14,NESTLEIND,REDUCE,exposure_floor
2022-09-14,SHRIRAMFIN,EXIT,exposure_floor
2022-09-15,SHRIRAMFIN,EXIT,exposure_floor
2022-09-15,TATASTEEL,EXIT,exposure_floor
2022-09-15,ULTRACEMCO,REDUCE,exposure_floor
2022-09-16,SHRIRAMFIN,EXIT,exposure_floor
2022-09-16,TATACONSUM,REDUCE,exposure_floor
2022-09-16,TATASTEEL,EXIT,exposure_floor
2022-09-16,ULTRACEMCO,EXIT,exposure_floor
2022-09-19,SHRIRAMFIN,EXIT,exposure_floor
2022-09-19,TATASTEEL,EXIT,exposure_floor
2022-09-19,ULTRACEMCO,EXIT,exposure_floor
2022-09-20,SHRIRAMFIN,EXIT,exposure_floor
2022-09-20,ULTRACEMCO,EXIT,exposure_floor
2022-09-21,APOLLOHOSP,EXIT,exposure_floor
2022-09-21,SHRIRAMFIN,EXIT,exposure_floor
2022-09-21,ULTRACEMCO,EXIT,exposure_floor
2022-09-22,APOLLOHOSP,REDUCE,exposure_floor
2022-09-22,SHRIRAMFIN,EXIT,exposure_floor
2022-09-22,ULTRACEMCO,EXIT,exposure_floor
2022-09-23,APOLLOHOSP,EXIT,exposure_floor
2022-09-23,KOTAKBANK,EXIT,exposure_floor
2022-09-23,SHRIRAMFIN,EXIT,exposure_floor
2022-09-23,ULTRACEMCO,EXIT,exposure_floor
2022-09-26,APOLLOHOSP,EXIT,exposure_floor
2022-09-26,BAJAJ-AUTO,EXIT,exposure_floor
2022-09-26,HDFCBANK,EXIT,exposure_floor
2022-09-26,KOTAKBANK,EXIT,exposure_floor
2022-09-26,MARUTI,REDUCE,exposure_floor
2022-09-26,SHRIRAMFIN,EXIT,exposure_floor
2022-09-26,ULTRACEMCO,EXIT,exposure_floor
2022-09-27,APOLLOHOSP,EXIT,exposure_floor
2022-09-27,HDFCBANK,EXIT,exposure_floor
2022-09-27,KOTAKBANK,EXIT,exposure_floor
2022-09-27,MARUTI,REDUCE,exposure_floor
2022-09-27,SHRIRAMFIN,EXIT,exposure_floor
2022-09-27,ULTRACEMCO,EXIT,exposure_floor
2022-09-28,APOLLOHOSP,EXIT,exposure_floor
2022-09-28,AXISBANK,EXIT,exposure_floor
2022-09-28,HDFCBANK,EXIT,exposure_floor
2022-09-28,JSWSTEEL,EXIT,exposure_floor
2022-09-28,KOTAKBANK,EXIT,exposure_floor
2022-09-28,M&M,REDUCE,exposure_floor
2022-09-28,MARUTI,REDUCE,exposure_floor
2022-09-28,SHRIRAMFIN,EXIT,exposure_floor
2022-09-28,ULTRACEMCO,EXIT,exposure_floor
2022-09-29,ADANIPORTS,EXIT,exposure_floor
2022-09-29,APOLLOHOSP,REDUCE,exposure_floor
2022-09-29,AXISBANK,EXIT,exposure_floor
2022-09-29,HDFCBANK,EXIT,exposure_floor
2022-09-29,JSWSTEEL,EXIT,exposure_floor
2022-09-29,KOTAKBANK,EXIT,exposure_floor
2022-09-29,MARUTI,REDUCE,exposure_floor
2022-09-29,SHRIRAMFIN,EXIT,exposure_floor
2022-09-29,ULTRACEMCO,EXIT,exposure_floor
2022-09-30,APOLLOHOSP,EXIT,exposure_floor
2022-09-30,AXISBANK,EXIT,exposure_floor
2022-09-30,HDFCBANK,EXIT,exposure_floor
2022-09-30,JSWSTEEL,EXIT,exposure_floor
2022-09-30,KOTAKBANK,EXIT,exposure_floor
2022-09-30,MARUTI,REDUCE,exposure_floor
2022-09-30,NESTLEIND,REDUCE,exposure_floor
2022-09-30,SHRIRAMFIN,EXIT,exposure_floor
2022-09-30,ULTRACEMCO,EXIT,exposure_floor
2022-10-03,ADANIENT,EXIT,exposure_floor
2022-10-03,APOLLOHOSP,REDUCE,exposure_floor
2022-10-03,AXISBANK,EXIT,exposure_floor
2022-10-03,HDFCBANK,EXIT,exposure_floor
2022-10-03,JSWSTEEL,EXIT,exposure_floor
2022-10-03,KOTAKBANK,EXIT,exposure_floor
2022-10-03,MARUTI,REDUCE,exposure_floor
2022-10-03,NESTLEIND,REDUCE,exposure_floor
2022-10-03,SHRIRAMFIN,EXIT,exposure_floor
2022-10-03,SBIN,REDUCE,exposure_floor
2022-10-03,ULTRACEMCO,EXIT,exposure_floor
2022-10-04,ADANIENT,REDUCE,exposure_floor
2022-10-04,APOLLOHOSP,EXIT,exposure_floor
2022-10-04,AXISBANK,EXIT,exposure_floor
2022-10-04,HDFCBANK,EXIT,exposure_floor
2022-10-04,JSWSTEEL,EXIT,exposure_floor
2022-10-04,KOTAKBANK,EXIT,exposure_floor
2022-10-04,MARUTI,REDUCE,exposure_floor
2022-10-04,NESTLEIND,REDUCE,exposure_floor
2022-10-04,SHRIRAMFIN,EXIT,exposure_floor
2022-10-04,SBIN,REDUCE,exposure_floor
2022-10-04,ULTRACEMCO,EXIT,exposure_floor
2022-10-06,APOLLOHOSP,REDUCE,exposure_floor
2022-10-06,AXISBANK,EXIT,exposure_floor
2022-10-06,HDFCBANK,EXIT,exposure_floor
2022-10-06,HINDUNILVR,REDUCE,exposure_floor
2022-10-06,JSWSTEEL,REDUCE,exposure_floor
2022-10-06,KOTAKBANK,EXIT,exposure_floor
2022-10-06,MARUTI,REDUCE,exposure_floor
2022-10-06,NESTLEIND,REDUCE,exposure_floor
2022-10-06,SHRIRAMFIN,EXIT,exposure_floor
2022-10-06,SBIN,REDUCE,exposure_floor
2022-10-06,ULTRACEMCO,EXIT,exposure_floor
2022-10-07,APOLLOHOSP,EXIT,exposure_floor
2022-10-07,AXISBANK,EXIT,exposure_floor
2022-10-07,HDFCBANK,EXIT,exposure_floor
2022-10-07,HINDUNILVR,REDUCE,exposure_floor
2022-10-07,KOTAKBANK,EXIT,exposure_floor
2022-10-07,MARUTI,REDUCE,exposure_floor
2022-10-07,NESTLEIND,REDUCE,exposure_floor
2022-10-07,SHRIRAMFIN,EXIT,exposure_floor
2022-10-07,SBIN,REDUCE,exposure_floor
2022-10-07,ULTRACEMCO,EXIT,exposure_floor
2022-10-10,ADANIENT,EXIT,exposure_floor
2022-10-10,ASIANPAINT,REDUCE,exposure_floor
2022-10-10,AXISBANK,REDUCE,exposure_floor
2022-10-10,HDFCBANK,EXIT,exposure_floor
2022-10-10,HINDUNILVR,REDUCE,exposure_floor
2022-10-10,KOTAKBANK,EXIT,exposure_floor
2022-10-10,MARUTI,REDUCE,exposure_floor
2022-10-10,NESTLEIND,REDUCE,exposure_floor
2022-10-10,SHRIRAMFIN,EXIT,exposure_floor
2022-10-10,SBIN,REDUCE,exposure_floor
2022-10-10,TATACONSUM,REDUCE,exposure_floor
2022-10-10,ULTRACEMCO,EXIT,exposure_floor
2022-10-11,ADANIENT,REDUCE,exposure_floor
2022-10-11,APOLLOHOSP,EXIT,exposure_floor
2022-10-11,ASIANPAINT,REDUCE,exposure_floor
2022-10-11,HDFCBANK,EXIT,exposure_floor
2022-10-11,HINDUNILVR,REDUCE,exposure_floor
2022-10-11,KOTAKBANK,EXIT,exposure_floor
2022-10-11,MARUTI,REDUCE,exposure_floor
2022-10-11,NESTLEIND,REDUCE,exposure_floor
2022-10-11,SHRIRAMFIN,EXIT,exposure_floor
2022-10-11,SBIN,REDUCE,exposure_floor
2022-10-11,TATACONSUM,EXIT,exposure_floor
2022-10-11,ULTRACEMCO,EXIT,exposure_floor
2022-10-12,ADANIENT,EXIT,exposure_floor
2022-10-12,APOLLOHOSP,EXIT,exposure_floor
2022-10-12,BAJFINANCE,REDUCE,exposure_floor
2022-10-12,HDFCBANK,EXIT,exposure_floor
2022-10-12,HINDUNILVR,REDUCE,exposure_floor
2022-10-12,KOTAKBANK,EXIT,exposure_floor
2022-10-12,MARUTI,REDUCE,exposure_floor
2022-10-12,NESTLEIND,REDUCE,exposure_floor
2022-10-12,SBILIFE,REDUCE,exposure_floor
2022-10-12,SHRIRAMFIN,EXIT,exposure_floor
2022-10-12,SBIN,REDUCE,exposure_floor
2022-10-12,TATACONSUM,EXIT,exposure_floor
2022-10-12,ULTRACEMCO,EXIT,exposure_floor
2022-10-13,ADANIENT,EXIT,exposure_floor
2022-10-13,APOLLOHOSP,EXIT,exposure_floor
2022-10-13,HDFCBANK,EXIT,exposure_floor
2022-10-13,HINDUNILVR,REDUCE,exposure_floor
2022-10-13,KOTAKBANK,EXIT,exposure_floor
2022-10-13,MARUTI,REDUCE,exposure_floor
2022-10-13,NESTLEIND,REDUCE,exposure_floor
2022-10-13,SBILIFE,REDUCE,exposure_floor
2022-10-13,SHRIRAMFIN,EXIT,exposure_floor
2022-10-13,SBIN,REDUCE,exposure_floor
2022-10-13,TATACONSUM,EXIT,exposure_floor
2022-10-13,ULTRACEMCO,EXIT,exposure_floor
2022-10-14,ADANIENT,EXIT,exposure_floor
2022-10-14,APOLLOHOSP,EXIT,exposure_floor
2022-10-14,HDFCBANK,EXIT,exposure_floor
2022-10-14,KOTAKBANK,EXIT,exposure_floor
2022-10-14,M&M,REDUCE,exposure_floor
2022-10-14,MARUTI,REDUCE,exposure_floor
2022-10-14,NESTLEIND,REDUCE,exposure_floor
2022-10-14,SBILIFE,REDUCE,exposure_floor
2022-10-14,SHRIRAMFIN,EXIT,exposure_floor
2022-10-14,SBIN,REDUCE,exposure_floor
2022-10-14,TATACONSUM,EXIT,exposure_floor
2022-10-14,ULTRACEMCO,EXIT,exposure_floor
2022-10-17,ADANIENT,EXIT,exposure_floor
2022-10-17,APOLLOHOSP,EXIT,exposure_floor
2022-10-17,HDFCBANK,EXIT,exposure_floor
2022-10-17,JSWSTEEL,EXIT,exposure_floor
2022-10-17,KOTAKBANK,EXIT,exposure_floor
2022-10-17,MARUTI,REDUCE,exposure_floor
2022-10-17,NESTLEIND,REDUCE,exposure_floor
2022-10-17,SBILIFE,REDUCE,exposure_floor
2022-10-17,SHRIRAMFIN,EXIT,exposure_floor
2022-10-17,TATACONSUM,EXIT,exposure_floor
2022-10-17,ULTRACEMCO,EXIT,exposure_floor
2022-10-18,ADANIENT,EXIT,exposure_floor
2022-10-18,APOLLOHOSP,REDUCE,exposure_floor
2022-10-18,HDFCBANK,EXIT,exposure_floor
2022-10-18,JSWSTEEL,EXIT,exposure_floor
2022-10-18,KOTAKBANK,EXIT,exposure_floor
2022-10-18,MARUTI,REDUCE,exposure_floor
2022-10-18,NESTLEIND,REDUCE,exposure_floor
2022-10-18,SBILIFE,REDUCE,exposure_floor
2022-10-18,SHRIRAMFIN,EXIT,exposure_floor
2022-10-18,TATACONSUM,EXIT,exposure_floor
2022-10-18,ULTRACEMCO,EXIT,exposure_floor
2022-10-19,ADANIENT,EXIT,exposure_floor
2022-10-19,APOLLOHOSP,EXIT,exposure_floor
2022-10-19,HDFCBANK,EXIT,exposure_floor
2022-10-19,JSWSTEEL,EXIT,exposure_floor
2022-10-19,KOTAKBANK,REDUCE,exposure_floor
2022-10-19,MARUTI,REDUCE,exposure_floor
2022-10-19,NESTLEIND,REDUCE,exposure_floor
2022-10-19,SBILIFE,REDUCE,exposure_floor
2022-10-19,SHRIRAMFIN,EXIT,exposure_floor
2022-10-19,TATACONSUM,EXIT,exposure_floor
2022-10-19,ULTRACEMCO,EXIT,exposure_floor
2022-10-20,ADANIENT,REDUCE,exposure_floor
2022-10-20,APOLLOHOSP,EXIT,exposure_floor
2022-10-20,HDFCBANK,EXIT,exposure_floor
2022-10-20,JSWSTEEL,EXIT,exposure_floor
2022-10-20,KOTAKBANK,EXIT,exposure_floor
2022-10-20,MARUTI,REDUCE,exposure_floor
2022-10-20,NESTLEIND,REDUCE,exposure_floor
2022-10-20,SBILIFE,REDUCE,exposure_floor
2022-10-20,SHRIRAMFIN,EXIT,exposure_floor
2022-10-20,TATACONSUM,EXIT,exposure_floor
2022-10-20,ULTRACEMCO,EXIT,exposure_floor
2022-10-21,ADANIENT,REDUCE,exposure_floor
2022-10-21,APOLLOHOSP,EXIT,exposure_floor
2022-10-21,BAJFINANCE,REDUCE,exposure_floor
2022-10-21,HDFCBANK,EXIT,exposure_floor
2022-10-21,KOTAKBANK,REDUCE,exposure_floor
2022-10-21,MARUTI,REDUCE,exposure_floor
2022-10-21,SBILIFE,REDUCE,exposure_floor
2022-10-21,SHRIRAMFIN,EXIT,exposure_floor
2022-10-21,TATACONSUM,EXIT,exposure_floor
2022-10-21,ULTRACEMCO,EXIT,exposure_floor
2022-10-24,ADANIENT,REDUCE,exposure_floor
2022-10-24,APOLLOHOSP,EXIT,exposure_floor
2022-10-24,BAJFINANCE,REDUCE,exposure_floor
2022-10-24,HCLTECH,EXIT,exposure_floor
2022-10-24,HDFCBANK,EXIT,exposure_floor
2022-10-24,MARUTI,REDUCE,exposure_floor
2022-10-24,SBILIFE,REDUCE,exposure_floor
2022-10-24,SHRIRAMFIN,EXIT,exposure_floor
2022-10-24,TATACONSUM,EXIT,exposure_floor
2022-10-24,ULTRACEMCO,EXIT,exposure_floor
2022-10-25,ADANIENT,REDUCE,exposure_floor
2022-10-25,APOLLOHOSP,EXIT,exposure_floor
2022-10-25,HDFCBANK,EXIT,exposure_floor
2022-10-25,KOTAKBANK,EXIT,exposure_floor
2022-10-25,SBILIFE,REDUCE,exposure_floor
2022-10-25,SHRIRAMFIN,EXIT,exposure_floor
2022-10-25,TATACONSUM,EXIT,exposure_floor
2022-10-25,ULTRACEMCO,EXIT,exposure_floor
2022-10-27,ADANIENT,REDUCE,exposure_floor
2022-10-27,APOLLOHOSP,REDUCE,exposure_floor
2022-10-27,HCLTECH,EXIT,exposure_floor
2022-10-27,HDFCBANK,EXIT,exposure_floor
2022-10-27,KOTAKBANK,EXIT,exposure_floor
2022-10-27,SBILIFE,REDUCE,exposure_floor
2022-10-27,SHRIRAMFIN,EXIT,exposure_floor
2022-10-27,TATACONSUM,EXIT,exposure_floor
2022-10-27,ULTRACEMCO,EXIT,exposure_floor
2022-10-28,ADANIENT,REDUCE,exposure_floor
2022-10-28,APOLLOHOSP,EXIT,exposure_floor
2022-10-28,HDFCBANK,EXIT,exposure_floor
2022-10-28,KOTAKBANK,REDUCE,exposure_floor
2022-10-28,SHRIRAMFIN,EXIT,exposure_floor
2022-10-28,TATACONSUM,EXIT,exposure_floor
2022-10-28,ULTRACEMCO,EXIT,exposure_floor
2022-10-31,ADANIENT,REDUCE,exposure_floor
2022-10-31,APOLLOHOSP,REDUCE,exposure_floor
2022-10-31,BAJAJFINSV,REDUCE,exposure_floor
2022-10-31,HCLTECH,EXIT,exposure_floor
2022-10-31,HDFCBANK,EXIT,exposure_floor
2022-10-31,SHRIRAMFIN,EXIT,exposure_floor
2022-10-31,TATACONSUM,EXIT,exposure_floor
2022-10-31,ULTRACEMCO,REDUCE,exposure_floor
2022-11-01,APOLLOHOSP,EXIT,exposure_floor
2022-11-01,HDFCBANK,EXIT,exposure_floor
2022-11-01,TATACONSUM,EXIT,exposure_floor
2022-11-01,ULTRACEMCO,EXIT,exposure_floor
2022-11-02,APOLLOHOSP,REDUCE,exposure_floor
2022-11-02,HCLTECH,EXIT,exposure_floor
2022-11-02,HDFCBANK,EXIT,exposure_floor
2022-11-02,TATACONSUM,EXIT,exposure_floor
2022-11-02,ULTRACEMCO,REDUCE,exposure_floor
2022-11-03,APOLLOHOSP,EXIT,exposure_floor
2022-11-03,HCLTECH,REDUCE,exposure_floor
2022-11-03,HDFCBANK,EXIT,exposure_floor
2022-11-03,TATACONSUM,EXIT,exposure_floor
2022-11-03,ULTRACEMCO,EXIT,exposure_floor
2022-11-04,HCLTECH,EXIT,exposure_floor
2022-11-04,HDFCBANK,EXIT,exposure_floor
2022-11-04,TATACONSUM,EXIT,exposure_floor
2022-11-04,ULTRACEMCO,REDUCE,exposure_floor
2022-11-07,HCLTECH,REDUCE,exposure_floor
2022-11-07,HDFCBANK,EXIT,exposure_floor
2022-11-07,TATACONSUM,EXIT,exposure_floor
2022-11-09,HCLTECH,EXIT,exposure_floor
2022-11-09,HDFCBANK,EXIT,exposure_floor
2022-11-09,POWERGRID,REDUCE,exposure_floor
2022-11-09,TATACONSUM,EXIT,exposure_floor
2022-11-09,ULTRACEMCO,EXIT,exposure_floor
2022-11-10,GRASIM,REDUCE,exposure_floor
2022-11-10,HCLTECH,REDUCE,exposure_floor
2022-11-10,HDFCBANK,REDUCE,exposure_floor
2022-11-10,POWERGRID,EXIT,exposure_floor
2022-11-10,TATACONSUM,EXIT,exposure_floor
2022-11-10,ULTRACEMCO,REDUCE,exposure_floor
2022-11-11,GRASIM,REDUCE,exposure_floor
2022-11-11,HCLTECH,EXIT,exposure_floor
2022-11-11,TATACONSUM,EXIT,exposure_floor
2022-11-11,TRENT,REDUCE,exposure_floor
2022-11-11,ULTRACEMCO,EXIT,exposure_floor
2022-11-14,M&M,REDUCE,exposure_floor
2022-11-14,TATACONSUM,EXIT,exposure_floor
2022-11-14,TITAN,REDUCE,exposure_floor
2022-11-14,TRENT,REDUCE,exposure_floor
2022-11-14,ULTRACEMCO,REDUCE,exposure_floor
2022-11-15,INFY,REDUCE,exposure_floor
2022-11-15,TITAN,REDUCE,exposure_floor
2022-11-15,TRENT,REDUCE,exposure_floor
2022-11-16,INFY,EXIT,exposure_floor
2022-11-17,HINDALCO,EXIT,exposure_floor
2022-11-17,INFY,REDUCE,exposure_floor
2022-11-17,TCS,EXIT,exposure_floor
2022-11-18,HINDALCO,EXIT,exposure_floor
2022-11-18,INFY,EXIT,exposure_floor
2022-11-21,HCLTECH,EXIT,exposure_floor
2022-11-21,HINDALCO,EXIT,exposure_floor
2022-11-21,INFY,REDUCE,exposure_floor
2022-11-22,APOLLOHOSP,EXIT,exposure_floor
2022-11-22,HINDALCO,EXIT,exposure_floor
2022-11-22,INFY,EXIT,exposure_floor
2022-11-23,HINDALCO,EXIT,exposure_floor
2022-11-23,INFY,REDUCE,exposure_floor
2022-11-24,HINDALCO,EXIT,exposure_floor
2022-11-24,INFY,REDUCE,exposure_floor
2022-11-25,INFY,REDUCE,exposure_floor
2022-11-28,ONGC,REDUCE,exposure_floor
2022-11-29,ONGC,EXIT,exposure_floor
2022-12-05,ONGC,EXIT,exposure_floor
2022-12-07,ONGC,EXIT,exposure_floor
2022-12-09,ONGC,EXIT,exposure_floor
2022-12-09,TCS,EXIT,exposure_floor
2022-12-12,TCS,EXIT,exposure_floor
2022-12-13,MAXHEALTH,REDUCE,exposure_floor
2022-12-13,ONGC,EXIT,exposure_floor
2022-12-13,TCS,REDUCE,exposure_floor
2022-12-14,TCS,EXIT,exposure_floor
2022-12-15,NESTLEIND,REDUCE,exposure_floor
2022-12-15,ONGC,EXIT,exposure_floor
2022-12-15,TCS,EXIT,exposure_floor
2022-12-16,TCS,EXIT,exposure_floor
2022-12-19,HINDALCO,EXIT,exposure_floor
2022-12-19,ONGC,EXIT,exposure_floor
2022-12-19,TCS,EXIT,exposure_floor
2022-12-20,TCS,EXIT,exposure_floor
2022-12-21,HINDALCO,EXIT,exposure_floor
2022-12-21,ONGC,EXIT,exposure_floor
2022-12-21,TCS,EXIT,exposure_floor
2022-12-22,TCS,EXIT,exposure_floor
2022-12-23,HDFCLIFE,EXIT,exposure_floor
2022-12-23,HINDALCO,EXIT,exposure_floor
2022-12-23,INDIGO,EXIT,exposure_floor
2022-12-23,ONGC,EXIT,exposure_floor
2022-12-23,POWERGRID,EXIT,exposure_floor
2022-12-23,RELIANCE,EXIT,exposure_floor
2022-12-23,TCS,EXIT,exposure_floor
2022-12-23,TATASTEEL,EXIT,exposure_floor
2022-12-27,DRREDDY,EXIT,exposure_floor
2022-12-27,HDFCLIFE,REDUCE,exposure_floor
2022-12-27,INDIGO,REDUCE,exposure_floor
2022-12-27,POWERGRID,EXIT,exposure_floor
2022-12-27,RELIANCE,EXIT,exposure_floor
2022-12-27,SUNPHARMA,REDUCE,exposure_floor
2022-12-27,TCS,EXIT,exposure_floor
2022-12-27,TATACONSUM,REDUCE,exposure_floor
2022-12-28,DRREDDY,EXIT,exposure_floor
2022-12-28,HDFCLIFE,EXIT,exposure_floor
2022-12-28,HINDALCO,EXIT,exposure_floor
2022-12-28,ONGC,EXIT,exposure_floor
2022-12-28,POWERGRID,EXIT,exposure_floor
2022-12-28,RELIANCE,EXIT,exposure_floor
2022-12-28,SUNPHARMA,REDUCE,exposure_floor
2022-12-28,TCS,EXIT,exposure_floor
2022-12-28,TATACONSUM,REDUCE,exposure_floor
2022-12-28,TATASTEEL,EXIT,exposure_floor
2022-12-29,DRREDDY,EXIT,exposure_floor
2022-12-29,HDFCLIFE,REDUCE,exposure_floor
2022-12-29,POWERGRID,EXIT,exposure_floor
2022-12-29,RELIANCE,EXIT,exposure_floor
2022-12-29,SUNPHARMA,REDUCE,exposure_floor
2022-12-29,TCS,EXIT,exposure_floor
2022-12-29,TATACONSUM,REDUCE,exposure_floor
2022-12-30,APOLLOHOSP,REDUCE,exposure_floor
2022-12-30,DRREDDY,EXIT,exposure_floor
2022-12-30,HDFCLIFE,EXIT,exposure_floor
2022-12-30,HINDALCO,EXIT,exposure_floor
2022-12-30,NESTLEIND,REDUCE,exposure_floor
2022-12-30,ONGC,EXIT,exposure_floor
2022-12-30,POWERGRID,EXIT,exposure_floor
2022-12-30,RELIANCE,EXIT,exposure_floor
2022-12-30,SBILIFE,REDUCE,exposure_floor
2022-12-30,SUNPHARMA,REDUCE,exposure_floor
2022-12-30,TCS,EXIT,exposure_floor
2022-12-30,TATACONSUM,EXIT,exposure_floor
2023-01-02,APOLLOHOSP,REDUCE,exposure_floor
2023-01-02,DRREDDY,EXIT,exposure_floor
2023-01-02,HDFCLIFE,REDUCE,exposure_floor
2023-01-02,NESTLEIND,REDUCE,exposure_floor
2023-01-02,POWERGRID,EXIT,exposure_floor
2023-01-02,RELIANCE,EXIT,exposure_floor
2023-01-02,SBILIFE,REDUCE,exposure_floor
2023-01-02,SUNPHARMA,REDUCE,exposure_floor
2023-01-02,TCS,EXIT,exposure_floor
2023-01-02,TATACONSUM,EXIT,exposure_floor
2023-01-03,APOLLOHOSP,REDUCE,exposure_floor
2023-01-03,DRREDDY,EXIT,exposure_floor
2023-01-03,HINDALCO,EXIT,exposure_floor
2023-01-03,NESTLEIND,REDUCE,exposure_floor
2023-01-03,POWERGRID,EXIT,exposure_floor
2023-01-03,RELIANCE,EXIT,exposure_floor
2023-01-03,TCS,REDUCE,exposure_floor
2023-01-03,TATACONSUM,EXIT,exposure_floor
2023-01-04,APOLLOHOSP,REDUCE,exposure_floor
2023-01-04,DRREDDY,EXIT,exposure_floor
2023-01-04,NESTLEIND,REDUCE,exposure_floor
2023-01-04,ONGC,EXIT,exposure_floor
2023-01-04,POWERGRID,EXIT,exposure_floor
2023-01-04,RELIANCE,EXIT,exposure_floor
2023-01-04,TCS,EXIT,exposure_floor
2023-01-04,TATACONSUM,EXIT,exposure_floor
2023-01-05,HINDALCO,EXIT,exposure_floor
2023-01-05,ONGC,REDUCE,exposure_floor
2023-01-05,POWERGRID,EXIT,exposure_floor
2023-01-05,RELIANCE,EXIT,exposure_floor
2023-01-05,TCS,REDUCE,exposure_floor
2023-01-05,TATACONSUM,EXIT,exposure_floor
2023-01-06,HINDALCO,REDUCE,exposure_floor
2023-01-06,ONGC,EXIT,exposure_floor
2023-01-06,POWERGRID,EXIT,exposure_floor
2023-01-06,RELIANCE,EXIT,exposure_floor
2023-01-06,TCS,EXIT,exposure_floor
2023-01-06,TATACONSUM,EXIT,exposure_floor
2023-01-09,HINDALCO,EXIT,exposure_floor
2023-01-09,ONGC,REDUCE,exposure_floor
2023-01-09,POWERGRID,EXIT,exposure_floor
2023-01-09,TCS,REDUCE,exposure_floor
2023-01-09,TATACONSUM,EXIT,exposure_floor
2023-01-10,HINDALCO,REDUCE,exposure_floor
2023-01-10,POWERGRID,EXIT,exposure_floor
2023-01-10,RELIANCE,EXIT,exposure_floor
2023-01-10,TCS,EXIT,exposure_floor
2023-01-10,TATACONSUM,EXIT,exposure_floor
2023-01-11,HINDALCO,EXIT,exposure_floor
2023-01-11,ONGC,EXIT,exposure_floor
2023-01-11,POWERGRID,EXIT,exposure_floor
2023-01-11,RELIANCE,EXIT,exposure_floor
2023-01-11,TCS,REDUCE,exposure_floor
2023-01-11,TATACONSUM,EXIT,exposure_floor
2023-01-12,HINDALCO,REDUCE,exposure_floor
2023-01-12,ONGC,REDUCE,exposure_floor
2023-01-12,RELIANCE,EXIT,exposure_floor
2023-01-12,TCS,EXIT,exposure_floor
2023-01-12,TATACONSUM,EXIT,exposure_floor
2023-01-13,HCLTECH,EXIT,exposure_floor
2023-01-13,HINDALCO,EXIT,exposure_floor
2023-01-13,ONGC,EXIT,exposure_floor
2023-01-13,RELIANCE,EXIT,exposure_floor
2023-01-13,TCS,REDUCE,exposure_floor
2023-01-13,TATACONSUM,EXIT,exposure_floor
2023-01-13,TITAN,EXIT,exposure_floor
2023-01-16,HINDALCO,REDUCE,exposure_floor
2023-01-16,ONGC,REDUCE,exposure_floor
2023-01-16,RELIANCE,EXIT,exposure_floor
2023-01-16,TATACONSUM,EXIT,exposure_floor
2023-01-16,TITAN,EXIT,exposure_floor
2023-01-17,ADANIENT,REDUCE,exposure_floor
2023-01-17,HINDALCO,EXIT,exposure_floor
2023-01-17,RELIANCE,EXIT,exposure_floor
2023-01-17,TATACONSUM,EXIT,exposure_floor
2023-01-17,TITAN,EXIT,exposure_floor
2023-01-18,ADANIENT,REDUCE,exposure_floor
2023-01-18,HINDALCO,REDUCE,exposure_floor
2023-01-18,RELIANCE,EXIT,exposure_floor
2023-01-18,SBIN,REDUCE,exposure_floor
2023-01-18,TATACONSUM,EXIT,exposure_floor
2023-01-18,TITAN,EXIT,exposure_floor
2023-01-19,ADANIENT,EXIT,exposure_floor
2023-01-19,HINDALCO,EXIT,exposure_floor
2023-01-19,SBIN,REDUCE,exposure_floor
2023-01-19,TATACONSUM,EXIT,exposure_floor
2023-01-19,TITAN,EXIT,exposure_floor
2023-01-20,ADANIENT,EXIT,exposure_floor
2023-01-20,HINDALCO,REDUCE,exposure_floor
2023-01-20,SBIN,REDUCE,exposure_floor
2023-01-20,TATACONSUM,EXIT,exposure_floor
2023-01-20,TITAN,EXIT,exposure_floor
2023-01-23,ADANIENT,EXIT,exposure_floor
2023-01-23,HINDALCO,EXIT,exposure_floor
2023-01-23,SBIN,REDUCE,exposure_floor
2023-01-23,TATACONSUM,EXIT,exposure_floor
2023-01-24,ADANIENT,EXIT,exposure_floor
2023-01-24,GRASIM,EXIT,exposure_floor
2023-01-24,HINDALCO,REDUCE,exposure_floor
2023-01-24,MAXHEALTH,REDUCE,exposure_floor
2023-01-24,SBIN,REDUCE,exposure_floor
2023-01-24,TATACONSUM,EXIT,exposure_floor
2023-01-24,TECHM,EXIT,exposure_floor
2023-01-25,ADANIENT,EXIT,exposure_floor
2023-01-25,APOLLOHOSP,EXIT,exposure_floor
2023-01-25,HINDALCO,EXIT,exposure_floor
2023-01-25,SHRIRAMFIN,EXIT,exposure_floor
2023-01-25,SBIN,REDUCE,exposure_floor
2023-01-25,TATACONSUM,EXIT,exposure_floor
2023-01-25,TECHM,EXIT,exposure_floor
2023-01-25,ULTRACEMCO,REDUCE,exposure_floor
2023-01-27,ADANIENT,EXIT,exposure_floor
2023-01-27,APOLLOHOSP,EXIT,exposure_floor
2023-01-27,BEL,EXIT,exposure_floor
2023-01-27,COALINDIA,REDUCE,exposure_floor
2023-01-27,HINDALCO,REDUCE,exposure_floor
2023-01-27,ICICIBANK,EXIT,exposure_floor
2023-01-27,ONGC,EXIT,exposure_floor
2023-01-27,SHRIRAMFIN,EXIT,exposure_floor
2023-01-27,SBIN,REDUCE,exposure_floor
2023-01-27,TATACONSUM,EXIT,exposure_floor
2023-01-27,TECHM,EXIT,exposure_floor
2023-01-27,ULTRACEMCO,REDUCE,exposure_floor
2023-01-30,ADANIENT,EXIT,exposure_floor
2023-01-30,APOLLOHOSP,EXIT,exposure_floor
2023-01-30,BEL,EXIT,exposure_floor
2023-01-30,HINDALCO,EXIT,exposure_floor
2023-01-30,ICICIBANK,EXIT,exposure_floor
2023-01-30,ONGC,REDUCE,exposure_floor
2023-01-30,POWERGRID,EXIT,exposure_floor
2023-01-30,SHRIRAMFIN,EXIT,exposure_floor
2023-01-30,SBIN,REDUCE,exposure_floor
2023-01-30,TATACONSUM,EXIT,exposure_floor
2023-01-30,TECHM,EXIT,exposure_floor
2023-01-30,ULTRACEMCO,REDUCE,exposure_floor
2023-01-31,ADANIENT,EXIT,exposure_floor
2023-01-31,APOLLOHOSP,EXIT,exposure_floor
2023-01-31,HINDALCO,REDUCE,exposure_floor
2023-01-31,ICICIBANK,EXIT,exposure_floor
2023-01-31,ONGC,EXIT,exposure_floor
2023-01-31,POWERGRID,EXIT,exposure_floor
2023-01-31,SHRIRAMFIN,EXIT,exposure_floor
2023-01-31,SBIN,REDUCE,exposure_floor
2023-01-31,TATACONSUM,EXIT,exposure_floor
2023-01-31,TECHM,EXIT,exposure_floor
2023-02-01,ADANIENT,EXIT,exposure_floor
2023-02-01,APOLLOHOSP,EXIT,exposure_floor
2023-02-01,HDFCLIFE,EXIT,exposure_floor
2023-02-01,HINDALCO,EXIT,exposure_floor
2023-02-01,ICICIBANK,EXIT,exposure_floor
2023-02-01,ONGC,EXIT,exposure_floor
2023-02-01,SBILIFE,EXIT,exposure_floor
2023-02-01,SHRIRAMFIN,EXIT,exposure_floor
2023-02-01,SBIN,EXIT,exposure_floor
2023-02-01,TATACONSUM,EXIT,exposure_floor
2023-02-01,TECHM,EXIT,exposure_floor
2023-02-02,ADANIENT,EXIT,exposure_floor
2023-02-02,APOLLOHOSP,EXIT,exposure_floor
2023-02-02,COALINDIA,REDUCE,exposure_floor
2023-02-02,EICHERMOT,EXIT,exposure_floor
2023-02-02,HDFCLIFE,EXIT,exposure_floor
2023-02-02,HINDALCO,EXIT,exposure_floor
2023-02-02,INFY,EXIT,exposure_floor
2023-02-02,ONGC,EXIT,exposure_floor
2023-02-02,SBILIFE,EXIT,exposure_floor
2023-02-02,SHRIRAMFIN,EXIT,exposure_floor
2023-02-02,SBIN,EXIT,exposure_floor
2023-02-02,TATACONSUM,EXIT,exposure_floor
2023-02-02,TECHM,EXIT,exposure_floor
2023-02-03,ADANIENT,EXIT,exposure_floor
2023-02-03,APOLLOHOSP,EXIT,exposure_floor
2023-02-03,COALINDIA,REDUCE,exposure_floor
2023-02-03,HDFCLIFE,EXIT,exposure_floor
2023-02-03,HINDALCO,EXIT,exposure_floor
2023-02-03,ONGC,EXIT,exposure_floor
2023-02-03,SBILIFE,EXIT,exposure_floor
2023-02-03,SHRIRAMFIN,EXIT,exposure_floor
2023-02-03,SBIN,EXIT,exposure_floor
2023-02-03,TATACONSUM,EXIT,exposure_floor
2023-02-03,TECHM,EXIT,exposure_floor
2023-02-06,ADANIENT,EXIT,exposure_floor
2023-02-06,APOLLOHOSP,EXIT,exposure_floor
2023-02-06,COALINDIA,REDUCE,exposure_floor
2023-02-06,EICHERMOT,EXIT,exposure_floor
2023-02-06,HDFCLIFE,EXIT,exposure_floor
2023-02-06,HINDALCO,EXIT,exposure_floor
2023-02-06,INFY,EXIT,exposure_floor
2023-02-06,ONGC,EXIT,exposure_floor
2023-02-06,SBILIFE,EXIT,exposure_floor
2023-02-06,SHRIRAMFIN,EXIT,exposure_floor
2023-02-06,SBIN,EXIT,exposure_floor
2023-02-06,TATACONSUM,EXIT,exposure_floor
2023-02-06,TECHM,EXIT,exposure_floor
2023-02-07,ADANIENT,EXIT,exposure_floor
2023-02-07,APOLLOHOSP,EXIT,exposure_floor
2023-02-07,HDFCLIFE,EXIT,exposure_floor
2023-02-07,HINDALCO,EXIT,exposure_floor
2023-02-07,ONGC,EXIT,exposure_floor
2023-02-07,SBILIFE,EXIT,exposure_floor
2023-02-07,SHRIRAMFIN,EXIT,exposure_floor
2023-02-07,SBIN,EXIT,exposure_floor
2023-02-07,TATACONSUM,EXIT,exposure_floor
2023-02-07,TECHM,EXIT,exposure_floor
2023-02-08,ADANIENT,EXIT,exposure_floor
2023-02-08,APOLLOHOSP,EXIT,exposure_floor
2023-02-08,HDFCLIFE,EXIT,exposure_floor
2023-02-08,HINDALCO,EXIT,exposure_floor
2023-02-08,ONGC,EXIT,exposure_floor
2023-02-08,SBILIFE,EXIT,exposure_floor
2023-02-08,SHRIRAMFIN,EXIT,exposure_floor
2023-02-08,SBIN,EXIT,exposure_floor
2023-02-08,TATACONSUM,EXIT,exposure_floor
2023-02-08,TECHM,EXIT,exposure_floor
2023-02-09,ADANIENT,EXIT,exposure_floor
2023-02-09,APOLLOHOSP,EXIT,exposure_floor
2023-02-09,HDFCLIFE,EXIT,exposure_floor
2023-02-09,HINDALCO,EXIT,exposure_floor
2023-02-09,ONGC,REDUCE,exposure_floor
2023-02-09,SBILIFE,EXIT,exposure_floor
2023-02-09,SHRIRAMFIN,REDUCE,exposure_floor
2023-02-09,SBIN,EXIT,exposure_floor
2023-02-09,TATACONSUM,EXIT,exposure_floor
2023-02-09,TECHM,EXIT,exposure_floor
2023-02-10,ADANIENT,EXIT,exposure_floor
2023-02-10,APOLLOHOSP,EXIT,exposure_floor
2023-02-10,HDFCLIFE,EXIT,exposure_floor
2023-02-10,HINDALCO,EXIT,exposure_floor
2023-02-10,ONGC,EXIT,exposure_floor
2023-02-10,SBILIFE,EXIT,exposure_floor
2023-02-10,SHRIRAMFIN,REDUCE,exposure_floor
2023-02-10,SBIN,EXIT,exposure_floor
2023-02-10,TATACONSUM,EXIT,exposure_floor
2023-02-10,TATASTEEL,EXIT,exposure_floor
2023-02-10,TECHM,EXIT,exposure_floor
2023-02-13,ADANIENT,EXIT,exposure_floor
2023-02-13,APOLLOHOSP,EXIT,exposure_floor
2023-02-13,HDFCLIFE,EXIT,exposure_floor
2023-02-13,HINDALCO,EXIT,exposure_floor
2023-02-13,INFY,EXIT,exposure_floor
2023-02-13,ONGC,REDUCE,exposure_floor
2023-02-13,SBILIFE,EXIT,exposure_floor
2023-02-13,SHRIRAMFIN,EXIT,exposure_floor
2023-02-13,SBIN,EXIT,exposure_floor
2023-02-13,TATACONSUM,EXIT,exposure_floor
2023-02-13,TATASTEEL,EXIT,exposure_floor
2023-02-13,TECHM,EXIT,exposure_floor
2023-02-14,ADANIENT,EXIT,exposure_floor
2023-02-14,EICHERMOT,EXIT,exposure_floor
2023-02-14,HDFCLIFE,EXIT,exposure_floor
2023-02-14,HINDALCO,EXIT,exposure_floor
2023-02-14,SBILIFE,EXIT,exposure_floor
2023-02-14,SHRIRAMFIN,EXIT,exposure_floor
2023-02-14,SBIN,EXIT,exposure_floor
2023-02-14,TATACONSUM,EXIT,exposure_floor
2023-02-14,TATASTEEL,EXIT,exposure_floor
2023-02-14,TECHM,EXIT,exposure_floor
2023-02-15,ADANIENT,EXIT,exposure_floor
2023-02-15,HDFCLIFE,EXIT,exposure_floor
2023-02-15,HINDALCO,EXIT,exposure_floor
2023-02-15,ONGC,EXIT,exposure_floor
2023-02-15,SBILIFE,EXIT,exposure_floor
2023-02-15,SHRIRAMFIN,EXIT,exposure_floor
2023-02-15,SBIN,EXIT,exposure_floor
2023-02-15,TATACONSUM,EXIT,exposure_floor
2023-02-15,TATASTEEL,EXIT,exposure_floor
2023-02-15,TECHM,REDUCE,exposure_floor
2023-02-16,ADANIENT,EXIT,exposure_floor
2023-02-16,HDFCLIFE,EXIT,exposure_floor
2023-02-16,HINDALCO,EXIT,exposure_floor
2023-02-16,ONGC,REDUCE,exposure_floor
2023-02-16,SBILIFE,EXIT,exposure_floor
2023-02-16,SHRIRAMFIN,EXIT,exposure_floor
2023-02-16,SBIN,EXIT,exposure_floor
2023-02-16,TATACONSUM,EXIT,exposure_floor
2023-02-16,TATASTEEL,EXIT,exposure_floor
2023-02-16,TECHM,EXIT,exposure_floor
2023-02-17,ADANIENT,EXIT,exposure_floor
2023-02-17,AXISBANK,REDUCE,exposure_floor
2023-02-17,HDFCLIFE,EXIT,exposure_floor
2023-02-17,HINDALCO,EXIT,exposure_floor
2023-02-17,INFY,EXIT,exposure_floor
2023-02-17,SBILIFE,EXIT,exposure_floor
2023-02-17,SHRIRAMFIN,EXIT,exposure_floor
2023-02-17,SBIN,EXIT,exposure_floor
2023-02-17,TATACONSUM,EXIT,exposure_floor
2023-02-17,TATASTEEL,EXIT,exposure_floor
2023-02-17,TECHM,REDUCE,exposure_floor
2023-02-20,ADANIENT,EXIT,exposure_floor
2023-02-20,AXISBANK,REDUCE,exposure_floor
2023-02-20,HDFCLIFE,EXIT,exposure_floor
2023-02-20,HINDALCO,EXIT,exposure_floor
2023-02-20,INFY,REDUCE,exposure_floor
2023-02-20,NESTLEIND,EXIT,exposure_floor
2023-02-20,SBILIFE,EXIT,exposure_floor
2023-02-20,SHRIRAMFIN,EXIT,exposure_floor
2023-02-20,SBIN,EXIT,exposure_floor
2023-02-20,TATACONSUM,EXIT,exposure_floor
2023-02-20,TATASTEEL,EXIT,exposure_floor
2023-02-20,TECHM,EXIT,exposure_floor
2023-02-21,ADANIENT,EXIT,exposure_floor
2023-02-21,AXISBANK,REDUCE,exposure_floor
2023-02-21,HDFCLIFE,EXIT,exposure_floor
2023-02-21,HINDALCO,EXIT,exposure_floor
2023-02-21,INFY,EXIT,exposure_floor
2023-02-21,NESTLEIND,EXIT,exposure_floor
2023-02-21,SBILIFE,EXIT,exposure_floor
2023-02-21,SHRIRAMFIN,EXIT,exposure_floor
2023-02-21,SBIN,EXIT,exposure_floor
2023-02-21,TATACONSUM,EXIT,exposure_floor
2023-02-21,TATASTEEL,EXIT,exposure_floor
2023-02-21,TECHM,REDUCE,exposure_floor
2023-02-21,TITAN,REDUCE,exposure_floor
2023-02-22,ADANIENT,EXIT,exposure_floor
2023-02-22,AXISBANK,REDUCE,exposure_floor
2023-02-22,BAJAJ-AUTO,REDUCE,exposure_floor
2023-02-22,EICHERMOT,EXIT,exposure_floor
2023-02-22,HDFCLIFE,EXIT,exposure_floor
2023-02-22,HINDALCO,EXIT,exposure_floor
2023-02-22,NESTLEIND,EXIT,exposure_floor
2023-02-22,SBILIFE,EXIT,exposure_floor
2023-02-22,SHRIRAMFIN,EXIT,exposure_floor
2023-02-22,SBIN,EXIT,exposure_floor
2023-02-22,TATACONSUM,EXIT,exposure_floor
2023-02-22,TATASTEEL,EXIT,exposure_floor
2023-02-22,TECHM,EXIT,exposure_floor
2023-02-22,TITAN,REDUCE,exposure_floor
2023-02-23,ADANIENT,EXIT,exposure_floor
2023-02-23,AXISBANK,REDUCE,exposure_floor
2023-02-23,BAJAJ-AUTO,REDUCE,exposure_floor
2023-02-23,EICHERMOT,REDUCE,exposure_floor
2023-02-23,HDFCLIFE,EXIT,exposure_floor
2023-02-23,HINDALCO,EXIT,exposure_floor
2023-02-23,INFY,EXIT,exposure_floor
2023-02-23,NESTLEIND,EXIT,exposure_floor
2023-02-23,SBILIFE,EXIT,exposure_floor
2023-02-23,SHRIRAMFIN,EXIT,exposure_floor
2023-02-23,SBIN,EXIT,exposure_floor
2023-02-23,TATACONSUM,EXIT,exposure_floor
2023-02-23,TATASTEEL,EXIT,exposure_floor
2023-02-23,TECHM,REDUCE,exposure_floor
2023-02-23,TITAN,EXIT,exposure_floor
2023-02-24,ADANIENT,EXIT,exposure_floor
2023-02-24,AXISBANK,REDUCE,exposure_floor
2023-02-24,BAJAJ-AUTO,REDUCE,exposure_floor
2023-02-24,EICHERMOT,EXIT,exposure_floor
2023-02-24,HDFCLIFE,EXIT,exposure_floor
2023-02-24,HINDALCO,EXIT,exposure_floor
2023-02-24,JSWSTEEL,REDUCE,exposure_floor
2023-02-24,NESTLEIND,EXIT,exposure_floor
2023-02-24,SBILIFE,EXIT,exposure_floor
2023-02-24,SHRIRAMFIN,EXIT,exposure_floor
2023-02-24,SBIN,EXIT,exposure_floor
2023-02-24,TATACONSUM,EXIT,exposure_floor
2023-02-24,TATASTEEL,EXIT,exposure_floor
2023-02-24,TECHM,EXIT,exposure_floor
2023-02-24,TITAN,EXIT,exposure_floor
2023-02-27,ADANIENT,EXIT,exposure_floor
2023-02-27,AXISBANK,REDUCE,exposure_floor
2023-02-27,BAJAJ-AUTO,EXIT,exposure_floor
2023-02-27,BHARTIARTL,EXIT,exposure_floor
2023-02-27,EICHERMOT,EXIT,exposure_floor
2023-02-27,HDFCLIFE,EXIT,exposure_floor
2023-02-27,HINDALCO,EXIT,exposure_floor
2023-02-27,INFY,EXIT,exposure_floor
2023-02-27,JSWSTEEL,REDUCE,exposure_floor
2023-02-27,NESTLEIND,EXIT,exposure_floor
2023-02-27,SBILIFE,EXIT,exposure_floor
2023-02-27,SHRIRAMFIN,EXIT,exposure_floor
2023-02-27,SBIN,EXIT,exposure_floor
2023-02-27,TATACONSUM,EXIT,exposure_floor
2023-02-27,TATASTEEL,EXIT,exposure_floor
2023-02-27,TECHM,REDUCE,exposure_floor
2023-02-27,TITAN,EXIT,exposure_floor
2023-02-28,ADANIENT,EXIT,exposure_floor
2023-02-28,AXISBANK,REDUCE,exposure_floor
2023-02-28,BAJAJ-AUTO,EXIT,exposure_floor
2023-02-28,BHARTIARTL,EXIT,exposure_floor
2023-02-28,DRREDDY,EXIT,exposure_floor
2023-02-28,EICHERMOT,EXIT,exposure_floor
2023-02-28,HDFCLIFE,EXIT,exposure_floor
2023-02-28,HINDALCO,EXIT,exposure_floor
2023-02-28,INFY,EXIT,exposure_floor
2023-02-28,JSWSTEEL,REDUCE,exposure_floor
2023-02-28,NESTLEIND,EXIT,exposure_floor
2023-02-28,SBILIFE,EXIT,exposure_floor
2023-02-28,SHRIRAMFIN,EXIT,exposure_floor
2023-02-28,SBIN,EXIT,exposure_floor
2023-02-28,TATACONSUM,EXIT,exposure_floor
2023-02-28,TATASTEEL,EXIT,exposure_floor
2023-02-28,TECHM,EXIT,exposure_floor
2023-02-28,TITAN,EXIT,exposure_floor
2023-03-01,ADANIENT,EXIT,exposure_floor
2023-03-01,BAJAJ-AUTO,EXIT,exposure_floor
2023-03-01,BHARTIARTL,EXIT,exposure_floor
2023-03-01,DRREDDY,EXIT,exposure_floor
2023-03-01,EICHERMOT,EXIT,exposure_floor
2023-03-01,HDFCLIFE,EXIT,exposure_floor
2023-03-01,HINDALCO,EXIT,exposure_floor
2023-03-01,INFY,EXIT,exposure_floor
2023-03-01,JSWSTEEL,REDUCE,exposure_floor
2023-03-01,NESTLEIND,EXIT,exposure_floor
2023-03-01,SBILIFE,EXIT,exposure_floor
2023-03-01,SHRIRAMFIN,EXIT,exposure_floor
2023-03-01,SBIN,EXIT,exposure_floor
2023-03-01,TATACONSUM,EXIT,exposure_floor
2023-03-01,TATASTEEL,EXIT,exposure_floor
2023-03-01,TECHM,REDUCE,exposure_floor
2023-03-01,TITAN,EXIT,exposure_floor
2023-03-02,ADANIENT,EXIT,exposure_floor
2023-03-02,BAJAJ-AUTO,EXIT,exposure_floor
2023-03-02,BHARTIARTL,EXIT,exposure_floor
2023-03-02,DRREDDY,REDUCE,exposure_floor
2023-03-02,EICHERMOT,EXIT,exposure_floor
2023-03-02,HDFCLIFE,EXIT,exposure_floor
2023-03-02,HINDALCO,EXIT,exposure_floor
2023-03-02,INFY,EXIT,exposure_floor
2023-03-02,JSWSTEEL,REDUCE,exposure_floor
2023-03-02,MARUTI,EXIT,exposure_floor
2023-03-02,NESTLEIND,EXIT,exposure_floor
2023-03-02,SBILIFE,EXIT,exposure_floor
2023-03-02,SHRIRAMFIN,EXIT,exposure_floor
2023-03-02,SBIN,EXIT,exposure_floor
2023-03-02,TATACONSUM,EXIT,exposure_floor
2023-03-02,TATASTEEL,EXIT,exposure_floor
2023-03-02,TECHM,EXIT,exposure_floor
2023-03-02,TITAN,EXIT,exposure_floor
2023-03-03,ADANIENT,EXIT,exposure_floor
2023-03-03,BAJAJ-AUTO,EXIT,exposure_floor
2023-03-03,BHARTIARTL,EXIT,exposure_floor
2023-03-03,EICHERMOT,EXIT,exposure_floor
2023-03-03,HDFCLIFE,EXIT,exposure_floor
2023-03-03,HINDALCO,EXIT,exposure_floor
2023-03-03,MARUTI,EXIT,exposure_floor
2023-03-03,SBILIFE,EXIT,exposure_floor
2023-03-03,SHRIRAMFIN,EXIT,exposure_floor
2023-03-03,SBIN,EXIT,exposure_floor
2023-03-03,TATACONSUM,EXIT,exposure_floor
2023-03-03,TATASTEEL,EXIT,exposure_floor
2023-03-03,TECHM,REDUCE,exposure_floor
2023-03-03,TITAN,EXIT,exposure_floor
2023-03-06,ADANIENT,EXIT,exposure_floor
2023-03-06,BAJAJ-AUTO,EXIT,exposure_floor
2023-03-06,EICHERMOT,EXIT,exposure_floor
2023-03-06,HDFCLIFE,EXIT,exposure_floor
2023-03-06,HINDALCO,EXIT,exposure_floor
2023-03-06,MARUTI,REDUCE,exposure_floor
2023-03-06,MAXHEALTH,REDUCE,exposure_floor
2023-03-06,SBILIFE,EXIT,exposure_floor
2023-03-06,SHRIRAMFIN,EXIT,exposure_floor
2023-03-06,SBIN,EXIT,exposure_floor
2023-03-06,SUNPHARMA,REDUCE,exposure_floor
2023-03-06,TATACONSUM,EXIT,exposure_floor
2023-03-06,TATASTEEL,EXIT,exposure_floor
2023-03-06,TECHM,EXIT,exposure_floor
2023-03-06,TITAN,EXIT,exposure_floor
2023-03-08,ADANIENT,EXIT,exposure_floor
2023-03-08,APOLLOHOSP,REDUCE,exposure_floor
2023-03-08,BAJAJ-AUTO,REDUCE,exposure_floor
2023-03-08,EICHERMOT,EXIT,exposure_floor
2023-03-08,HDFCLIFE,EXIT,exposure_floor
2023-03-08,HINDALCO,EXIT,exposure_floor
2023-03-08,MARUTI,REDUCE,exposure_floor
2023-03-08,SBILIFE,EXIT,exposure_floor
2023-03-08,SHRIRAMFIN,EXIT,exposure_floor
2023-03-08,SBIN,EXIT,exposure_floor
2023-03-08,TATACONSUM,EXIT,exposure_floor
2023-03-08,TATASTEEL,EXIT,exposure_floor
2023-03-08,TECHM,REDUCE,exposure_floor
2023-03-08,TITAN,EXIT,exposure_floor
2023-03-09,ADANIENT,EXIT,exposure_floor
2023-03-09,APOLLOHOSP,REDUCE,exposure_floor
2023-03-09,BAJAJ-AUTO,REDUCE,exposure_floor
2023-03-09,EICHERMOT,EXIT,exposure_floor
2023-03-09,HDFCLIFE,EXIT,exposure_floor
2023-03-09,HINDALCO,EXIT,exposure_floor
2023-03-09,ICICIBANK,REDUCE,exposure_floor
2023-03-09,MARUTI,EXIT,exposure_floor
2023-03-09,SBILIFE,EXIT,exposure_floor
2023-03-09,SHRIRAMFIN,EXIT,exposure_floor
2023-03-09,SBIN,EXIT,exposure_floor
2023-03-09,TATACONSUM,EXIT,exposure_floor
2023-03-09,TATASTEEL,EXIT,exposure_floor
2023-03-09,TECHM,EXIT,exposure_floor
2023-03-09,TITAN,EXIT,exposure_floor
2023-03-10,ADANIENT,EXIT,exposure_floor
2023-03-10,BAJAJ-AUTO,REDUCE,exposure_floor
2023-03-10,EICHERMOT,EXIT,exposure_floor
2023-03-10,HDFCLIFE,EXIT,exposure_floor
2023-03-10,HINDALCO,EXIT,exposure_floor
2023-03-10,ICICIBANK,EXIT,exposure_floor
2023-03-10,M&M,EXIT,exposure_floor
2023-03-10,MARUTI,EXIT,exposure_floor
2023-03-10,SBILIFE,EXIT,exposure_floor
2023-03-10,SHRIRAMFIN,EXIT,exposure_floor
2023-03-10,SBIN,EXIT,exposure_floor
2023-03-10,TATACONSUM,EXIT,exposure_floor
2023-03-10,TATASTEEL,EXIT,exposure_floor
2023-03-10,TECHM,REDUCE,exposure_floor
2023-03-10,TITAN,EXIT,exposure_floor
2023-03-10,TRENT,REDUCE,exposure_floor
2023-03-13,ADANIENT,EXIT,exposure_floor
2023-03-13,BAJAJ-AUTO,REDUCE,exposure_floor
2023-03-13,EICHERMOT,EXIT,exposure_floor
2023-03-13,HDFCLIFE,EXIT,exposure_floor
2023-03-13,HINDALCO,EXIT,exposure_floor
2023-03-13,ICICIBANK,EXIT,exposure_floor
2023-03-13,M&M,EXIT,exposure_floor
2023-03-13,MARUTI,EXIT,exposure_floor
2023-03-13,SBILIFE,EXIT,exposure_floor
2023-03-13,SHRIRAMFIN,EXIT,exposure_floor
2023-03-13,SBIN,EXIT,exposure_floor
2023-03-13,TATACONSUM,EXIT,exposure_floor
2023-03-13,TATASTEEL,EXIT,exposure_floor
2023-03-13,TECHM,EXIT,exposure_floor
2023-03-13,TITAN,EXIT,exposure_floor
2023-03-13,TRENT,REDUCE,exposure_floor
2023-03-14,ADANIENT,EXIT,exposure_floor
2023-03-14,APOLLOHOSP,REDUCE,exposure_floor
2023-03-14,BAJAJ-AUTO,REDUCE,exposure_floor
2023-03-14,EICHERMOT,EXIT,exposure_floor
2023-03-14,HDFCLIFE,EXIT,exposure_floor
2023-03-14,HINDALCO,EXIT,exposure_floor
2023-03-14,ICICIBANK,EXIT,exposure_floor
2023-03-14,M&M,EXIT,exposure_floor
2023-03-14,MARUTI,EXIT,exposure_floor
2023-03-14,SBILIFE,EXIT,exposure_floor
2023-03-14,SHRIRAMFIN,EXIT,exposure_floor
2023-03-14,SBIN,EXIT,exposure_floor
2023-03-14,TATACONSUM,EXIT,exposure_floor
2023-03-14,TATASTEEL,EXIT,exposure_floor
2023-03-14,TECHM,REDUCE,exposure_floor
2023-03-14,TITAN,EXIT,exposure_floor
2023-03-14,TRENT,REDUCE,exposure_floor
2023-03-15,ADANIENT,EXIT,exposure_floor
2023-03-15,APOLLOHOSP,REDUCE,exposure_floor
2023-03-15,BAJAJ-AUTO,EXIT,exposure_floor
2023-03-15,EICHERMOT,EXIT,exposure_floor
2023-03-15,HDFCLIFE,EXIT,exposure_floor
2023-03-15,HINDALCO,EXIT,exposure_floor
2023-03-15,ICICIBANK,EXIT,exposure_floor
2023-03-15,M&M,EXIT,exposure_floor
2023-03-15,MARUTI,EXIT,exposure_floor
2023-03-15,SBILIFE,EXIT,exposure_floor
2023-03-15,SHRIRAMFIN,EXIT,exposure_floor
2023-03-15,SBIN,EXIT,exposure_floor
2023-03-15,TCS,EXIT,exposure_floor
2023-03-15,TATACONSUM,EXIT,exposure_floor
2023-03-15,TATASTEEL,EXIT,exposure_floor
2023-03-15,TECHM,EXIT,exposure_floor
2023-03-15,TITAN,EXIT,exposure_floor
2023-03-15,TRENT,EXIT,exposure_floor
2023-03-16,ADANIENT,EXIT,exposure_floor
2023-03-16,APOLLOHOSP,REDUCE,exposure_floor
2023-03-16,BAJAJ-AUTO,REDUCE,exposure_floor
2023-03-16,EICHERMOT,EXIT,exposure_floor
2023-03-16,HDFCLIFE,EXIT,exposure_floor
2023-03-16,HINDALCO,EXIT,exposure_floor
2023-03-16,ICICIBANK,EXIT,exposure_floor
2023-03-16,JSWSTEEL,EXIT,exposure_floor
2023-03-16,M&M,EXIT,exposure_floor
2023-03-16,MARUTI,EXIT,exposure_floor
2023-03-16,SBILIFE,EXIT,exposure_floor
2023-03-16,SHRIRAMFIN,EXIT,exposure_floor
2023-03-16,SBIN,EXIT,exposure_floor
2023-03-16,TCS,EXIT,exposure_floor
2023-03-16,TATACONSUM,EXIT,exposure_floor
2023-03-16,TATASTEEL,EXIT,exposure_floor
2023-03-16,TECHM,REDUCE,exposure_floor
2023-03-16,TITAN,REDUCE,exposure_floor
2023-03-16,TRENT,REDUCE,exposure_floor
2023-03-17,ADANIENT,EXIT,exposure_floor
2023-03-17,APOLLOHOSP,REDUCE,exposure_floor
2023-03-17,EICHERMOT,EXIT,exposure_floor
2023-03-17,HDFCLIFE,EXIT,exposure_floor
2023-03-17,HINDALCO,EXIT,exposure_floor
2023-03-17,ICICIBANK,EXIT,exposure_floor
2023-03-17,JSWSTEEL,EXIT,exposure_floor
2023-03-17,M&M,EXIT,exposure_floor
2023-03-17,MARUTI,EXIT,exposure_floor
2023-03-17,SBILIFE,EXIT,exposure_floor
2023-03-17,SHRIRAMFIN,EXIT,exposure_floor
2023-03-17,SBIN,EXIT,exposure_floor
2023-03-17,TCS,EXIT,exposure_floor
2023-03-17,TATACONSUM,EXIT,exposure_floor
2023-03-17,TATASTEEL,EXIT,exposure_floor
2023-03-17,TECHM,EXIT,exposure_floor
2023-03-17,TITAN,REDUCE,exposure_floor
2023-03-17,TRENT,REDUCE,exposure_floor
2023-03-20,ADANIENT,EXIT,exposure_floor
2023-03-20,APOLLOHOSP,REDUCE,exposure_floor
2023-03-20,EICHERMOT,EXIT,exposure_floor
2023-03-20,HDFCLIFE,EXIT,exposure_floor
2023-03-20,HINDALCO,EXIT,exposure_floor
2023-03-20,ICICIBANK,EXIT,exposure_floor
2023-03-20,JSWSTEEL,EXIT,exposure_floor
2023-03-20,M&M,EXIT,exposure_floor
2023-03-20,MARUTI,EXIT,exposure_floor
2023-03-20,SBILIFE,EXIT,exposure_floor
2023-03-20,SHRIRAMFIN,EXIT,exposure_floor
2023-03-20,SBIN,EXIT,exposure_floor
2023-03-20,TCS,EXIT,exposure_floor
2023-03-20,TATACONSUM,EXIT,exposure_floor
2023-03-20,TATASTEEL,EXIT,exposure_floor
2023-03-20,TECHM,REDUCE,exposure_floor
2023-03-20,TITAN,REDUCE,exposure_floor
2023-03-20,TRENT,REDUCE,exposure_floor
2023-03-21,ADANIENT,EXIT,exposure_floor
2023-03-21,APOLLOHOSP,EXIT,exposure_floor
2023-03-21,EICHERMOT,EXIT,exposure_floor
2023-03-21,HDFCLIFE,EXIT,exposure_floor
2023-03-21,HINDALCO,EXIT,exposure_floor
2023-03-21,ICICIBANK,EXIT,exposure_floor
2023-03-21,JSWSTEEL,EXIT,exposure_floor
2023-03-21,M&M,EXIT,exposure_floor
2023-03-21,MARUTI,EXIT,exposure_floor
2023-03-21,SBILIFE,EXIT,exposure_floor
2023-03-21,SHRIRAMFIN,EXIT,exposure_floor
2023-03-21,SBIN,EXIT,exposure_floor
2023-03-21,TCS,EXIT,exposure_floor
2023-03-21,TATACONSUM,EXIT,exposure_floor
2023-03-21,TATASTEEL,EXIT,exposure_floor
2023-03-21,TECHM,EXIT,exposure_floor
2023-03-21,TITAN,REDUCE,exposure_floor
2023-03-21,TRENT,EXIT,exposure_floor
2023-04-05,MAXHEALTH,REDUCE,exposure_floor
2023-04-05,TECHM,EXIT,exposure_floor
2023-04-06,AXISBANK,REDUCE,exposure_floor
2023-04-06,BEL,REDUCE,exposure_floor
2023-04-06,GRASIM,REDUCE,exposure_floor
2023-04-06,HINDUNILVR,REDUCE,exposure_floor
2023-04-06,ICICIBANK,REDUCE,exposure_floor
2023-04-06,MAXHEALTH,REDUCE,exposure_floor
2023-04-06,NESTLEIND,REDUCE,exposure_floor
2023-04-06,SHRIRAMFIN,REDUCE,exposure_floor
2023-04-06,TECHM,REDUCE,exposure_floor
2023-04-06,TITAN,REDUCE,exposure_floor
2023-04-06,TRENT,REDUCE,exposure_floor
2023-04-10,AXISBANK,REDUCE,exposure_floor
2023-04-10,BEL,REDUCE,exposure_floor
2023-04-10,GRASIM,REDUCE,exposure_floor
2023-04-10,HINDUNILVR,EXIT,exposure_floor
2023-04-10,ICICIBANK,REDUCE,exposure_floor
2023-04-10,MAXHEALTH,REDUCE,exposure_floor
2023-04-10,NESTLEIND,REDUCE,exposure_floor
2023-04-10,SHRIRAMFIN,REDUCE,exposure_floor
2023-04-10,TECHM,EXIT,exposure_floor
2023-04-10,TITAN,REDUCE,exposure_floor
2023-04-10,TRENT,REDUCE,exposure_floor
2023-04-11,AXISBANK,REDUCE,exposure_floor
2023-04-11,BEL,REDUCE,exposure_floor
2023-04-11,GRASIM,REDUCE,exposure_floor
2023-04-11,HCLTECH,REDUCE,exposure_floor
2023-04-11,HINDUNILVR,EXIT,exposure_floor
2023-04-11,ICICIBANK,REDUCE,exposure_floor
2023-04-11,NESTLEIND,REDUCE,exposure_floor
2023-04-11,SHRIRAMFIN,REDUCE,exposure_floor
2023-04-11,TECHM,REDUCE,exposure_floor
2023-04-11,TITAN,REDUCE,exposure_floor
2023-04-11,TRENT,REDUCE,exposure_floor
2023-04-12,AXISBANK,REDUCE,exposure_floor
2023-04-12,BEL,REDUCE,exposure_floor
2023-04-12,GRASIM,REDUCE,exposure_floor
2023-04-12,HCLTECH,REDUCE,exposure_floor
2023-04-12,HINDUNILVR,EXIT,exposure_floor
2023-04-12,ICICIBANK,REDUCE,exposure_floor
2023-04-12,KOTAKBANK,REDUCE,exposure_floor
2023-04-12,NESTLEIND,REDUCE,exposure_floor
2023-04-12,SHRIRAMFIN,REDUCE,exposure_floor
2023-04-12,TECHM,EXIT,exposure_floor
2023-04-12,TITAN,REDUCE,exposure_floor
2023-04-12,TRENT,REDUCE,exposure_floor
2023-04-13,AXISBANK,REDUCE,exposure_floor
2023-04-13,BEL,REDUCE,exposure_floor
2023-04-13,GRASIM,REDUCE,exposure_floor
2023-04-13,HCLTECH,REDUCE,exposure_floor
2023-04-13,HINDUNILVR,EXIT,exposure_floor
2023-04-13,ICICIBANK,REDUCE,exposure_floor
2023-04-13,KOTAKBANK,REDUCE,exposure_floor
2023-04-13,NESTLEIND,REDUCE,exposure_floor
2023-04-13,SHRIRAMFIN,REDUCE,exposure_floor
2023-04-13,TECHM,REDUCE,exposure_floor
2023-04-13,TITAN,REDUCE,exposure_floor
2023-04-13,TRENT,REDUCE,exposure_floor
2023-04-17,AXISBANK,REDUCE,exposure_floor
2023-04-17,BEL,REDUCE,exposure_floor
2023-04-17,BHARTIARTL,EXIT,exposure_floor
2023-04-17,GRASIM,REDUCE,exposure_floor
2023-04-17,HCLTECH,REDUCE,exposure_floor
2023-04-17,HINDUNILVR,EXIT,exposure_floor
2023-04-17,ICICIBANK,REDUCE,exposure_floor
2023-04-17,KOTAKBANK,REDUCE,exposure_floor
2023-04-17,NESTLEIND,REDUCE,exposure_floor
2023-04-17,SHRIRAMFIN,REDUCE,exposure_floor
2023-04-17,TECHM,EXIT,exposure_floor
2023-04-17,TITAN,REDUCE,exposure_floor
2023-04-17,TRENT,REDUCE,exposure_floor
2023-04-18,APOLLOHOSP,EXIT,exposure_floor
2023-04-18,AXISBANK,REDUCE,exposure_floor
2023-04-18,BEL,REDUCE,exposure_floor
2023-04-18,BHARTIARTL,EXIT,exposure_floor
2023-04-18,GRASIM,REDUCE,exposure_floor
2023-04-18,HCLTECH,REDUCE,exposure_floor
2023-04-18,HINDUNILVR,EXIT,exposure_floor
2023-04-18,ICICIBANK,REDUCE,exposure_floor
2023-04-18,KOTAKBANK,REDUCE,exposure_floor
2023-04-18,NESTLEIND,REDUCE,exposure_floor
2023-04-18,SHRIRAMFIN,REDUCE,exposure_floor
2023-04-18,TECHM,EXIT,exposure_floor
2023-04-18,TITAN,REDUCE,exposure_floor
2023-04-18,TRENT,REDUCE,exposure_floor
2023-04-19,APOLLOHOSP,EXIT,exposure_floor
2023-04-19,BEL,REDUCE,exposure_floor
2023-04-19,BHARTIARTL,EXIT,exposure_floor
2023-04-19,GRASIM,REDUCE,exposure_floor
2023-04-19,HCLTECH,REDUCE,exposure_floor
2023-04-19,HINDUNILVR,EXIT,exposure_floor
2023-04-19,ICICIBANK,REDUCE,exposure_floor
2023-04-19,KOTAKBANK,REDUCE,exposure_floor
2023-04-19,NESTLEIND,REDUCE,exposure_floor
2023-04-19,SHRIRAMFIN,REDUCE,exposure_floor
2023-04-19,TECHM,EXIT,exposure_floor
2023-04-19,TITAN,REDUCE,exposure_floor
2023-04-19,TRENT,REDUCE,exposure_floor
2023-04-20,APOLLOHOSP,EXIT,exposure_floor
2023-04-20,BEL,REDUCE,exposure_floor
2023-04-20,BHARTIARTL,EXIT,exposure_floor
2023-04-20,GRASIM,REDUCE,exposure_floor
2023-04-20,HCLTECH,REDUCE,exposure_floor
2023-04-20,HINDUNILVR,EXIT,exposure_floor
2023-04-20,ICICIBANK,REDUCE,exposure_floor
2023-04-20,KOTAKBANK,REDUCE,exposure_floor
2023-04-20,NESTLEIND,REDUCE,exposure_floor
2023-04-20,SHRIRAMFIN,REDUCE,exposure_floor
2023-04-20,TECHM,EXIT,exposure_floor
2023-04-20,TITAN,REDUCE,exposure_floor
2023-04-20,TRENT,REDUCE,exposure_floor
2023-04-21,APOLLOHOSP,EXIT,exposure_floor
2023-04-21,BEL,REDUCE,exposure_floor
2023-04-21,BHARTIARTL,EXIT,exposure_floor
2023-04-21,GRASIM,REDUCE,exposure_floor
2023-04-21,HCLTECH,REDUCE,exposure_floor
2023-04-21,HINDUNILVR,EXIT,exposure_floor
2023-04-21,ICICIBANK,REDUCE,exposure_floor
2023-04-21,KOTAKBANK,REDUCE,exposure_floor
2023-04-21,NESTLEIND,REDUCE,exposure_floor
2023-04-21,SHRIRAMFIN,REDUCE,exposure_floor
2023-04-21,TECHM,EXIT,exposure_floor
2023-04-21,TITAN,REDUCE,exposure_floor
2023-04-21,TRENT,REDUCE,exposure_floor
2023-04-24,APOLLOHOSP,REDUCE,exposure_floor
2023-04-24,BEL,REDUCE,exposure_floor
2023-04-24,BHARTIARTL,EXIT,exposure_floor
2023-04-24,GRASIM,REDUCE,exposure_floor
2023-04-24,HCLTECH,REDUCE,exposure_floor
2023-04-24,HINDUNILVR,EXIT,exposure_floor
2023-04-24,ICICIBANK,REDUCE,exposure_floor
2023-04-24,KOTAKBANK,REDUCE,exposure_floor
2023-04-24,NESTLEIND,REDUCE,exposure_floor
2023-04-24,SHRIRAMFIN,REDUCE,exposure_floor
2023-04-24,SUNPHARMA,REDUCE,exposure_floor
2023-04-24,TECHM,EXIT,exposure_floor
2023-04-24,TITAN,REDUCE,exposure_floor
2023-04-24,TRENT,REDUCE,exposure_floor
2023-04-25,BEL,REDUCE,exposure_floor
2023-04-25,BHARTIARTL,EXIT,exposure_floor
2023-04-25,GRASIM,REDUCE,exposure_floor
2023-04-25,HCLTECH,REDUCE,exposure_floor
2023-04-25,HDFCLIFE,EXIT,exposure_floor
2023-04-25,HINDUNILVR,EXIT,exposure_floor
2023-04-25,ICICIBANK,REDUCE,exposure_floor
2023-04-25,KOTAKBANK,REDUCE,exposure_floor
2023-04-25,MAXHEALTH,REDUCE,exposure_floor
2023-04-25,NESTLEIND,REDUCE,exposure_floor
2023-04-25,SHRIRAMFIN,REDUCE,exposure_floor
2023-04-25,SBIN,REDUCE,exposure_floor
2023-04-25,SUNPHARMA,REDUCE,exposure_floor
2023-04-25,TECHM,EXIT,exposure_floor
2023-04-25,TITAN,REDUCE,exposure_floor
2023-04-25,TRENT,REDUCE,exposure_floor
2023-04-26,BEL,REDUCE,exposure_floor
2023-04-26,BHARTIARTL,REDUCE,exposure_floor
2023-04-26,GRASIM,REDUCE,exposure_floor
2023-04-26,HCLTECH,REDUCE,exposure_floor
2023-04-26,HDFCLIFE,EXIT,exposure_floor
2023-04-26,HINDUNILVR,EXIT,exposure_floor
2023-04-26,ICICIBANK,REDUCE,exposure_floor
2023-04-26,KOTAKBANK,REDUCE,exposure_floor
2023-04-26,MAXHEALTH,REDUCE,exposure_floor
2023-04-26,NESTLEIND,REDUCE,exposure_floor
2023-04-26,SHRIRAMFIN,REDUCE,exposure_floor
2023-04-26,SBIN,REDUCE,exposure_floor
2023-04-26,SUNPHARMA,REDUCE,exposure_floor
2023-04-26,TECHM,EXIT,exposure_floor
2023-04-26,TITAN,REDUCE,exposure_floor
2023-04-26,TRENT,REDUCE,exposure_floor
2023-04-27,ETERNAL,REDUCE,exposure_floor
2023-04-27,GRASIM,REDUCE,exposure_floor
2023-04-27,HCLTECH,REDUCE,exposure_floor
2023-04-27,HDFCLIFE,EXIT,exposure_floor
2023-04-27,HINDUNILVR,EXIT,exposure_floor
2023-04-27,ICICIBANK,REDUCE,exposure_floor
2023-04-27,KOTAKBANK,REDUCE,exposure_floor
2023-04-27,NESTLEIND,REDUCE,exposure_floor
2023-04-27,SHRIRAMFIN,REDUCE,exposure_floor
2023-04-27,SBIN,REDUCE,exposure_floor
2023-04-27,TECHM,EXIT,exposure_floor
2023-04-27,TITAN,REDUCE,exposure_floor
2023-04-27,TRENT,REDUCE,exposure_floor
2023-04-28,ETERNAL,REDUCE,exposure_floor
2023-04-28,HDFCLIFE,EXIT,exposure_floor
2023-04-28,HINDUNILVR,EXIT,exposure_floor
2023-04-28,ICICIBANK,REDUCE,exposure_floor
2023-04-28,KOTAKBANK,REDUCE,exposure_floor
2023-04-28,NESTLEIND,REDUCE,exposure_floor
2023-04-28,SHRIRAMFIN,REDUCE,exposure_floor
2023-04-28,SBIN,REDUCE,exposure_floor
2023-04-28,TECHM,EXIT,exposure_floor
2023-04-28,TITAN,REDUCE,exposure_floor
2023-04-28,TRENT,REDUCE,exposure_floor
2023-05-02,ETERNAL,REDUCE,exposure_floor
2023-05-02,HDFCLIFE,REDUCE,exposure_floor
2023-05-02,HINDUNILVR,EXIT,exposure_floor
2023-05-02,KOTAKBANK,REDUCE,exposure_floor
2023-05-02,NESTLEIND,REDUCE,exposure_floor
2023-05-02,SHRIRAMFIN,REDUCE,exposure_floor
2023-05-02,SBIN,REDUCE,exposure_floor
2023-05-02,TECHM,EXIT,exposure_floor
2023-05-02,TRENT,REDUCE,exposure_floor
2023-05-03,ETERNAL,REDUCE,exposure_floor
2023-05-03,HDFCLIFE,EXIT,exposure_floor
2023-05-03,HINDUNILVR,EXIT,exposure_floor
2023-05-03,SHRIRAMFIN,REDUCE,exposure_floor
2023-05-03,SBIN,REDUCE,exposure_floor
2023-05-03,TECHM,EXIT,exposure_floor
2023-05-03,TRENT,REDUCE,exposure_floor
2023-05-04,APOLLOHOSP,REDUCE,exposure_floor
2023-05-04,ETERNAL,REDUCE,exposure_floor
2023-05-04,HDFCLIFE,REDUCE,exposure_floor
2023-05-04,HINDUNILVR,EXIT,exposure_floor
2023-05-04,SHRIRAMFIN,REDUCE,exposure_floor
2023-05-04,SBIN,REDUCE,exposure_floor
2023-05-04,TECHM,EXIT,exposure_floor
2023-05-04,TRENT,REDUCE,exposure_floor
2023-05-05,APOLLOHOSP,REDUCE,exposure_floor
2023-05-05,ETERNAL,REDUCE,exposure_floor
2023-05-05,HDFCBANK,REDUCE,exposure_floor
2023-05-05,HDFCLIFE,EXIT,exposure_floor
2023-05-05,HINDUNILVR,EXIT,exposure_floor
2023-05-05,SBIN,REDUCE,exposure_floor
2023-05-05,TECHM,EXIT,exposure_floor
2023-05-05,TRENT,REDUCE,exposure_floor
2023-05-08,APOLLOHOSP,REDUCE,exposure_floor
2023-05-08,ETERNAL,REDUCE,exposure_floor
2023-05-08,HDFCLIFE,REDUCE,exposure_floor
2023-05-08,HINDUNILVR,EXIT,exposure_floor
2023-05-08,SBIN,REDUCE,exposure_floor
2023-05-08,TECHM,EXIT,exposure_floor
2023-05-08,TRENT,REDUCE,exposure_floor
2023-05-09,APOLLOHOSP,REDUCE,exposure_floor
2023-05-09,BAJFINANCE,EXIT,exposure_floor
2023-05-09,ETERNAL,REDUCE,exposure_floor
2023-05-09,HDFCLIFE,REDUCE,exposure_floor
2023-05-09,HINDUNILVR,EXIT,exposure_floor
2023-05-09,SBIN,REDUCE,exposure_floor
2023-05-09,TECHM,EXIT,exposure_floor
2023-05-09,TRENT,REDUCE,exposure_floor
2023-05-10,APOLLOHOSP,REDUCE,exposure_floor
2023-05-10,ETERNAL,EXIT,exposure_floor
2023-05-10,HDFCLIFE,REDUCE,exposure_floor
2023-05-10,HINDUNILVR,EXIT,exposure_floor
2023-05-10,SBIN,REDUCE,exposure_floor
2023-05-10,TECHM,EXIT,exposure_floor
2023-05-10,TRENT,REDUCE,exposure_floor
2023-05-11,APOLLOHOSP,REDUCE,exposure_floor
2023-05-11,ETERNAL,REDUCE,exposure_floor
2023-05-11,HINDALCO,EXIT,exposure_floor
2023-05-11,HINDUNILVR,EXIT,exposure_floor
2023-05-11,SBIN,REDUCE,exposure_floor
2023-05-11,TECHM,EXIT,exposure_floor
2023-05-11,TRENT,REDUCE,exposure_floor
2023-05-12,APOLLOHOSP,REDUCE,exposure_floor
2023-05-12,ETERNAL,EXIT,exposure_floor
2023-05-12,HINDALCO,EXIT,exposure_floor
2023-05-12,HINDUNILVR,EXIT,exposure_floor
2023-05-12,LT,REDUCE,exposure_floor
2023-05-12,SBIN,REDUCE,exposure_floor
2023-05-12,TECHM,EXIT,exposure_floor
2023-05-12,TRENT,REDUCE,exposure_floor
2023-05-15,APOLLOHOSP,REDUCE,exposure_floor
2023-05-15,ETERNAL,REDUCE,exposure_floor
2023-05-15,HINDALCO,EXIT,exposure_floor
2023-05-15,HINDUNILVR,REDUCE,exposure_floor
2023-05-15,LT,REDUCE,exposure_floor
2023-05-15,SBIN,REDUCE,exposure_floor
2023-05-15,TECHM,EXIT,exposure_floor
2023-05-15,TRENT,REDUCE,exposure_floor
2023-05-16,APOLLOHOSP,REDUCE,exposure_floor
2023-05-16,ETERNAL,EXIT,exposure_floor
2023-05-16,HINDALCO,EXIT,exposure_floor
2023-05-16,HINDUNILVR,REDUCE,exposure_floor
2023-05-16,LT,REDUCE,exposure_floor
2023-05-16,SBIN,REDUCE,exposure_floor
2023-05-16,TECHM,EXIT,exposure_floor
2023-05-18,ETERNAL,REDUCE,exposure_floor
2023-05-18,HCLTECH,REDUCE,exposure_floor
2023-05-18,HDFCBANK,REDUCE,exposure_floor
2023-05-18,HDFCLIFE,REDUCE,exposure_floor
2023-05-18,HINDUNILVR,REDUCE,exposure_floor
2023-05-18,KOTAKBANK,REDUCE,exposure_floor
2023-05-18,LT,REDUCE,exposure_floor
2023-05-18,MARUTI,REDUCE,exposure_floor
2023-05-18,SBIN,REDUCE,exposure_floor
2023-05-18,TATACONSUM,REDUCE,exposure_floor
2023-05-19,DRREDDY,EXIT,exposure_floor
2023-05-19,ETERNAL,REDUCE,exposure_floor
2023-05-19,HCLTECH,REDUCE,exposure_floor
2023-05-19,HDFCBANK,REDUCE,exposure_floor
2023-05-19,HDFCLIFE,REDUCE,exposure_floor
2023-05-19,HINDUNILVR,REDUCE,exposure_floor
2023-05-19,KOTAKBANK,REDUCE,exposure_floor
2023-05-19,LT,REDUCE,exposure_floor
2023-05-19,MARUTI,REDUCE,exposure_floor
2023-05-19,SBIN,REDUCE,exposure_floor
2023-05-19,TATACONSUM,REDUCE,exposure_floor
2023-05-22,DRREDDY,EXIT,exposure_floor
2023-05-22,ETERNAL,REDUCE,exposure_floor
2023-05-22,HCLTECH,REDUCE,exposure_floor
2023-05-22,HDFCBANK,REDUCE,exposure_floor
2023-05-22,HDFCLIFE,REDUCE,exposure_floor
2023-05-22,HINDUNILVR,REDUCE,exposure_floor
2023-05-22,KOTAKBANK,REDUCE,exposure_floor
2023-05-22,LT,REDUCE,exposure_floor
2023-05-22,MARUTI,REDUCE,exposure_floor
2023-05-22,SBIN,REDUCE,exposure_floor
2023-05-22,TATACONSUM,REDUCE,exposure_floor
2023-05-23,DRREDDY,EXIT,exposure_floor
2023-05-23,ETERNAL,REDUCE,exposure_floor
2023-05-23,HCLTECH,REDUCE,exposure_floor
2023-05-23,HDFCBANK,REDUCE,exposure_floor
2023-05-23,HDFCLIFE,REDUCE,exposure_floor
2023-05-23,HINDUNILVR,REDUCE,exposure_floor
2023-05-23,KOTAKBANK,REDUCE,exposure_floor
2023-05-23,LT,REDUCE,exposure_floor
2023-05-23,MARUTI,REDUCE,exposure_floor
2023-05-23,SBIN,REDUCE,exposure_floor
2023-05-23,TATACONSUM,REDUCE,exposure_floor
2023-05-24,DRREDDY,EXIT,exposure_floor
2023-05-24,ETERNAL,REDUCE,exposure_floor
2023-05-24,HCLTECH,REDUCE,exposure_floor
2023-05-24,HDFCBANK,REDUCE,exposure_floor
2023-05-24,HDFCLIFE,REDUCE,exposure_floor
2023-05-24,HINDUNILVR,REDUCE,exposure_floor
2023-05-24,KOTAKBANK,REDUCE,exposure_floor
2023-05-24,LT,REDUCE,exposure_floor
2023-05-24,MARUTI,REDUCE,exposure_floor
2023-05-24,SBIN,REDUCE,exposure_floor
2023-05-24,TATACONSUM,REDUCE,exposure_floor
2023-05-25,ETERNAL,REDUCE,exposure_floor
2023-05-25,HCLTECH,REDUCE,exposure_floor
2023-05-25,HDFCBANK,REDUCE,exposure_floor
2023-05-25,HDFCLIFE,REDUCE,exposure_floor
2023-05-25,HINDUNILVR,REDUCE,exposure_floor
2023-05-25,KOTAKBANK,REDUCE,exposure_floor
2023-05-25,LT,REDUCE,exposure_floor
2023-05-25,MARUTI,REDUCE,exposure_floor
2023-05-25,SBIN,REDUCE,exposure_floor
2023-05-25,TATACONSUM,REDUCE,exposure_floor
2023-05-29,HCLTECH,REDUCE,exposure_floor
2023-05-29,HDFCBANK,REDUCE,exposure_floor
2023-05-29,HDFCLIFE,REDUCE,exposure_floor
2023-05-29,HINDUNILVR,REDUCE,exposure_floor
2023-05-29,LT,REDUCE,exposure_floor
2023-05-29,ONGC,REDUCE,exposure_floor
2023-05-29,RELIANCE,REDUCE,exposure_floor
2023-05-29,TATACONSUM,REDUCE,exposure_floor
2023-05-30,HCLTECH,REDUCE,exposure_floor
2023-05-30,HDFCBANK,REDUCE,exposure_floor
2023-05-30,HDFCLIFE,REDUCE,exposure_floor
2023-05-30,HINDUNILVR,REDUCE,exposure_floor
2023-05-30,LT,REDUCE,exposure_floor
2023-05-30,ONGC,REDUCE,exposure_floor
2023-05-30,RELIANCE,REDUCE,exposure_floor
2023-05-30,TATACONSUM,REDUCE,exposure_floor
2023-05-31,HCLTECH,REDUCE,exposure_floor
2023-05-31,HDFCBANK,REDUCE,exposure_floor
2023-05-31,HDFCLIFE,REDUCE,exposure_floor
2023-05-31,HINDUNILVR,REDUCE,exposure_floor
2023-05-31,LT,REDUCE,exposure_floor
2023-05-31,ONGC,REDUCE,exposure_floor
2023-05-31,RELIANCE,EXIT,exposure_floor
2023-05-31,TATACONSUM,REDUCE,exposure_floor
2023-06-01,HCLTECH,REDUCE,exposure_floor
2023-06-01,HDFCBANK,REDUCE,exposure_floor
2023-06-01,HDFCLIFE,REDUCE,exposure_floor
2023-06-01,HINDUNILVR,REDUCE,exposure_floor
2023-06-01,LT,REDUCE,exposure_floor
2023-06-01,ONGC,REDUCE,exposure_floor
2023-06-01,POWERGRID,REDUCE,exposure_floor
2023-06-01,RELIANCE,EXIT,exposure_floor
2023-06-01,SBILIFE,EXIT,exposure_floor
2023-06-01,TATACONSUM,REDUCE,exposure_floor
2023-06-02,HCLTECH,REDUCE,exposure_floor
2023-06-02,HDFCBANK,REDUCE,exposure_floor
2023-06-02,HDFCLIFE,REDUCE,exposure_floor
2023-06-02,HINDUNILVR,REDUCE,exposure_floor
2023-06-02,LT,REDUCE,exposure_floor
2023-06-02,ONGC,REDUCE,exposure_floor
2023-06-02,POWERGRID,REDUCE,exposure_floor
2023-06-02,RELIANCE,EXIT,exposure_floor
2023-06-02,SBILIFE,EXIT,exposure_floor
2023-06-02,TATACONSUM,REDUCE,exposure_floor
2023-06-05,HCLTECH,REDUCE,exposure_floor
2023-06-05,HDFCBANK,REDUCE,exposure_floor
2023-06-05,HDFCLIFE,REDUCE,exposure_floor
2023-06-05,HINDUNILVR,REDUCE,exposure_floor
2023-06-05,LT,REDUCE,exposure_floor
2023-06-05,ONGC,REDUCE,exposure_floor
2023-06-05,POWERGRID,REDUCE,exposure_floor
2023-06-05,RELIANCE,REDUCE,exposure_floor
2023-06-05,TATACONSUM,REDUCE,exposure_floor
2023-06-06,HDFCBANK,REDUCE,exposure_floor
2023-06-06,HDFCLIFE,REDUCE,exposure_floor
2023-06-06,HINDUNILVR,REDUCE,exposure_floor
2023-06-06,LT,REDUCE,exposure_floor
2023-06-06,ONGC,REDUCE,exposure_floor
2023-06-06,POWERGRID,REDUCE,exposure_floor
2023-06-06,RELIANCE,REDUCE,exposure_floor
2023-06-06,TATACONSUM,REDUCE,exposure_floor
2023-06-07,HDFCBANK,REDUCE,exposure_floor
2023-06-07,HDFCLIFE,REDUCE,exposure_floor
2023-06-07,HINDUNILVR,REDUCE,exposure_floor
2023-06-07,LT,REDUCE,exposure_floor
2023-06-07,ONGC,REDUCE,exposure_floor
2023-06-07,POWERGRID,REDUCE,exposure_floor
2023-06-07,RELIANCE,REDUCE,exposure_floor
2023-06-07,TATACONSUM,REDUCE,exposure_floor
2023-06-08,HDFCBANK,REDUCE,exposure_floor
2023-06-08,HDFCLIFE,REDUCE,exposure_floor
2023-06-08,HINDUNILVR,REDUCE,exposure_floor
2023-06-08,LT,REDUCE,exposure_floor
2023-06-08,ONGC,REDUCE,exposure_floor
2023-06-08,RELIANCE,REDUCE,exposure_floor
2023-06-08,TATACONSUM,REDUCE,exposure_floor
2023-06-09,HDFCBANK,REDUCE,exposure_floor
2023-06-09,HINDUNILVR,REDUCE,exposure_floor
2023-06-09,KOTAKBANK,REDUCE,exposure_floor
2023-06-09,LT,REDUCE,exposure_floor
2023-06-09,ONGC,REDUCE,exposure_floor
2023-06-09,RELIANCE,REDUCE,exposure_floor
2023-06-09,TATACONSUM,REDUCE,exposure_floor
2023-06-12,HDFCBANK,REDUCE,exposure_floor
2023-06-12,HINDUNILVR,REDUCE,exposure_floor
2023-06-12,KOTAKBANK,REDUCE,exposure_floor
2023-06-12,LT,REDUCE,exposure_floor
2023-06-12,ONGC,REDUCE,exposure_floor
2023-06-12,RELIANCE,REDUCE,exposure_floor
2023-06-12,TATACONSUM,REDUCE,exposure_floor
2023-06-13,HDFCBANK,REDUCE,exposure_floor
2023-06-13,HINDUNILVR,REDUCE,exposure_floor
2023-06-13,KOTAKBANK,REDUCE,exposure_floor
2023-06-13,LT,REDUCE,exposure_floor
2023-06-13,ONGC,REDUCE,exposure_floor
2023-06-13,RELIANCE,REDUCE,exposure_floor
2023-06-14,HDFCBANK,REDUCE,exposure_floor
2023-06-14,HINDUNILVR,REDUCE,exposure_floor
2023-06-14,LT,REDUCE,exposure_floor
2023-06-14,ONGC,REDUCE,exposure_floor
2023-06-14,RELIANCE,REDUCE,exposure_floor
2023-06-15,HDFCBANK,REDUCE,exposure_floor
2023-06-15,HINDUNILVR,REDUCE,exposure_floor
2023-06-15,KOTAKBANK,EXIT,exposure_floor
2023-06-15,LT,REDUCE,exposure_floor
2023-06-15,ONGC,REDUCE,exposure_floor
2023-06-15,RELIANCE,REDUCE,exposure_floor
2023-06-16,HINDUNILVR,REDUCE,exposure_floor
2023-06-16,KOTAKBANK,EXIT,exposure_floor
2023-06-16,LT,REDUCE,exposure_floor
2023-06-16,ONGC,REDUCE,exposure_floor
2023-06-16,RELIANCE,REDUCE,exposure_floor
2023-06-19,HINDUNILVR,REDUCE,exposure_floor
2023-06-19,ICICIBANK,REDUCE,exposure_floor
2023-06-19,KOTAKBANK,EXIT,exposure_floor
2023-06-19,LT,REDUCE,exposure_floor
2023-06-19,ONGC,REDUCE,exposure_floor
2023-06-19,RELIANCE,REDUCE,exposure_floor
2023-06-20,ETERNAL,REDUCE,exposure_floor
2023-06-20,LT,REDUCE,exposure_floor
2023-06-20,ONGC,REDUCE,exposure_floor
2023-06-20,RELIANCE,REDUCE,exposure_floor
2023-06-21,ETERNAL,REDUCE,exposure_floor
2023-06-21,RELIANCE,REDUCE,exposure_floor
2023-06-22,BAJAJFINSV,EXIT,exposure_floor
2023-06-22,ETERNAL,REDUCE,exposure_floor
2023-06-22,RELIANCE,REDUCE,exposure_floor
2023-06-22,SBIN,REDUCE,exposure_floor
2023-06-23,ETERNAL,REDUCE,exposure_floor
2023-06-23,GRASIM,REDUCE,exposure_floor
2023-06-23,RELIANCE,REDUCE,exposure_floor
2023-06-23,SBILIFE,REDUCE,exposure_floor
2023-06-23,SBIN,EXIT,exposure_floor
2023-06-26,BAJAJFINSV,EXIT,exposure_floor
2023-06-26,ETERNAL,REDUCE,exposure_floor
2023-06-26,SBILIFE,REDUCE,exposure_floor
2023-06-26,SBIN,EXIT,exposure_floor
2023-06-27,CIPLA,EXIT,exposure_floor
2023-06-27,ETERNAL,REDUCE,exposure_floor
2023-06-27,SBILIFE,REDUCE,exposure_floor
2023-06-27,SBIN,EXIT,exposure_floor
2023-06-28,BAJAJFINSV,EXIT,exposure_floor
2023-06-28,ETERNAL,REDUCE,exposure_floor
2023-06-28,SBIN,EXIT,exposure_floor
2023-07-06,HINDUNILVR,REDUCE,exposure_floor
2023-07-06,ONGC,REDUCE,exposure_floor
2023-07-07,HINDUNILVR,REDUCE,exposure_floor
2023-07-07,ONGC,REDUCE,exposure_floor
