date,symbol,decision,reason
2021-04-22,TRENT,EXIT,exposure_floor
2021-04-23,TRENT,EXIT,exposure_floor
2021-04-26,SHRIRAMFIN,REDUCE,exposure_floor
2021-04-26,TECHM,REDUCE,exposure_floor
2021-04-26,TRENT,EXIT,exposure_floor
2021-04-27,SHRIRAMFIN,REDUCE,exposure_floor
2021-04-27,TECHM,REDUCE,exposure_floor
2021-04-27,TRENT,EXIT,exposure_floor
2021-04-28,TECHM,REDUCE,exposure_floor
2021-04-28,TRENT,EXIT,exposure_floor
2021-04-29,TECHM,REDUCE,exposure_floor
2021-04-29,TRENT,EXIT,exposure_floor
2021-04-30,TECHM,REDUCE,exposure_floor
2021-04-30,TRENT,EXIT,exposure_floor
2021-05-03,TITAN,REDUCE,exposure_floor
2021-05-03,TRENT,EXIT,exposure_floor
2021-05-04,TRENT,EXIT,exposure_floor
2021-05-06,POWERGRID,REDUCE,exposure_floor
2021-05-06,TRENT,EXIT,exposure_floor
2021-05-07,POWERGRID,REDUCE,exposure_floor
2021-05-07,TRENT,EXIT,exposure_floor
2021-05-10,TATACONSUM,REDUCE,exposure_floor
2021-05-10,TRENT,EXIT,exposure_floor
2021-05-11,TRENT,EXIT,exposure_floor
2021-05-12,NESTLEIND,EXIT,exposure_floor
2021-05-12,TECHM,REDUCE,exposure_floor
2021-05-12,TRENT,EXIT,exposure_floor
2021-05-14,TECHM,REDUCE,exposure_floor
2021-05-14,TRENT,EXIT,exposure_floor
2021-05-17,TRENT,EXIT,exposure_floor
2021-05-19,ITC,REDUCE,exposure_floor
2021-05-19,ULTRACEMCO,REDUCE,exposure_floor
2021-05-20,ITC,REDUCE,exposure_floor
2021-05-20,INFY,REDUCE,exposure_floor
2021-05-21,GRASIM,REDUCE,exposure_floor
2021-05-21,ITC,REDUCE,exposure_floor
2021-05-21,INFY,REDUCE,exposure_floor
2021-05-21,TCS,REDUCE,exposure_floor
2021-05-24,GRASIM,REDUCE,exposure_floor
2021-05-24,ITC,REDUCE,exposure_floor
2021-05-24,INFY,REDUCE,exposure_floor
2021-05-25,GRASIM,REDUCE,exposure_floor
2021-05-25,ITC,REDUCE,exposure_floor
2021-05-25,INFY,REDUCE,exposure_floor
2021-05-25,ULTRACEMCO,REDUCE,exposure_floor
2021-05-26,GRASIM,REDUCE,exposure_floor
2021-05-26,ULTRACEMCO,REDUCE,exposure_floor
2021-05-27,GRASIM,REDUCE,exposure_floor
2021-05-27,ULTRACEMCO,REDUCE,exposure_floor
2021-05-28,ULTRACEMCO,REDUCE,exposure_floor
2021-05-31,ULTRACEMCO,REDUCE,exposure_floor
2021-06-01,HINDUNILVR,REDUCE,exposure_floor
2021-06-01,ULTRACEMCO,REDUCE,exposure_floor
2021-06-02,HINDUNILVR,REDUCE,exposure_floor
2021-06-03,HINDUNILVR,REDUCE,exposure_floor
2021-06-16,ADANIPORTS,EXIT,exposure_floor
2021-06-17,ADANIENT,EXIT,exposure_floor
2021-06-17,ADANIPORTS,EXIT,exposure_floor
2021-06-17,HINDALCO,REDUCE,exposure_floor
2021-06-18,ADANIENT,REDUCE,exposure_floor
2021-06-18,ADANIPORTS,EXIT,exposure_floor
2021-06-25,JSWSTEEL,REDUCE,exposure_floor
2021-06-28,JSWSTEEL,REDUCE,exposure_floor
2021-06-29,JSWSTEEL,REDUCE,exposure_floor
2021-06-30,JSWSTEEL,REDUCE,exposure_floor
2021-07-01,JSWSTEEL,REDUCE,exposure_floor
2021-07-02,ADANIENT,EXIT,exposure_floor
2021-07-02,JSWSTEEL,REDUCE,exposure_floor
2021-07-05,ADANIENT,EXIT,exposure_floor
2021-07-05,JSWSTEEL,REDUCE,exposure_floor
2021-07-06,ADANIENT,REDUCE,exposure_floor
2021-07-06,JSWSTEEL,REDUCE,exposure_floor
2021-07-06,POWERGRID,REDUCE,exposure_floor
2021-07-07,ADANIENT,EXIT,exposure_floor
2021-07-07,JSWSTEEL,REDUCE,exposure_floor
2021-07-07,POWERGRID,REDUCE,exposure_floor
2021-07-08,ADANIENT,REDUCE,exposure_floor
2021-07-08,JSWSTEEL,REDUCE,exposure_floor
2021-07-08,POWERGRID,REDUCE,exposure_floor
2021-07-09,ADANIENT,EXIT,exposure_floor
2021-07-09,JSWSTEEL,REDUCE,exposure_floor
2021-07-09,POWERGRID,REDUCE,exposure_floor
2021-07-09,RELIANCE,REDUCE,exposure_floor
2021-07-09,WIPRO,REDUCE,exposure_floor
2021-07-12,ADANIENT,EXIT,exposure_floor
2021-07-12,BAJAJ-AUTO,REDUCE,exposure_floor
2021-07-12,JSWSTEEL,REDUCE,exposure_floor
2021-07-12,POWERGRID,REDUCE,exposure_floor
2021-07-12,RELIANCE,REDUCE,exposure_floor
2021-07-12,WIPRO,REDUCE,exposure_floor
2021-07-13,ADANIENT,EXIT,exposure_floor
2021-07-13,BAJAJ-AUTO,REDUCE,exposure_floor
2021-07-13,JSWSTEEL,REDUCE,exposure_floor
2021-07-13,POWERGRID,REDUCE,exposure_floor
2021-07-13,RELIANCE,REDUCE,exposure_floor
2021-07-13,WIPRO,REDUCE,exposure_floor
2021-07-14,ADANIENT,EXIT,exposure_floor
2021-07-14,BAJAJ-AUTO,REDUCE,exposure_floor
2021-07-14,JSWSTEEL,REDUCE,exposure_floor
2021-07-14,POWERGRID,REDUCE,exposure_floor
2021-07-14,RELIANCE,REDUCE,exposure_floor
2021-07-15,ADANIENT,EXIT,exposure_floor
2021-07-15,BAJAJ-AUTO,REDUCE,exposure_floor
2021-07-15,COALINDIA,REDUCE,exposure_floor
2021-07-15,JSWSTEEL,REDUCE,exposure_floor
2021-07-15,ONGC,REDUCE,exposure_floor
2021-07-15,POWERGRID,REDUCE,exposure_floor
2021-07-15,RELIANCE,REDUCE,exposure_floor
2021-07-16,ADANIENT,EXIT,exposure_floor
2021-07-16,BAJAJ-AUTO,REDUCE,exposure_floor
2021-07-16,COALINDIA,REDUCE,exposure_floor
2021-07-16,EICHERMOT,REDUCE,exposure_floor
2021-07-16,JSWSTEEL,REDUCE,exposure_floor
2021-07-16,ONGC,REDUCE,exposure_floor
2021-07-16,POWERGRID,REDUCE,exposure_floor
2021-07-16,RELIANCE,REDUCE,exposure_floor
2021-07-19,ADANIENT,EXIT,exposure_floor
2021-07-19,BAJAJ-AUTO,REDUCE,exposure_floor
2021-07-19,COALINDIA,REDUCE,exposure_floor
2021-07-19,EICHERMOT,REDUCE,exposure_floor
2021-07-19,JSWSTEEL,REDUCE,exposure_floor
2021-07-19,MARUTI,EXIT,exposure_floor
2021-07-19,ONGC,REDUCE,exposure_floor
2021-07-19,RELIANCE,REDUCE,exposure_floor
2021-07-19,SHRIRAMFIN,REDUCE,exposure_floor
2021-07-20,ADANIENT,EXIT,exposure_floor
2021-07-20,BAJAJ-AUTO,REDUCE,exposure_floor
2021-07-20,COALINDIA,REDUCE,exposure_floor
2021-07-20,EICHERMOT,REDUCE,exposure_floor
2021-07-20,HDFCLIFE,EXIT,exposure_floor
2021-07-20,INDIGO,REDUCE,exposure_floor
2021-07-20,JSWSTEEL,REDUCE,exposure_floor
2021-07-20,ONGC,REDUCE,exposure_floor
2021-07-20,POWERGRID,REDUCE,exposure_floor
2021-07-20,RELIANCE,REDUCE,exposure_floor
2021-07-20,SHRIRAMFIN,REDUCE,exposure_floor
2021-07-22,ADANIENT,EXIT,exposure_floor
2021-07-22,BAJAJ-AUTO,REDUCE,exposure_floor
2021-07-22,CIPLA,REDUCE,exposure_floor
2021-07-22,COALINDIA,REDUCE,exposure_floor
2021-07-22,EICHERMOT,REDUCE,exposure_floor
2021-07-22,HDFCLIFE,EXIT,exposure_floor
2021-07-22,INDIGO,REDUCE,exposure_floor
2021-07-22,JSWSTEEL,REDUCE,exposure_floor
2021-07-22,ONGC,REDUCE,exposure_floor
2021-07-22,POWERGRID,REDUCE,exposure_floor
2021-07-23,ADANIENT,EXIT,exposure_floor
2021-07-23,BAJAJ-AUTO,REDUCE,exposure_floor
2021-07-23,CIPLA,REDUCE,exposure_floor
2021-07-23,COALINDIA,REDUCE,exposure_floor
2021-07-23,EICHERMOT,EXIT,exposure_floor
2021-07-23,HDFCLIFE,EXIT,exposure_floor
2021-07-23,INDIGO,REDUCE,exposure_floor
2021-07-23,JSWSTEEL,REDUCE,exposure_floor
2021-07-23,ONGC,REDUCE,exposure_floor
2021-07-23,POWERGRID,REDUCE,exposure_floor
2021-07-26,ADANIENT,EXIT,exposure_floor
2021-07-26,BAJAJ-AUTO,REDUCE,exposure_floor
2021-07-26,CIPLA,REDUCE,exposure_floor
2021-07-26,COALINDIA,REDUCE,exposure_floor
2021-07-26,EICHERMOT,EXIT,exposure_floor
2021-07-26,HDFCLIFE,EXIT,exposure_floor
2021-07-26,INDIGO,REDUCE,exposure_floor
2021-07-26,JSWSTEEL,REDUCE,exposure_floor
2021-07-26,ONGC,REDUCE,exposure_floor
2021-07-26,POWERGRID,REDUCE,exposure_floor
2021-07-27,ADANIENT,EXIT,exposure_floor
2021-07-27,AXISBANK,REDUCE,exposure_floor
2021-07-27,BAJAJ-AUTO,REDUCE,exposure_floor
2021-07-27,CIPLA,REDUCE,exposure_floor
2021-07-27,COALINDIA,REDUCE,exposure_floor
2021-07-27,DRREDDY,EXIT,exposure_floor
2021-07-27,EICHERMOT,EXIT,exposure_floor
2021-07-27,HDFCLIFE,EXIT,exposure_floor
2021-07-27,INDIGO,REDUCE,exposure_floor
2021-07-27,JSWSTEEL,REDUCE,exposure_floor
2021-07-27,ONGC,REDUCE,exposure_floor
2021-07-27,POWERGRID,REDUCE,exposure_floor
2021-07-28,ADANIENT,EXIT,exposure_floor
2021-07-28,AXISBANK,REDUCE,exposure_floor
2021-07-28,BAJAJ-AUTO,REDUCE,exposure_floor
2021-07-28,COALINDIA,REDUCE,exposure_floor
2021-07-28,DRREDDY,EXIT,exposure_floor
2021-07-28,EICHERMOT,EXIT,exposure_floor
2021-07-28,HDFCLIFE,EXIT,exposure_floor
2021-07-28,INDIGO,REDUCE,exposure_floor
2021-07-28,JSWSTEEL,REDUCE,exposure_floor
2021-07-28,MARUTI,EXIT,exposure_floor
2021-07-28,ONGC,REDUCE,exposure_floor
2021-07-28,POWERGRID,REDUCE,exposure_floor
2021-07-29,ADANIENT,EXIT,exposure_floor
2021-07-29,AXISBANK,REDUCE,exposure_floor
2021-07-29,BAJAJ-AUTO,REDUCE,exposure_floor
2021-07-29,COALINDIA,REDUCE,exposure_floor
2021-07-29,DRREDDY,EXIT,exposure_floor
2021-07-29,EICHERMOT,EXIT,exposure_floor
2021-07-29,HDFCLIFE,EXIT,exposure_floor
2021-07-29,INDIGO,REDUCE,exposure_floor
2021-07-29,MARUTI,EXIT,exposure_floor
2021-07-29,ONGC,REDUCE,exposure_floor
2021-07-29,POWERGRID,REDUCE,exposure_floor
2021-07-30,ADANIENT,EXIT,exposure_floor
2021-07-30,ASIANPAINT,REDUCE,exposure_floor
2021-07-30,AXISBANK,REDUCE,exposure_floor
2021-07-30,BAJAJ-AUTO,REDUCE,exposure_floor
2021-07-30,COALINDIA,REDUCE,exposure_floor
2021-07-30,DRREDDY,EXIT,exposure_floor
2021-07-30,EICHERMOT,EXIT,exposure_floor
2021-07-30,HDFCLIFE,EXIT,exposure_floor
2021-07-30,INDIGO,REDUCE,exposure_floor
2021-07-30,MARUTI,EXIT,exposure_floor
2021-07-30,ONGC,REDUCE,exposure_floor
2021-07-30,POWERGRID,REDUCE,exposure_floor
2021-08-02,ADANIENT,EXIT,exposure_floor
2021-08-02,ASIANPAINT,REDUCE,exposure_floor
2021-08-02,BAJAJ-AUTO,REDUCE,exposure_floor
2021-08-02,COALINDIA,REDUCE,exposure_floor
2021-08-02,DRREDDY,EXIT,exposure_floor
2021-08-02,EICHERMOT,EXIT,exposure_floor
2021-08-02,HDFCLIFE,EXIT,exposure_floor
2021-08-02,INDIGO,REDUCE,exposure_floor
2021-08-02,MARUTI,EXIT,exposure_floor
2021-08-02,ONGC,REDUCE,exposure_floor
2021-08-02,POWERGRID,REDUCE,exposure_floor
2021-08-03,ADANIENT,EXIT,exposure_floor
2021-08-03,BAJAJ-AUTO,REDUCE,exposure_floor
2021-08-03,COALINDIA,REDUCE,exposure_floor
2021-08-03,DRREDDY,EXIT,exposure_floor
2021-08-03,EICHERMOT,EXIT,exposure_floor
2021-08-03,HDFCLIFE,EXIT,exposure_floor
2021-08-03,INDIGO,REDUCE,exposure_floor
2021-08-03,MARUTI,EXIT,exposure_floor
2021-08-03,ONGC,REDUCE,exposure_floor
2021-08-03,POWERGRID,REDUCE,exposure_floor
2021-08-04,ADANIENT,EXIT,exposure_floor
2021-08-04,BAJAJ-AUTO,REDUCE,exposure_floor
2021-08-04,COALINDIA,REDUCE,exposure_floor
2021-08-04,DRREDDY,EXIT,exposure_floor
2021-08-04,EICHERMOT,EXIT,exposure_floor
2021-08-04,HDFCLIFE,EXIT,exposure_floor
2021-08-04,INDIGO,REDUCE,exposure_floor
2021-08-04,MARUTI,EXIT,exposure_floor
2021-08-04,ONGC,REDUCE,exposure_floor
2021-08-04,POWERGRID,REDUCE,exposure_floor
2021-08-05,ADANIENT,EXIT,exposure_floor
2021-08-05,ASIANPAINT,REDUCE,exposure_floor
2021-08-05,BAJAJ-AUTO,REDUCE,exposure_floor
2021-08-05,COALINDIA,REDUCE,exposure_floor
2021-08-05,DRREDDY,EXIT,exposure_floor
2021-08-05,EICHERMOT,EXIT,exposure_floor
2021-08-05,HDFCLIFE,EXIT,exposure_floor
2021-08-05,INDIGO,REDUCE,exposure_floor
2021-08-05,MARUTI,EXIT,exposure_floor
2021-08-05,NTPC,REDUCE,exposure_floor
2021-08-05,ONGC,REDUCE,exposure_floor
2021-08-05,POWERGRID,REDUCE,exposure_floor
2021-08-06,ADANIENT,REDUCE,exposure_floor
2021-08-06,ASIANPAINT,REDUCE,exposure_floor
2021-08-06,BAJAJ-AUTO,REDUCE,exposure_floor
2021-08-06,COALINDIA,REDUCE,exposure_floor
2021-08-06,DRREDDY,EXIT,exposure_floor
2021-08-06,EICHERMOT,EXIT,exposure_floor
2021-08-06,HDFCLIFE,EXIT,exposure_floor
2021-08-06,INDIGO,EXIT,exposure_floor
2021-08-06,MARUTI,EXIT,exposure_floor
2021-08-06,NTPC,REDUCE,exposure_floor
2021-08-06,ONGC,REDUCE,exposure_floor
2021-08-06,POWERGRID,REDUCE,exposure_floor
2021-08-06,RELIANCE,REDUCE,exposure_floor
2021-08-09,ASIANPAINT,REDUCE,exposure_floor
2021-08-09,BAJAJ-AUTO,REDUCE,exposure_floor
2021-08-09,COALINDIA,REDUCE,exposure_floor
2021-08-09,DRREDDY,EXIT,exposure_floor
2021-08-09,EICHERMOT,EXIT,exposure_floor
2021-08-09,GRASIM,REDUCE,exposure_floor
2021-08-09,HDFCLIFE,EXIT,exposure_floor
2021-08-09,INDIGO,EXIT,exposure_floor
2021-08-09,MARUTI,EXIT,exposure_floor
2021-08-09,NTPC,REDUCE,exposure_floor
2021-08-09,ONGC,REDUCE,exposure_floor
2021-08-09,POWERGRID,REDUCE,exposure_floor
2021-08-09,RELIANCE,REDUCE,exposure_floor
2021-08-10,ASIANPAINT,REDUCE,exposure_floor
2021-08-10,BAJAJ-AUTO,REDUCE,exposure_floor
2021-08-10,COALINDIA,REDUCE,exposure_floor
2021-08-10,DRREDDY,EXIT,exposure_floor
2021-08-10,EICHERMOT,EXIT,exposure_floor
2021-08-10,GRASIM,REDUCE,exposure_floor
2021-08-10,HDFCLIFE,EXIT,exposure_floor
2021-08-10,INDIGO,EXIT,exposure_floor
2021-08-10,MARUTI,EXIT,exposure_floor
2021-08-10,NTPC,REDUCE,exposure_floor
2021-08-10,ONGC,REDUCE,exposure_floor
2021-08-10,POWERGRID,REDUCE,exposure_floor
2021-08-10,RELIANCE,REDUCE,exposure_floor
2021-08-10,SHRIRAMFIN,EXIT,exposure_floor
2021-08-10,SBIN,REDUCE,exposure_floor
2021-08-11,ADANIENT,EXIT,exposure_floor
2021-08-11,ASIANPAINT,REDUCE,exposure_floor
2021-08-11,BAJAJ-AUTO,REDUCE,exposure_floor
2021-08-11,COALINDIA,REDUCE,exposure_floor
2021-08-11,DRREDDY,EXIT,exposure_floor
2021-08-11,EICHERMOT,EXIT,exposure_floor
2021-08-11,GRASIM,REDUCE,exposure_floor
2021-08-11,HDFCLIFE,EXIT,exposure_floor
2021-08-11,INDIGO,EXIT,exposure_floor
2021-08-11,MARUTI,EXIT,exposure_floor
2021-08-11,NTPC,REDUCE,exposure_floor
2021-08-11,ONGC,REDUCE,exposure_floor
2021-08-11,POWERGRID,REDUCE,exposure_floor
2021-08-11,RELIANCE,REDUCE,exposure_floor
2021-08-11,SHRIRAMFIN,EXIT,exposure_floor
2021-08-11,SBIN,REDUCE,exposure_floor
2021-08-12,ADANIENT,EXIT,exposure_floor
2021-08-12,ASIANPAINT,REDUCE,exposure_floor
2021-08-12,BAJAJ-AUTO,REDUCE,exposure_floor
2021-08-12,COALINDIA,REDUCE,exposure_floor
2021-08-12,DRREDDY,EXIT,exposure_floor
2021-08-12,EICHERMOT,EXIT,exposure_floor
2021-08-12,GRASIM,REDUCE,exposure_floor
2021-08-12,HDFCLIFE,EXIT,exposure_floor
2021-08-12,INDIGO,EXIT,exposure_floor
2021-08-12,MARUTI,EXIT,exposure_floor
2021-08-12,ONGC,REDUCE,exposure_floor
2021-08-12,RELIANCE,REDUCE,exposure_floor
2021-08-12,SBIN,REDUCE,exposure_floor
2021-08-13,ADANIENT,EXIT,exposure_floor
2021-08-13,ASIANPAINT,REDUCE,exposure_floor
2021-08-13,BAJAJ-AUTO,REDUCE,exposure_floor
2021-08-13,COALINDIA,REDUCE,exposure_floor
2021-08-13,DRREDDY,EXIT,exposure_floor
2021-08-13,EICHERMOT,EXIT,exposure_floor
2021-08-13,GRASIM,REDUCE,exposure_floor
2021-08-13,HDFCLIFE,EXIT,exposure_floor
2021-08-13,INDIGO,EXIT,exposure_floor
2021-08-13,MARUTI,EXIT,exposure_floor
2021-08-13,ONGC,REDUCE,exposure_floor
2021-08-13,RELIANCE,REDUCE,exposure_floor
2021-08-13,SBIN,REDUCE,exposure_floor
2021-08-13,TRENT,REDUCE,exposure_floor
2021-08-16,ADANIENT,EXIT,exposure_floor
2021-08-16,ASIANPAINT,REDUCE,exposure_floor
2021-08-16,BAJAJ-AUTO,REDUCE,exposure_floor
2021-08-16,COALINDIA,REDUCE,exposure_floor
2021-08-16,DRREDDY,EXIT,exposure_floor
2021-08-16,EICHERMOT,EXIT,exposure_floor
2021-08-16,GRASIM,REDUCE,exposure_floor
2021-08-16,HDFCLIFE,EXIT,exposure_floor
2021-08-16,INDIGO,EXIT,exposure_floor
2021-08-16,MARUTI,EXIT,exposure_floor
2021-08-16,ONGC,REDUCE,exposure_floor
2021-08-16,SBIN,REDUCE,exposure_floor
2021-08-16,TRENT,REDUCE,exposure_floor
2021-08-17,ADANIENT,EXIT,exposure_floor
2021-08-17,ASIANPAINT,REDUCE,exposure_floor
2021-08-17,BAJAJ-AUTO,REDUCE,exposure_floor
2021-08-17,COALINDIA,REDUCE,exposure_floor
2021-08-17,DRREDDY,EXIT,exposure_floor
2021-08-17,EICHERMOT,EXIT,exposure_floor
2021-08-17,GRASIM,REDUCE,exposure_floor
2021-08-17,HDFCLIFE,EXIT,exposure_floor
2021-08-17,INDIGO,EXIT,exposure_floor
2021-08-17,MARUTI,EXIT,exposure_floor
2021-08-17,NTPC,REDUCE,exposure_floor
2021-08-17,ONGC,REDUCE,exposure_floor
2021-08-17,SBIN,REDUCE,exposure_floor
2021-08-17,TRENT,REDUCE,exposure_floor
2021-08-18,ADANIENT,EXIT,exposure_floor
2021-08-18,ASIANPAINT,REDUCE,exposure_floor
2021-08-18,BAJAJ-AUTO,REDUCE,exposure_floor
2021-08-18,COALINDIA,REDUCE,exposure_floor
2021-08-18,DRREDDY,EXIT,exposure_floor
2021-08-18,EICHERMOT,EXIT,exposure_floor
2021-08-18,GRASIM,REDUCE,exposure_floor
2021-08-18,HDFCLIFE,EXIT,exposure_floor
2021-08-18,INDIGO,EXIT,exposure_floor
2021-08-18,MARUTI,EXIT,exposure_floor
2021-08-18,NTPC,REDUCE,exposure_floor
2021-08-18,ONGC,REDUCE,exposure_floor
2021-08-18,SBIN,REDUCE,exposure_floor
2021-08-18,TRENT,REDUCE,exposure_floor
2021-08-20,ADANIENT,EXIT,exposure_floor
2021-08-20,BAJAJ-AUTO,REDUCE,exposure_floor
2021-08-20,COALINDIA,EXIT,exposure_floor
2021-08-20,DRREDDY,EXIT,exposure_floor
2021-08-20,EICHERMOT,EXIT,exposure_floor
2021-08-20,GRASIM,REDUCE,exposure_floor
2021-08-20,HDFCLIFE,EXIT,exposure_floor
2021-08-20,INDIGO,EXIT,exposure_floor
2021-08-20,JSWSTEEL,REDUCE,exposure_floor
2021-08-20,MARUTI,EXIT,exposure_floor
2021-08-20,NTPC,REDUCE,exposure_floor
2021-08-20,ONGC,REDUCE,exposure_floor
2021-08-20,SBIN,REDUCE,exposure_floor
2021-08-23,ADANIENT,EXIT,exposure_floor
2021-08-23,BAJAJ-AUTO,REDUCE,exposure_floor
2021-08-23,COALINDIA,EXIT,exposure_floor
2021-08-23,DRREDDY,EXIT,exposure_floor
2021-08-23,EICHERMOT,EXIT,exposure_floor
2021-08-23,GRASIM,REDUCE,exposure_floor
2021-08-23,INDIGO,EXIT,exposure_floor
2021-08-23,JSWSTEEL,REDUCE,exposure_floor
2021-08-23,MARUTI,EXIT,exposure_floor
2021-08-23,NTPC,REDUCE,exposure_floor
2021-08-23,ONGC,REDUCE,exposure_floor
2021-08-23,POWERGRID,REDUCE,exposure_floor
2021-08-23,TRENT,REDUCE,exposure_floor
2021-08-24,ADANIENT,EXIT,exposure_floor
2021-08-24,BAJAJ-AUTO,REDUCE,exposure_floor
2021-08-24,COALINDIA,EXIT,exposure_floor
2021-08-24,DRREDDY,EXIT,exposure_floor
2021-08-24,EICHERMOT,EXIT,exposure_floor
2021-08-24,GRASIM,REDUCE,exposure_floor
2021-08-24,INDIGO,EXIT,exposure_floor
2021-08-24,JSWSTEEL,REDUCE,exposure_floor
2021-08-24,MARUTI,EXIT,exposure_floor
2021-08-24,NTPC,REDUCE,exposure_floor
2021-08-24,ONGC,REDUCE,exposure_floor
2021-08-24,POWERGRID,REDUCE,exposure_floor
2021-08-24,TRENT,REDUCE,exposure_floor
2021-08-25,ADANIENT,EXIT,exposure_floor
2021-08-25,BAJAJ-AUTO,REDUCE,exposure_floor
2021-08-25,COALINDIA,EXIT,exposure_floor
2021-08-25,DRREDDY,EXIT,exposure_floor
2021-08-25,EICHERMOT,EXIT,exposure_floor
2021-08-25,GRASIM,REDUCE,exposure_floor
2021-08-25,INDIGO,EXIT,exposure_floor
2021-08-25,JSWSTEEL,REDUCE,exposure_floor
2021-08-25,MARUTI,EXIT,exposure_floor
2021-08-25,NTPC,REDUCE,exposure_floor
2021-08-25,ONGC,REDUCE,exposure_floor
2021-08-25,POWERGRID,REDUCE,exposure_floor
2021-08-26,ADANIENT,EXIT,exposure_floor
2021-08-26,BAJAJ-AUTO,REDUCE,exposure_floor
2021-08-26,COALINDIA,EXIT,exposure_floor
2021-08-26,DRREDDY,EXIT,exposure_floor
2021-08-26,EICHERMOT,EXIT,exposure_floor
2021-08-26,GRASIM,REDUCE,exposure_floor
2021-08-26,INDIGO,EXIT,exposure_floor
2021-08-26,JSWSTEEL,REDUCE,exposure_floor
2021-08-26,MARUTI,EXIT,exposure_floor
2021-08-26,NTPC,REDUCE,exposure_floor
2021-08-26,ONGC,REDUCE,exposure_floor
2021-08-26,POWERGRID,REDUCE,exposure_floor
2021-08-27,ADANIENT,EXIT,exposure_floor
2021-08-27,COALINDIA,EXIT,exposure_floor
2021-08-27,DRREDDY,EXIT,exposure_floor
2021-08-27,EICHERMOT,EXIT,exposure_floor
2021-08-27,GRASIM,REDUCE,exposure_floor
2021-08-27,INDIGO,EXIT,exposure_floor
2021-08-27,JSWSTEEL,REDUCE,exposure_floor
2021-08-27,MARUTI,EXIT,exposure_floor
2021-08-27,NTPC,REDUCE,exposure_floor
2021-08-27,ONGC,REDUCE,exposure_floor
2021-08-27,POWERGRID,REDUCE,exposure_floor
2021-08-30,ADANIENT,REDUCE,exposure_floor
2021-08-30,DRREDDY,EXIT,exposure_floor
2021-08-30,EICHERMOT,EXIT,exposure_floor
2021-08-30,GRASIM,REDUCE,exposure_floor
2021-08-30,INDIGO,EXIT,exposure_floor
2021-08-30,JSWSTEEL,REDUCE,exposure_floor
2021-08-30,MARUTI,EXIT,exposure_floor
2021-08-30,NTPC,REDUCE,exposure_floor
2021-08-30,ONGC,REDUCE,exposure_floor
2021-08-30,POWERGRID,REDUCE,exposure_floor
2021-08-31,ADANIENT,REDUCE,exposure_floor
2021-08-31,EICHERMOT,EXIT,exposure_floor
2021-08-31,GRASIM,REDUCE,exposure_floor
2021-08-31,INDIGO,REDUCE,exposure_floor
2021-08-31,JSWSTEEL,REDUCE,exposure_floor
2021-08-31,MARUTI,EXIT,exposure_floor
2021-08-31,NTPC,REDUCE,exposure_floor
2021-08-31,ONGC,REDUCE,exposure_floor
2021-08-31,POWERGRID,REDUCE,exposure_floor
2021-09-01,ADANIENT,REDUCE,exposure_floor
2021-09-01,EICHERMOT,EXIT,exposure_floor
2021-09-01,GRASIM,REDUCE,exposure_floor
2021-09-01,JSWSTEEL,REDUCE,exposure_floor
2021-09-01,MARUTI,EXIT,exposure_floor
2021-09-01,NTPC,REDUCE,exposure_floor
2021-09-01,ONGC,REDUCE,exposure_floor
2021-09-01,POWERGRID,REDUCE,exposure_floor
2021-09-02,ADANIENT,REDUCE,exposure_floor
2021-09-02,EICHERMOT,EXIT,exposure_floor
2021-09-02,GRASIM,REDUCE,exposure_floor
2021-09-02,JSWSTEEL,REDUCE,exposure_floor
2021-09-02,MARUTI,EXIT,exposure_floor
2021-09-02,NTPC,REDUCE,exposure_floor
2021-09-02,ONGC,REDUCE,exposure_floor
2021-09-02,POWERGRID,REDUCE,exposure_floor
2021-09-03,ADANIENT,REDUCE,exposure_floor
2021-09-03,EICHERMOT,EXIT,exposure_floor
2021-09-03,GRASIM,REDUCE,exposure_floor
2021-09-03,JSWSTEEL,REDUCE,exposure_floor
2021-09-03,MARUTI,EXIT,exposure_floor
2021-09-03,NTPC,REDUCE,exposure_floor
2021-09-03,ONGC,REDUCE,exposure_floor
2021-09-03,POWERGRID,REDUCE,exposure_floor
2021-09-06,ADANIENT,REDUCE,exposure_floor
2021-09-06,EICHERMOT,EXIT,exposure_floor
2021-09-06,GRASIM,REDUCE,exposure_floor
2021-09-06,JSWSTEEL,REDUCE,exposure_floor
2021-09-06,MARUTI,EXIT,exposure_floor
2021-09-06,NTPC,REDUCE,exposure_floor
2021-09-06,ONGC,REDUCE,exposure_floor
2021-09-06,POWERGRID,REDUCE,exposure_floor
2021-09-07,ADANIENT,REDUCE,exposure_floor
2021-09-07,EICHERMOT,EXIT,exposure_floor
2021-09-07,GRASIM,REDUCE,exposure_floor
2021-09-07,JSWSTEEL,REDUCE,exposure_floor
2021-09-07,MARUTI,EXIT,exposure_floor
2021-09-07,NTPC,REDUCE,exposure_floor
2021-09-07,ONGC,REDUCE,exposure_floor
2021-09-07,POWERGRID,REDUCE,exposure_floor
2021-09-08,ADANIENT,REDUCE,exposure_floor
2021-09-08,EICHERMOT,EXIT,exposure_floor
2021-09-08,GRASIM,REDUCE,exposure_floor
2021-09-08,JSWSTEEL,REDUCE,exposure_floor
2021-09-08,MARUTI,EXIT,exposure_floor
2021-09-08,NTPC,REDUCE,exposure_floor
2021-09-08,ONGC,REDUCE,exposure_floor
2021-09-08,POWERGRID,REDUCE,exposure_floor
2021-09-09,ADANIENT,REDUCE,exposure_floor
2021-09-09,EICHERMOT,EXIT,exposure_floor
2021-09-09,GRASIM,REDUCE,exposure_floor
2021-09-09,JSWSTEEL,REDUCE,exposure_floor
2021-09-09,MARUTI,EXIT,exposure_floor
2021-09-09,NTPC,REDUCE,exposure_floor
2021-09-09,ONGC,REDUCE,exposure_floor
2021-09-09,POWERGRID,REDUCE,exposure_floor
2021-09-13,ADANIENT,REDUCE,exposure_floor
2021-09-13,BAJAJ-AUTO,EXIT,exposure_floor
2021-09-13,EICHERMOT,EXIT,exposure_floor
2021-09-13,GRASIM,REDUCE,exposure_floor
2021-09-13,JSWSTEEL,REDUCE,exposure_floor
2021-09-13,MARUTI,EXIT,exposure_floor
2021-09-13,NTPC,REDUCE,exposure_floor
2021-09-13,ONGC,REDUCE,exposure_floor
2021-09-13,POWERGRID,REDUCE,exposure_floor
2021-09-14,ADANIENT,REDUCE,exposure_floor
2021-09-14,BAJAJ-AUTO,EXIT,exposure_floor
2021-09-14,EICHERMOT,EXIT,exposure_floor
2021-09-14,GRASIM,REDUCE,exposure_floor
2021-09-14,JSWSTEEL,REDUCE,exposure_floor
2021-09-14,MARUTI,EXIT,exposure_floor
2021-09-14,NTPC,REDUCE,exposure_floor
2021-09-14,ONGC,REDUCE,exposure_floor
2021-09-14,POWERGRID,REDUCE,exposure_floor
2021-09-15,ADANIENT,REDUCE,exposure_floor
2021-09-15,GRASIM,REDUCE,exposure_floor
2021-09-15,JSWSTEEL,REDUCE,exposure_floor
2021-09-15,MARUTI,EXIT,exposure_floor
2021-09-15,NTPC,REDUCE,exposure_floor
2021-09-15,ONGC,REDUCE,exposure_floor
2021-09-15,POWERGRID,REDUCE,exposure_floor
2021-09-16,ADANIENT,REDUCE,exposure_floor
2021-09-16,GRASIM,REDUCE,exposure_floor
2021-09-16,JSWSTEEL,REDUCE,exposure_floor
2021-09-16,NTPC,REDUCE,exposure_floor
2021-09-16,ONGC,REDUCE,exposure_floor
2021-09-16,POWERGRID,REDUCE,exposure_floor
2021-09-17,ADANIENT,REDUCE,exposure_floor
2021-09-17,GRASIM,REDUCE,exposure_floor
2021-09-17,JSWSTEEL,REDUCE,exposure_floor
2021-09-17,NTPC,REDUCE,exposure_floor
2021-09-17,POWERGRID,REDUCE,exposure_floor
2021-09-20,ADANIENT,EXIT,exposure_floor
2021-09-20,GRASIM,REDUCE,exposure_floor
2021-09-20,JSWSTEEL,EXIT,exposure_floor
2021-09-20,NTPC,REDUCE,exposure_floor
2021-09-20,POWERGRID,REDUCE,exposure_floor
2021-09-20,TATASTEEL,EXIT,exposure_floor
2021-09-21,ADANIENT,EXIT,exposure_floor
2021-09-21,GRASIM,REDUCE,exposure_floor
2021-09-21,JSWSTEEL,EXIT,exposure_floor
2021-09-21,NTPC,REDUCE,exposure_floor
2021-09-21,POWERGRID,REDUCE,exposure_floor
2021-09-21,TATASTEEL,EXIT,exposure_floor
2021-09-22,ADANIENT,EXIT,exposure_floor
2021-09-22,GRASIM,REDUCE,exposure_floor
2021-09-22,JSWSTEEL,EXIT,exposure_floor
2021-09-22,NTPC,REDUCE,exposure_floor
2021-09-22,POWERGRID,REDUCE,exposure_floor
2021-09-22,TATASTEEL,EXIT,exposure_floor
2021-09-23,ADANIENT,EXIT,exposure_floor
2021-09-23,GRASIM,REDUCE,exposure_floor
2021-09-23,JSWSTEEL,EXIT,exposure_floor
2021-09-23,POWERGRID,REDUCE,exposure_floor
2021-09-23,TATASTEEL,EXIT,exposure_floor
2021-09-24,ADANIENT,EXIT,exposure_floor
2021-09-24,GRASIM,REDUCE,exposure_floor
2021-09-24,JSWSTEEL,EXIT,exposure_floor
2021-09-24,POWERGRID,REDUCE,exposure_floor
2021-09-24,TATASTEEL,EXIT,exposure_floor
2021-09-24,ULTRACEMCO,REDUCE,exposure_floor
2021-09-27,ADANIENT,EXIT,exposure_floor
2021-09-27,GRASIM,REDUCE,exposure_floor
2021-09-27,JSWSTEEL,EXIT,exposure_floor
2021-09-27,POWERGRID,REDUCE,exposure_floor
2021-09-27,TATASTEEL,EXIT,exposure_floor
2021-09-27,ULTRACEMCO,REDUCE,exposure_floor
2021-09-28,ADANIENT,EXIT,exposure_floor
2021-09-28,ADANIPORTS,EXIT,exposure_floor
2021-09-28,GRASIM,REDUCE,exposure_floor
2021-09-28,JSWSTEEL,EXIT,exposure_floor
2021-09-28,POWERGRID,REDUCE,exposure_floor
2021-09-28,TATASTEEL,EXIT,exposure_floor
2021-09-28,ULTRACEMCO,REDUCE,exposure_floor
2021-09-29,ADANIENT,EXIT,exposure_floor
2021-09-29,ADANIPORTS,EXIT,exposure_floor
2021-09-29,GRASIM,REDUCE,exposure_floor
2021-09-29,JSWSTEEL,EXIT,exposure_floor
2021-09-29,TATASTEEL,EXIT,exposure_floor
2021-09-29,ULTRACEMCO,REDUCE,exposure_floor
2021-09-30,ADANIENT,EXIT,exposure_floor
2021-09-30,ADANIPORTS,EXIT,exposure_floor
2021-09-30,GRASIM,REDUCE,exposure_floor
2021-09-30,ICICIBANK,REDUCE,exposure_floor
2021-09-30,INFY,REDUCE,exposure_floor
2021-09-30,JSWSTEEL,EXIT,exposure_floor
2021-09-30,TATACONSUM,REDUCE,exposure_floor
2021-09-30,TATASTEEL,EXIT,exposure_floor
2021-09-30,ULTRACEMCO,REDUCE,exposure_floor
2021-10-01,ADANIENT,EXIT,exposure_floor
2021-10-01,ADANIPORTS,EXIT,exposure_floor
2021-10-01,GRASIM,REDUCE,exposure_floor
2021-10-01,ICICIBANK,REDUCE,exposure_floor
2021-10-01,INFY,REDUCE,exposure_floor
2021-10-01,JSWSTEEL,EXIT,exposure_floor
2021-10-01,TATACONSUM,REDUCE,exposure_floor
2021-10-01,TATASTEEL,EXIT,exposure_floor
2021-10-01,ULTRACEMCO,REDUCE,exposure_floor
2021-10-04,ADANIENT,EXIT,exposure_floor
2021-10-04,ADANIPORTS,EXIT,exposure_floor
2021-10-04,GRASIM,REDUCE,exposure_floor
2021-10-04,ICICIBANK,REDUCE,exposure_floor
2021-10-04,INFY,REDUCE,exposure_floor
2021-10-04,JSWSTEEL,EXIT,exposure_floor
2021-10-04,TATACONSUM,REDUCE,exposure_floor
2021-10-04,TATASTEEL,EXIT,exposure_floor
2021-10-04,ULTRACEMCO,REDUCE,exposure_floor
2021-10-05,ADANIENT,EXIT,exposure_floor
2021-10-05,ADANIPORTS,EXIT,exposure_floor
2021-10-05,GRASIM,REDUCE,exposure_floor
2021-10-05,ICICIBANK,REDUCE,exposure_floor
2021-10-05,INFY,REDUCE,exposure_floor
2021-10-05,JSWSTEEL,EXIT,exposure_floor
2021-10-05,TATACONSUM,REDUCE,exposure_floor
2021-10-05,TATASTEEL,EXIT,exposure_floor
2021-10-05,ULTRACEMCO,REDUCE,exposure_floor
2021-10-06,ADANIENT,EXIT,exposure_floor
2021-10-06,ADANIPORTS,EXIT,exposure_floor
2021-10-06,APOLLOHOSP,REDUCE,exposure_floor
2021-10-06,GRASIM,REDUCE,exposure_floor
2021-10-06,ICICIBANK,REDUCE,exposure_floor
2021-10-06,INFY,REDUCE,exposure_floor
2021-10-06,JSWSTEEL,EXIT,exposure_floor
2021-10-06,NESTLEIND,REDUCE,exposure_floor
2021-10-06,TATACONSUM,REDUCE,exposure_floor
2021-10-06,TATASTEEL,EXIT,exposure_floor
2021-10-06,ULTRACEMCO,REDUCE,exposure_floor
2021-10-07,ADANIENT,EXIT,exposure_floor
2021-10-07,ADANIPORTS,EXIT,exposure_floor
2021-10-07,APOLLOHOSP,REDUCE,exposure_floor
2021-10-07,GRASIM,REDUCE,exposure_floor
2021-10-07,ICICIBANK,REDUCE,exposure_floor
2021-10-07,INFY,REDUCE,exposure_floor
2021-10-07,JSWSTEEL,EXIT,exposure_floor
2021-10-07,TATACONSUM,REDUCE,exposure_floor
2021-10-07,TATASTEEL,EXIT,exposure_floor
2021-10-07,ULTRACEMCO,REDUCE,exposure_floor
2021-10-08,ADANIENT,EXIT,exposure_floor
2021-10-08,ADANIPORTS,EXIT,exposure_floor
2021-10-08,APOLLOHOSP,REDUCE,exposure_floor
2021-10-08,GRASIM,REDUCE,exposure_floor
2021-10-08,ICICIBANK,REDUCE,exposure_floor
2021-10-08,INFY,REDUCE,exposure_floor
2021-10-08,JSWSTEEL,EXIT,exposure_floor
2021-10-08,TATACONSUM,REDUCE,exposure_floor
2021-10-08,TATASTEEL,EXIT,exposure_floor
2021-10-08,ULTRACEMCO,REDUCE,exposure_floor
2021-10-11,ADANIENT,EXIT,exposure_floor
2021-10-11,ADANIPORTS,EXIT,exposure_floor
2021-10-11,APOLLOHOSP,REDUCE,exposure_floor
2021-10-11,ICICIBANK,REDUCE,exposure_floor
2021-10-11,INFY,REDUCE,exposure_floor
2021-10-11,JSWSTEEL,EXIT,exposure_floor
2021-10-11,TATACONSUM,REDUCE,exposure_floor
2021-10-11,TATASTEEL,EXIT,exposure_floor
2021-10-11,ULTRACEMCO,REDUCE,exposure_floor
2021-10-12,ADANIENT,EXIT,exposure_floor
2021-10-12,ADANIPORTS,EXIT,exposure_floor
2021-10-12,APOLLOHOSP,REDUCE,exposure_floor
2021-10-12,ICICIBANK,REDUCE,exposure_floor
2021-10-12,INFY,REDUCE,exposure_floor
2021-10-12,JSWSTEEL,EXIT,exposure_floor
2021-10-12,MAXHEALTH,EXIT,exposure_floor
2021-10-12,TATACONSUM,REDUCE,exposure_floor
2021-10-12,TATASTEEL,EXIT,exposure_floor
2021-10-12,ULTRACEMCO,REDUCE,exposure_floor
2021-10-13,ADANIENT,EXIT,exposure_floor
2021-10-13,ADANIPORTS,EXIT,exposure_floor
2021-10-13,APOLLOHOSP,REDUCE,exposure_floor
2021-10-13,INFY,REDUCE,exposure_floor
2021-10-13,JSWSTEEL,EXIT,exposure_floor
2021-10-13,MAXHEALTH,EXIT,exposure_floor
2021-10-13,TATACONSUM,REDUCE,exposure_floor
2021-10-13,TATASTEEL,EXIT,exposure_floor
2021-10-13,ULTRACEMCO,REDUCE,exposure_floor
2021-10-14,ADANIENT,REDUCE,exposure_floor
2021-10-14,APOLLOHOSP,REDUCE,exposure_floor
2021-10-14,HINDUNILVR,REDUCE,exposure_floor
2021-10-14,INFY,REDUCE,exposure_floor
2021-10-14,JSWSTEEL,EXIT,exposure_floor
2021-10-14,MAXHEALTH,REDUCE,exposure_floor
2021-10-14,TATASTEEL,EXIT,exposure_floor
2021-10-14,ULTRACEMCO,REDUCE,exposure_floor
2021-10-18,ADANIENT,REDUCE,exposure_floor
2021-10-18,APOLLOHOSP,REDUCE,exposure_floor
2021-10-18,HINDUNILVR,REDUCE,exposure_floor
2021-10-18,INFY,REDUCE,exposure_floor
2021-10-18,JSWSTEEL,EXIT,exposure_floor
2021-10-18,MAXHEALTH,REDUCE,exposure_floor
2021-10-18,TATASTEEL,EXIT,exposure_floor
2021-10-18,ULTRACEMCO,REDUCE,exposure_floor
2021-10-19,ADANIENT,REDUCE,exposure_floor
2021-10-19,APOLLOHOSP,EXIT,exposure_floor
2021-10-19,ASIANPAINT,REDUCE,exposure_floor
2021-10-19,EICHERMOT,REDUCE,exposure_floor
2021-10-19,HINDUNILVR,REDUCE,exposure_floor
2021-10-19,INFY,REDUCE,exposure_floor
2021-10-19,JSWSTEEL,EXIT,exposure_floor
2021-10-19,MAXHEALTH,EXIT,exposure_floor
2021-10-19,TATASTEEL,EXIT,exposure_floor
2021-10-19,ULTRACEMCO,REDUCE,exposure_floor
2021-10-20,ADANIENT,REDUCE,exposure_floor
2021-10-20,APOLLOHOSP,EXIT,exposure_floor
2021-10-20,ASIANPAINT,REDUCE,exposure_floor
2021-10-20,EICHERMOT,EXIT,exposure_floor
2021-10-20,HINDUNILVR,REDUCE,exposure_floor
2021-10-20,INFY,REDUCE,exposure_floor
2021-10-20,JSWSTEEL,EXIT,exposure_floor
2021-10-20,MAXHEALTH,EXIT,exposure_floor
2021-10-20,SBILIFE,REDUCE,exposure_floor
2021-10-20,TATASTEEL,EXIT,exposure_floor
2021-10-20,ULTRACEMCO,REDUCE,exposure_floor
2021-10-21,ADANIENT,REDUCE,exposure_floor
2021-10-21,APOLLOHOSP,EXIT,exposure_floor
2021-10-21,ASIANPAINT,REDUCE,exposure_floor
2021-10-21,EICHERMOT,EXIT,exposure_floor
2021-10-21,HINDUNILVR,REDUCE,exposure_floor
2021-10-21,INFY,REDUCE,exposure_floor
2021-10-21,JSWSTEEL,EXIT,exposure_floor
2021-10-21,MAXHEALTH,EXIT,exposure_floor
2021-10-21,SBILIFE,REDUCE,exposure_floor
2021-10-21,TATASTEEL,EXIT,exposure_floor
2021-10-21,ULTRACEMCO,REDUCE,exposure_floor
2021-10-22,ADANIENT,REDUCE,exposure_floor
2021-10-22,APOLLOHOSP,EXIT,exposure_floor
2021-10-22,ASIANPAINT,REDUCE,exposure_floor
2021-10-22,EICHERMOT,EXIT,exposure_floor
2021-10-22,HDFCLIFE,EXIT,exposure_floor
2021-10-22,HINDUNILVR,REDUCE,exposure_floor
2021-10-22,INFY,REDUCE,exposure_floor
2021-10-22,JSWSTEEL,EXIT,exposure_floor
2021-10-22,MAXHEALTH,EXIT,exposure_floor
2021-10-22,SBILIFE,REDUCE,exposure_floor
2021-10-22,TATASTEEL,EXIT,exposure_floor
2021-10-22,ULTRACEMCO,REDUCE,exposure_floor
2021-10-25,ADANIENT,REDUCE,exposure_floor
2021-10-25,APOLLOHOSP,EXIT,exposure_floor
2021-10-25,ASIANPAINT,EXIT,exposure_floor
2021-10-25,EICHERMOT,EXIT,exposure_floor
2021-10-25,HCLTECH,REDUCE,exposure_floor
2021-10-25,HDFCLIFE,EXIT,exposure_floor
2021-10-25,HINDUNILVR,REDUCE,exposure_floor
2021-10-25,INFY,REDUCE,exposure_floor
2021-10-25,JSWSTEEL,EXIT,exposure_floor
2021-10-25,MAXHEALTH,EXIT,exposure_floor
2021-10-25,SBILIFE,REDUCE,exposure_floor
2021-10-25,TATASTEEL,EXIT,exposure_floor
2021-10-25,ULTRACEMCO,REDUCE,exposure_floor
2021-10-26,ADANIENT,REDUCE,exposure_floor
2021-10-26,APOLLOHOSP,EXIT,exposure_floor
2021-10-26,ASIANPAINT,EXIT,exposure_floor
2021-10-26,EICHERMOT,EXIT,exposure_floor
2021-10-26,HCLTECH,REDUCE,exposure_floor
2021-10-26,HDFCLIFE,EXIT,exposure_floor
2021-10-26,HINDUNILVR,REDUCE,exposure_floor
2021-10-26,INFY,REDUCE,exposure_floor
2021-10-26,JSWSTEEL,EXIT,exposure_floor
2021-10-26,MAXHEALTH,EXIT,exposure_floor
2021-10-26,SBILIFE,REDUCE,exposure_floor
2021-10-26,TATASTEEL,EXIT,exposure_floor
2021-10-26,ULTRACEMCO,REDUCE,exposure_floor
2021-10-27,ADANIENT,REDUCE,exposure_floor
2021-10-27,APOLLOHOSP,EXIT,exposure_floor
2021-10-27,ASIANPAINT,EXIT,exposure_floor
2021-10-27,EICHERMOT,EXIT,exposure_floor
2021-10-27,HCLTECH,REDUCE,exposure_floor
2021-10-27,HDFCLIFE,EXIT,exposure_floor
2021-10-27,HINDUNILVR,EXIT,exposure_floor
2021-10-27,INFY,REDUCE,exposure_floor
2021-10-27,JSWSTEEL,EXIT,exposure_floor
2021-10-27,MAXHEALTH,EXIT,exposure_floor
2021-10-27,SBILIFE,REDUCE,exposure_floor
2021-10-27,TATASTEEL,EXIT,exposure_floor
2021-10-27,ULTRACEMCO,REDUCE,exposure_floor
2021-10-28,ADANIENT,EXIT,exposure_floor
2021-10-28,ADANIPORTS,EXIT,exposure_floor
2021-10-28,APOLLOHOSP,EXIT,exposure_floor
2021-10-28,ASIANPAINT,EXIT,exposure_floor
2021-10-28,AXISBANK,REDUCE,exposure_floor
2021-10-28,CIPLA,EXIT,exposure_floor
2021-10-28,COALINDIA,EXIT,exposure_floor
2021-10-28,EICHERMOT,EXIT,exposure_floor
2021-10-28,HCLTECH,REDUCE,exposure_floor
2021-10-28,HDFCLIFE,EXIT,exposure_floor
2021-10-28,HINDALCO,REDUCE,exposure_floor
2021-10-28,HINDUNILVR,EXIT,exposure_floor
2021-10-28,ITC,REDUCE,exposure_floor
2021-10-28,INFY,REDUCE,exposure_floor
2021-10-28,JSWSTEEL,EXIT,exposure_floor
2021-10-28,MAXHEALTH,EXIT,exposure_floor
2021-10-28,SBILIFE,REDUCE,exposure_floor
2021-10-28,TATASTEEL,EXIT,exposure_floor
2021-10-28,ULTRACEMCO,REDUCE,exposure_floor
2021-10-28,WIPRO,REDUCE,exposure_floor
2021-10-29,ADANIENT,EXIT,exposure_floor
2021-10-29,ADANIPORTS,EXIT,exposure_floor
2021-10-29,APOLLOHOSP,EXIT,exposure_floor
2021-10-29,ASIANPAINT,EXIT,exposure_floor
2021-10-29,AXISBANK,REDUCE,exposure_floor
2021-10-29,CIPLA,EXIT,exposure_floor
2021-10-29,COALINDIA,REDUCE,exposure_floor
2021-10-29,EICHERMOT,EXIT,exposure_floor
2021-10-29,HCLTECH,EXIT,exposure_floor
2021-10-29,HDFCBANK,REDUCE,exposure_floor
2021-10-29,HDFCLIFE,EXIT,exposure_floor
2021-10-29,HINDALCO,EXIT,exposure_floor
2021-10-29,HINDUNILVR,EXIT,exposure_floor
2021-10-29,ITC,REDUCE,exposure_floor
2021-10-29,INFY,REDUCE,exposure_floor
2021-10-29,JSWSTEEL,EXIT,exposure_floor
2021-10-29,MAXHEALTH,EXIT,exposure_floor
2021-10-29,SBILIFE,REDUCE,exposure_floor
2021-10-29,SUNPHARMA,REDUCE,exposure_floor
2021-10-29,TATASTEEL,EXIT,exposure_floor
2021-10-29,WIPRO,REDUCE,exposure_floor
2021-11-01,ADANIENT,EXIT,exposure_floor
2021-11-01,ADANIPORTS,EXIT,exposure_floor
2021-11-01,APOLLOHOSP,EXIT,exposure_floor
2021-11-01,ASIANPAINT,EXIT,exposure_floor
2021-11-01,CIPLA,EXIT,exposure_floor
2021-11-01,EICHERMOT,EXIT,exposure_floor
2021-11-01,HCLTECH,EXIT,exposure_floor
2021-11-01,HDFCBANK,REDUCE,exposure_floor
2021-11-01,HDFCLIFE,EXIT,exposure_floor
2021-11-01,HINDALCO,REDUCE,exposure_floor
2021-11-01,HINDUNILVR,EXIT,exposure_floor
2021-11-01,ITC,REDUCE,exposure_floor
2021-11-01,INFY,REDUCE,exposure_floor
2021-11-01,JSWSTEEL,EXIT,exposure_floor
2021-11-01,MAXHEALTH,EXIT,exposure_floor
2021-11-01,SBILIFE,REDUCE,exposure_floor
2021-11-01,SUNPHARMA,REDUCE,exposure_floor
2021-11-01,TATASTEEL,EXIT,exposure_floor
2021-11-01,WIPRO,REDUCE,exposure_floor
2021-11-02,ADANIENT,EXIT,exposure_floor
2021-11-02,ADANIPORTS,EXIT,exposure_floor
2021-11-02,APOLLOHOSP,EXIT,exposure_floor
2021-11-02,ASIANPAINT,EXIT,exposure_floor
2021-11-02,CIPLA,EXIT,exposure_floor
2021-11-02,EICHERMOT,EXIT,exposure_floor
2021-11-02,HCLTECH,EXIT,exposure_floor
2021-11-02,HDFCBANK,REDUCE,exposure_floor
2021-11-02,HDFCLIFE,EXIT,exposure_floor
2021-11-02,HINDALCO,REDUCE,exposure_floor
2021-11-02,HINDUNILVR,EXIT,exposure_floor
2021-11-02,ITC,REDUCE,exposure_floor
2021-11-02,INFY,REDUCE,exposure_floor
2021-11-02,JSWSTEEL,EXIT,exposure_floor
2021-11-02,MAXHEALTH,EXIT,exposure_floor
2021-11-02,SBILIFE,REDUCE,exposure_floor
2021-11-02,SUNPHARMA,REDUCE,exposure_floor
2021-11-02,TATASTEEL,EXIT,exposure_floor
2021-11-02,WIPRO,REDUCE,exposure_floor
2021-11-03,ADANIENT,EXIT,exposure_floor
2021-11-03,ADANIPORTS,EXIT,exposure_floor
2021-11-03,APOLLOHOSP,EXIT,exposure_floor
2021-11-03,ASIANPAINT,EXIT,exposure_floor
2021-11-03,CIPLA,EXIT,exposure_floor
2021-11-03,EICHERMOT,EXIT,exposure_floor
2021-11-03,HCLTECH,EXIT,exposure_floor
2021-11-03,HDFCBANK,REDUCE,exposure_floor
2021-11-03,HDFCLIFE,EXIT,exposure_floor
2021-11-03,HINDUNILVR,EXIT,exposure_floor
2021-11-03,ITC,EXIT,exposure_floor
2021-11-03,INFY,REDUCE,exposure_floor
2021-11-03,JSWSTEEL,EXIT,exposure_floor
2021-11-03,MAXHEALTH,EXIT,exposure_floor
2021-11-03,SBILIFE,REDUCE,exposure_floor
2021-11-03,SUNPHARMA,REDUCE,exposure_floor
2021-11-03,TATASTEEL,EXIT,exposure_floor
2021-11-03,WIPRO,REDUCE,exposure_floor
2021-11-04,ADANIENT,EXIT,exposure_floor
2021-11-04,ADANIPORTS,EXIT,exposure_floor
2021-11-04,APOLLOHOSP,EXIT,exposure_floor
2021-11-04,ASIANPAINT,EXIT,exposure_floor
2021-11-04,BAJFINANCE,REDUCE,exposure_floor
2021-11-04,CIPLA,EXIT,exposure_floor
2021-11-04,EICHERMOT,EXIT,exposure_floor
2021-11-04,HCLTECH,EXIT,exposure_floor
2021-11-04,HDFCBANK,REDUCE,exposure_floor
2021-11-04,HDFCLIFE,EXIT,exposure_floor
2021-11-04,HINDUNILVR,EXIT,exposure_floor
2021-11-04,ITC,EXIT,exposure_floor
2021-11-04,INFY,REDUCE,exposure_floor
2021-11-04,JSWSTEEL,EXIT,exposure_floor
2021-11-04,MAXHEALTH,EXIT,exposure_floor
2021-11-04,SBILIFE,REDUCE,exposure_floor
2021-11-04,SUNPHARMA,REDUCE,exposure_floor
2021-11-04,TATASTEEL,EXIT,exposure_floor
2021-11-04,WIPRO,REDUCE,exposure_floor
2021-11-08,ADANIENT,EXIT,exposure_floor
2021-11-08,ADANIPORTS,EXIT,exposure_floor
2021-11-08,APOLLOHOSP,EXIT,exposure_floor
2021-11-08,ASIANPAINT,EXIT,exposure_floor
2021-11-08,CIPLA,EXIT,exposure_floor
2021-11-08,EICHERMOT,EXIT,exposure_floor
2021-11-08,HCLTECH,EXIT,exposure_floor
2021-11-08,HDFCLIFE,EXIT,exposure_floor
2021-11-08,HINDALCO,REDUCE,exposure_floor
2021-11-08,HINDUNILVR,EXIT,exposure_floor
2021-11-08,ITC,REDUCE,exposure_floor
2021-11-08,INFY,REDUCE,exposure_floor
2021-11-08,JSWSTEEL,EXIT,exposure_floor
2021-11-08,MAXHEALTH,EXIT,exposure_floor
2021-11-08,SBILIFE,REDUCE,exposure_floor
2021-11-08,SUNPHARMA,REDUCE,exposure_floor
2021-11-08,TATASTEEL,EXIT,exposure_floor
2021-11-08,WIPRO,REDUCE,exposure_floor
2021-11-09,ADANIENT,REDUCE,exposure_floor
2021-11-09,ADANIPORTS,EXIT,exposure_floor
2021-11-09,APOLLOHOSP,EXIT,exposure_floor
2021-11-09,ASIANPAINT,EXIT,exposure_floor
2021-11-09,BAJFINANCE,REDUCE,exposure_floor
2021-11-09,CIPLA,EXIT,exposure_floor
2021-11-09,EICHERMOT,EXIT,exposure_floor
2021-11-09,HCLTECH,EXIT,exposure_floor
2021-11-09,HDFCLIFE,EXIT,exposure_floor
2021-11-09,HINDALCO,REDUCE,exposure_floor
2021-11-09,HINDUNILVR,EXIT,exposure_floor
2021-11-09,ITC,REDUCE,exposure_floor
2021-11-09,INFY,REDUCE,exposure_floor
2021-11-09,JSWSTEEL,EXIT,exposure_floor
2021-11-09,MAXHEALTH,EXIT,exposure_floor
2021-11-09,SBILIFE,REDUCE,exposure_floor
2021-11-09,SUNPHARMA,REDUCE,exposure_floor
2021-11-09,TATASTEEL,EXIT,exposure_floor
2021-11-09,WIPRO,REDUCE,exposure_floor
2021-11-10,ADANIPORTS,EXIT,exposure_floor
2021-11-10,APOLLOHOSP,EXIT,exposure_floor
2021-11-10,ASIANPAINT,EXIT,exposure_floor
2021-11-10,BAJFINANCE,REDUCE,exposure_floor
2021-11-10,CIPLA,EXIT,exposure_floor
2021-11-10,COALINDIA,EXIT,exposure_floor
2021-11-10,EICHERMOT,EXIT,exposure_floor
2021-11-10,HCLTECH,EXIT,exposure_floor
2021-11-10,HDFCLIFE,EXIT,exposure_floor
2021-11-10,HINDALCO,EXIT,exposure_floor
2021-11-10,HINDUNILVR,EXIT,exposure_floor
2021-11-10,INFY,REDUCE,exposure_floor
2021-11-10,JSWSTEEL,EXIT,exposure_floor
2021-11-10,MAXHEALTH,EXIT,exposure_floor
2021-11-10,POWERGRID,REDUCE,exposure_floor
2021-11-10,SBILIFE,REDUCE,exposure_floor
2021-11-10,SUNPHARMA,REDUCE,exposure_floor
2021-11-10,TATASTEEL,EXIT,exposure_floor
2021-11-10,WIPRO,REDUCE,exposure_floor
2021-11-11,ADANIPORTS,EXIT,exposure_floor
2021-11-11,APOLLOHOSP,EXIT,exposure_floor
2021-11-11,ASIANPAINT,EXIT,exposure_floor
2021-11-11,AXISBANK,EXIT,exposure_floor
2021-11-11,BAJFINANCE,REDUCE,exposure_floor
2021-11-11,CIPLA,EXIT,exposure_floor
2021-11-11,COALINDIA,EXIT,exposure_floor
2021-11-11,EICHERMOT,EXIT,exposure_floor
2021-11-11,HCLTECH,EXIT,exposure_floor
2021-11-11,HDFCLIFE,EXIT,exposure_floor
2021-11-11,HINDALCO,EXIT,exposure_floor
2021-11-11,HINDUNILVR,EXIT,exposure_floor
2021-11-11,INFY,REDUCE,exposure_floor
2021-11-11,JSWSTEEL,EXIT,exposure_floor
2021-11-11,MAXHEALTH,EXIT,exposure_floor
2021-11-11,POWERGRID,REDUCE,exposure_floor
2021-11-11,SBILIFE,REDUCE,exposure_floor
2021-11-11,SUNPHARMA,REDUCE,exposure_floor
2021-11-11,TATASTEEL,EXIT,exposure_floor
2021-11-11,WIPRO,REDUCE,exposure_floor
2021-11-12,ADANIPORTS,EXIT,exposure_floor
2021-11-12,APOLLOHOSP,EXIT,exposure_floor
2021-11-12,ASIANPAINT,EXIT,exposure_floor
2021-11-12,BAJFINANCE,REDUCE,exposure_floor
2021-11-12,CIPLA,EXIT,exposure_floor
2021-11-12,COALINDIA,EXIT,exposure_floor
2021-11-12,EICHERMOT,EXIT,exposure_floor
2021-11-12,HCLTECH,EXIT,exposure_floor
2021-11-12,HDFCLIFE,EXIT,exposure_floor
2021-11-12,HINDALCO,EXIT,exposure_floor
2021-11-12,HINDUNILVR,EXIT,exposure_floor
2021-11-12,INFY,REDUCE,exposure_floor
2021-11-12,JSWSTEEL,EXIT,exposure_floor
2021-11-12,MAXHEALTH,EXIT,exposure_floor
2021-11-12,POWERGRID,REDUCE,exposure_floor
2021-11-12,SBILIFE,REDUCE,exposure_floor
2021-11-12,SUNPHARMA,REDUCE,exposure_floor
2021-11-12,TATASTEEL,EXIT,exposure_floor
2021-11-12,WIPRO,REDUCE,exposure_floor
2021-11-15,ADANIPORTS,EXIT,exposure_floor
2021-11-15,APOLLOHOSP,EXIT,exposure_floor
2021-11-15,ASIANPAINT,EXIT,exposure_floor
2021-11-15,BAJFINANCE,REDUCE,exposure_floor
2021-11-15,CIPLA,EXIT,exposure_floor
2021-11-15,COALINDIA,EXIT,exposure_floor
2021-11-15,EICHERMOT,EXIT,exposure_floor
2021-11-15,HCLTECH,EXIT,exposure_floor
2021-11-15,HDFCLIFE,EXIT,exposure_floor
2021-11-15,HINDALCO,EXIT,exposure_floor
2021-11-15,HINDUNILVR,EXIT,exposure_floor
2021-11-15,JSWSTEEL,EXIT,exposure_floor
2021-11-15,MAXHEALTH,EXIT,exposure_floor
2021-11-15,SBILIFE,REDUCE,exposure_floor
2021-11-15,SUNPHARMA,REDUCE,exposure_floor
2021-11-15,TATASTEEL,EXIT,exposure_floor
2021-11-15,WIPRO,REDUCE,exposure_floor
2021-11-16,ADANIPORTS,EXIT,exposure_floor
2021-11-16,APOLLOHOSP,EXIT,exposure_floor
2021-11-16,ASIANPAINT,EXIT,exposure_floor
2021-11-16,BAJFINANCE,REDUCE,exposure_floor
2021-11-16,CIPLA,EXIT,exposure_floor
2021-11-16,COALINDIA,EXIT,exposure_floor
2021-11-16,EICHERMOT,EXIT,exposure_floor
2021-11-16,HCLTECH,EXIT,exposure_floor
2021-11-16,HDFCLIFE,EXIT,exposure_floor
2021-11-16,HINDALCO,EXIT,exposure_floor
2021-11-16,HINDUNILVR,EXIT,exposure_floor
2021-11-16,JSWSTEEL,EXIT,exposure_floor
2021-11-16,MAXHEALTH,EXIT,exposure_floor
2021-11-16,SBILIFE,REDUCE,exposure_floor
2021-11-16,SUNPHARMA,REDUCE,exposure_floor
2021-11-16,TATASTEEL,EXIT,exposure_floor
2021-11-16,WIPRO,REDUCE,exposure_floor
2021-11-17,ADANIPORTS,EXIT,exposure_floor
2021-11-17,APOLLOHOSP,REDUCE,exposure_floor
2021-11-17,ASIANPAINT,EXIT,exposure_floor
2021-11-17,BAJFINANCE,REDUCE,exposure_floor
2021-11-17,CIPLA,EXIT,exposure_floor
2021-11-17,COALINDIA,EXIT,exposure_floor
2021-11-17,EICHERMOT,EXIT,exposure_floor
2021-11-17,HCLTECH,EXIT,exposure_floor
2021-11-17,HDFCLIFE,EXIT,exposure_floor
2021-11-17,HINDALCO,EXIT,exposure_floor
2021-11-17,HINDUNILVR,EXIT,exposure_floor
2021-11-17,JSWSTEEL,EXIT,exposure_floor
2021-11-17,MAXHEALTH,EXIT,exposure_floor
2021-11-17,SBILIFE,REDUCE,exposure_floor
2021-11-17,SUNPHARMA,REDUCE,exposure_floor
2021-11-17,TATASTEEL,EXIT,exposure_floor
2021-11-17,WIPRO,REDUCE,exposure_floor
2021-11-18,ADANIPORTS,EXIT,exposure_floor
2021-11-18,ASIANPAINT,EXIT,exposure_floor
2021-11-18,BAJFINANCE,REDUCE,exposure_floor
2021-11-18,CIPLA,EXIT,exposure_floor
2021-11-18,COALINDIA,EXIT,exposure_floor
2021-11-18,EICHERMOT,EXIT,exposure_floor
2021-11-18,HCLTECH,EXIT,exposure_floor
2021-11-18,HDFCLIFE,EXIT,exposure_floor
2021-11-18,HINDALCO,EXIT,exposure_floor
2021-11-18,HINDUNILVR,EXIT,exposure_floor
2021-11-18,JSWSTEEL,EXIT,exposure_floor
2021-11-18,MAXHEALTH,EXIT,exposure_floor
2021-11-18,SBILIFE,REDUCE,exposure_floor
2021-11-18,SUNPHARMA,REDUCE,exposure_floor
2021-11-18,TATASTEEL,EXIT,exposure_floor
2021-11-18,WIPRO,REDUCE,exposure_floor
2021-11-22,ADANIPORTS,EXIT,exposure_floor
2021-11-22,ASIANPAINT,EXIT,exposure_floor
2021-11-22,BAJFINANCE,REDUCE,exposure_floor
2021-11-22,CIPLA,EXIT,exposure_floor
2021-11-22,COALINDIA,EXIT,exposure_floor
2021-11-22,EICHERMOT,EXIT,exposure_floor
2021-11-22,HCLTECH,EXIT,exposure_floor
2021-11-22,HDFCBANK,EXIT,exposure_floor
2021-11-22,HDFCLIFE,EXIT,exposure_floor
2021-11-22,HINDALCO,EXIT,exposure_floor
2021-11-22,HINDUNILVR,EXIT,exposure_floor
2021-11-22,JSWSTEEL,EXIT,exposure_floor
2021-11-22,MAXHEALTH,EXIT,exposure_floor
2021-11-22,SBILIFE,REDUCE,exposure_floor
2021-11-22,SUNPHARMA,REDUCE,exposure_floor
2021-11-22,TATASTEEL,EXIT,exposure_floor
2021-11-22,WIPRO,REDUCE,exposure_floor
2021-11-23,ADANIPORTS,EXIT,exposure_floor
2021-11-23,ASIANPAINT,EXIT,exposure_floor
2021-11-23,BAJFINANCE,REDUCE,exposure_floor
2021-11-23,CIPLA,EXIT,exposure_floor
2021-11-23,COALINDIA,EXIT,exposure_floor
2021-11-23,EICHERMOT,EXIT,exposure_floor
2021-11-23,HCLTECH,EXIT,exposure_floor
2021-11-23,HDFCBANK,EXIT,exposure_floor
2021-11-23,HDFCLIFE,EXIT,exposure_floor
2021-11-23,HINDALCO,EXIT,exposure_floor
2021-11-23,HINDUNILVR,EXIT,exposure_floor
2021-11-23,JSWSTEEL,EXIT,exposure_floor
2021-11-23,MAXHEALTH,EXIT,exposure_floor
2021-11-23,SBILIFE,REDUCE,exposure_floor
2021-11-23,SUNPHARMA,REDUCE,exposure_floor
2021-11-23,TATASTEEL,EXIT,exposure_floor
2021-11-23,WIPRO,REDUCE,exposure_floor
2021-11-24,ADANIPORTS,REDUCE,exposure_floor
2021-11-24,ASIANPAINT,EXIT,exposure_floor
2021-11-24,BAJFINANCE,REDUCE,exposure_floor
2021-11-24,CIPLA,EXIT,exposure_floor
2021-11-24,COALINDIA,EXIT,exposure_floor
2021-11-24,EICHERMOT,EXIT,exposure_floor
2021-11-24,HCLTECH,EXIT,exposure_floor
2021-11-24,HDFCBANK,EXIT,exposure_floor
2021-11-24,HDFCLIFE,EXIT,exposure_floor
2021-11-24,HINDALCO,EXIT,exposure_floor
2021-11-24,HINDUNILVR,EXIT,exposure_floor
2021-11-24,INFY,REDUCE,exposure_floor
2021-11-24,JSWSTEEL,EXIT,exposure_floor
2021-11-24,MAXHEALTH,EXIT,exposure_floor
2021-11-24,SBILIFE,REDUCE,exposure_floor
2021-11-24,SUNPHARMA,REDUCE,exposure_floor
2021-11-24,TATASTEEL,EXIT,exposure_floor
2021-11-24,ULTRACEMCO,REDUCE,exposure_floor
2021-11-24,WIPRO,REDUCE,exposure_floor
2021-11-25,ASIANPAINT,EXIT,exposure_floor
2021-11-25,BAJFINANCE,REDUCE,exposure_floor
2021-11-25,CIPLA,EXIT,exposure_floor
2021-11-25,COALINDIA,EXIT,exposure_floor
2021-11-25,EICHERMOT,EXIT,exposure_floor
2021-11-25,HCLTECH,EXIT,exposure_floor
2021-11-25,HDFCBANK,EXIT,exposure_floor
2021-11-25,HDFCLIFE,EXIT,exposure_floor
2021-11-25,HINDALCO,EXIT,exposure_floor
2021-11-25,HINDUNILVR,EXIT,exposure_floor
2021-11-25,JSWSTEEL,EXIT,exposure_floor
2021-11-25,MAXHEALTH,EXIT,exposure_floor
2021-11-25,SBILIFE,REDUCE,exposure_floor
2021-11-25,SUNPHARMA,REDUCE,exposure_floor
2021-11-25,TATASTEEL,EXIT,exposure_floor
2021-11-25,ULTRACEMCO,REDUCE,exposure_floor
2021-11-25,WIPRO,REDUCE,exposure_floor
2021-11-26,ADANIPORTS,EXIT,exposure_floor
2021-11-26,ASIANPAINT,EXIT,exposure_floor
2021-11-26,BAJFINANCE,REDUCE,exposure_floor
2021-11-26,BEL,REDUCE,exposure_floor
2021-11-26,COALINDIA,EXIT,exposure_floor
2021-11-26,EICHERMOT,EXIT,exposure_floor
2021-11-26,HCLTECH,EXIT,exposure_floor
2021-11-26,HDFCBANK,EXIT,exposure_floor
2021-11-26,HDFCLIFE,EXIT,exposure_floor
2021-11-26,HINDALCO,EXIT,exposure_floor
2021-11-26,HINDUNILVR,EXIT,exposure_floor
2021-11-26,INDIGO,EXIT,exposure_floor
2021-11-26,JSWSTEEL,EXIT,exposure_floor
2021-11-26,MAXHEALTH,EXIT,exposure_floor
2021-11-26,SBILIFE,REDUCE,exposure_floor
2021-11-26,SUNPHARMA,REDUCE,exposure_floor
2021-11-26,TATASTEEL,EXIT,exposure_floor
2021-11-26,ULTRACEMCO,REDUCE,exposure_floor
2021-11-26,WIPRO,REDUCE,exposure_floor
2021-11-29,ADANIPORTS,EXIT,exposure_floor
2021-11-29,ASIANPAINT,EXIT,exposure_floor
2021-11-29,BAJFINANCE,REDUCE,exposure_floor
2021-11-29,BEL,REDUCE,exposure_floor
2021-11-29,COALINDIA,EXIT,exposure_floor
2021-11-29,EICHERMOT,EXIT,exposure_floor
2021-11-29,HCLTECH,EXIT,exposure_floor
2021-11-29,HDFCBANK,EXIT,exposure_floor
2021-11-29,HDFCLIFE,EXIT,exposure_floor
2021-11-29,HINDALCO,EXIT,exposure_floor
2021-11-29,HINDUNILVR,EXIT,exposure_floor
2021-11-29,ITC,EXIT,exposure_floor
2021-11-29,INDIGO,EXIT,exposure_floor
2021-11-29,JSWSTEEL,EXIT,exposure_floor
2021-11-29,MAXHEALTH,EXIT,exposure_floor
2021-11-29,NTPC,EXIT,exposure_floor
2021-11-29,SBILIFE,REDUCE,exposure_floor
2021-11-29,SHRIRAMFIN,EXIT,exposure_floor
2021-11-29,SUNPHARMA,REDUCE,exposure_floor
2021-11-29,TATASTEEL,EXIT,exposure_floor
2021-11-29,ULTRACEMCO,REDUCE,exposure_floor
2021-11-29,WIPRO,REDUCE,exposure_floor
2021-11-30,ADANIPORTS,EXIT,exposure_floor
2021-11-30,ASIANPAINT,EXIT,exposure_floor
2021-11-30,BAJFINANCE,REDUCE,exposure_floor
2021-11-30,BEL,REDUCE,exposure_floor
2021-11-30,COALINDIA,EXIT,exposure_floor
2021-11-30,EICHERMOT,EXIT,exposure_floor
2021-11-30,HCLTECH,EXIT,exposure_floor
2021-11-30,HDFCBANK,EXIT,exposure_floor
2021-11-30,HDFCLIFE,EXIT,exposure_floor
2021-11-30,HINDALCO,EXIT,exposure_floor
2021-11-30,HINDUNILVR,EXIT,exposure_floor
2021-11-30,ICICIBANK,EXIT,exposure_floor
2021-11-30,ITC,EXIT,exposure_floor
2021-11-30,INDIGO,EXIT,exposure_floor
2021-11-30,JSWSTEEL,EXIT,exposure_floor
2021-11-30,MARUTI,EXIT,exposure_floor
2021-11-30,MAXHEALTH,EXIT,exposure_floor
2021-11-30,NTPC,EXIT,exposure_floor
2021-11-30,SBILIFE,REDUCE,exposure_floor
2021-11-30,SHRIRAMFIN,EXIT,exposure_floor
2021-11-30,SUNPHARMA,REDUCE,exposure_floor
2021-11-30,TATASTEEL,EXIT,exposure_floor
2021-11-30,ULTRACEMCO,REDUCE,exposure_floor
2021-11-30,WIPRO,REDUCE,exposure_floor
2021-12-01,ADANIPORTS,EXIT,exposure_floor
2021-12-01,ASIANPAINT,EXIT,exposure_floor
2021-12-01,BAJFINANCE,REDUCE,exposure_floor
2021-12-01,BEL,REDUCE,exposure_floor
2021-12-01,COALINDIA,EXIT,exposure_floor
2021-12-01,EICHERMOT,EXIT,exposure_floor
2021-12-01,HCLTECH,EXIT,exposure_floor
2021-12-01,HDFCBANK,EXIT,exposure_floor
2021-12-01,HDFCLIFE,EXIT,exposure_floor
2021-12-01,HINDALCO,EXIT,exposure_floor
2021-12-01,HINDUNILVR,EXIT,exposure_floor
2021-12-01,ICICIBANK,EXIT,exposure_floor
2021-12-01,ITC,EXIT,exposure_floor
2021-12-01,INDIGO,EXIT,exposure_floor
2021-12-01,JSWSTEEL,EXIT,exposure_floor
2021-12-01,KOTAKBANK,REDUCE,exposure_floor
2021-12-01,MARUTI,EXIT,exposure_floor
2021-12-01,MAXHEALTH,REDUCE,exposure_floor
2021-12-01,NTPC,EXIT,exposure_floor
2021-12-01,SBILIFE,REDUCE,exposure_floor
2021-12-01,SHRIRAMFIN,EXIT,exposure_floor
2021-12-01,SUNPHARMA,REDUCE,exposure_floor
2021-12-01,TATASTEEL,EXIT,exposure_floor
2021-12-01,ULTRACEMCO,REDUCE,exposure_floor
2021-12-01,WIPRO,REDUCE,exposure_floor
2021-12-02,ADANIPORTS,EXIT,exposure_floor
2021-12-02,ASIANPAINT,EXIT,exposure_floor
2021-12-02,BAJFINANCE,REDUCE,exposure_floor
2021-12-02,BEL,REDUCE,exposure_floor
2021-12-02,CIPLA,REDUCE,exposure_floor
2021-12-02,COALINDIA,EXIT,exposure_floor
2021-12-02,EICHERMOT,EXIT,exposure_floor
2021-12-02,HCLTECH,EXIT,exposure_floor
2021-12-02,HDFCBANK,EXIT,exposure_floor
2021-12-02,HDFCLIFE,EXIT,exposure_floor
2021-12-02,HINDALCO,EXIT,exposure_floor
2021-12-02,HINDUNILVR,EXIT,exposure_floor
2021-12-02,ICICIBANK,EXIT,exposure_floor
2021-12-02,ITC,EXIT,exposure_floor
2021-12-02,INDIGO,EXIT,exposure_floor
2021-12-02,JSWSTEEL,EXIT,exposure_floor
2021-12-02,KOTAKBANK,REDUCE,exposure_floor
2021-12-02,MARUTI,EXIT,exposure_floor
2021-12-02,MAXHEALTH,REDUCE,exposure_floor
2021-12-02,NTPC,EXIT,exposure_floor
2021-12-02,SBILIFE,REDUCE,exposure_floor
2021-12-02,SHRIRAMFIN,EXIT,exposure_floor
2021-12-02,SUNPHARMA,REDUCE,exposure_floor
2021-12-02,TATASTEEL,EXIT,exposure_floor
2021-12-02,ULTRACEMCO,REDUCE,exposure_floor
2021-12-02,WIPRO,REDUCE,exposure_floor
2021-12-03,ADANIPORTS,EXIT,exposure_floor
2021-12-03,ASIANPAINT,EXIT,exposure_floor
2021-12-03,BAJFINANCE,REDUCE,exposure_floor
2021-12-03,BEL,REDUCE,exposure_floor
2021-12-03,CIPLA,REDUCE,exposure_floor
2021-12-03,COALINDIA,EXIT,exposure_floor
2021-12-03,EICHERMOT,EXIT,exposure_floor
2021-12-03,HCLTECH,EXIT,exposure_floor
2021-12-03,HDFCBANK,EXIT,exposure_floor
2021-12-03,HDFCLIFE,EXIT,exposure_floor
2021-12-03,HINDALCO,EXIT,exposure_floor
2021-12-03,HINDUNILVR,EXIT,exposure_floor
2021-12-03,ICICIBANK,EXIT,exposure_floor
2021-12-03,ITC,EXIT,exposure_floor
2021-12-03,INDIGO,EXIT,exposure_floor
2021-12-03,JSWSTEEL,EXIT,exposure_floor
2021-12-03,KOTAKBANK,REDUCE,exposure_floor
2021-12-03,MARUTI,EXIT,exposure_floor
2021-12-03,NTPC,EXIT,exposure_floor
2021-12-03,SBILIFE,REDUCE,exposure_floor
2021-12-03,SHRIRAMFIN,EXIT,exposure_floor
2021-12-03,SUNPHARMA,REDUCE,exposure_floor
2021-12-03,TATASTEEL,EXIT,exposure_floor
2021-12-03,ULTRACEMCO,REDUCE,exposure_floor
2021-12-03,WIPRO,REDUCE,exposure_floor
2021-12-06,ADANIPORTS,EXIT,exposure_floor
2021-12-06,ASIANPAINT,EXIT,exposure_floor
2021-12-06,BAJFINANCE,REDUCE,exposure_floor
2021-12-06,BAJAJFINSV,REDUCE,exposure_floor
2021-12-06,CIPLA,EXIT,exposure_floor
2021-12-06,COALINDIA,EXIT,exposure_floor
2021-12-06,EICHERMOT,EXIT,exposure_floor
2021-12-06,HCLTECH,EXIT,exposure_floor
2021-12-06,HDFCBANK,EXIT,exposure_floor
2021-12-06,HDFCLIFE,EXIT,exposure_floor
2021-12-06,HINDALCO,EXIT,exposure_floor
2021-12-06,HINDUNILVR,EXIT,exposure_floor
2021-12-06,ICICIBANK,EXIT,exposure_floor
2021-12-06,ITC,EXIT,exposure_floor
2021-12-06,INDIGO,EXIT,exposure_floor
2021-12-06,JSWSTEEL,EXIT,exposure_floor
2021-12-06,KOTAKBANK,REDUCE,exposure_floor
2021-12-06,MARUTI,EXIT,exposure_floor
2021-12-06,NTPC,EXIT,exposure_floor
2021-12-06,SBILIFE,REDUCE,exposure_floor
2021-12-06,SHRIRAMFIN,EXIT,exposure_floor
2021-12-06,SUNPHARMA,REDUCE,exposure_floor
2021-12-06,TATACONSUM,EXIT,exposure_floor
2021-12-06,TATASTEEL,EXIT,exposure_floor
2021-12-06,TRENT,EXIT,exposure_floor
2021-12-06,ULTRACEMCO,REDUCE,exposure_floor
2021-12-06,WIPRO,REDUCE,exposure_floor
2021-12-07,ADANIPORTS,REDUCE,exposure_floor
2021-12-07,ASIANPAINT,EXIT,exposure_floor
2021-12-07,BAJFINANCE,REDUCE,exposure_floor
2021-12-07,BAJAJFINSV,REDUCE,exposure_floor
2021-12-07,CIPLA,EXIT,exposure_floor
2021-12-07,COALINDIA,EXIT,exposure_floor
2021-12-07,EICHERMOT,EXIT,exposure_floor
2021-12-07,HCLTECH,EXIT,exposure_floor
2021-12-07,HDFCBANK,EXIT,exposure_floor
2021-12-07,HDFCLIFE,EXIT,exposure_floor
2021-12-07,HINDALCO,EXIT,exposure_floor
2021-12-07,HINDUNILVR,EXIT,exposure_floor
2021-12-07,ICICIBANK,EXIT,exposure_floor
2021-12-07,ITC,EXIT,exposure_floor
2021-12-07,INDIGO,EXIT,exposure_floor
2021-12-07,JSWSTEEL,EXIT,exposure_floor
2021-12-07,KOTAKBANK,REDUCE,exposure_floor
2021-12-07,MARUTI,EXIT,exposure_floor
2021-12-07,NTPC,EXIT,exposure_floor
2021-12-07,SBILIFE,REDUCE,exposure_floor
2021-12-07,SHRIRAMFIN,EXIT,exposure_floor
2021-12-07,SUNPHARMA,REDUCE,exposure_floor
2021-12-07,TATACONSUM,EXIT,exposure_floor
2021-12-07,TATASTEEL,EXIT,exposure_floor
2021-12-07,TRENT,EXIT,exposure_floor
2021-12-07,ULTRACEMCO,REDUCE,exposure_floor
2021-12-07,WIPRO,REDUCE,exposure_floor
2021-12-08,ASIANPAINT,EXIT,exposure_floor
2021-12-08,BAJFINANCE,REDUCE,exposure_floor
2021-12-08,BAJAJFINSV,REDUCE,exposure_floor
2021-12-08,CIPLA,EXIT,exposure_floor
2021-12-08,COALINDIA,EXIT,exposure_floor
2021-12-08,EICHERMOT,EXIT,exposure_floor
2021-12-08,HCLTECH,EXIT,exposure_floor
2021-12-08,HDFCBANK,EXIT,exposure_floor
2021-12-08,HDFCLIFE,EXIT,exposure_floor
2021-12-08,HINDALCO,EXIT,exposure_floor
2021-12-08,HINDUNILVR,EXIT,exposure_floor
2021-12-08,ICICIBANK,REDUCE,exposure_floor
2021-12-08,ITC,EXIT,exposure_floor
2021-12-08,INDIGO,EXIT,exposure_floor
2021-12-08,JSWSTEEL,REDUCE,exposure_floor
2021-12-08,KOTAKBANK,REDUCE,exposure_floor
2021-12-08,MARUTI,EXIT,exposure_floor
2021-12-08,NTPC,EXIT,exposure_floor
2021-12-08,SBILIFE,REDUCE,exposure_floor
2021-12-08,SHRIRAMFIN,REDUCE,exposure_floor
2021-12-08,SUNPHARMA,REDUCE,exposure_floor
2021-12-08,TATACONSUM,EXIT,exposure_floor
2021-12-08,TATASTEEL,EXIT,exposure_floor
2021-12-08,TRENT,EXIT,exposure_floor
2021-12-08,ULTRACEMCO,REDUCE,exposure_floor
2021-12-08,WIPRO,REDUCE,exposure_floor
2021-12-09,ASIANPAINT,EXIT,exposure_floor
2021-12-09,BAJFINANCE,REDUCE,exposure_floor
2021-12-09,BAJAJFINSV,REDUCE,exposure_floor
2021-12-09,CIPLA,EXIT,exposure_floor
2021-12-09,COALINDIA,EXIT,exposure_floor
2021-12-09,EICHERMOT,EXIT,exposure_floor
2021-12-09,HCLTECH,EXIT,exposure_floor
2021-12-09,HDFCBANK,EXIT,exposure_floor
2021-12-09,HDFCLIFE,EXIT,exposure_floor
2021-12-09,HINDALCO,EXIT,exposure_floor
2021-12-09,HINDUNILVR,EXIT,exposure_floor
2021-12-09,ITC,EXIT,exposure_floor
2021-12-09,INDIGO,EXIT,exposure_floor
2021-12-09,KOTAKBANK,REDUCE,exposure_floor
2021-12-09,MARUTI,EXIT,exposure_floor
2021-12-09,NTPC,EXIT,exposure_floor
2021-12-09,SBILIFE,REDUCE,exposure_floor
2021-12-09,SUNPHARMA,REDUCE,exposure_floor
2021-12-09,TATACONSUM,EXIT,exposure_floor
2021-12-09,TATASTEEL,EXIT,exposure_floor
2021-12-09,TRENT,EXIT,exposure_floor
2021-12-09,ULTRACEMCO,REDUCE,exposure_floor
2021-12-09,WIPRO,REDUCE,exposure_floor
2021-12-10,ASIANPAINT,EXIT,exposure_floor
2021-12-10,BAJFINANCE,REDUCE,exposure_floor
2021-12-10,BAJAJFINSV,REDUCE,exposure_floor
2021-12-10,BEL,REDUCE,exposure_floor
2021-12-10,CIPLA,EXIT,exposure_floor
2021-12-10,COALINDIA,EXIT,exposure_floor
2021-12-10,EICHERMOT,EXIT,exposure_floor
2021-12-10,HCLTECH,EXIT,exposure_floor
2021-12-10,HDFCBANK,EXIT,exposure_floor
2021-12-10,HDFCLIFE,EXIT,exposure_floor
2021-12-10,HINDALCO,EXIT,exposure_floor
2021-12-10,HINDUNILVR,EXIT,exposure_floor
2021-12-10,ITC,EXIT,exposure_floor
2021-12-10,INDIGO,EXIT,exposure_floor
2021-12-10,KOTAKBANK,REDUCE,exposure_floor
2021-12-10,MARUTI,EXIT,exposure_floor
2021-12-10,NTPC,EXIT,exposure_floor
2021-12-10,SBILIFE,REDUCE,exposure_floor
2021-12-10,SUNPHARMA,REDUCE,exposure_floor
2021-12-10,TATACONSUM,EXIT,exposure_floor
2021-12-10,TATASTEEL,EXIT,exposure_floor
2021-12-10,TRENT,EXIT,exposure_floor
2021-12-10,ULTRACEMCO,REDUCE,exposure_floor
2021-12-10,WIPRO,REDUCE,exposure_floor
2021-12-13,ASIANPAINT,EXIT,exposure_floor
2021-12-13,BAJFINANCE,REDUCE,exposure_floor
2021-12-13,BAJAJFINSV,REDUCE,exposure_floor
2021-12-13,CIPLA,EXIT,exposure_floor
2021-12-13,COALINDIA,EXIT,exposure_floor
2021-12-13,EICHERMOT,EXIT,exposure_floor
2021-12-13,HCLTECH,EXIT,exposure_floor
2021-12-13,HDFCBANK,EXIT,exposure_floor
2021-12-13,HDFCLIFE,EXIT,exposure_floor
2021-12-13,HINDALCO,EXIT,exposure_floor
2021-12-13,HINDUNILVR,EXIT,exposure_floor
2021-12-13,ITC,EXIT,exposure_floor
2021-12-13,INDIGO,EXIT,exposure_floor
2021-12-13,KOTAKBANK,EXIT,exposure_floor
2021-12-13,MARUTI,REDUCE,exposure_floor
2021-12-13,NTPC,EXIT,exposure_floor
2021-12-13,NESTLEIND,REDUCE,exposure_floor
2021-12-13,SBILIFE,REDUCE,exposure_floor
2021-12-13,SUNPHARMA,REDUCE,exposure_floor
2021-12-13,TATACONSUM,EXIT,exposure_floor
2021-12-13,TATASTEEL,EXIT,exposure_floor
2021-12-13,TRENT,EXIT,exposure_floor
2021-12-13,ULTRACEMCO,REDUCE,exposure_floor
2021-12-13,WIPRO,REDUCE,exposure_floor
2021-12-14,ASIANPAINT,REDUCE,exposure_floor
2021-12-14,BAJFINANCE,REDUCE,exposure_floor
2021-12-14,BAJAJFINSV,REDUCE,exposure_floor
2021-12-14,CIPLA,EXIT,exposure_floor
2021-12-14,COALINDIA,EXIT,exposure_floor
2021-12-14,EICHERMOT,EXIT,exposure_floor
2021-12-14,HCLTECH,EXIT,exposure_floor
2021-12-14,HDFCBANK,EXIT,exposure_floor
2021-12-14,HDFCLIFE,EXIT,exposure_floor
2021-12-14,HINDALCO,EXIT,exposure_floor
2021-12-14,HINDUNILVR,EXIT,exposure_floor
2021-12-14,ITC,EXIT,exposure_floor
2021-12-14,INDIGO,EXIT,exposure_floor
2021-12-14,KOTAKBANK,EXIT,exposure_floor
2021-12-14,MARUTI,REDUCE,exposure_floor
2021-12-14,NTPC,EXIT,exposure_floor
2021-12-14,NESTLEIND,REDUCE,exposure_floor
2021-12-14,SBILIFE,REDUCE,exposure_floor
2021-12-14,SHRIRAMFIN,EXIT,exposure_floor
2021-12-14,SUNPHARMA,REDUCE,exposure_floor
2021-12-14,TATACONSUM,EXIT,exposure_floor
2021-12-14,TATASTEEL,EXIT,exposure_floor
2021-12-14,TRENT,EXIT,exposure_floor
2021-12-14,ULTRACEMCO,REDUCE,exposure_floor
2021-12-14,WIPRO,REDUCE,exposure_floor
2021-12-15,BAJFINANCE,REDUCE,exposure_floor
2021-12-15,BAJAJFINSV,REDUCE,exposure_floor
2021-12-15,CIPLA,EXIT,exposure_floor
2021-12-15,COALINDIA,EXIT,exposure_floor
2021-12-15,EICHERMOT,EXIT,exposure_floor
2021-12-15,HCLTECH,EXIT,exposure_floor
2021-12-15,HDFCBANK,EXIT,exposure_floor
2021-12-15,HDFCLIFE,EXIT,exposure_floor
2021-12-15,HINDALCO,EXIT,exposure_floor
2021-12-15,HINDUNILVR,EXIT,exposure_floor
2021-12-15,ITC,EXIT,exposure_floor
2021-12-15,INDIGO,EXIT,exposure_floor
2021-12-15,JSWSTEEL,REDUCE,exposure_floor
2021-12-15,KOTAKBANK,EXIT,exposure_floor
2021-12-15,NTPC,EXIT,exposure_floor
2021-12-15,NESTLEIND,REDUCE,exposure_floor
2021-12-15,SBILIFE,REDUCE,exposure_floor
2021-12-15,SHRIRAMFIN,EXIT,exposure_floor
2021-12-15,SUNPHARMA,REDUCE,exposure_floor
2021-12-15,TATACONSUM,EXIT,exposure_floor
2021-12-15,TATASTEEL,EXIT,exposure_floor
2021-12-15,TRENT,EXIT,exposure_floor
2021-12-15,ULTRACEMCO,REDUCE,exposure_floor
2021-12-15,WIPRO,REDUCE,exposure_floor
2021-12-16,BAJFINANCE,REDUCE,exposure_floor
2021-12-16,BAJAJFINSV,REDUCE,exposure_floor
2021-12-16,CIPLA,EXIT,exposure_floor
2021-12-16,COALINDIA,EXIT,exposure_floor
2021-12-16,EICHERMOT,EXIT,exposure_floor
2021-12-16,HCLTECH,EXIT,exposure_floor
2021-12-16,HDFCBANK,EXIT,exposure_floor
2021-12-16,HDFCLIFE,EXIT,exposure_floor
2021-12-16,HINDALCO,EXIT,exposure_floor
2021-12-16,HINDUNILVR,EXIT,exposure_floor
2021-12-16,ITC,EXIT,exposure_floor
2021-12-16,INDIGO,EXIT,exposure_floor
2021-12-16,JSWSTEEL,REDUCE,exposure_floor
2021-12-16,KOTAKBANK,EXIT,exposure_floor
2021-12-16,NTPC,EXIT,exposure_floor
2021-12-16,SBILIFE,REDUCE,exposure_floor
2021-12-16,SHRIRAMFIN,EXIT,exposure_floor
2021-12-16,SUNPHARMA,REDUCE,exposure_floor
2021-12-16,TATACONSUM,EXIT,exposure_floor
2021-12-16,TATASTEEL,EXIT,exposure_floor
2021-12-16,TRENT,EXIT,exposure_floor
2021-12-16,ULTRACEMCO,REDUCE,exposure_floor
2021-12-16,WIPRO,REDUCE,exposure_floor
2021-12-17,ADANIPORTS,EXIT,exposure_floor
2021-12-17,APOLLOHOSP,EXIT,exposure_floor
2021-12-17,BAJFINANCE,REDUCE,exposure_floor
2021-12-17,BAJAJFINSV,EXIT,exposure_floor
2021-12-17,BHARTIARTL,REDUCE,exposure_floor
2021-12-17,CIPLA,EXIT,exposure_floor
2021-12-17,COALINDIA,EXIT,exposure_floor
2021-12-17,EICHERMOT,EXIT,exposure_floor
2021-12-17,HCLTECH,EXIT,exposure_floor
2021-12-17,HDFCBANK,EXIT,exposure_floor
2021-12-17,HDFCLIFE,EXIT,exposure_floor
2021-12-17,HINDALCO,EXIT,exposure_floor
2021-12-17,HINDUNILVR,EXIT,exposure_floor
2021-12-17,ITC,EXIT,exposure_floor
2021-12-17,INDIGO,EXIT,exposure_floor
2021-12-17,JSWSTEEL,REDUCE,exposure_floor
2021-12-17,KOTAKBANK,EXIT,exposure_floor
2021-12-17,NTPC,EXIT,exposure_floor
2021-12-17,ONGC,REDUCE,exposure_floor
2021-12-17,SBILIFE,REDUCE,exposure_floor
2021-12-17,SHRIRAMFIN,EXIT,exposure_floor
2021-12-17,SUNPHARMA,REDUCE,exposure_floor
2021-12-17,TATACONSUM,EXIT,exposure_floor
2021-12-17,TATASTEEL,EXIT,exposure_floor
2021-12-17,TRENT,EXIT,exposure_floor
2021-12-17,ULTRACEMCO,REDUCE,exposure_floor
2021-12-20,ADANIPORTS,EXIT,exposure_floor
2021-12-20,APOLLOHOSP,EXIT,exposure_floor
2021-12-20,BAJFINANCE,EXIT,exposure_floor
2021-12-20,BAJAJFINSV,EXIT,exposure_floor
2021-12-20,BHARTIARTL,REDUCE,exposure_floor
2021-12-20,CIPLA,EXIT,exposure_floor
2021-12-20,COALINDIA,EXIT,exposure_floor
2021-12-20,EICHERMOT,EXIT,exposure_floor
2021-12-20,HCLTECH,EXIT,exposure_floor
2021-12-20,HDFCBANK,EXIT,exposure_floor
2021-12-20,HDFCLIFE,EXIT,exposure_floor
2021-12-20,HINDALCO,EXIT,exposure_floor
2021-12-20,HINDUNILVR,EXIT,exposure_floor
2021-12-20,ICICIBANK,EXIT,exposure_floor
2021-12-20,ITC,EXIT,exposure_floor
2021-12-20,INDIGO,EXIT,exposure_floor
2021-12-20,JSWSTEEL,EXIT,exposure_floor
2021-12-20,KOTAKBANK,EXIT,exposure_floor
2021-12-20,M&M,EXIT,exposure_floor
2021-12-20,NTPC,EXIT,exposure_floor
2021-12-20,ONGC,EXIT,exposure_floor
2021-12-20,RELIANCE,EXIT,exposure_floor
2021-12-20,SBILIFE,REDUCE,exposure_floor
2021-12-20,SHRIRAMFIN,EXIT,exposure_floor
2021-12-20,SBIN,EXIT,exposure_floor
2021-12-20,SUNPHARMA,REDUCE,exposure_floor
2021-12-20,TATACONSUM,EXIT,exposure_floor
2021-12-20,TATASTEEL,EXIT,exposure_floor
2021-12-20,TRENT,EXIT,exposure_floor
2021-12-20,ULTRACEMCO,REDUCE,exposure_floor
2021-12-21,ADANIPORTS,EXIT,exposure_floor
2021-12-21,APOLLOHOSP,EXIT,exposure_floor
2021-12-21,BAJFINANCE,EXIT,exposure_floor
2021-12-21,BAJAJFINSV,EXIT,exposure_floor
2021-12-21,BHARTIARTL,REDUCE,exposure_floor
2021-12-21,CIPLA,EXIT,exposure_floor
2021-12-21,COALINDIA,EXIT,exposure_floor
2021-12-21,EICHERMOT,EXIT,exposure_floor
2021-12-21,HCLTECH,EXIT,exposure_floor
2021-12-21,HDFCBANK,EXIT,exposure_floor
2021-12-21,HDFCLIFE,EXIT,exposure_floor
2021-12-21,HINDALCO,EXIT,exposure_floor
2021-12-21,HINDUNILVR,EXIT,exposure_floor
2021-12-21,ICICIBANK,EXIT,exposure_floor
2021-12-21,ITC,EXIT,exposure_floor
2021-12-21,INDIGO,EXIT,exposure_floor
2021-12-21,JSWSTEEL,EXIT,exposure_floor
2021-12-21,KOTAKBANK,EXIT,exposure_floor
2021-12-21,M&M,EXIT,exposure_floor
2021-12-21,NTPC,EXIT,exposure_floor
2021-12-21,ONGC,EXIT,exposure_floor
2021-12-21,RELIANCE,EXIT,exposure_floor
2021-12-21,SBILIFE,REDUCE,exposure_floor
2021-12-21,SHRIRAMFIN,EXIT,exposure_floor
2021-12-21,SBIN,EXIT,exposure_floor
2021-12-21,SUNPHARMA,REDUCE,exposure_floor
2021-12-21,TATACONSUM,EXIT,exposure_floor
2021-12-21,TATASTEEL,EXIT,exposure_floor
2021-12-21,TRENT,EXIT,exposure_floor
2021-12-21,ULTRACEMCO,REDUCE,exposure_floor
2021-12-22,ADANIPORTS,EXIT,exposure_floor
2021-12-22,APOLLOHOSP,EXIT,exposure_floor
2021-12-22,BAJFINANCE,EXIT,exposure_floor
2021-12-22,BAJAJFINSV,EXIT,exposure_floor
2021-12-22,BHARTIARTL,REDUCE,exposure_floor
2021-12-22,CIPLA,EXIT,exposure_floor
2021-12-22,COALINDIA,EXIT,exposure_floor
2021-12-22,EICHERMOT,EXIT,exposure_floor
2021-12-22,HCLTECH,EXIT,exposure_floor
2021-12-22,HDFCBANK,EXIT,exposure_floor
2021-12-22,HDFCLIFE,EXIT,exposure_floor
2021-12-22,HINDALCO,REDUCE,exposure_floor
2021-12-22,HINDUNILVR,EXIT,exposure_floor
2021-12-22,ICICIBANK,EXIT,exposure_floor
2021-12-22,ITC,EXIT,exposure_floor
2021-12-22,INDIGO,EXIT,exposure_floor
2021-12-22,JSWSTEEL,EXIT,exposure_floor
2021-12-22,KOTAKBANK,EXIT,exposure_floor
2021-12-22,M&M,EXIT,exposure_floor
2021-12-22,NTPC,EXIT,exposure_floor
2021-12-22,ONGC,EXIT,exposure_floor
2021-12-22,RELIANCE,EXIT,exposure_floor
2021-12-22,SBILIFE,REDUCE,exposure_floor
2021-12-22,SHRIRAMFIN,EXIT,exposure_floor
2021-12-22,SBIN,EXIT,exposure_floor
2021-12-22,TATACONSUM,EXIT,exposure_floor
2021-12-22,TATASTEEL,EXIT,exposure_floor
2021-12-22,TRENT,EXIT,exposure_floor
2021-12-22,ULTRACEMCO,REDUCE,exposure_floor
2021-12-23,ADANIPORTS,EXIT,exposure_floor
2021-12-23,APOLLOHOSP,EXIT,exposure_floor
2021-12-23,BAJFINANCE,EXIT,exposure_floor
2021-12-23,BAJAJFINSV,EXIT,exposure_floor
2021-12-23,BHARTIARTL,REDUCE,exposure_floor
2021-12-23,CIPLA,EXIT,exposure_floor
2021-12-23,COALINDIA,EXIT,exposure_floor
2021-12-23,EICHERMOT,EXIT,exposure_floor
2021-12-23,HCLTECH,EXIT,exposure_floor
2021-12-23,HDFCBANK,EXIT,exposure_floor
2021-12-23,HDFCLIFE,EXIT,exposure_floor
2021-12-23,HINDALCO,EXIT,exposure_floor
2021-12-23,HINDUNILVR,EXIT,exposure_floor
2021-12-23,ICICIBANK,EXIT,exposure_floor
2021-12-23,ITC,EXIT,exposure_floor
2021-12-23,INDIGO,EXIT,exposure_floor
2021-12-23,JSWSTEEL,EXIT,exposure_floor
2021-12-23,KOTAKBANK,EXIT,exposure_floor
2021-12-23,M&M,EXIT,exposure_floor
2021-12-23,NTPC,EXIT,exposure_floor
2021-12-23,ONGC,EXIT,exposure_floor
2021-12-23,RELIANCE,EXIT,exposure_floor
2021-12-23,SBILIFE,REDUCE,exposure_floor
2021-12-23,SHRIRAMFIN,EXIT,exposure_floor
2021-12-23,SBIN,EXIT,exposure_floor
2021-12-23,TATACONSUM,EXIT,exposure_floor
2021-12-23,TATASTEEL,EXIT,exposure_floor
2021-12-23,TRENT,EXIT,exposure_floor
2021-12-23,ULTRACEMCO,REDUCE,exposure_floor
2021-12-24,ADANIPORTS,EXIT,exposure_floor
2021-12-24,APOLLOHOSP,EXIT,exposure_floor
2021-12-24,BAJFINANCE,EXIT,exposure_floor
2021-12-24,BAJAJFINSV,EXIT,exposure_floor
2021-12-24,BHARTIARTL,REDUCE,exposure_floor
2021-12-24,CIPLA,EXIT,exposure_floor
2021-12-24,COALINDIA,EXIT,exposure_floor
2021-12-24,EICHERMOT,EXIT,exposure_floor
2021-12-24,HCLTECH,REDUCE,exposure_floor
2021-12-24,HDFCBANK,EXIT,exposure_floor
2021-12-24,HDFCLIFE,EXIT,exposure_floor
2021-12-24,HINDALCO,EXIT,exposure_floor
2021-12-24,HINDUNILVR,EXIT,exposure_floor
2021-12-24,ICICIBANK,EXIT,exposure_floor
2021-12-24,ITC,EXIT,exposure_floor
2021-12-24,INDIGO,EXIT,exposure_floor
2021-12-24,JSWSTEEL,EXIT,exposure_floor
2021-12-24,KOTAKBANK,EXIT,exposure_floor
2021-12-24,M&M,EXIT,exposure_floor
2021-12-24,NTPC,EXIT,exposure_floor
2021-12-24,ONGC,EXIT,exposure_floor
2021-12-24,RELIANCE,EXIT,exposure_floor
2021-12-24,SBILIFE,REDUCE,exposure_floor
2021-12-24,SHRIRAMFIN,EXIT,exposure_floor
2021-12-24,SBIN,EXIT,exposure_floor
2021-12-24,SUNPHARMA,REDUCE,exposure_floor
2021-12-24,TATACONSUM,EXIT,exposure_floor
2021-12-24,TATASTEEL,EXIT,exposure_floor
2021-12-24,TITAN,REDUCE,exposure_floor
2021-12-24,TRENT,EXIT,exposure_floor
2021-12-24,ULTRACEMCO,REDUCE,exposure_floor
2021-12-27,ADANIPORTS,EXIT,exposure_floor
2021-12-27,APOLLOHOSP,EXIT,exposure_floor
2021-12-27,BAJFINANCE,EXIT,exposure_floor
2021-12-27,BAJAJFINSV,EXIT,exposure_floor
2021-12-27,BHARTIARTL,REDUCE,exposure_floor
2021-12-27,CIPLA,REDUCE,exposure_floor
2021-12-27,COALINDIA,EXIT,exposure_floor
2021-12-27,EICHERMOT,EXIT,exposure_floor
2021-12-27,HDFCBANK,EXIT,exposure_floor
2021-12-27,HDFCLIFE,EXIT,exposure_floor
2021-12-27,HINDALCO,EXIT,exposure_floor
2021-12-27,HINDUNILVR,EXIT,exposure_floor
2021-12-27,ICICIBANK,EXIT,exposure_floor
2021-12-27,ITC,EXIT,exposure_floor
2021-12-27,INDIGO,EXIT,exposure_floor
2021-12-27,JSWSTEEL,EXIT,exposure_floor
2021-12-27,KOTAKBANK,EXIT,exposure_floor
2021-12-27,M&M,EXIT,exposure_floor
2021-12-27,NTPC,EXIT,exposure_floor
2021-12-27,ONGC,EXIT,exposure_floor
2021-12-27,RELIANCE,EXIT,exposure_floor
2021-12-27,SBILIFE,REDUCE,exposure_floor
2021-12-27,SHRIRAMFIN,EXIT,exposure_floor
2021-12-27,SBIN,EXIT,exposure_floor
2021-12-27,TATACONSUM,EXIT,exposure_floor
2021-12-27,TATASTEEL,EXIT,exposure_floor
2021-12-27,TITAN,REDUCE,exposure_floor
2021-12-27,TRENT,EXIT,exposure_floor
2021-12-27,ULTRACEMCO,REDUCE,exposure_floor
2021-12-28,ADANIPORTS,EXIT,exposure_floor
2021-12-28,APOLLOHOSP,EXIT,exposure_floor
2021-12-28,BAJFINANCE,EXIT,exposure_floor
2021-12-28,BAJAJFINSV,EXIT,exposure_floor
2021-12-28,BHARTIARTL,REDUCE,exposure_floor
2021-12-28,CIPLA,REDUCE,exposure_floor
2021-12-28,COALINDIA,EXIT,exposure_floor
2021-12-28,EICHERMOT,EXIT,exposure_floor
2021-12-28,GRASIM,REDUCE,exposure_floor
2021-12-28,HDFCBANK,EXIT,exposure_floor
2021-12-28,HDFCLIFE,EXIT,exposure_floor
2021-12-28,HINDALCO,EXIT,exposure_floor
2021-12-28,HINDUNILVR,EXIT,exposure_floor
2021-12-28,ICICIBANK,EXIT,exposure_floor
2021-12-28,ITC,EXIT,exposure_floor
2021-12-28,INDIGO,EXIT,exposure_floor
2021-12-28,JSWSTEEL,EXIT,exposure_floor
2021-12-28,KOTAKBANK,EXIT,exposure_floor
2021-12-28,M&M,EXIT,exposure_floor
2021-12-28,NTPC,EXIT,exposure_floor
2021-12-28,ONGC,EXIT,exposure_floor
2021-12-28,RELIANCE,EXIT,exposure_floor
2021-12-28,SHRIRAMFIN,EXIT,exposure_floor
2021-12-28,SBIN,EXIT,exposure_floor
2021-12-28,TATACONSUM,EXIT,exposure_floor
2021-12-28,TATASTEEL,EXIT,exposure_floor
2021-12-28,TITAN,REDUCE,exposure_floor
2021-12-28,TRENT,EXIT,exposure_floor
2021-12-28,ULTRACEMCO,REDUCE,exposure_floor
2021-12-29,ADANIPORTS,EXIT,exposure_floor
2021-12-29,APOLLOHOSP,REDUCE,exposure_floor
2021-12-29,BAJFINANCE,EXIT,exposure_floor
2021-12-29,BAJAJFINSV,EXIT,exposure_floor
2021-12-29,BHARTIARTL,REDUCE,exposure_floor
2021-12-29,CIPLA,REDUCE,exposure_floor
2021-12-29,COALINDIA,EXIT,exposure_floor
2021-12-29,EICHERMOT,EXIT,exposure_floor
2021-12-29,GRASIM,REDUCE,exposure_floor
2021-12-29,HDFCBANK,EXIT,exposure_floor
2021-12-29,HDFCLIFE,EXIT,exposure_floor
2021-12-29,HINDALCO,EXIT,exposure_floor
2021-12-29,HINDUNILVR,EXIT,exposure_floor
2021-12-29,ICICIBANK,EXIT,exposure_floor
2021-12-29,ITC,EXIT,exposure_floor
2021-12-29,INDIGO,EXIT,exposure_floor
2021-12-29,JSWSTEEL,EXIT,exposure_floor
2021-12-29,KOTAKBANK,EXIT,exposure_floor
2021-12-29,M&M,EXIT,exposure_floor
2021-12-29,NTPC,EXIT,exposure_floor
2021-12-29,ONGC,EXIT,exposure_floor
2021-12-29,RELIANCE,EXIT,exposure_floor
2021-12-29,SHRIRAMFIN,EXIT,exposure_floor
2021-12-29,SBIN,EXIT,exposure_floor
2021-12-29,TATACONSUM,EXIT,exposure_floor
2021-12-29,TATASTEEL,EXIT,exposure_floor
2021-12-29,TITAN,REDUCE,exposure_floor
2021-12-29,TRENT,EXIT,exposure_floor
2021-12-29,ULTRACEMCO,REDUCE,exposure_floor
2021-12-30,ADANIPORTS,EXIT,exposure_floor
2021-12-30,BAJFINANCE,EXIT,exposure_floor
2021-12-30,BAJAJFINSV,EXIT,exposure_floor
2021-12-30,BHARTIARTL,REDUCE,exposure_floor
2021-12-30,CIPLA,REDUCE,exposure_floor
2021-12-30,COALINDIA,EXIT,exposure_floor
2021-12-30,EICHERMOT,EXIT,exposure_floor
2021-12-30,GRASIM,REDUCE,exposure_floor
2021-12-30,HDFCBANK,EXIT,exposure_floor
2021-12-30,HDFCLIFE,EXIT,exposure_floor
2021-12-30,HINDALCO,EXIT,exposure_floor
2021-12-30,HINDUNILVR,EXIT,exposure_floor
2021-12-30,ICICIBANK,EXIT,exposure_floor
2021-12-30,ITC,EXIT,exposure_floor
2021-12-30,INDIGO,EXIT,exposure_floor
2021-12-30,JSWSTEEL,EXIT,exposure_floor
2021-12-30,KOTAKBANK,EXIT,exposure_floor
2021-12-30,M&M,EXIT,exposure_floor
2021-12-30,NTPC,EXIT,exposure_floor
2021-12-30,ONGC,EXIT,exposure_floor
2021-12-30,SHRIRAMFIN,EXIT,exposure_floor
2021-12-30,SBIN,EXIT,exposure_floor
2021-12-30,TATACONSUM,EXIT,exposure_floor
2021-12-30,TATASTEEL,EXIT,exposure_floor
2021-12-30,TRENT,EXIT,exposure_floor
2021-12-30,ULTRACEMCO,REDUCE,exposure_floor
2021-12-31,ADANIPORTS,EXIT,exposure_floor
2021-12-31,BAJFINANCE,EXIT,exposure_floor
2021-12-31,BAJAJFINSV,EXIT,exposure_floor
2021-12-31,BHARTIARTL,REDUCE,exposure_floor
2021-12-31,CIPLA,REDUCE,exposure_floor
2021-12-31,COALINDIA,EXIT,exposure_floor
2021-12-31,EICHERMOT,EXIT,exposure_floor
2021-12-31,GRASIM,REDUCE,exposure_floor
2021-12-31,HDFCBANK,EXIT,exposure_floor
2021-12-31,HDFCLIFE,EXIT,exposure_floor
2021-12-31,HINDALCO,EXIT,exposure_floor
2021-12-31,HINDUNILVR,EXIT,exposure_floor
2021-12-31,ICICIBANK,EXIT,exposure_floor
2021-12-31,ITC,EXIT,exposure_floor
2021-12-31,INDIGO,EXIT,exposure_floor
2021-12-31,JSWSTEEL,EXIT,exposure_floor
2021-12-31,KOTAKBANK,EXIT,exposure_floor
2021-12-31,M&M,EXIT,exposure_floor
2021-12-31,NTPC,EXIT,exposure_floor
2021-12-31,ONGC,EXIT,exposure_floor
2021-12-31,SHRIRAMFIN,EXIT,exposure_floor
2021-12-31,SBIN,EXIT,exposure_floor
2021-12-31,TATASTEEL,EXIT,exposure_floor
2021-12-31,TRENT,EXIT,exposure_floor
2022-01-03,ADANIPORTS,EXIT,exposure_floor
2022-01-03,BAJFINANCE,EXIT,exposure_floor
2022-01-03,BAJAJFINSV,EXIT,exposure_floor
2022-01-03,BHARTIARTL,REDUCE,exposure_floor
2022-01-03,CIPLA,REDUCE,exposure_floor
2022-01-03,COALINDIA,EXIT,exposure_floor
2022-01-03,DRREDDY,EXIT,exposure_floor
2022-01-03,EICHERMOT,REDUCE,exposure_floor
2022-01-03,GRASIM,REDUCE,exposure_floor
2022-01-03,HDFCBANK,EXIT,exposure_floor
2022-01-03,HDFCLIFE,EXIT,exposure_floor
2022-01-03,HINDALCO,EXIT,exposure_floor
2022-01-03,HINDUNILVR,EXIT,exposure_floor
2022-01-03,ITC,EXIT,exposure_floor
2022-01-03,INDIGO,EXIT,exposure_floor
2022-01-03,JSWSTEEL,REDUCE,exposure_floor
2022-01-03,KOTAKBANK,EXIT,exposure_floor
2022-01-03,M&M,EXIT,exposure_floor
2022-01-03,NTPC,EXIT,exposure_floor
2022-01-03,ONGC,EXIT,exposure_floor
2022-01-03,SHRIRAMFIN,EXIT,exposure_floor
2022-01-03,SBIN,EXIT,exposure_floor
2022-01-03,TATASTEEL,EXIT,exposure_floor
2022-01-03,TRENT,EXIT,exposure_floor
2022-01-04,ADANIPORTS,EXIT,exposure_floor
2022-01-04,BAJFINANCE,EXIT,exposure_floor
2022-01-04,BAJAJFINSV,EXIT,exposure_floor
2022-01-04,BHARTIARTL,REDUCE,exposure_floor
2022-01-04,CIPLA,REDUCE,exposure_floor
2022-01-04,COALINDIA,EXIT,exposure_floor
2022-01-04,DRREDDY,EXIT,exposure_floor
2022-01-04,EICHERMOT,REDUCE,exposure_floor
2022-01-04,GRASIM,REDUCE,exposure_floor
2022-01-04,HDFCBANK,EXIT,exposure_floor
2022-01-04,HDFCLIFE,EXIT,exposure_floor
2022-01-04,HINDALCO,REDUCE,exposure_floor
2022-01-04,HINDUNILVR,EXIT,exposure_floor
2022-01-04,ITC,EXIT,exposure_floor
2022-01-04,INDIGO,EXIT,exposure_floor
2022-01-04,JSWSTEEL,REDUCE,exposure_floor
2022-01-04,KOTAKBANK,EXIT,exposure_floor
2022-01-04,M&M,EXIT,exposure_floor
2022-01-04,NTPC,EXIT,exposure_floor
2022-01-04,ONGC,EXIT,exposure_floor
2022-01-04,SHRIRAMFIN,EXIT,exposure_floor
2022-01-04,SBIN,EXIT,exposure_floor
2022-01-04,TATASTEEL,EXIT,exposure_floor
2022-01-04,TRENT,EXIT,exposure_floor
2022-01-05,ADANIPORTS,EXIT,exposure_floor
2022-01-05,BAJFINANCE,EXIT,exposure_floor
2022-01-05,BAJAJFINSV,EXIT,exposure_floor
2022-01-05,BHARTIARTL,REDUCE,exposure_floor
2022-01-05,CIPLA,REDUCE,exposure_floor
2022-01-05,COALINDIA,EXIT,exposure_floor
2022-01-05,DRREDDY,EXIT,exposure_floor
2022-01-05,EICHERMOT,REDUCE,exposure_floor
2022-01-05,HDFCBANK,EXIT,exposure_floor
2022-01-05,HDFCLIFE,EXIT,exposure_floor
2022-01-05,HINDUNILVR,EXIT,exposure_floor
2022-01-05,ITC,EXIT,exposure_floor
2022-01-05,INDIGO,EXIT,exposure_floor
2022-01-05,JSWSTEEL,REDUCE,exposure_floor
2022-01-05,KOTAKBANK,EXIT,exposure_floor
2022-01-05,M&M,EXIT,exposure_floor
2022-01-05,NTPC,EXIT,exposure_floor
2022-01-05,ONGC,EXIT,exposure_floor
2022-01-05,SHRIRAMFIN,EXIT,exposure_floor
2022-01-05,SBIN,EXIT,exposure_floor
2022-01-05,TATASTEEL,EXIT,exposure_floor
2022-01-05,TRENT,REDUCE,exposure_floor
2022-01-06,ADANIPORTS,REDUCE,exposure_floor
2022-01-06,BAJFINANCE,EXIT,exposure_floor
2022-01-06,BAJAJFINSV,EXIT,exposure_floor
2022-01-06,CIPLA,REDUCE,exposure_floor
2022-01-06,COALINDIA,EXIT,exposure_floor
2022-01-06,DRREDDY,EXIT,exposure_floor
2022-01-06,EICHERMOT,REDUCE,exposure_floor
2022-01-06,HDFCBANK,EXIT,exposure_floor
2022-01-06,HDFCLIFE,EXIT,exposure_floor
2022-01-06,HINDUNILVR,EXIT,exposure_floor
2022-01-06,ITC,EXIT,exposure_floor
2022-01-06,INDIGO,EXIT,exposure_floor
2022-01-06,JSWSTEEL,REDUCE,exposure_floor
2022-01-06,KOTAKBANK,EXIT,exposure_floor
2022-01-06,M&M,EXIT,exposure_floor
2022-01-06,NTPC,EXIT,exposure_floor
2022-01-06,ONGC,EXIT,exposure_floor
2022-01-06,SHRIRAMFIN,EXIT,exposure_floor
2022-01-06,SBIN,EXIT,exposure_floor
2022-01-06,TATASTEEL,EXIT,exposure_floor
2022-01-07,ADANIPORTS,EXIT,exposure_floor
2022-01-07,BAJFINANCE,REDUCE,exposure_floor
2022-01-07,BAJAJFINSV,EXIT,exposure_floor
2022-01-07,CIPLA,EXIT,exposure_floor
2022-01-07,COALINDIA,EXIT,exposure_floor
2022-01-07,DRREDDY,EXIT,exposure_floor
2022-01-07,EICHERMOT,REDUCE,exposure_floor
2022-01-07,HDFCBANK,EXIT,exposure_floor
2022-01-07,HDFCLIFE,EXIT,exposure_floor
2022-01-07,HINDUNILVR,EXIT,exposure_floor
2022-01-07,ITC,EXIT,exposure_floor
2022-01-07,INDIGO,EXIT,exposure_floor
2022-01-07,JSWSTEEL,REDUCE,exposure_floor
2022-01-07,KOTAKBANK,EXIT,exposure_floor
2022-01-07,M&M,EXIT,exposure_floor
2022-01-07,NTPC,EXIT,exposure_floor
2022-01-07,ONGC,REDUCE,exposure_floor
2022-01-07,SHRIRAMFIN,EXIT,exposure_floor
2022-01-07,SBIN,EXIT,exposure_floor
2022-01-07,TATASTEEL,EXIT,exposure_floor
2022-01-10,ADANIPORTS,REDUCE,exposure_floor
2022-01-10,BAJAJFINSV,EXIT,exposure_floor
2022-01-10,CIPLA,EXIT,exposure_floor
2022-01-10,COALINDIA,REDUCE,exposure_floor
2022-01-10,DRREDDY,EXIT,exposure_floor
2022-01-10,EICHERMOT,REDUCE,exposure_floor
2022-01-10,HDFCBANK,EXIT,exposure_floor
2022-01-10,HDFCLIFE,EXIT,exposure_floor
2022-01-10,HINDUNILVR,EXIT,exposure_floor
2022-01-10,ITC,EXIT,exposure_floor
2022-01-10,INDIGO,REDUCE,exposure_floor
2022-01-10,JSWSTEEL,REDUCE,exposure_floor
2022-01-10,KOTAKBANK,EXIT,exposure_floor
2022-01-10,M&M,EXIT,exposure_floor
2022-01-10,NTPC,EXIT,exposure_floor
2022-01-10,SHRIRAMFIN,EXIT,exposure_floor
2022-01-10,SBIN,EXIT,exposure_floor
2022-01-10,TATASTEEL,EXIT,exposure_floor
2022-01-11,BAJAJFINSV,EXIT,exposure_floor
2022-01-11,BHARTIARTL,REDUCE,exposure_floor
2022-01-11,CIPLA,EXIT,exposure_floor
2022-01-11,COALINDIA,EXIT,exposure_floor
2022-01-11,DRREDDY,EXIT,exposure_floor
2022-01-11,EICHERMOT,REDUCE,exposure_floor
2022-01-11,HDFCBANK,EXIT,exposure_floor
2022-01-11,HDFCLIFE,EXIT,exposure_floor
2022-01-11,HINDUNILVR,EXIT,exposure_floor
2022-01-11,ITC,EXIT,exposure_floor
2022-01-11,INDIGO,REDUCE,exposure_floor
2022-01-11,JSWSTEEL,EXIT,exposure_floor
2022-01-11,KOTAKBANK,EXIT,exposure_floor
2022-01-11,M&M,EXIT,exposure_floor
2022-01-11,NTPC,EXIT,exposure_floor
2022-01-11,SHRIRAMFIN,EXIT,exposure_floor
2022-01-11,SBIN,EXIT,exposure_floor
2022-01-11,TATASTEEL,EXIT,exposure_floor
2022-01-12,BAJAJFINSV,EXIT,exposure_floor
2022-01-12,CIPLA,EXIT,exposure_floor
2022-01-12,COALINDIA,EXIT,exposure_floor
2022-01-12,DRREDDY,EXIT,exposure_floor
2022-01-12,EICHERMOT,REDUCE,exposure_floor
2022-01-12,HDFCBANK,EXIT,exposure_floor
2022-01-12,HDFCLIFE,EXIT,exposure_floor
2022-01-12,HINDUNILVR,EXIT,exposure_floor
2022-01-12,ITC,EXIT,exposure_floor
2022-01-12,INDIGO,REDUCE,exposure_floor
2022-01-12,JSWSTEEL,EXIT,exposure_floor
2022-01-12,KOTAKBANK,EXIT,exposure_floor
2022-01-12,M&M,EXIT,exposure_floor
2022-01-12,NTPC,EXIT,exposure_floor
2022-01-12,SHRIRAMFIN,EXIT,exposure_floor
2022-01-12,SBIN,EXIT,exposure_floor
2022-01-12,TATASTEEL,EXIT,exposure_floor
2022-01-13,BAJAJFINSV,REDUCE,exposure_floor
2022-01-13,CIPLA,EXIT,exposure_floor
2022-01-13,COALINDIA,REDUCE,exposure_floor
2022-01-13,DRREDDY,EXIT,exposure_floor
2022-01-13,EICHERMOT,REDUCE,exposure_floor
2022-01-13,HDFCBANK,EXIT,exposure_floor
2022-01-13,HDFCLIFE,EXIT,exposure_floor
2022-01-13,HINDUNILVR,EXIT,exposure_floor
2022-01-13,ITC,EXIT,exposure_floor
2022-01-13,INDIGO,REDUCE,exposure_floor
2022-01-13,JSWSTEEL,EXIT,exposure_floor
2022-01-13,KOTAKBANK,EXIT,exposure_floor
2022-01-13,M&M,REDUCE,exposure_floor
2022-01-13,NTPC,EXIT,exposure_floor
2022-01-13,SHRIRAMFIN,EXIT,exposure_floor
2022-01-13,SBIN,EXIT,exposure_floor
2022-01-13,TATASTEEL,EXIT,exposure_floor
2022-01-13,WIPRO,REDUCE,exposure_floor
2022-01-14,CIPLA,EXIT,exposure_floor
2022-01-14,COALINDIA,REDUCE,exposure_floor
2022-01-14,DRREDDY,EXIT,exposure_floor
2022-01-14,EICHERMOT,REDUCE,exposure_floor
2022-01-14,HDFCBANK,EXIT,exposure_floor
2022-01-14,HDFCLIFE,EXIT,exposure_floor
2022-01-14,HINDUNILVR,EXIT,exposure_floor
2022-01-14,ITC,EXIT,exposure_floor
2022-01-14,INDIGO,REDUCE,exposure_floor
2022-01-14,JSWSTEEL,EXIT,exposure_floor
2022-01-14,KOTAKBANK,EXIT,exposure_floor
2022-01-14,NTPC,EXIT,exposure_floor
2022-01-14,SHRIRAMFIN,EXIT,exposure_floor
2022-01-14,SBIN,EXIT,exposure_floor
2022-01-14,TATASTEEL,EXIT,exposure_floor
2022-01-14,WIPRO,REDUCE,exposure_floor
2022-01-17,CIPLA,EXIT,exposure_floor
2022-01-17,DRREDDY,EXIT,exposure_floor
2022-01-17,EICHERMOT,REDUCE,exposure_floor
2022-01-17,HDFCBANK,EXIT,exposure_floor
2022-01-17,HDFCLIFE,EXIT,exposure_floor
2022-01-17,HINDUNILVR,EXIT,exposure_floor
2022-01-17,ITC,EXIT,exposure_floor
2022-01-17,INDIGO,REDUCE,exposure_floor
2022-01-17,JSWSTEEL,REDUCE,exposure_floor
2022-01-17,KOTAKBANK,EXIT,exposure_floor
2022-01-17,NTPC,EXIT,exposure_floor
2022-01-17,SHRIRAMFIN,EXIT,exposure_floor
2022-01-17,SBIN,EXIT,exposure_floor
2022-01-17,TATASTEEL,EXIT,exposure_floor
2022-01-17,WIPRO,REDUCE,exposure_floor
2022-01-18,APOLLOHOSP,EXIT,exposure_floor
2022-01-18,BEL,REDUCE,exposure_floor
2022-01-18,CIPLA,EXIT,exposure_floor
2022-01-18,DRREDDY,EXIT,exposure_floor
2022-01-18,EICHERMOT,REDUCE,exposure_floor
2022-01-18,HDFCBANK,EXIT,exposure_floor
2022-01-18,HDFCLIFE,EXIT,exposure_floor
2022-01-18,HINDUNILVR,EXIT,exposure_floor
2022-01-18,ITC,EXIT,exposure_floor
2022-01-18,INDIGO,REDUCE,exposure_floor
2022-01-18,JSWSTEEL,REDUCE,exposure_floor
2022-01-18,KOTAKBANK,EXIT,exposure_floor
2022-01-18,NTPC,EXIT,exposure_floor
2022-01-18,SHRIRAMFIN,EXIT,exposure_floor
2022-01-18,SBIN,EXIT,exposure_floor
2022-01-18,TATASTEEL,EXIT,exposure_floor
2022-01-18,WIPRO,REDUCE,exposure_floor
2022-01-19,APOLLOHOSP,EXIT,exposure_floor
2022-01-19,BEL,REDUCE,exposure_floor
2022-01-19,BHARTIARTL,REDUCE,exposure_floor
2022-01-19,CIPLA,EXIT,exposure_floor
2022-01-19,DRREDDY,EXIT,exposure_floor
2022-01-19,EICHERMOT,REDUCE,exposure_floor
2022-01-19,HDFCBANK,EXIT,exposure_floor
2022-01-19,HDFCLIFE,EXIT,exposure_floor
2022-01-19,HINDUNILVR,EXIT,exposure_floor
2022-01-19,ITC,EXIT,exposure_floor
2022-01-19,INDIGO,REDUCE,exposure_floor
2022-01-19,JSWSTEEL,EXIT,exposure_floor
2022-01-19,KOTAKBANK,EXIT,exposure_floor
2022-01-19,NTPC,EXIT,exposure_floor
2022-01-19,SHRIRAMFIN,EXIT,exposure_floor
2022-01-19,SBIN,EXIT,exposure_floor
2022-01-19,TATASTEEL,EXIT,exposure_floor
2022-01-19,WIPRO,REDUCE,exposure_floor
2022-01-20,ADANIPORTS,EXIT,exposure_floor
2022-01-20,APOLLOHOSP,EXIT,exposure_floor
2022-01-20,BEL,REDUCE,exposure_floor
2022-01-20,BHARTIARTL,REDUCE,exposure_floor
2022-01-20,CIPLA,EXIT,exposure_floor
2022-01-20,DRREDDY,EXIT,exposure_floor
2022-01-20,EICHERMOT,REDUCE,exposure_floor
2022-01-20,HDFCBANK,EXIT,exposure_floor
2022-01-20,HDFCLIFE,EXIT,exposure_floor
2022-01-20,HINDUNILVR,EXIT,exposure_floor
2022-01-20,ITC,EXIT,exposure_floor
2022-01-20,INDIGO,REDUCE,exposure_floor
2022-01-20,JSWSTEEL,REDUCE,exposure_floor
2022-01-20,KOTAKBANK,EXIT,exposure_floor
2022-01-20,NTPC,EXIT,exposure_floor
2022-01-20,NESTLEIND,REDUCE,exposure_floor
2022-01-20,SHRIRAMFIN,EXIT,exposure_floor
2022-01-20,SBIN,EXIT,exposure_floor
2022-01-20,TATASTEEL,EXIT,exposure_floor
2022-01-20,WIPRO,REDUCE,exposure_floor
2022-01-21,ADANIPORTS,EXIT,exposure_floor
2022-01-21,APOLLOHOSP,EXIT,exposure_floor
2022-01-21,BAJAJFINSV,REDUCE,exposure_floor
2022-01-21,BEL,REDUCE,exposure_floor
2022-01-21,BHARTIARTL,REDUCE,exposure_floor
2022-01-21,CIPLA,EXIT,exposure_floor
2022-01-21,COALINDIA,EXIT,exposure_floor
2022-01-21,DRREDDY,EXIT,exposure_floor
2022-01-21,EICHERMOT,REDUCE,exposure_floor
2022-01-21,HDFCBANK,EXIT,exposure_floor
2022-01-21,HDFCLIFE,EXIT,exposure_floor
2022-01-21,HINDUNILVR,EXIT,exposure_floor
2022-01-21,ITC,EXIT,exposure_floor
2022-01-21,INDIGO,REDUCE,exposure_floor
2022-01-21,JSWSTEEL,EXIT,exposure_floor
2022-01-21,KOTAKBANK,EXIT,exposure_floor
2022-01-21,MAXHEALTH,EXIT,exposure_floor
2022-01-21,NTPC,EXIT,exposure_floor
2022-01-21,NESTLEIND,REDUCE,exposure_floor
2022-01-21,SHRIRAMFIN,EXIT,exposure_floor
2022-01-21,SBIN,REDUCE,exposure_floor
2022-01-21,TATASTEEL,EXIT,exposure_floor
2022-01-21,WIPRO,EXIT,exposure_floor
2022-01-24,ADANIPORTS,EXIT,exposure_floor
2022-01-24,APOLLOHOSP,EXIT,exposure_floor
2022-01-24,BAJFINANCE,REDUCE,exposure_floor
2022-01-24,BAJAJFINSV,EXIT,exposure_floor
2022-01-24,BEL,REDUCE,exposure_floor
2022-01-24,BHARTIARTL,REDUCE,exposure_floor
2022-01-24,CIPLA,EXIT,exposure_floor
2022-01-24,COALINDIA,REDUCE,exposure_floor
2022-01-24,DRREDDY,EXIT,exposure_floor
2022-01-24,EICHERMOT,REDUCE,exposure_floor
2022-01-24,GRASIM,REDUCE,exposure_floor
2022-01-24,HCLTECH,EXIT,exposure_floor
2022-01-24,HDFCBANK,EXIT,exposure_floor
2022-01-24,HDFCLIFE,EXIT,exposure_floor
2022-01-24,HINDUNILVR,EXIT,exposure_floor
2022-01-24,ITC,EXIT,exposure_floor
2022-01-24,INDIGO,EXIT,exposure_floor
2022-01-24,JSWSTEEL,EXIT,exposure_floor
2022-01-24,KOTAKBANK,EXIT,exposure_floor
2022-01-24,M&M,REDUCE,exposure_floor
2022-01-24,MAXHEALTH,EXIT,exposure_floor
2022-01-24,NTPC,REDUCE,exposure_floor
2022-01-24,NESTLEIND,REDUCE,exposure_floor
2022-01-24,RELIANCE,REDUCE,exposure_floor
2022-01-24,SHRIRAMFIN,EXIT,exposure_floor
2022-01-24,TATASTEEL,EXIT,exposure_floor
2022-01-24,TECHM,EXIT,exposure_floor
2022-01-24,ULTRACEMCO,EXIT,exposure_floor
2022-01-24,WIPRO,EXIT,exposure_floor
2022-01-25,ADANIPORTS,EXIT,exposure_floor
2022-01-25,APOLLOHOSP,EXIT,exposure_floor
2022-01-25,BAJFINANCE,REDUCE,exposure_floor
2022-01-25,BAJAJFINSV,EXIT,exposure_floor
2022-01-25,BEL,REDUCE,exposure_floor
2022-01-25,CIPLA,EXIT,exposure_floor
2022-01-25,DRREDDY,EXIT,exposure_floor
2022-01-25,EICHERMOT,REDUCE,exposure_floor
2022-01-25,GRASIM,REDUCE,exposure_floor
2022-01-25,HCLTECH,EXIT,exposure_floor
2022-01-25,HDFCBANK,EXIT,exposure_floor
2022-01-25,HDFCLIFE,EXIT,exposure_floor
2022-01-25,HINDUNILVR,EXIT,exposure_floor
2022-01-25,ITC,EXIT,exposure_floor
2022-01-25,INDIGO,EXIT,exposure_floor
2022-01-25,JSWSTEEL,EXIT,exposure_floor
2022-01-25,KOTAKBANK,EXIT,exposure_floor
2022-01-25,M&M,REDUCE,exposure_floor
2022-01-25,MAXHEALTH,EXIT,exposure_floor
2022-01-25,NESTLEIND,REDUCE,exposure_floor
2022-01-25,RELIANCE,REDUCE,exposure_floor
2022-01-25,SHRIRAMFIN,EXIT,exposure_floor
2022-01-25,TATASTEEL,EXIT,exposure_floor
2022-01-25,TECHM,EXIT,exposure_floor
2022-01-25,TITAN,REDUCE,exposure_floor
2022-01-25,ULTRACEMCO,EXIT,exposure_floor
2022-01-25,WIPRO,EXIT,exposure_floor
2022-01-27,ADANIPORTS,EXIT,exposure_floor
2022-01-27,APOLLOHOSP,EXIT,exposure_floor
2022-01-27,BAJFINANCE,REDUCE,exposure_floor
2022-01-27,BAJAJFINSV,EXIT,exposure_floor
2022-01-27,BEL,REDUCE,exposure_floor
2022-01-27,CIPLA,REDUCE,exposure_floor
2022-01-27,DRREDDY,EXIT,exposure_floor
2022-01-27,EICHERMOT,REDUCE,exposure_floor
2022-01-27,GRASIM,REDUCE,exposure_floor
2022-01-27,HCLTECH,EXIT,exposure_floor
2022-01-27,HDFCBANK,EXIT,exposure_floor
2022-01-27,HDFCLIFE,EXIT,exposure_floor
2022-01-27,HINDUNILVR,EXIT,exposure_floor
2022-01-27,ITC,EXIT,exposure_floor
2022-01-27,INFY,REDUCE,exposure_floor
2022-01-27,INDIGO,EXIT,exposure_floor
2022-01-27,JSWSTEEL,EXIT,exposure_floor
2022-01-27,KOTAKBANK,EXIT,exposure_floor
2022-01-27,M&M,REDUCE,exposure_floor
2022-01-27,MAXHEALTH,EXIT,exposure_floor
2022-01-27,NESTLEIND,EXIT,exposure_floor
2022-01-27,RELIANCE,REDUCE,exposure_floor
2022-01-27,SHRIRAMFIN,EXIT,exposure_floor
2022-01-27,TATASTEEL,EXIT,exposure_floor
2022-01-27,TECHM,EXIT,exposure_floor
2022-01-27,TITAN,REDUCE,exposure_floor
2022-01-27,TRENT,REDUCE,exposure_floor
2022-01-27,ULTRACEMCO,EXIT,exposure_floor
2022-01-27,WIPRO,EXIT,exposure_floor
2022-01-28,ADANIPORTS,EXIT,exposure_floor
2022-01-28,APOLLOHOSP,EXIT,exposure_floor
2022-01-28,BAJFINANCE,REDUCE,exposure_floor
2022-01-28,BAJAJFINSV,EXIT,exposure_floor
2022-01-28,BEL,REDUCE,exposure_floor
2022-01-28,CIPLA,REDUCE,exposure_floor
2022-01-28,DRREDDY,EXIT,exposure_floor
2022-01-28,EICHERMOT,EXIT,exposure_floor
2022-01-28,GRASIM,REDUCE,exposure_floor
2022-01-28,HCLTECH,EXIT,exposure_floor
2022-01-28,HDFCBANK,EXIT,exposure_floor
2022-01-28,HDFCLIFE,EXIT,exposure_floor
2022-01-28,HINDUNILVR,EXIT,exposure_floor
2022-01-28,ITC,EXIT,exposure_floor
2022-01-28,INFY,REDUCE,exposure_floor
2022-01-28,INDIGO,EXIT,exposure_floor
2022-01-28,JSWSTEEL,EXIT,exposure_floor
2022-01-28,KOTAKBANK,EXIT,exposure_floor
2022-01-28,M&M,REDUCE,exposure_floor
2022-01-28,MAXHEALTH,EXIT,exposure_floor
2022-01-28,NESTLEIND,EXIT,exposure_floor
2022-01-28,RELIANCE,REDUCE,exposure_floor
2022-01-28,SHRIRAMFIN,EXIT,exposure_floor
2022-01-28,TATASTEEL,EXIT,exposure_floor
2022-01-28,TECHM,EXIT,exposure_floor
2022-01-28,TITAN,REDUCE,exposure_floor
2022-01-28,TRENT,REDUCE,exposure_floor
2022-01-28,ULTRACEMCO,EXIT,exposure_floor
2022-01-28,WIPRO,EXIT,exposure_floor
2022-01-31,ADANIPORTS,EXIT,exposure_floor
2022-01-31,APOLLOHOSP,EXIT,exposure_floor
2022-01-31,BAJFINANCE,REDUCE,exposure_floor
2022-01-31,BAJAJFINSV,EXIT,exposure_floor
2022-01-31,CIPLA,REDUCE,exposure_floor
2022-01-31,DRREDDY,EXIT,exposure_floor
2022-01-31,EICHERMOT,REDUCE,exposure_floor
2022-01-31,GRASIM,REDUCE,exposure_floor
2022-01-31,HCLTECH,EXIT,exposure_floor
2022-01-31,HDFCBANK,EXIT,exposure_floor
2022-01-31,HDFCLIFE,EXIT,exposure_floor
2022-01-31,HINDUNILVR,EXIT,exposure_floor
2022-01-31,ITC,EXIT,exposure_floor
2022-01-31,INFY,REDUCE,exposure_floor
2022-01-31,INDIGO,EXIT,exposure_floor
2022-01-31,JSWSTEEL,EXIT,exposure_floor
2022-01-31,KOTAKBANK,EXIT,exposure_floor
2022-01-31,M&M,REDUCE,exposure_floor
2022-01-31,MAXHEALTH,EXIT,exposure_floor
2022-01-31,NESTLEIND,EXIT,exposure_floor
2022-01-31,RELIANCE,REDUCE,exposure_floor
2022-01-31,SHRIRAMFIN,EXIT,exposure_floor
2022-01-31,TATASTEEL,EXIT,exposure_floor
2022-01-31,TECHM,EXIT,exposure_floor
2022-01-31,TITAN,REDUCE,exposure_floor
2022-01-31,TRENT,REDUCE,exposure_floor
2022-01-31,ULTRACEMCO,EXIT,exposure_floor
2022-01-31,WIPRO,EXIT,exposure_floor
2022-02-01,APOLLOHOSP,EXIT,exposure_floor
2022-02-01,ASIANPAINT,REDUCE,exposure_floor
2022-02-01,BAJFINANCE,REDUCE,exposure_floor
2022-02-01,BAJAJFINSV,EXIT,exposure_floor
2022-02-01,CIPLA,REDUCE,exposure_floor
2022-02-01,DRREDDY,EXIT,exposure_floor
2022-02-01,EICHERMOT,EXIT,exposure_floor
2022-02-01,GRASIM,REDUCE,exposure_floor
2022-02-01,HCLTECH,EXIT,exposure_floor
2022-02-01,HDFCBANK,EXIT,exposure_floor
2022-02-01,HDFCLIFE,EXIT,exposure_floor
2022-02-01,HINDUNILVR,EXIT,exposure_floor
2022-02-01,ITC,EXIT,exposure_floor
2022-02-01,INFY,REDUCE,exposure_floor
2022-02-01,INDIGO,EXIT,exposure_floor
2022-02-01,JSWSTEEL,EXIT,exposure_floor
2022-02-01,KOTAKBANK,EXIT,exposure_floor
2022-02-01,M&M,REDUCE,exposure_floor
2022-02-01,MAXHEALTH,EXIT,exposure_floor
2022-02-01,NESTLEIND,EXIT,exposure_floor
2022-02-01,RELIANCE,REDUCE,exposure_floor
2022-02-01,SHRIRAMFIN,EXIT,exposure_floor
2022-02-01,TATASTEEL,EXIT,exposure_floor
2022-02-01,TECHM,EXIT,exposure_floor
2022-02-01,TRENT,REDUCE,exposure_floor
2022-02-01,ULTRACEMCO,EXIT,exposure_floor
2022-02-01,WIPRO,EXIT,exposure_floor
2022-02-02,APOLLOHOSP,EXIT,exposure_floor
2022-02-02,ASIANPAINT,REDUCE,exposure_floor
2022-02-02,BAJAJFINSV,EXIT,exposure_floor
2022-02-02,CIPLA,REDUCE,exposure_floor
2022-02-02,DRREDDY,EXIT,exposure_floor
2022-02-02,EICHERMOT,REDUCE,exposure_floor
2022-02-02,GRASIM,REDUCE,exposure_floor
2022-02-02,HCLTECH,EXIT,exposure_floor
2022-02-02,HDFCBANK,EXIT,exposure_floor
2022-02-02,HDFCLIFE,EXIT,exposure_floor
2022-02-02,HINDUNILVR,EXIT,exposure_floor
2022-02-02,ITC,EXIT,exposure_floor
2022-02-02,INFY,REDUCE,exposure_floor
2022-02-02,INDIGO,EXIT,exposure_floor
2022-02-02,JSWSTEEL,EXIT,exposure_floor
2022-02-02,KOTAKBANK,EXIT,exposure_floor
2022-02-02,M&M,REDUCE,exposure_floor
2022-02-02,MAXHEALTH,EXIT,exposure_floor
2022-02-02,NESTLEIND,EXIT,exposure_floor
2022-02-02,RELIANCE,REDUCE,exposure_floor
2022-02-02,SHRIRAMFIN,EXIT,exposure_floor
2022-02-02,TATASTEEL,EXIT,exposure_floor
2022-02-02,TECHM,EXIT,exposure_floor
2022-02-02,TRENT,REDUCE,exposure_floor
2022-02-02,WIPRO,EXIT,exposure_floor
2022-02-03,ADANIPORTS,EXIT,exposure_floor
2022-02-03,APOLLOHOSP,EXIT,exposure_floor
2022-02-03,ASIANPAINT,REDUCE,exposure_floor
2022-02-03,BAJFINANCE,REDUCE,exposure_floor
2022-02-03,BAJAJFINSV,EXIT,exposure_floor
2022-02-03,CIPLA,REDUCE,exposure_floor
2022-02-03,DRREDDY,EXIT,exposure_floor
2022-02-03,EICHERMOT,REDUCE,exposure_floor
2022-02-03,GRASIM,REDUCE,exposure_floor
2022-02-03,HCLTECH,EXIT,exposure_floor
2022-02-03,HDFCBANK,EXIT,exposure_floor
2022-02-03,HDFCLIFE,EXIT,exposure_floor
2022-02-03,HINDUNILVR,EXIT,exposure_floor
2022-02-03,ITC,REDUCE,exposure_floor
2022-02-03,INFY,REDUCE,exposure_floor
2022-02-03,INDIGO,EXIT,exposure_floor
2022-02-03,JSWSTEEL,EXIT,exposure_floor
2022-02-03,KOTAKBANK,EXIT,exposure_floor
2022-02-03,M&M,REDUCE,exposure_floor
2022-02-03,MAXHEALTH,EXIT,exposure_floor
2022-02-03,NESTLEIND,EXIT,exposure_floor
2022-02-03,RELIANCE,REDUCE,exposure_floor
2022-02-03,SHRIRAMFIN,EXIT,exposure_floor
2022-02-03,TATASTEEL,EXIT,exposure_floor
2022-02-03,TECHM,EXIT,exposure_floor
2022-02-03,TRENT,REDUCE,exposure_floor
2022-02-03,WIPRO,EXIT,exposure_floor
2022-02-04,ADANIPORTS,EXIT,exposure_floor
2022-02-04,APOLLOHOSP,EXIT,exposure_floor
2022-02-04,ASIANPAINT,REDUCE,exposure_floor
2022-02-04,BAJFINANCE,REDUCE,exposure_floor
2022-02-04,BAJAJFINSV,EXIT,exposure_floor
2022-02-04,BEL,REDUCE,exposure_floor
2022-02-04,CIPLA,REDUCE,exposure_floor
2022-02-04,DRREDDY,EXIT,exposure_floor
2022-02-04,EICHERMOT,EXIT,exposure_floor
2022-02-04,GRASIM,REDUCE,exposure_floor
2022-02-04,HCLTECH,EXIT,exposure_floor
2022-02-04,HDFCLIFE,EXIT,exposure_floor
2022-02-04,HINDUNILVR,EXIT,exposure_floor
2022-02-04,INFY,REDUCE,exposure_floor
2022-02-04,INDIGO,EXIT,exposure_floor
2022-02-04,JSWSTEEL,EXIT,exposure_floor
2022-02-04,KOTAKBANK,EXIT,exposure_floor
2022-02-04,M&M,REDUCE,exposure_floor
2022-02-04,MAXHEALTH,EXIT,exposure_floor
2022-02-04,NESTLEIND,EXIT,exposure_floor
2022-02-04,RELIANCE,REDUCE,exposure_floor
2022-02-04,SHRIRAMFIN,EXIT,exposure_floor
2022-02-04,TATASTEEL,EXIT,exposure_floor
2022-02-04,TECHM,EXIT,exposure_floor
2022-02-04,TRENT,REDUCE,exposure_floor
2022-02-04,WIPRO,EXIT,exposure_floor
2022-02-07,ADANIPORTS,EXIT,exposure_floor
2022-02-07,APOLLOHOSP,EXIT,exposure_floor
2022-02-07,ASIANPAINT,REDUCE,exposure_floor
2022-02-07,BAJFINANCE,REDUCE,exposure_floor
2022-02-07,BAJAJFINSV,EXIT,exposure_floor
2022-02-07,BEL,REDUCE,exposure_floor
2022-02-07,CIPLA,REDUCE,exposure_floor
2022-02-07,DRREDDY,EXIT,exposure_floor
2022-02-07,EICHERMOT,EXIT,exposure_floor
2022-02-07,GRASIM,REDUCE,exposure_floor
2022-02-07,HCLTECH,EXIT,exposure_floor
2022-02-07,HDFCBANK,EXIT,exposure_floor
2022-02-07,HDFCLIFE,EXIT,exposure_floor
2022-02-07,HINDUNILVR,EXIT,exposure_floor
2022-02-07,INFY,REDUCE,exposure_floor
2022-02-07,INDIGO,REDUCE,exposure_floor
2022-02-07,JSWSTEEL,EXIT,exposure_floor
2022-02-07,KOTAKBANK,EXIT,exposure_floor
2022-02-07,M&M,REDUCE,exposure_floor
2022-02-07,MAXHEALTH,EXIT,exposure_floor
2022-02-07,NESTLEIND,EXIT,exposure_floor
2022-02-07,RELIANCE,EXIT,exposure_floor
2022-02-07,SHRIRAMFIN,EXIT,exposure_floor
2022-02-07,TATASTEEL,EXIT,exposure_floor
2022-02-07,TECHM,EXIT,exposure_floor
2022-02-07,TRENT,REDUCE,exposure_floor
2022-02-07,WIPRO,EXIT,exposure_floor
2022-02-08,ADANIPORTS,EXIT,exposure_floor
2022-02-08,APOLLOHOSP,EXIT,exposure_floor
2022-02-08,ASIANPAINT,REDUCE,exposure_floor
2022-02-08,BAJFINANCE,REDUCE,exposure_floor
2022-02-08,BAJAJFINSV,EXIT,exposure_floor
2022-02-08,BEL,REDUCE,exposure_floor
2022-02-08,CIPLA,REDUCE,exposure_floor
2022-02-08,DRREDDY,EXIT,exposure_floor
2022-02-08,EICHERMOT,EXIT,exposure_floor
2022-02-08,GRASIM,REDUCE,exposure_floor
2022-02-08,HCLTECH,EXIT,exposure_floor
2022-02-08,HDFCBANK,EXIT,exposure_floor
2022-02-08,HDFCLIFE,EXIT,exposure_floor
2022-02-08,HINDUNILVR,EXIT,exposure_floor
2022-02-08,INFY,REDUCE,exposure_floor
2022-02-08,JSWSTEEL,EXIT,exposure_floor
2022-02-08,KOTAKBANK,EXIT,exposure_floor
2022-02-08,M&M,REDUCE,exposure_floor
2022-02-08,MAXHEALTH,EXIT,exposure_floor
2022-02-08,NESTLEIND,EXIT,exposure_floor
2022-02-08,RELIANCE,EXIT,exposure_floor
2022-02-08,SBILIFE,REDUCE,exposure_floor
2022-02-08,SHRIRAMFIN,EXIT,exposure_floor
2022-02-08,TATASTEEL,EXIT,exposure_floor
2022-02-08,TECHM,EXIT,exposure_floor
2022-02-08,TRENT,REDUCE,exposure_floor
2022-02-08,WIPRO,EXIT,exposure_floor
2022-02-09,ADANIPORTS,EXIT,exposure_floor
2022-02-09,APOLLOHOSP,EXIT,exposure_floor
2022-02-09,ASIANPAINT,REDUCE,exposure_floor
2022-02-09,BAJFINANCE,REDUCE,exposure_floor
2022-02-09,BAJAJFINSV,EXIT,exposure_floor
2022-02-09,BEL,REDUCE,exposure_floor
2022-02-09,CIPLA,REDUCE,exposure_floor
2022-02-09,DRREDDY,EXIT,exposure_floor
2022-02-09,EICHERMOT,EXIT,exposure_floor
2022-02-09,HCLTECH,EXIT,exposure_floor
2022-02-09,HDFCBANK,EXIT,exposure_floor
2022-02-09,HDFCLIFE,EXIT,exposure_floor
2022-02-09,HINDUNILVR,EXIT,exposure_floor
2022-02-09,INFY,REDUCE,exposure_floor
2022-02-09,JSWSTEEL,EXIT,exposure_floor
2022-02-09,KOTAKBANK,EXIT,exposure_floor
2022-02-09,M&M,REDUCE,exposure_floor
2022-02-09,MAXHEALTH,EXIT,exposure_floor
2022-02-09,NESTLEIND,EXIT,exposure_floor
2022-02-09,RELIANCE,EXIT,exposure_floor
2022-02-09,SBILIFE,REDUCE,exposure_floor
2022-02-09,SHRIRAMFIN,EXIT,exposure_floor
2022-02-09,TATASTEEL,EXIT,exposure_floor
2022-02-09,TECHM,EXIT,exposure_floor
2022-02-09,WIPRO,EXIT,exposure_floor
2022-02-10,ADANIPORTS,EXIT,exposure_floor
2022-02-10,APOLLOHOSP,EXIT,exposure_floor
2022-02-10,ASIANPAINT,REDUCE,exposure_floor
2022-02-10,BAJFINANCE,REDUCE,exposure_floor
2022-02-10,BAJAJFINSV,EXIT,exposure_floor
2022-02-10,BEL,REDUCE,exposure_floor
2022-02-10,CIPLA,REDUCE,exposure_floor
2022-02-10,DRREDDY,EXIT,exposure_floor
2022-02-10,EICHERMOT,REDUCE,exposure_floor
2022-02-10,HCLTECH,EXIT,exposure_floor
2022-02-10,HDFCBANK,EXIT,exposure_floor
2022-02-10,HDFCLIFE,EXIT,exposure_floor
2022-02-10,HINDUNILVR,EXIT,exposure_floor
2022-02-10,INFY,REDUCE,exposure_floor
2022-02-10,JSWSTEEL,EXIT,exposure_floor
2022-02-10,KOTAKBANK,EXIT,exposure_floor
2022-02-10,M&M,REDUCE,exposure_floor
2022-02-10,MAXHEALTH,EXIT,exposure_floor
2022-02-10,NESTLEIND,EXIT,exposure_floor
2022-02-10,RELIANCE,EXIT,exposure_floor
2022-02-10,SBILIFE,REDUCE,exposure_floor
2022-02-10,SHRIRAMFIN,EXIT,exposure_floor
2022-02-10,TATASTEEL,REDUCE,exposure_floor
2022-02-10,TECHM,EXIT,exposure_floor
2022-02-10,WIPRO,EXIT,exposure_floor
2022-02-11,ADANIPORTS,EXIT,exposure_floor
2022-02-11,APOLLOHOSP,EXIT,exposure_floor
2022-02-11,ASIANPAINT,REDUCE,exposure_floor
2022-02-11,BAJFINANCE,REDUCE,exposure_floor
2022-02-11,BAJAJFINSV,EXIT,exposure_floor
2022-02-11,BEL,REDUCE,exposure_floor
2022-02-11,CIPLA,REDUCE,exposure_floor
2022-02-11,DRREDDY,EXIT,exposure_floor
2022-02-11,EICHERMOT,EXIT,exposure_floor
2022-02-11,GRASIM,REDUCE,exposure_floor
2022-02-11,HCLTECH,EXIT,exposure_floor
2022-02-11,HDFCLIFE,EXIT,exposure_floor
2022-02-11,HINDUNILVR,EXIT,exposure_floor
2022-02-11,INFY,REDUCE,exposure_floor
2022-02-11,JSWSTEEL,EXIT,exposure_floor
2022-02-11,KOTAKBANK,EXIT,exposure_floor
2022-02-11,MAXHEALTH,EXIT,exposure_floor
2022-02-11,NESTLEIND,EXIT,exposure_floor
2022-02-11,RELIANCE,EXIT,exposure_floor
2022-02-11,SBILIFE,REDUCE,exposure_floor
2022-02-11,SHRIRAMFIN,EXIT,exposure_floor
2022-02-11,TATASTEEL,EXIT,exposure_floor
2022-02-11,TECHM,EXIT,exposure_floor
2022-02-11,WIPRO,EXIT,exposure_floor
2022-02-14,ADANIPORTS,EXIT,exposure_floor
2022-02-14,APOLLOHOSP,EXIT,exposure_floor
2022-02-14,ASIANPAINT,REDUCE,exposure_floor
2022-02-14,BAJFINANCE,EXIT,exposure_floor
2022-02-14,BAJAJFINSV,EXIT,exposure_floor
2022-02-14,BEL,REDUCE,exposure_floor
2022-02-14,BHARTIARTL,REDUCE,exposure_floor
2022-02-14,CIPLA,REDUCE,exposure_floor
2022-02-14,DRREDDY,EXIT,exposure_floor
2022-02-14,EICHERMOT,EXIT,exposure_floor
2022-02-14,GRASIM,REDUCE,exposure_floor
2022-02-14,HCLTECH,EXIT,exposure_floor
2022-02-14,HDFCBANK,EXIT,exposure_floor
2022-02-14,HDFCLIFE,EXIT,exposure_floor
2022-02-14,HINDUNILVR,EXIT,exposure_floor
2022-02-14,INFY,REDUCE,exposure_floor
2022-02-14,JSWSTEEL,EXIT,exposure_floor
2022-02-14,KOTAKBANK,EXIT,exposure_floor
2022-02-14,MAXHEALTH,EXIT,exposure_floor
2022-02-14,NESTLEIND,EXIT,exposure_floor
2022-02-14,RELIANCE,EXIT,exposure_floor
2022-02-14,SBILIFE,EXIT,exposure_floor
2022-02-14,SHRIRAMFIN,EXIT,exposure_floor
2022-02-14,TATASTEEL,EXIT,exposure_floor
2022-02-14,TECHM,EXIT,exposure_floor
2022-02-14,WIPRO,EXIT,exposure_floor
2022-02-15,ADANIPORTS,EXIT,exposure_floor
2022-02-15,APOLLOHOSP,EXIT,exposure_floor
2022-02-15,ASIANPAINT,REDUCE,exposure_floor
2022-02-15,BAJFINANCE,EXIT,exposure_floor
2022-02-15,BAJAJFINSV,EXIT,exposure_floor
2022-02-15,BEL,REDUCE,exposure_floor
2022-02-15,CIPLA,EXIT,exposure_floor
2022-02-15,DRREDDY,EXIT,exposure_floor
2022-02-15,EICHERMOT,REDUCE,exposure_floor
2022-02-15,GRASIM,REDUCE,exposure_floor
2022-02-15,HCLTECH,EXIT,exposure_floor
2022-02-15,HDFCBANK,EXIT,exposure_floor
2022-02-15,HDFCLIFE,EXIT,exposure_floor
2022-02-15,HINDUNILVR,EXIT,exposure_floor
2022-02-15,INFY,REDUCE,exposure_floor
2022-02-15,JSWSTEEL,EXIT,exposure_floor
2022-02-15,KOTAKBANK,EXIT,exposure_floor
2022-02-15,MAXHEALTH,EXIT,exposure_floor
2022-02-15,NESTLEIND,EXIT,exposure_floor
2022-02-15,RELIANCE,REDUCE,exposure_floor
2022-02-15,SBILIFE,EXIT,exposure_floor
2022-02-15,SHRIRAMFIN,EXIT,exposure_floor
2022-02-15,TATASTEEL,EXIT,exposure_floor
2022-02-15,TECHM,EXIT,exposure_floor
2022-02-15,WIPRO,EXIT,exposure_floor
2022-02-16,ADANIPORTS,EXIT,exposure_floor
2022-02-16,APOLLOHOSP,EXIT,exposure_floor
2022-02-16,ASIANPAINT,REDUCE,exposure_floor
2022-02-16,BAJFINANCE,EXIT,exposure_floor
2022-02-16,BAJAJFINSV,EXIT,exposure_floor
2022-02-16,BEL,REDUCE,exposure_floor
2022-02-16,CIPLA,REDUCE,exposure_floor
2022-02-16,DRREDDY,EXIT,exposure_floor
2022-02-16,EICHERMOT,REDUCE,exposure_floor
2022-02-16,GRASIM,REDUCE,exposure_floor
2022-02-16,HCLTECH,EXIT,exposure_floor
2022-02-16,HDFCBANK,EXIT,exposure_floor
2022-02-16,HDFCLIFE,EXIT,exposure_floor
2022-02-16,HINDUNILVR,EXIT,exposure_floor
2022-02-16,INFY,REDUCE,exposure_floor
2022-02-16,JSWSTEEL,EXIT,exposure_floor
2022-02-16,KOTAKBANK,EXIT,exposure_floor
2022-02-16,MAXHEALTH,EXIT,exposure_floor
2022-02-16,NESTLEIND,EXIT,exposure_floor
2022-02-16,SBILIFE,EXIT,exposure_floor
2022-02-16,SHRIRAMFIN,EXIT,exposure_floor
2022-02-16,TATASTEEL,EXIT,exposure_floor
2022-02-16,TECHM,EXIT,exposure_floor
2022-02-16,WIPRO,EXIT,exposure_floor
2022-02-17,ADANIPORTS,EXIT,exposure_floor
2022-02-17,APOLLOHOSP,EXIT,exposure_floor
2022-02-17,ASIANPAINT,REDUCE,exposure_floor
2022-02-17,BAJFINANCE,EXIT,exposure_floor
2022-02-17,BAJAJFINSV,EXIT,exposure_floor
2022-02-17,BEL,REDUCE,exposure_floor
2022-02-17,CIPLA,REDUCE,exposure_floor
2022-02-17,DRREDDY,EXIT,exposure_floor
2022-02-17,EICHERMOT,REDUCE,exposure_floor
2022-02-17,GRASIM,REDUCE,exposure_floor
2022-02-17,HCLTECH,EXIT,exposure_floor
2022-02-17,HDFCBANK,EXIT,exposure_floor
2022-02-17,HDFCLIFE,EXIT,exposure_floor
2022-02-17,HINDUNILVR,EXIT,exposure_floor
2022-02-17,INFY,REDUCE,exposure_floor
2022-02-17,JSWSTEEL,EXIT,exposure_floor
2022-02-17,KOTAKBANK,EXIT,exposure_floor
2022-02-17,MAXHEALTH,EXIT,exposure_floor
2022-02-17,NESTLEIND,EXIT,exposure_floor
2022-02-17,SBILIFE,EXIT,exposure_floor
2022-02-17,SHRIRAMFIN,EXIT,exposure_floor
2022-02-17,TATASTEEL,EXIT,exposure_floor
2022-02-17,TECHM,EXIT,exposure_floor
2022-02-17,WIPRO,EXIT,exposure_floor
2022-02-18,ADANIPORTS,EXIT,exposure_floor
2022-02-18,APOLLOHOSP,EXIT,exposure_floor
2022-02-18,ASIANPAINT,REDUCE,exposure_floor
2022-02-18,BAJFINANCE,EXIT,exposure_floor
2022-02-18,BAJAJFINSV,EXIT,exposure_floor
2022-02-18,BEL,REDUCE,exposure_floor
2022-02-18,CIPLA,EXIT,exposure_floor
2022-02-18,DRREDDY,EXIT,exposure_floor
2022-02-18,EICHERMOT,REDUCE,exposure_floor
2022-02-18,GRASIM,REDUCE,exposure_floor
2022-02-18,HCLTECH,EXIT,exposure_floor
2022-02-18,HDFCBANK,EXIT,exposure_floor
2022-02-18,HDFCLIFE,EXIT,exposure_floor
2022-02-18,HINDUNILVR,EXIT,exposure_floor
2022-02-18,INFY,REDUCE,exposure_floor
2022-02-18,JSWSTEEL,EXIT,exposure_floor
2022-02-18,KOTAKBANK,EXIT,exposure_floor
2022-02-18,MAXHEALTH,EXIT,exposure_floor
2022-02-18,NESTLEIND,EXIT,exposure_floor
2022-02-18,SBILIFE,EXIT,exposure_floor
2022-02-18,SHRIRAMFIN,EXIT,exposure_floor
2022-02-18,TATASTEEL,EXIT,exposure_floor
2022-02-18,TECHM,EXIT,exposure_floor
2022-02-18,WIPRO,EXIT,exposure_floor
2022-02-21,ADANIPORTS,EXIT,exposure_floor
2022-02-21,APOLLOHOSP,EXIT,exposure_floor
2022-02-21,ASIANPAINT,REDUCE,exposure_floor
2022-02-21,BAJFINANCE,EXIT,exposure_floor
2022-02-21,BAJAJFINSV,EXIT,exposure_floor
2022-02-21,BEL,REDUCE,exposure_floor
2022-02-21,CIPLA,EXIT,exposure_floor
2022-02-21,DRREDDY,EXIT,exposure_floor
2022-02-21,EICHERMOT,REDUCE,exposure_floor
2022-02-21,GRASIM,REDUCE,exposure_floor
2022-02-21,HCLTECH,EXIT,exposure_floor
2022-02-21,HDFCLIFE,EXIT,exposure_floor
2022-02-21,HINDUNILVR,EXIT,exposure_floor
2022-02-21,INFY,REDUCE,exposure_floor
2022-02-21,JSWSTEEL,EXIT,exposure_floor
2022-02-21,KOTAKBANK,EXIT,exposure_floor
2022-02-21,MAXHEALTH,EXIT,exposure_floor
2022-02-21,NESTLEIND,EXIT,exposure_floor
2022-02-21,SBILIFE,EXIT,exposure_floor
2022-02-21,SHRIRAMFIN,EXIT,exposure_floor
2022-02-21,TATASTEEL,EXIT,exposure_floor
2022-02-21,TECHM,EXIT,exposure_floor
2022-02-21,WIPRO,EXIT,exposure_floor
2022-02-22,ADANIPORTS,EXIT,exposure_floor
2022-02-22,APOLLOHOSP,EXIT,exposure_floor
2022-02-22,ASIANPAINT,REDUCE,exposure_floor
2022-02-22,BAJFINANCE,EXIT,exposure_floor
2022-02-22,BAJAJFINSV,EXIT,exposure_floor
2022-02-22,BEL,REDUCE,exposure_floor
2022-02-22,CIPLA,EXIT,exposure_floor
2022-02-22,DRREDDY,EXIT,exposure_floor
2022-02-22,EICHERMOT,REDUCE,exposure_floor
2022-02-22,GRASIM,REDUCE,exposure_floor
2022-02-22,HCLTECH,EXIT,exposure_floor
2022-02-22,HDFCBANK,EXIT,exposure_floor
2022-02-22,HDFCLIFE,EXIT,exposure_floor
2022-02-22,HINDUNILVR,EXIT,exposure_floor
2022-02-22,ITC,EXIT,exposure_floor
2022-02-22,INFY,REDUCE,exposure_floor
2022-02-22,JSWSTEEL,EXIT,exposure_floor
2022-02-22,KOTAKBANK,EXIT,exposure_floor
2022-02-22,MAXHEALTH,EXIT,exposure_floor
2022-02-22,NESTLEIND,EXIT,exposure_floor
2022-02-22,SBILIFE,EXIT,exposure_floor
2022-02-22,SHRIRAMFIN,EXIT,exposure_floor
2022-02-22,TATASTEEL,EXIT,exposure_floor
2022-02-22,TECHM,EXIT,exposure_floor
2022-02-22,WIPRO,EXIT,exposure_floor
2022-02-23,ADANIPORTS,EXIT,exposure_floor
2022-02-23,APOLLOHOSP,EXIT,exposure_floor
2022-02-23,ASIANPAINT,REDUCE,exposure_floor
2022-02-23,BAJFINANCE,EXIT,exposure_floor
2022-02-23,BAJAJFINSV,EXIT,exposure_floor
2022-02-23,BEL,REDUCE,exposure_floor
2022-02-23,CIPLA,EXIT,exposure_floor
2022-02-23,DRREDDY,EXIT,exposure_floor
2022-02-23,EICHERMOT,REDUCE,exposure_floor
2022-02-23,GRASIM,REDUCE,exposure_floor
2022-02-23,HCLTECH,EXIT,exposure_floor
2022-02-23,HDFCBANK,EXIT,exposure_floor
2022-02-23,HDFCLIFE,EXIT,exposure_floor
2022-02-23,HINDUNILVR,EXIT,exposure_floor
2022-02-23,ITC,EXIT,exposure_floor
2022-02-23,INFY,REDUCE,exposure_floor
2022-02-23,JSWSTEEL,EXIT,exposure_floor
2022-02-23,KOTAKBANK,REDUCE,exposure_floor
2022-02-23,MAXHEALTH,EXIT,exposure_floor
2022-02-23,NESTLEIND,EXIT,exposure_floor
2022-02-23,SBILIFE,EXIT,exposure_floor
2022-02-23,SHRIRAMFIN,EXIT,exposure_floor
2022-02-23,TATASTEEL,EXIT,exposure_floor
2022-02-23,TECHM,EXIT,exposure_floor
2022-02-23,WIPRO,EXIT,exposure_floor
2022-02-24,ADANIENT,EXIT,exposure_floor
2022-02-24,ADANIPORTS,EXIT,exposure_floor
2022-02-24,APOLLOHOSP,EXIT,exposure_floor
2022-02-24,ASIANPAINT,EXIT,exposure_floor
2022-02-24,AXISBANK,EXIT,exposure_floor
2022-02-24,BAJFINANCE,EXIT,exposure_floor
2022-02-24,BAJAJFINSV,EXIT,exposure_floor
2022-02-24,BEL,EXIT,exposure_floor
2022-02-24,CIPLA,EXIT,exposure_floor
2022-02-24,COALINDIA,EXIT,exposure_floor
2022-02-24,DRREDDY,EXIT,exposure_floor
2022-02-24,EICHERMOT,EXIT,exposure_floor
2022-02-24,GRASIM,EXIT,exposure_floor
2022-02-24,HCLTECH,EXIT,exposure_floor
2022-02-24,HDFCBANK,EXIT,exposure_floor
2022-02-24,HDFCLIFE,EXIT,exposure_floor
2022-02-24,HINDUNILVR,EXIT,exposure_floor
2022-02-24,ICICIBANK,EXIT,exposure_floor
2022-02-24,ITC,EXIT,exposure_floor
2022-02-24,INFY,REDUCE,exposure_floor
2022-02-24,INDIGO,EXIT,exposure_floor
2022-02-24,JSWSTEEL,EXIT,exposure_floor
2022-02-24,KOTAKBANK,EXIT,exposure_floor
2022-02-24,LT,EXIT,exposure_floor
2022-02-24,M&M,EXIT,exposure_floor
2022-02-24,MAXHEALTH,EXIT,exposure_floor
2022-02-24,NESTLEIND,EXIT,exposure_floor
2022-02-24,RELIANCE,EXIT,exposure_floor
2022-02-24,SBILIFE,EXIT,exposure_floor
2022-02-24,SHRIRAMFIN,EXIT,exposure_floor
2022-02-24,TCS,EXIT,exposure_floor
2022-02-24,TATASTEEL,EXIT,exposure_floor
2022-02-24,TECHM,EXIT,exposure_floor
2022-02-24,WIPRO,EXIT,exposure_floor
2022-02-25,ADANIENT,EXIT,exposure_floor
2022-02-25,ADANIPORTS,EXIT,exposure_floor
2022-02-25,APOLLOHOSP,EXIT,exposure_floor
2022-02-25,ASIANPAINT,EXIT,exposure_floor
2022-02-25,BAJFINANCE,EXIT,exposure_floor
2022-02-25,BAJAJFINSV,EXIT,exposure_floor
2022-02-25,BEL,EXIT,exposure_floor
2022-02-25,CIPLA,EXIT,exposure_floor
2022-02-25,COALINDIA,REDUCE,exposure_floor
2022-02-25,DRREDDY,EXIT,exposure_floor
2022-02-25,EICHERMOT,EXIT,exposure_floor
2022-02-25,GRASIM,EXIT,exposure_floor
2022-02-25,HCLTECH,EXIT,exposure_floor
2022-02-25,HDFCBANK,EXIT,exposure_floor
2022-02-25,HDFCLIFE,EXIT,exposure_floor
2022-02-25,HINDUNILVR,EXIT,exposure_floor
2022-02-25,ICICIBANK,EXIT,exposure_floor
2022-02-25,ITC,EXIT,exposure_floor
2022-02-25,INFY,REDUCE,exposure_floor
2022-02-25,INDIGO,EXIT,exposure_floor
2022-02-25,JSWSTEEL,EXIT,exposure_floor
2022-02-25,KOTAKBANK,EXIT,exposure_floor
2022-02-25,LT,EXIT,exposure_floor
2022-02-25,M&M,EXIT,exposure_floor
2022-02-25,MAXHEALTH,EXIT,exposure_floor
2022-02-25,NESTLEIND,EXIT,exposure_floor
2022-02-25,RELIANCE,EXIT,exposure_floor
2022-02-25,SBILIFE,EXIT,exposure_floor
2022-02-25,SHRIRAMFIN,EXIT,exposure_floor
2022-02-25,TCS,EXIT,exposure_floor
2022-02-25,TATASTEEL,EXIT,exposure_floor
2022-02-25,TECHM,EXIT,exposure_floor
2022-02-25,WIPRO,EXIT,exposure_floor
2022-02-28,ADANIENT,EXIT,exposure_floor
2022-02-28,ADANIPORTS,EXIT,exposure_floor
2022-02-28,APOLLOHOSP,REDUCE,exposure_floor
2022-02-28,ASIANPAINT,EXIT,exposure_floor
2022-02-28,AXISBANK,EXIT,exposure_floor
2022-02-28,BAJFINANCE,EXIT,exposure_floor
2022-02-28,BAJAJFINSV,EXIT,exposure_floor
2022-02-28,BEL,REDUCE,exposure_floor
2022-02-28,CIPLA,EXIT,exposure_floor
2022-02-28,DRREDDY,EXIT,exposure_floor
2022-02-28,EICHERMOT,EXIT,exposure_floor
2022-02-28,GRASIM,EXIT,exposure_floor
2022-02-28,HCLTECH,EXIT,exposure_floor
2022-02-28,HDFCBANK,EXIT,exposure_floor
2022-02-28,HDFCLIFE,EXIT,exposure_floor
2022-02-28,HINDUNILVR,EXIT,exposure_floor
2022-02-28,ICICIBANK,EXIT,exposure_floor
2022-02-28,ITC,EXIT,exposure_floor
2022-02-28,INFY,REDUCE,exposure_floor
2022-02-28,INDIGO,EXIT,exposure_floor
2022-02-28,JSWSTEEL,EXIT,exposure_floor
2022-02-28,KOTAKBANK,EXIT,exposure_floor
2022-02-28,LT,EXIT,exposure_floor
2022-02-28,M&M,EXIT,exposure_floor
2022-02-28,MAXHEALTH,EXIT,exposure_floor
2022-02-28,NESTLEIND,EXIT,exposure_floor
2022-02-28,RELIANCE,EXIT,exposure_floor
2022-02-28,SBILIFE,EXIT,exposure_floor
2022-02-28,SHRIRAMFIN,EXIT,exposure_floor
2022-02-28,TCS,EXIT,exposure_floor
2022-02-28,TATASTEEL,EXIT,exposure_floor
2022-02-28,TECHM,EXIT,exposure_floor
2022-02-28,WIPRO,EXIT,exposure_floor
2022-03-02,ADANIENT,EXIT,exposure_floor
2022-03-02,ADANIPORTS,EXIT,exposure_floor
2022-03-02,APOLLOHOSP,EXIT,exposure_floor
2022-03-02,ASIANPAINT,EXIT,exposure_floor
2022-03-02,BAJFINANCE,EXIT,exposure_floor
2022-03-02,BAJAJFINSV,EXIT,exposure_floor
2022-03-02,CIPLA,EXIT,exposure_floor
2022-03-02,DRREDDY,EXIT,exposure_floor
2022-03-02,EICHERMOT,EXIT,exposure_floor
2022-03-02,GRASIM,EXIT,exposure_floor
2022-03-02,HCLTECH,EXIT,exposure_floor
2022-03-02,HDFCBANK,EXIT,exposure_floor
2022-03-02,HDFCLIFE,EXIT,exposure_floor
2022-03-02,HINDUNILVR,EXIT,exposure_floor
2022-03-02,ICICIBANK,EXIT,exposure_floor
2022-03-02,ITC,EXIT,exposure_floor
2022-03-02,INFY,REDUCE,exposure_floor
2022-03-02,INDIGO,EXIT,exposure_floor
2022-03-02,JSWSTEEL,EXIT,exposure_floor
2022-03-02,KOTAKBANK,EXIT,exposure_floor
2022-03-02,LT,EXIT,exposure_floor
2022-03-02,M&M,EXIT,exposure_floor
2022-03-02,MAXHEALTH,EXIT,exposure_floor
2022-03-02,NESTLEIND,EXIT,exposure_floor
2022-03-02,RELIANCE,EXIT,exposure_floor
2022-03-02,SBILIFE,EXIT,exposure_floor
2022-03-02,SHRIRAMFIN,EXIT,exposure_floor
2022-03-02,TCS,EXIT,exposure_floor
2022-03-02,TATASTEEL,REDUCE,exposure_floor
2022-03-02,TECHM,EXIT,exposure_floor
2022-03-02,WIPRO,EXIT,exposure_floor
2022-03-03,ADANIENT,EXIT,exposure_floor
2022-03-03,ADANIPORTS,EXIT,exposure_floor
2022-03-03,APOLLOHOSP,REDUCE,exposure_floor
2022-03-03,ASIANPAINT,EXIT,exposure_floor
2022-03-03,AXISBANK,EXIT,exposure_floor
2022-03-03,BAJFINANCE,EXIT,exposure_floor
2022-03-03,BAJAJFINSV,EXIT,exposure_floor
2022-03-03,CIPLA,REDUCE,exposure_floor
2022-03-03,DRREDDY,EXIT,exposure_floor
2022-03-03,EICHERMOT,EXIT,exposure_floor
2022-03-03,GRASIM,EXIT,exposure_floor
2022-03-03,HCLTECH,EXIT,exposure_floor
2022-03-03,HDFCBANK,EXIT,exposure_floor
2022-03-03,HDFCLIFE,EXIT,exposure_floor
2022-03-03,HINDUNILVR,EXIT,exposure_floor
2022-03-03,ICICIBANK,EXIT,exposure_floor
2022-03-03,ITC,REDUCE,exposure_floor
2022-03-03,INFY,REDUCE,exposure_floor
2022-03-03,INDIGO,EXIT,exposure_floor
2022-03-03,JSWSTEEL,EXIT,exposure_floor
2022-03-03,KOTAKBANK,EXIT,exposure_floor
2022-03-03,LT,EXIT,exposure_floor
2022-03-03,M&M,EXIT,exposure_floor
2022-03-03,MARUTI,EXIT,exposure_floor
2022-03-03,MAXHEALTH,EXIT,exposure_floor
2022-03-03,NESTLEIND,EXIT,exposure_floor
2022-03-03,RELIANCE,EXIT,exposure_floor
2022-03-03,SBILIFE,EXIT,exposure_floor
2022-03-03,SHRIRAMFIN,EXIT,exposure_floor
2022-03-03,TCS,EXIT,exposure_floor
2022-03-03,TATASTEEL,REDUCE,exposure_floor
2022-03-03,TECHM,EXIT,exposure_floor
2022-03-03,WIPRO,EXIT,exposure_floor
2022-03-04,ADANIENT,EXIT,exposure_floor
2022-03-04,ADANIPORTS,EXIT,exposure_floor
2022-03-04,APOLLOHOSP,EXIT,exposure_floor
2022-03-04,ASIANPAINT,EXIT,exposure_floor
2022-03-04,AXISBANK,EXIT,exposure_floor
2022-03-04,BAJFINANCE,EXIT,exposure_floor
2022-03-04,BAJAJFINSV,EXIT,exposure_floor
2022-03-04,CIPLA,REDUCE,exposure_floor
2022-03-04,DRREDDY,EXIT,exposure_floor
2022-03-04,EICHERMOT,EXIT,exposure_floor
2022-03-04,GRASIM,EXIT,exposure_floor
2022-03-04,HCLTECH,EXIT,exposure_floor
2022-03-04,HDFCBANK,EXIT,exposure_floor
2022-03-04,HDFCLIFE,EXIT,exposure_floor
2022-03-04,HINDUNILVR,EXIT,exposure_floor
2022-03-04,ICICIBANK,EXIT,exposure_floor
2022-03-04,INFY,REDUCE,exposure_floor
2022-03-04,INDIGO,EXIT,exposure_floor
2022-03-04,JSWSTEEL,EXIT,exposure_floor
2022-03-04,KOTAKBANK,EXIT,exposure_floor
2022-03-04,LT,EXIT,exposure_floor
2022-03-04,M&M,EXIT,exposure_floor
2022-03-04,MARUTI,EXIT,exposure_floor
2022-03-04,MAXHEALTH,EXIT,exposure_floor
2022-03-04,NESTLEIND,EXIT,exposure_floor
2022-03-04,RELIANCE,EXIT,exposure_floor
2022-03-04,SBILIFE,EXIT,exposure_floor
2022-03-04,SHRIRAMFIN,EXIT,exposure_floor
2022-03-04,SBIN,EXIT,exposure_floor
2022-03-04,TCS,EXIT,exposure_floor
2022-03-04,TATASTEEL,EXIT,exposure_floor
2022-03-04,TECHM,EXIT,exposure_floor
2022-03-04,WIPRO,EXIT,exposure_floor
2022-03-07,ADANIENT,EXIT,exposure_floor
2022-03-07,ADANIPORTS,EXIT,exposure_floor
2022-03-07,APOLLOHOSP,EXIT,exposure_floor
2022-03-07,ASIANPAINT,EXIT,exposure_floor
2022-03-07,AXISBANK,EXIT,exposure_floor
2022-03-07,BAJFINANCE,EXIT,exposure_floor
2022-03-07,BAJAJFINSV,EXIT,exposure_floor
2022-03-07,CIPLA,REDUCE,exposure_floor
2022-03-07,DRREDDY,EXIT,exposure_floor
2022-03-07,EICHERMOT,EXIT,exposure_floor
2022-03-07,GRASIM,EXIT,exposure_floor
2022-03-07,HCLTECH,EXIT,exposure_floor
2022-03-07,HDFCBANK,EXIT,exposure_floor
2022-03-07,HDFCLIFE,EXIT,exposure_floor
2022-03-07,HINDUNILVR,EXIT,exposure_floor
2022-03-07,ICICIBANK,EXIT,exposure_floor
2022-03-07,INFY,REDUCE,exposure_floor
2022-03-07,INDIGO,EXIT,exposure_floor
2022-03-07,JSWSTEEL,EXIT,exposure_floor
2022-03-07,KOTAKBANK,EXIT,exposure_floor
2022-03-07,LT,EXIT,exposure_floor
2022-03-07,M&M,EXIT,exposure_floor
2022-03-07,MARUTI,EXIT,exposure_floor
2022-03-07,MAXHEALTH,EXIT,exposure_floor
2022-03-07,NESTLEIND,EXIT,exposure_floor
2022-03-07,RELIANCE,EXIT,exposure_floor
2022-03-07,SBILIFE,EXIT,exposure_floor
2022-03-07,SHRIRAMFIN,EXIT,exposure_floor
2022-03-07,SBIN,EXIT,exposure_floor
2022-03-07,TCS,EXIT,exposure_floor
2022-03-07,TATASTEEL,REDUCE,exposure_floor
2022-03-07,TECHM,EXIT,exposure_floor
2022-03-07,WIPRO,EXIT,exposure_floor
2022-03-08,ADANIENT,EXIT,exposure_floor
2022-03-08,ADANIPORTS,EXIT,exposure_floor
2022-03-08,APOLLOHOSP,REDUCE,exposure_floor
2022-03-08,ASIANPAINT,EXIT,exposure_floor
2022-03-08,AXISBANK,EXIT,exposure_floor
2022-03-08,BAJFINANCE,EXIT,exposure_floor
2022-03-08,BAJAJFINSV,EXIT,exposure_floor
2022-03-08,CIPLA,REDUCE,exposure_floor
2022-03-08,DRREDDY,EXIT,exposure_floor
2022-03-08,EICHERMOT,EXIT,exposure_floor
2022-03-08,GRASIM,EXIT,exposure_floor
2022-03-08,HCLTECH,EXIT,exposure_floor
2022-03-08,HDFCBANK,EXIT,exposure_floor
2022-03-08,HDFCLIFE,EXIT,exposure_floor
2022-03-08,HINDUNILVR,EXIT,exposure_floor
2022-03-08,ICICIBANK,EXIT,exposure_floor
2022-03-08,INFY,REDUCE,exposure_floor
2022-03-08,INDIGO,EXIT,exposure_floor
2022-03-08,JSWSTEEL,EXIT,exposure_floor
2022-03-08,KOTAKBANK,EXIT,exposure_floor
2022-03-08,LT,EXIT,exposure_floor
2022-03-08,M&M,EXIT,exposure_floor
2022-03-08,MARUTI,EXIT,exposure_floor
2022-03-08,MAXHEALTH,EXIT,exposure_floor
2022-03-08,NESTLEIND,EXIT,exposure_floor
2022-03-08,RELIANCE,EXIT,exposure_floor
2022-03-08,SBILIFE,EXIT,exposure_floor
2022-03-08,SHRIRAMFIN,EXIT,exposure_floor
2022-03-08,SBIN,EXIT,exposure_floor
2022-03-08,TCS,EXIT,exposure_floor
2022-03-08,TATASTEEL,EXIT,exposure_floor
2022-03-08,TECHM,EXIT,exposure_floor
2022-03-08,WIPRO,EXIT,exposure_floor
2022-03-09,ADANIENT,EXIT,exposure_floor
2022-03-09,ADANIPORTS,EXIT,exposure_floor
2022-03-09,APOLLOHOSP,EXIT,exposure_floor
2022-03-09,ASIANPAINT,EXIT,exposure_floor
2022-03-09,AXISBANK,EXIT,exposure_floor
2022-03-09,BAJFINANCE,EXIT,exposure_floor
2022-03-09,BAJAJFINSV,EXIT,exposure_floor
2022-03-09,CIPLA,REDUCE,exposure_floor
2022-03-09,DRREDDY,EXIT,exposure_floor
2022-03-09,EICHERMOT,EXIT,exposure_floor
2022-03-09,GRASIM,EXIT,exposure_floor
2022-03-09,HCLTECH,EXIT,exposure_floor
2022-03-09,HDFCBANK,EXIT,exposure_floor
2022-03-09,HDFCLIFE,EXIT,exposure_floor
2022-03-09,HINDUNILVR,EXIT,exposure_floor
2022-03-09,ICICIBANK,EXIT,exposure_floor
2022-03-09,INDIGO,EXIT,exposure_floor
2022-03-09,JSWSTEEL,EXIT,exposure_floor
2022-03-09,KOTAKBANK,EXIT,exposure_floor
2022-03-09,LT,EXIT,exposure_floor
2022-03-09,M&M,EXIT,exposure_floor
2022-03-09,MARUTI,EXIT,exposure_floor
2022-03-09,MAXHEALTH,EXIT,exposure_floor
2022-03-09,NESTLEIND,EXIT,exposure_floor
2022-03-09,RELIANCE,EXIT,exposure_floor
2022-03-09,SBILIFE,EXIT,exposure_floor
2022-03-09,SHRIRAMFIN,EXIT,exposure_floor
2022-03-09,SBIN,EXIT,exposure_floor
2022-03-09,TCS,EXIT,exposure_floor
2022-03-09,TATASTEEL,REDUCE,exposure_floor
2022-03-09,TECHM,EXIT,exposure_floor
2022-03-09,WIPRO,EXIT,exposure_floor
2022-03-10,ADANIENT,REDUCE,exposure_floor
2022-03-10,ADANIPORTS,EXIT,exposure_floor
2022-03-10,APOLLOHOSP,REDUCE,exposure_floor
2022-03-10,ASIANPAINT,EXIT,exposure_floor
2022-03-10,AXISBANK,EXIT,exposure_floor
2022-03-10,BAJFINANCE,EXIT,exposure_floor
2022-03-10,BAJAJFINSV,EXIT,exposure_floor
2022-03-10,CIPLA,REDUCE,exposure_floor
2022-03-10,DRREDDY,EXIT,exposure_floor
2022-03-10,EICHERMOT,EXIT,exposure_floor
2022-03-10,GRASIM,EXIT,exposure_floor
2022-03-10,HCLTECH,EXIT,exposure_floor
2022-03-10,HDFCBANK,EXIT,exposure_floor
2022-03-10,HDFCLIFE,EXIT,exposure_floor
2022-03-10,HINDUNILVR,EXIT,exposure_floor
2022-03-10,ICICIBANK,EXIT,exposure_floor
2022-03-10,INDIGO,EXIT,exposure_floor
2022-03-10,JSWSTEEL,EXIT,exposure_floor
2022-03-10,KOTAKBANK,EXIT,exposure_floor
2022-03-10,LT,EXIT,exposure_floor
2022-03-10,M&M,EXIT,exposure_floor
2022-03-10,MARUTI,EXIT,exposure_floor
2022-03-10,MAXHEALTH,EXIT,exposure_floor
2022-03-10,NESTLEIND,EXIT,exposure_floor
2022-03-10,RELIANCE,EXIT,exposure_floor
2022-03-10,SBILIFE,EXIT,exposure_floor
2022-03-10,SHRIRAMFIN,EXIT,exposure_floor
2022-03-10,SBIN,EXIT,exposure_floor
2022-03-10,TCS,EXIT,exposure_floor
2022-03-10,TATASTEEL,REDUCE,exposure_floor
2022-03-10,TECHM,EXIT,exposure_floor
2022-03-10,WIPRO,EXIT,exposure_floor
2022-03-11,ADANIPORTS,EXIT,exposure_floor
2022-03-11,APOLLOHOSP,EXIT,exposure_floor
2022-03-11,ASIANPAINT,EXIT,exposure_floor
2022-03-11,AXISBANK,EXIT,exposure_floor
2022-03-11,BAJFINANCE,EXIT,exposure_floor
2022-03-11,BAJAJFINSV,EXIT,exposure_floor
2022-03-11,DRREDDY,EXIT,exposure_floor
2022-03-11,EICHERMOT,EXIT,exposure_floor
2022-03-11,GRASIM,EXIT,exposure_floor
2022-03-11,HCLTECH,EXIT,exposure_floor
2022-03-11,HDFCBANK,EXIT,exposure_floor
2022-03-11,HDFCLIFE,EXIT,exposure_floor
2022-03-11,HINDUNILVR,EXIT,exposure_floor
2022-03-11,ICICIBANK,EXIT,exposure_floor
2022-03-11,INDIGO,EXIT,exposure_floor
2022-03-11,JSWSTEEL,EXIT,exposure_floor
2022-03-11,KOTAKBANK,EXIT,exposure_floor
2022-03-11,LT,EXIT,exposure_floor
2022-03-11,M&M,EXIT,exposure_floor
2022-03-11,MARUTI,EXIT,exposure_floor
2022-03-11,MAXHEALTH,EXIT,exposure_floor
2022-03-11,NESTLEIND,EXIT,exposure_floor
2022-03-11,RELIANCE,REDUCE,exposure_floor
2022-03-11,SBILIFE,EXIT,exposure_floor
2022-03-11,SHRIRAMFIN,EXIT,exposure_floor
2022-03-11,SBIN,EXIT,exposure_floor
2022-03-11,TCS,EXIT,exposure_floor
2022-03-11,TATASTEEL,REDUCE,exposure_floor
2022-03-11,TECHM,EXIT,exposure_floor
2022-03-11,WIPRO,EXIT,exposure_floor
2022-03-14,ADANIPORTS,EXIT,exposure_floor
2022-03-14,APOLLOHOSP,REDUCE,exposure_floor
2022-03-14,ASIANPAINT,EXIT,exposure_floor
2022-03-14,AXISBANK,EXIT,exposure_floor
2022-03-14,BAJFINANCE,EXIT,exposure_floor
2022-03-14,BAJAJFINSV,EXIT,exposure_floor
2022-03-14,DRREDDY,EXIT,exposure_floor
2022-03-14,EICHERMOT,EXIT,exposure_floor
2022-03-14,GRASIM,EXIT,exposure_floor
2022-03-14,HCLTECH,EXIT,exposure_floor
2022-03-14,HDFCBANK,EXIT,exposure_floor
2022-03-14,HDFCLIFE,EXIT,exposure_floor
2022-03-14,HINDUNILVR,EXIT,exposure_floor
2022-03-14,ICICIBANK,EXIT,exposure_floor
2022-03-14,INDIGO,EXIT,exposure_floor
2022-03-14,JSWSTEEL,EXIT,exposure_floor
2022-03-14,KOTAKBANK,EXIT,exposure_floor
2022-03-14,LT,EXIT,exposure_floor
2022-03-14,M&M,EXIT,exposure_floor
2022-03-14,MARUTI,EXIT,exposure_floor
2022-03-14,MAXHEALTH,EXIT,exposure_floor
2022-03-14,NESTLEIND,EXIT,exposure_floor
2022-03-14,SBILIFE,EXIT,exposure_floor
2022-03-14,SHRIRAMFIN,EXIT,exposure_floor
2022-03-14,SBIN,EXIT,exposure_floor
2022-03-14,TCS,EXIT,exposure_floor
2022-03-14,TATASTEEL,REDUCE,exposure_floor
2022-03-14,TECHM,EXIT,exposure_floor
2022-03-14,WIPRO,EXIT,exposure_floor
2022-03-15,ADANIPORTS,EXIT,exposure_floor
2022-03-15,APOLLOHOSP,EXIT,exposure_floor
2022-03-15,ASIANPAINT,EXIT,exposure_floor
2022-03-15,AXISBANK,EXIT,exposure_floor
2022-03-15,BAJFINANCE,EXIT,exposure_floor
2022-03-15,BAJAJFINSV,EXIT,exposure_floor
2022-03-15,DRREDDY,EXIT,exposure_floor
2022-03-15,EICHERMOT,EXIT,exposure_floor
2022-03-15,GRASIM,EXIT,exposure_floor
2022-03-15,HCLTECH,EXIT,exposure_floor
2022-03-15,HDFCBANK,EXIT,exposure_floor
2022-03-15,HDFCLIFE,EXIT,exposure_floor
2022-03-15,HINDUNILVR,EXIT,exposure_floor
2022-03-15,ICICIBANK,EXIT,exposure_floor
2022-03-15,INDIGO,EXIT,exposure_floor
2022-03-15,JSWSTEEL,EXIT,exposure_floor
2022-03-15,KOTAKBANK,EXIT,exposure_floor
2022-03-15,LT,EXIT,exposure_floor
2022-03-15,M&M,EXIT,exposure_floor
2022-03-15,MARUTI,EXIT,exposure_floor
2022-03-15,MAXHEALTH,EXIT,exposure_floor
2022-03-15,NESTLEIND,EXIT,exposure_floor
2022-03-15,SBILIFE,EXIT,exposure_floor
2022-03-15,SHRIRAMFIN,EXIT,exposure_floor
2022-03-15,SBIN,EXIT,exposure_floor
2022-03-15,TCS,EXIT,exposure_floor
2022-03-15,TATASTEEL,EXIT,exposure_floor
2022-03-15,TECHM,EXIT,exposure_floor
2022-03-15,WIPRO,EXIT,exposure_floor
2022-03-16,ADANIPORTS,EXIT,exposure_floor
2022-03-16,APOLLOHOSP,REDUCE,exposure_floor
2022-03-16,ASIANPAINT,EXIT,exposure_floor
2022-03-16,AXISBANK,EXIT,exposure_floor
2022-03-16,BAJFINANCE,EXIT,exposure_floor
2022-03-16,BAJAJFINSV,EXIT,exposure_floor
2022-03-16,DRREDDY,EXIT,exposure_floor
2022-03-16,EICHERMOT,EXIT,exposure_floor
2022-03-16,GRASIM,EXIT,exposure_floor
2022-03-16,HCLTECH,EXIT,exposure_floor
2022-03-16,HDFCBANK,EXIT,exposure_floor
2022-03-16,HDFCLIFE,EXIT,exposure_floor
2022-03-16,HINDUNILVR,EXIT,exposure_floor
2022-03-16,ICICIBANK,EXIT,exposure_floor
2022-03-16,INDIGO,EXIT,exposure_floor
2022-03-16,JSWSTEEL,EXIT,exposure_floor
2022-03-16,KOTAKBANK,EXIT,exposure_floor
2022-03-16,LT,EXIT,exposure_floor
2022-03-16,M&M,EXIT,exposure_floor
2022-03-16,MARUTI,EXIT,exposure_floor
2022-03-16,MAXHEALTH,EXIT,exposure_floor
2022-03-16,NESTLEIND,EXIT,exposure_floor
2022-03-16,SBILIFE,EXIT,exposure_floor
2022-03-16,SHRIRAMFIN,EXIT,exposure_floor
2022-03-16,SBIN,EXIT,exposure_floor
2022-03-16,TCS,EXIT,exposure_floor
2022-03-16,TATASTEEL,REDUCE,exposure_floor
2022-03-16,TECHM,EXIT,exposure_floor
2022-03-16,WIPRO,EXIT,exposure_floor
2022-03-17,APOLLOHOSP,EXIT,exposure_floor
2022-03-17,ASIANPAINT,EXIT,exposure_floor
2022-03-17,AXISBANK,EXIT,exposure_floor
2022-03-17,BAJFINANCE,EXIT,exposure_floor
2022-03-17,BAJAJFINSV,EXIT,exposure_floor
2022-03-17,DRREDDY,EXIT,exposure_floor
2022-03-17,EICHERMOT,EXIT,exposure_floor
2022-03-17,GRASIM,EXIT,exposure_floor
2022-03-17,HCLTECH,EXIT,exposure_floor
2022-03-17,HDFCBANK,EXIT,exposure_floor
2022-03-17,HDFCLIFE,EXIT,exposure_floor
2022-03-17,HINDUNILVR,EXIT,exposure_floor
2022-03-17,ICICIBANK,EXIT,exposure_floor
2022-03-17,INDIGO,EXIT,exposure_floor
2022-03-17,JSWSTEEL,REDUCE,exposure_floor
2022-03-17,KOTAKBANK,EXIT,exposure_floor
2022-03-17,LT,EXIT,exposure_floor
2022-03-17,M&M,EXIT,exposure_floor
2022-03-17,MARUTI,EXIT,exposure_floor
2022-03-17,MAXHEALTH,EXIT,exposure_floor
2022-03-17,NESTLEIND,EXIT,exposure_floor
2022-03-17,SBILIFE,EXIT,exposure_floor
2022-03-17,SHRIRAMFIN,EXIT,exposure_floor
2022-03-17,SBIN,EXIT,exposure_floor
2022-03-17,TCS,EXIT,exposure_floor
2022-03-17,TATASTEEL,REDUCE,exposure_floor
2022-03-17,WIPRO,EXIT,exposure_floor
2022-03-21,ADANIPORTS,EXIT,exposure_floor
2022-03-21,APOLLOHOSP,REDUCE,exposure_floor
2022-03-21,ASIANPAINT,EXIT,exposure_floor
2022-03-21,AXISBANK,EXIT,exposure_floor
2022-03-21,BAJFINANCE,EXIT,exposure_floor
2022-03-21,BAJAJFINSV,EXIT,exposure_floor
2022-03-21,DRREDDY,EXIT,exposure_floor
2022-03-21,EICHERMOT,EXIT,exposure_floor
2022-03-21,GRASIM,EXIT,exposure_floor
2022-03-21,HCLTECH,EXIT,exposure_floor
2022-03-21,HDFCBANK,EXIT,exposure_floor
2022-03-21,HDFCLIFE,EXIT,exposure_floor
2022-03-21,HINDUNILVR,EXIT,exposure_floor
2022-03-21,ICICIBANK,EXIT,exposure_floor
2022-03-21,INDIGO,EXIT,exposure_floor
2022-03-21,JSWSTEEL,REDUCE,exposure_floor
2022-03-21,KOTAKBANK,EXIT,exposure_floor
2022-03-21,LT,EXIT,exposure_floor
2022-03-21,M&M,EXIT,exposure_floor
2022-03-21,MARUTI,EXIT,exposure_floor
2022-03-21,MAXHEALTH,EXIT,exposure_floor
2022-03-21,NESTLEIND,EXIT,exposure_floor
2022-03-21,SBILIFE,EXIT,exposure_floor
2022-03-21,SHRIRAMFIN,EXIT,exposure_floor
2022-03-21,SBIN,EXIT,exposure_floor
2022-03-21,TCS,EXIT,exposure_floor
2022-03-21,TATACONSUM,EXIT,exposure_floor
2022-03-21,TATASTEEL,REDUCE,exposure_floor
2022-03-21,WIPRO,EXIT,exposure_floor
2022-03-22,APOLLOHOSP,EXIT,exposure_floor
2022-03-22,ASIANPAINT,EXIT,exposure_floor
2022-03-22,AXISBANK,EXIT,exposure_floor
2022-03-22,BAJFINANCE,EXIT,exposure_floor
2022-03-22,BAJAJFINSV,EXIT,exposure_floor
2022-03-22,DRREDDY,EXIT,exposure_floor
2022-03-22,EICHERMOT,EXIT,exposure_floor
2022-03-22,GRASIM,EXIT,exposure_floor
2022-03-22,HCLTECH,EXIT,exposure_floor
2022-03-22,HDFCBANK,EXIT,exposure_floor
2022-03-22,HDFCLIFE,EXIT,exposure_floor
2022-03-22,HINDUNILVR,EXIT,exposure_floor
2022-03-22,ICICIBANK,EXIT,exposure_floor
2022-03-22,INDIGO,EXIT,exposure_floor
2022-03-22,JSWSTEEL,REDUCE,exposure_floor
2022-03-22,KOTAKBANK,EXIT,exposure_floor
2022-03-22,LT,EXIT,exposure_floor
2022-03-22,M&M,EXIT,exposure_floor
2022-03-22,MARUTI,EXIT,exposure_floor
2022-03-22,MAXHEALTH,EXIT,exposure_floor
2022-03-22,NESTLEIND,EXIT,exposure_floor
2022-03-22,SBILIFE,EXIT,exposure_floor
2022-03-22,SHRIRAMFIN,EXIT,exposure_floor
2022-03-22,SBIN,EXIT,exposure_floor
2022-03-22,TATACONSUM,EXIT,exposure_floor
2022-03-22,TATASTEEL,REDUCE,exposure_floor
2022-03-22,WIPRO,EXIT,exposure_floor
2022-03-23,ADANIPORTS,EXIT,exposure_floor
2022-03-23,APOLLOHOSP,EXIT,exposure_floor
2022-03-23,ASIANPAINT,EXIT,exposure_floor
2022-03-23,AXISBANK,EXIT,exposure_floor
2022-03-23,BAJFINANCE,EXIT,exposure_floor
2022-03-23,BAJAJFINSV,EXIT,exposure_floor
2022-03-23,DRREDDY,EXIT,exposure_floor
2022-03-23,EICHERMOT,EXIT,exposure_floor
2022-03-23,GRASIM,EXIT,exposure_floor
2022-03-23,HCLTECH,EXIT,exposure_floor
2022-03-23,HDFCBANK,EXIT,exposure_floor
2022-03-23,HDFCLIFE,EXIT,exposure_floor
2022-03-23,HINDUNILVR,EXIT,exposure_floor
2022-03-23,ICICIBANK,EXIT,exposure_floor
2022-03-23,INDIGO,EXIT,exposure_floor
2022-03-23,JSWSTEEL,REDUCE,exposure_floor
2022-03-23,KOTAKBANK,EXIT,exposure_floor
2022-03-23,LT,EXIT,exposure_floor
2022-03-23,M&M,EXIT,exposure_floor
2022-03-23,MARUTI,EXIT,exposure_floor
2022-03-23,MAXHEALTH,EXIT,exposure_floor
2022-03-23,NESTLEIND,EXIT,exposure_floor
2022-03-23,SBILIFE,EXIT,exposure_floor
2022-03-23,SHRIRAMFIN,EXIT,exposure_floor
2022-03-23,SBIN,EXIT,exposure_floor
2022-03-23,TATACONSUM,EXIT,exposure_floor
2022-03-23,TATASTEEL,REDUCE,exposure_floor
2022-03-23,WIPRO,EXIT,exposure_floor
2022-03-24,APOLLOHOSP,EXIT,exposure_floor
2022-03-24,ASIANPAINT,EXIT,exposure_floor
2022-03-24,AXISBANK,EXIT,exposure_floor
2022-03-24,BAJFINANCE,EXIT,exposure_floor
2022-03-24,BAJAJFINSV,EXIT,exposure_floor
2022-03-24,DRREDDY,EXIT,exposure_floor
2022-03-24,EICHERMOT,EXIT,exposure_floor
2022-03-24,GRASIM,EXIT,exposure_floor
2022-03-24,HCLTECH,EXIT,exposure_floor
2022-03-24,HDFCBANK,EXIT,exposure_floor
2022-03-24,HDFCLIFE,EXIT,exposure_floor
2022-03-24,HINDUNILVR,EXIT,exposure_floor
2022-03-24,ICICIBANK,EXIT,exposure_floor
2022-03-24,INDIGO,EXIT,exposure_floor
2022-03-24,JSWSTEEL,REDUCE,exposure_floor
2022-03-24,KOTAKBANK,EXIT,exposure_floor
2022-03-24,LT,EXIT,exposure_floor
2022-03-24,M&M,EXIT,exposure_floor
2022-03-24,MARUTI,EXIT,exposure_floor
2022-03-24,MAXHEALTH,EXIT,exposure_floor
2022-03-24,NESTLEIND,EXIT,exposure_floor
2022-03-24,SBILIFE,EXIT,exposure_floor
2022-03-24,SHRIRAMFIN,EXIT,exposure_floor
2022-03-24,SBIN,EXIT,exposure_floor
2022-03-24,TATASTEEL,REDUCE,exposure_floor
2022-03-24,WIPRO,EXIT,exposure_floor
2022-03-25,APOLLOHOSP,EXIT,exposure_floor
2022-03-25,ASIANPAINT,EXIT,exposure_floor
2022-03-25,AXISBANK,EXIT,exposure_floor
2022-03-25,BAJFINANCE,EXIT,exposure_floor
2022-03-25,BAJAJFINSV,EXIT,exposure_floor
2022-03-25,DRREDDY,EXIT,exposure_floor
2022-03-25,EICHERMOT,EXIT,exposure_floor
2022-03-25,GRASIM,EXIT,exposure_floor
2022-03-25,HCLTECH,EXIT,exposure_floor
2022-03-25,HDFCBANK,EXIT,exposure_floor
2022-03-25,HDFCLIFE,EXIT,exposure_floor
2022-03-25,HINDUNILVR,EXIT,exposure_floor
2022-03-25,ICICIBANK,EXIT,exposure_floor
2022-03-25,INDIGO,EXIT,exposure_floor
2022-03-25,JSWSTEEL,REDUCE,exposure_floor
2022-03-25,KOTAKBANK,EXIT,exposure_floor
2022-03-25,LT,EXIT,exposure_floor
2022-03-25,M&M,EXIT,exposure_floor
2022-03-25,MARUTI,EXIT,exposure_floor
2022-03-25,MAXHEALTH,EXIT,exposure_floor
2022-03-25,NESTLEIND,EXIT,exposure_floor
2022-03-25,SBILIFE,EXIT,exposure_floor
2022-03-25,SHRIRAMFIN,EXIT,exposure_floor
2022-03-25,SBIN,EXIT,exposure_floor
2022-03-25,TATASTEEL,REDUCE,exposure_floor
2022-03-25,WIPRO,EXIT,exposure_floor
2022-03-28,APOLLOHOSP,EXIT,exposure_floor
2022-03-28,ASIANPAINT,EXIT,exposure_floor
2022-03-28,AXISBANK,EXIT,exposure_floor
2022-03-28,BAJFINANCE,EXIT,exposure_floor
2022-03-28,BAJAJFINSV,EXIT,exposure_floor
2022-03-28,EICHERMOT,EXIT,exposure_floor
2022-03-28,GRASIM,EXIT,exposure_floor
2022-03-28,HCLTECH,EXIT,exposure_floor
2022-03-28,HDFCBANK,EXIT,exposure_floor
2022-03-28,HDFCLIFE,EXIT,exposure_floor
2022-03-28,HINDUNILVR,EXIT,exposure_floor
2022-03-28,ICICIBANK,EXIT,exposure_floor
2022-03-28,INDIGO,EXIT,exposure_floor
2022-03-28,JSWSTEEL,REDUCE,exposure_floor
2022-03-28,KOTAKBANK,EXIT,exposure_floor
2022-03-28,LT,EXIT,exposure_floor
2022-03-28,M&M,EXIT,exposure_floor
2022-03-28,MARUTI,EXIT,exposure_floor
2022-03-28,MAXHEALTH,EXIT,exposure_floor
2022-03-28,NESTLEIND,EXIT,exposure_floor
2022-03-28,SBILIFE,EXIT,exposure_floor
2022-03-28,SHRIRAMFIN,EXIT,exposure_floor
2022-03-28,SBIN,EXIT,exposure_floor
2022-03-28,TATASTEEL,REDUCE,exposure_floor
2022-03-28,WIPRO,EXIT,exposure_floor
2022-03-29,APOLLOHOSP,EXIT,exposure_floor
2022-03-29,ASIANPAINT,EXIT,exposure_floor
2022-03-29,BAJFINANCE,EXIT,exposure_floor
2022-03-29,BAJAJFINSV,EXIT,exposure_floor
2022-03-29,EICHERMOT,EXIT,exposure_floor
2022-03-29,GRASIM,EXIT,exposure_floor
2022-03-29,HCLTECH,EXIT,exposure_floor
2022-03-29,HDFCBANK,EXIT,exposure_floor
2022-03-29,HDFCLIFE,EXIT,exposure_floor
2022-03-29,HINDUNILVR,EXIT,exposure_floor
2022-03-29,INDIGO,EXIT,exposure_floor
2022-03-29,JSWSTEEL,REDUCE,exposure_floor
2022-03-29,KOTAKBANK,EXIT,exposure_floor
2022-03-29,LT,EXIT,exposure_floor
2022-03-29,M&M,EXIT,exposure_floor
2022-03-29,MARUTI,EXIT,exposure_floor
2022-03-29,MAXHEALTH,EXIT,exposure_floor
2022-03-29,NESTLEIND,EXIT,exposure_floor
2022-03-29,SBILIFE,EXIT,exposure_floor
2022-03-29,SHRIRAMFIN,EXIT,exposure_floor
2022-03-29,SBIN,EXIT,exposure_floor
2022-03-29,TATASTEEL,REDUCE,exposure_floor
2022-03-29,WIPRO,EXIT,exposure_floor
2022-03-30,APOLLOHOSP,EXIT,exposure_floor
2022-03-30,ASIANPAINT,EXIT,exposure_floor
2022-03-30,BAJFINANCE,EXIT,exposure_floor
2022-03-30,BAJAJFINSV,EXIT,exposure_floor
2022-03-30,GRASIM,EXIT,exposure_floor
2022-03-30,HCLTECH,EXIT,exposure_floor
2022-03-30,HDFCBANK,EXIT,exposure_floor
2022-03-30,HDFCLIFE,EXIT,exposure_floor
2022-03-30,HINDUNILVR,EXIT,exposure_floor
2022-03-30,INDIGO,EXIT,exposure_floor
2022-03-30,JSWSTEEL,REDUCE,exposure_floor
2022-03-30,KOTAKBANK,EXIT,exposure_floor
2022-03-30,LT,EXIT,exposure_floor
2022-03-30,M&M,EXIT,exposure_floor
2022-03-30,MARUTI,EXIT,exposure_floor
2022-03-30,MAXHEALTH,EXIT,exposure_floor
2022-03-30,NESTLEIND,EXIT,exposure_floor
2022-03-30,SBILIFE,EXIT,exposure_floor
2022-03-30,SHRIRAMFIN,EXIT,exposure_floor
2022-03-30,SBIN,EXIT,exposure_floor
2022-03-30,TATASTEEL,REDUCE,exposure_floor
2022-03-30,WIPRO,EXIT,exposure_floor
2022-03-31,APOLLOHOSP,EXIT,exposure_floor
2022-03-31,ASIANPAINT,EXIT,exposure_floor
2022-03-31,BAJFINANCE,EXIT,exposure_floor
2022-03-31,BAJAJFINSV,EXIT,exposure_floor
2022-03-31,GRASIM,EXIT,exposure_floor
2022-03-31,HCLTECH,EXIT,exposure_floor
2022-03-31,HDFCBANK,EXIT,exposure_floor
2022-03-31,HDFCLIFE,EXIT,exposure_floor
2022-03-31,HINDUNILVR,EXIT,exposure_floor
2022-03-31,INDIGO,EXIT,exposure_floor
2022-03-31,JSWSTEEL,REDUCE,exposure_floor
2022-03-31,KOTAKBANK,EXIT,exposure_floor
2022-03-31,LT,EXIT,exposure_floor
2022-03-31,M&M,EXIT,exposure_floor
2022-03-31,MARUTI,EXIT,exposure_floor
2022-03-31,MAXHEALTH,EXIT,exposure_floor
2022-03-31,NESTLEIND,EXIT,exposure_floor
2022-03-31,SBILIFE,EXIT,exposure_floor
2022-03-31,SHRIRAMFIN,EXIT,exposure_floor
2022-03-31,SBIN,EXIT,exposure_floor
2022-03-31,TATASTEEL,REDUCE,exposure_floor
2022-03-31,WIPRO,EXIT,exposure_floor
2022-04-01,ASIANPAINT,EXIT,exposure_floor
2022-04-01,BAJFINANCE,EXIT,exposure_floor
2022-04-01,BAJAJFINSV,EXIT,exposure_floor
2022-04-01,GRASIM,EXIT,exposure_floor
2022-04-01,HCLTECH,EXIT,exposure_floor
2022-04-01,HDFCBANK,EXIT,exposure_floor
2022-04-01,HDFCLIFE,EXIT,exposure_floor
2022-04-01,HINDUNILVR,EXIT,exposure_floor
2022-04-01,INDIGO,EXIT,exposure_floor
2022-04-01,JSWSTEEL,REDUCE,exposure_floor
2022-04-01,KOTAKBANK,EXIT,exposure_floor
2022-04-01,LT,EXIT,exposure_floor
2022-04-01,M&M,EXIT,exposure_floor
2022-04-01,MARUTI,EXIT,exposure_floor
2022-04-01,MAXHEALTH,EXIT,exposure_floor
2022-04-01,NESTLEIND,EXIT,exposure_floor
2022-04-01,SBILIFE,EXIT,exposure_floor
2022-04-01,SHRIRAMFIN,EXIT,exposure_floor
2022-04-01,SBIN,REDUCE,exposure_floor
2022-04-01,TATASTEEL,REDUCE,exposure_floor
2022-04-01,WIPRO,EXIT,exposure_floor
2022-04-04,ASIANPAINT,EXIT,exposure_floor
2022-04-04,BAJFINANCE,EXIT,exposure_floor
2022-04-04,BAJAJFINSV,EXIT,exposure_floor
2022-04-04,GRASIM,EXIT,exposure_floor
2022-04-04,HCLTECH,REDUCE,exposure_floor
2022-04-04,HDFCLIFE,EXIT,exposure_floor
2022-04-04,HINDUNILVR,EXIT,exposure_floor
2022-04-04,INDIGO,EXIT,exposure_floor
2022-04-04,JSWSTEEL,REDUCE,exposure_floor
2022-04-04,KOTAKBANK,EXIT,exposure_floor
2022-04-04,LT,EXIT,exposure_floor
2022-04-04,M&M,EXIT,exposure_floor
2022-04-04,MARUTI,EXIT,exposure_floor
2022-04-04,MAXHEALTH,EXIT,exposure_floor
2022-04-04,NESTLEIND,EXIT,exposure_floor
2022-04-04,SBILIFE,EXIT,exposure_floor
2022-04-04,SHRIRAMFIN,EXIT,exposure_floor
2022-04-04,TATASTEEL,REDUCE,exposure_floor
2022-04-04,WIPRO,EXIT,exposure_floor
2022-04-05,ASIANPAINT,EXIT,exposure_floor
2022-04-05,BAJFINANCE,EXIT,exposure_floor
2022-04-05,BAJAJFINSV,EXIT,exposure_floor
2022-04-05,GRASIM,EXIT,exposure_floor
2022-04-05,HDFCLIFE,EXIT,exposure_floor
2022-04-05,HINDUNILVR,EXIT,exposure_floor
2022-04-05,INDIGO,EXIT,exposure_floor
2022-04-05,JSWSTEEL,REDUCE,exposure_floor
2022-04-05,KOTAKBANK,EXIT,exposure_floor
2022-04-05,LT,EXIT,exposure_floor
2022-04-05,M&M,EXIT,exposure_floor
2022-04-05,MARUTI,EXIT,exposure_floor
2022-04-05,MAXHEALTH,EXIT,exposure_floor
2022-04-05,NESTLEIND,EXIT,exposure_floor
2022-04-05,SBILIFE,EXIT,exposure_floor
2022-04-05,SHRIRAMFIN,EXIT,exposure_floor
2022-04-05,TATASTEEL,REDUCE,exposure_floor
2022-04-05,WIPRO,EXIT,exposure_floor
2022-04-06,ASIANPAINT,EXIT,exposure_floor
2022-04-06,BAJFINANCE,EXIT,exposure_floor
2022-04-06,BAJAJFINSV,REDUCE,exposure_floor
2022-04-06,GRASIM,EXIT,exposure_floor
2022-04-06,HDFCLIFE,EXIT,exposure_floor
2022-04-06,HINDUNILVR,EXIT,exposure_floor
2022-04-06,INDIGO,EXIT,exposure_floor
2022-04-06,JSWSTEEL,REDUCE,exposure_floor
2022-04-06,KOTAKBANK,EXIT,exposure_floor
2022-04-06,LT,EXIT,exposure_floor
2022-04-06,M&M,EXIT,exposure_floor
2022-04-06,MARUTI,EXIT,exposure_floor
2022-04-06,MAXHEALTH,EXIT,exposure_floor
2022-04-06,NESTLEIND,EXIT,exposure_floor
2022-04-06,SBILIFE,EXIT,exposure_floor
2022-04-06,SHRIRAMFIN,EXIT,exposure_floor
2022-04-06,TATASTEEL,REDUCE,exposure_floor
2022-04-06,WIPRO,EXIT,exposure_floor
2022-04-07,ASIANPAINT,EXIT,exposure_floor
2022-04-07,BAJFINANCE,REDUCE,exposure_floor
2022-04-07,BAJAJFINSV,REDUCE,exposure_floor
2022-04-07,GRASIM,EXIT,exposure_floor
2022-04-07,HDFCBANK,EXIT,exposure_floor
2022-04-07,HDFCLIFE,EXIT,exposure_floor
2022-04-07,HINDUNILVR,EXIT,exposure_floor
2022-04-07,INDIGO,EXIT,exposure_floor
2022-04-07,JSWSTEEL,REDUCE,exposure_floor
2022-04-07,KOTAKBANK,EXIT,exposure_floor
2022-04-07,LT,EXIT,exposure_floor
2022-04-07,M&M,EXIT,exposure_floor
2022-04-07,MARUTI,EXIT,exposure_floor
2022-04-07,MAXHEALTH,EXIT,exposure_floor
2022-04-07,NESTLEIND,EXIT,exposure_floor
2022-04-07,SBILIFE,EXIT,exposure_floor
2022-04-07,SHRIRAMFIN,EXIT,exposure_floor
2022-04-07,TATASTEEL,REDUCE,exposure_floor
2022-04-07,TITAN,REDUCE,exposure_floor
2022-04-07,WIPRO,EXIT,exposure_floor
2022-04-08,ASIANPAINT,EXIT,exposure_floor
2022-04-08,BAJFINANCE,REDUCE,exposure_floor
2022-04-08,BAJAJFINSV,REDUCE,exposure_floor
2022-04-08,GRASIM,EXIT,exposure_floor
2022-04-08,HDFCBANK,EXIT,exposure_floor
2022-04-08,HDFCLIFE,EXIT,exposure_floor
2022-04-08,HINDUNILVR,EXIT,exposure_floor
2022-04-08,INDIGO,EXIT,exposure_floor
2022-04-08,JSWSTEEL,REDUCE,exposure_floor
2022-04-08,KOTAKBANK,EXIT,exposure_floor
2022-04-08,LT,EXIT,exposure_floor
2022-04-08,M&M,EXIT,exposure_floor
2022-04-08,MARUTI,EXIT,exposure_floor
2022-04-08,MAXHEALTH,EXIT,exposure_floor
2022-04-08,NESTLEIND,EXIT,exposure_floor
2022-04-08,SBILIFE,EXIT,exposure_floor
2022-04-08,SHRIRAMFIN,EXIT,exposure_floor
2022-04-08,TATASTEEL,REDUCE,exposure_floor
2022-04-08,WIPRO,EXIT,exposure_floor
2022-04-11,ASIANPAINT,EXIT,exposure_floor
2022-04-11,BAJAJFINSV,REDUCE,exposure_floor
2022-04-11,GRASIM,REDUCE,exposure_floor
2022-04-11,HCLTECH,EXIT,exposure_floor
2022-04-11,HDFCLIFE,EXIT,exposure_floor
2022-04-11,HINDUNILVR,EXIT,exposure_floor
2022-04-11,INDIGO,REDUCE,exposure_floor
2022-04-11,JSWSTEEL,REDUCE,exposure_floor
2022-04-11,KOTAKBANK,EXIT,exposure_floor
2022-04-11,LT,EXIT,exposure_floor
2022-04-11,M&M,EXIT,exposure_floor
2022-04-11,MARUTI,EXIT,exposure_floor
2022-04-11,MAXHEALTH,EXIT,exposure_floor
2022-04-11,NESTLEIND,EXIT,exposure_floor
2022-04-11,SBILIFE,EXIT,exposure_floor
2022-04-11,SHRIRAMFIN,EXIT,exposure_floor
2022-04-11,TATASTEEL,REDUCE,exposure_floor
2022-04-11,WIPRO,EXIT,exposure_floor
2022-04-12,APOLLOHOSP,EXIT,exposure_floor
2022-04-12,ASIANPAINT,EXIT,exposure_floor
2022-04-12,BAJAJFINSV,REDUCE,exposure_floor
2022-04-12,HCLTECH,EXIT,exposure_floor
2022-04-12,HDFCLIFE,EXIT,exposure_floor
2022-04-12,HINDUNILVR,EXIT,exposure_floor
2022-04-12,INDIGO,EXIT,exposure_floor
2022-04-12,JSWSTEEL,REDUCE,exposure_floor
2022-04-12,KOTAKBANK,EXIT,exposure_floor
2022-04-12,LT,EXIT,exposure_floor
2022-04-12,M&M,EXIT,exposure_floor
2022-04-12,MARUTI,EXIT,exposure_floor
2022-04-12,MAXHEALTH,EXIT,exposure_floor
2022-04-12,NESTLEIND,EXIT,exposure_floor
2022-04-12,SBILIFE,EXIT,exposure_floor
2022-04-12,SHRIRAMFIN,EXIT,exposure_floor
2022-04-12,TATASTEEL,REDUCE,exposure_floor
2022-04-12,WIPRO,EXIT,exposure_floor
2022-04-13,ASIANPAINT,EXIT,exposure_floor
2022-04-13,BAJAJFINSV,EXIT,exposure_floor
2022-04-13,HCLTECH,EXIT,exposure_floor
2022-04-13,HDFCLIFE,EXIT,exposure_floor
2022-04-13,HINDUNILVR,EXIT,exposure_floor
2022-04-13,INFY,REDUCE,exposure_floor
2022-04-13,INDIGO,EXIT,exposure_floor
2022-04-13,JSWSTEEL,REDUCE,exposure_floor
2022-04-13,KOTAKBANK,EXIT,exposure_floor
2022-04-13,LT,EXIT,exposure_floor
2022-04-13,M&M,EXIT,exposure_floor
2022-04-13,MARUTI,EXIT,exposure_floor
2022-04-13,MAXHEALTH,EXIT,exposure_floor
2022-04-13,NESTLEIND,EXIT,exposure_floor
2022-04-13,SBILIFE,EXIT,exposure_floor
2022-04-13,SHRIRAMFIN,EXIT,exposure_floor
2022-04-13,TATASTEEL,REDUCE,exposure_floor
2022-04-13,WIPRO,EXIT,exposure_floor
2022-04-18,APOLLOHOSP,EXIT,exposure_floor
2022-04-18,ASIANPAINT,EXIT,exposure_floor
2022-04-18,BAJAJFINSV,EXIT,exposure_floor
2022-04-18,HCLTECH,EXIT,exposure_floor
2022-04-18,HDFCLIFE,EXIT,exposure_floor
2022-04-18,HINDUNILVR,EXIT,exposure_floor
2022-04-18,INFY,EXIT,exposure_floor
2022-04-18,INDIGO,EXIT,exposure_floor
2022-04-18,JSWSTEEL,REDUCE,exposure_floor
2022-04-18,KOTAKBANK,EXIT,exposure_floor
2022-04-18,LT,EXIT,exposure_floor
2022-04-18,M&M,REDUCE,exposure_floor
2022-04-18,MARUTI,EXIT,exposure_floor
2022-04-18,MAXHEALTH,REDUCE,exposure_floor
2022-04-18,NESTLEIND,EXIT,exposure_floor
2022-04-18,SBILIFE,EXIT,exposure_floor
2022-04-18,SHRIRAMFIN,EXIT,exposure_floor
2022-04-18,TCS,EXIT,exposure_floor
2022-04-18,TATASTEEL,REDUCE,exposure_floor
2022-04-18,WIPRO,EXIT,exposure_floor
2022-04-19,ASIANPAINT,EXIT,exposure_floor
2022-04-19,BAJAJFINSV,EXIT,exposure_floor
2022-04-19,HCLTECH,EXIT,exposure_floor
2022-04-19,HDFCLIFE,EXIT,exposure_floor
2022-04-19,HINDUNILVR,EXIT,exposure_floor
2022-04-19,INFY,EXIT,exposure_floor
2022-04-19,INDIGO,EXIT,exposure_floor
2022-04-19,JSWSTEEL,REDUCE,exposure_floor
2022-04-19,KOTAKBANK,EXIT,exposure_floor
2022-04-19,LT,EXIT,exposure_floor
2022-04-19,M&M,REDUCE,exposure_floor
2022-04-19,MARUTI,EXIT,exposure_floor
2022-04-19,MAXHEALTH,EXIT,exposure_floor
2022-04-19,NESTLEIND,EXIT,exposure_floor
2022-04-19,SBILIFE,EXIT,exposure_floor
2022-04-19,SHRIRAMFIN,EXIT,exposure_floor
2022-04-19,TCS,EXIT,exposure_floor
2022-04-19,TATASTEEL,REDUCE,exposure_floor
2022-04-19,WIPRO,EXIT,exposure_floor
2022-04-20,APOLLOHOSP,EXIT,exposure_floor
2022-04-20,ASIANPAINT,EXIT,exposure_floor
2022-04-20,BAJFINANCE,EXIT,exposure_floor
2022-04-20,BAJAJFINSV,EXIT,exposure_floor
2022-04-20,HCLTECH,EXIT,exposure_floor
2022-04-20,HDFCLIFE,EXIT,exposure_floor
2022-04-20,HINDUNILVR,EXIT,exposure_floor
2022-04-20,INFY,EXIT,exposure_floor
2022-04-20,INDIGO,EXIT,exposure_floor
2022-04-20,KOTAKBANK,EXIT,exposure_floor
2022-04-20,LT,EXIT,exposure_floor
2022-04-20,M&M,REDUCE,exposure_floor
2022-04-20,MARUTI,EXIT,exposure_floor
2022-04-20,MAXHEALTH,REDUCE,exposure_floor
2022-04-20,NESTLEIND,EXIT,exposure_floor
2022-04-20,SBILIFE,EXIT,exposure_floor
2022-04-20,SHRIRAMFIN,EXIT,exposure_floor
2022-04-20,TCS,EXIT,exposure_floor
2022-04-20,WIPRO,EXIT,exposure_floor
2022-04-21,ASIANPAINT,EXIT,exposure_floor
2022-04-21,BAJFINANCE,EXIT,exposure_floor
2022-04-21,BAJAJFINSV,EXIT,exposure_floor
2022-04-21,HCLTECH,EXIT,exposure_floor
2022-04-21,HINDUNILVR,EXIT,exposure_floor
2022-04-21,INFY,EXIT,exposure_floor
2022-04-21,INDIGO,EXIT,exposure_floor
2022-04-21,KOTAKBANK,EXIT,exposure_floor
2022-04-21,LT,EXIT,exposure_floor
2022-04-21,M&M,REDUCE,exposure_floor
2022-04-21,MARUTI,EXIT,exposure_floor
2022-04-21,NESTLEIND,EXIT,exposure_floor
2022-04-21,SBILIFE,EXIT,exposure_floor
2022-04-21,SHRIRAMFIN,EXIT,exposure_floor
2022-04-21,TCS,EXIT,exposure_floor
2022-04-21,WIPRO,EXIT,exposure_floor
2022-04-22,APOLLOHOSP,EXIT,exposure_floor
2022-04-22,ASIANPAINT,EXIT,exposure_floor
2022-04-22,BAJAJFINSV,EXIT,exposure_floor
2022-04-22,HCLTECH,EXIT,exposure_floor
2022-04-22,HINDALCO,EXIT,exposure_floor
2022-04-22,HINDUNILVR,EXIT,exposure_floor
2022-04-22,INFY,EXIT,exposure_floor
2022-04-22,INDIGO,EXIT,exposure_floor
2022-04-22,KOTAKBANK,EXIT,exposure_floor
2022-04-22,LT,EXIT,exposure_floor
2022-04-22,M&M,REDUCE,exposure_floor
2022-04-22,MARUTI,EXIT,exposure_floor
2022-04-22,NESTLEIND,EXIT,exposure_floor
2022-04-22,SBILIFE,EXIT,exposure_floor
2022-04-22,SHRIRAMFIN,EXIT,exposure_floor
2022-04-22,TCS,EXIT,exposure_floor
2022-04-22,TATASTEEL,EXIT,exposure_floor
2022-04-22,WIPRO,EXIT,exposure_floor
2022-04-25,ASIANPAINT,EXIT,exposure_floor
2022-04-25,BAJFINANCE,EXIT,exposure_floor
2022-04-25,BAJAJFINSV,EXIT,exposure_floor
2022-04-25,EICHERMOT,EXIT,exposure_floor
2022-04-25,GRASIM,REDUCE,exposure_floor
2022-04-25,HCLTECH,EXIT,exposure_floor
2022-04-25,HINDALCO,EXIT,exposure_floor
2022-04-25,HINDUNILVR,EXIT,exposure_floor
2022-04-25,INFY,EXIT,exposure_floor
2022-04-25,INDIGO,EXIT,exposure_floor
2022-04-25,KOTAKBANK,EXIT,exposure_floor
2022-04-25,LT,EXIT,exposure_floor
2022-04-25,M&M,REDUCE,exposure_floor
2022-04-25,MARUTI,EXIT,exposure_floor
2022-04-25,NESTLEIND,EXIT,exposure_floor
2022-04-25,SBILIFE,EXIT,exposure_floor
2022-04-25,SHRIRAMFIN,EXIT,exposure_floor
2022-04-25,SBIN,REDUCE,exposure_floor
2022-04-25,TCS,EXIT,exposure_floor
2022-04-25,TATASTEEL,EXIT,exposure_floor
2022-04-25,WIPRO,EXIT,exposure_floor
2022-04-26,APOLLOHOSP,EXIT,exposure_floor
2022-04-26,ASIANPAINT,EXIT,exposure_floor
2022-04-26,BAJAJFINSV,EXIT,exposure_floor
2022-04-26,GRASIM,REDUCE,exposure_floor
2022-04-26,HCLTECH,EXIT,exposure_floor
2022-04-26,HINDALCO,EXIT,exposure_floor
2022-04-26,HINDUNILVR,EXIT,exposure_floor
2022-04-26,INFY,EXIT,exposure_floor
2022-04-26,INDIGO,EXIT,exposure_floor
2022-04-26,KOTAKBANK,EXIT,exposure_floor
2022-04-26,LT,EXIT,exposure_floor
2022-04-26,M&M,REDUCE,exposure_floor
2022-04-26,MARUTI,EXIT,exposure_floor
2022-04-26,NESTLEIND,EXIT,exposure_floor
2022-04-26,SBILIFE,EXIT,exposure_floor
2022-04-26,SHRIRAMFIN,EXIT,exposure_floor
2022-04-26,SBIN,REDUCE,exposure_floor
2022-04-26,TCS,EXIT,exposure_floor
2022-04-26,TATASTEEL,EXIT,exposure_floor
2022-04-26,WIPRO,EXIT,exposure_floor
2022-04-27,APOLLOHOSP,EXIT,exposure_floor
2022-04-27,ASIANPAINT,EXIT,exposure_floor
2022-04-27,BAJFINANCE,EXIT,exposure_floor
2022-04-27,BAJAJFINSV,EXIT,exposure_floor
2022-04-27,GRASIM,REDUCE,exposure_floor
2022-04-27,HCLTECH,EXIT,exposure_floor
2022-04-27,HINDALCO,EXIT,exposure_floor
2022-04-27,HINDUNILVR,EXIT,exposure_floor
2022-04-27,INFY,EXIT,exposure_floor
2022-04-27,INDIGO,EXIT,exposure_floor
2022-04-27,KOTAKBANK,EXIT,exposure_floor
2022-04-27,LT,EXIT,exposure_floor
2022-04-27,M&M,REDUCE,exposure_floor
2022-04-27,MARUTI,EXIT,exposure_floor
2022-04-27,NESTLEIND,EXIT,exposure_floor
2022-04-27,SBILIFE,EXIT,exposure_floor
2022-04-27,SHRIRAMFIN,EXIT,exposure_floor
2022-04-27,SBIN,REDUCE,exposure_floor
2022-04-27,TCS,EXIT,exposure_floor
2022-04-27,TATASTEEL,EXIT,exposure_floor
2022-04-27,WIPRO,EXIT,exposure_floor
2022-04-28,APOLLOHOSP,EXIT,exposure_floor
2022-04-28,ASIANPAINT,REDUCE,exposure_floor
2022-04-28,BAJFINANCE,EXIT,exposure_floor
2022-04-28,BAJAJFINSV,EXIT,exposure_floor
2022-04-28,GRASIM,REDUCE,exposure_floor
2022-04-28,HCLTECH,EXIT,exposure_floor
2022-04-28,HINDALCO,EXIT,exposure_floor
2022-04-28,HINDUNILVR,EXIT,exposure_floor
2022-04-28,INFY,EXIT,exposure_floor
2022-04-28,INDIGO,EXIT,exposure_floor
2022-04-28,KOTAKBANK,EXIT,exposure_floor
2022-04-28,LT,EXIT,exposure_floor
2022-04-28,M&M,REDUCE,exposure_floor
2022-04-28,MARUTI,EXIT,exposure_floor
2022-04-28,NESTLEIND,EXIT,exposure_floor
2022-04-28,ONGC,REDUCE,exposure_floor
2022-04-28,SBILIFE,EXIT,exposure_floor
2022-04-28,SHRIRAMFIN,EXIT,exposure_floor
2022-04-28,SBIN,REDUCE,exposure_floor
2022-04-28,TCS,EXIT,exposure_floor
2022-04-28,TATASTEEL,EXIT,exposure_floor
2022-04-28,WIPRO,EXIT,exposure_floor
2022-04-29,APOLLOHOSP,EXIT,exposure_floor
2022-04-29,ASIANPAINT,REDUCE,exposure_floor
2022-04-29,AXISBANK,EXIT,exposure_floor
2022-04-29,BAJFINANCE,EXIT,exposure_floor
2022-04-29,BAJAJFINSV,EXIT,exposure_floor
2022-04-29,GRASIM,REDUCE,exposure_floor
2022-04-29,HCLTECH,EXIT,exposure_floor
2022-04-29,HINDALCO,EXIT,exposure_floor
2022-04-29,HINDUNILVR,EXIT,exposure_floor
2022-04-29,INFY,EXIT,exposure_floor
2022-04-29,INDIGO,EXIT,exposure_floor
2022-04-29,KOTAKBANK,EXIT,exposure_floor
2022-04-29,LT,EXIT,exposure_floor
2022-04-29,M&M,REDUCE,exposure_floor
2022-04-29,MARUTI,EXIT,exposure_floor
2022-04-29,NESTLEIND,EXIT,exposure_floor
2022-04-29,ONGC,REDUCE,exposure_floor
2022-04-29,SBILIFE,EXIT,exposure_floor
2022-04-29,SHRIRAMFIN,EXIT,exposure_floor
2022-04-29,SBIN,REDUCE,exposure_floor
2022-04-29,TCS,EXIT,exposure_floor
2022-04-29,TATASTEEL,EXIT,exposure_floor
2022-04-29,TITAN,REDUCE,exposure_floor
2022-04-29,WIPRO,EXIT,exposure_floor
2022-05-02,APOLLOHOSP,EXIT,exposure_floor
2022-05-02,ASIANPAINT,REDUCE,exposure_floor
2022-05-02,AXISBANK,EXIT,exposure_floor
2022-05-02,BAJFINANCE,EXIT,exposure_floor
2022-05-02,BAJAJFINSV,EXIT,exposure_floor
2022-05-02,EICHERMOT,EXIT,exposure_floor
2022-05-02,GRASIM,REDUCE,exposure_floor
2022-05-02,HCLTECH,EXIT,exposure_floor
2022-05-02,HINDALCO,EXIT,exposure_floor
2022-05-02,HINDUNILVR,EXIT,exposure_floor
2022-05-02,INFY,EXIT,exposure_floor
2022-05-02,INDIGO,EXIT,exposure_floor
2022-05-02,KOTAKBANK,EXIT,exposure_floor
2022-05-02,LT,EXIT,exposure_floor
2022-05-02,M&M,REDUCE,exposure_floor
2022-05-02,MARUTI,EXIT,exposure_floor
2022-05-02,NESTLEIND,EXIT,exposure_floor
2022-05-02,ONGC,EXIT,exposure_floor
2022-05-02,SBILIFE,EXIT,exposure_floor
2022-05-02,SHRIRAMFIN,EXIT,exposure_floor
2022-05-02,SBIN,REDUCE,exposure_floor
2022-05-02,TCS,EXIT,exposure_floor
2022-05-02,TATASTEEL,REDUCE,exposure_floor
2022-05-02,TITAN,REDUCE,exposure_floor
2022-05-02,WIPRO,EXIT,exposure_floor
2022-07-07,NESTLEIND,EXIT,exposure_floor
2022-07-07,SHRIRAMFIN,EXIT,exposure_floor
2022-07-11,SHRIRAMFIN,EXIT,exposure_floor
2022-07-12,DRREDDY,EXIT,exposure_floor
2022-07-12,NESTLEIND,EXIT,exposure_floor
2022-07-12,SBILIFE,EXIT,exposure_floor
2022-07-12,SHRIRAMFIN,EXIT,exposure_floor
2022-07-13,SBILIFE,EXIT,exposure_floor
2022-07-14,DRREDDY,EXIT,exposure_floor
2022-07-14,MAXHEALTH,EXIT,exposure_floor
2022-07-14,SBILIFE,EXIT,exposure_floor
2022-07-14,SHRIRAMFIN,EXIT,exposure_floor
2022-07-14,SBIN,EXIT,exposure_floor
2022-07-15,SBIN,EXIT,exposure_floor
2022-07-18,DRREDDY,EXIT,exposure_floor
2022-07-18,MAXHEALTH,EXIT,exposure_floor
2022-07-19,SHRIRAMFIN,EXIT,exposure_floor
2022-07-20,DRREDDY,EXIT,exposure_floor
2022-07-20,MAXHEALTH,EXIT,exposure_floor
2022-07-21,DRREDDY,EXIT,exposure_floor
2022-07-21,MAXHEALTH,EXIT,exposure_floor
2022-07-22,ADANIPORTS,EXIT,exposure_floor
2022-07-22,DRREDDY,EXIT,exposure_floor
2022-07-22,MAXHEALTH,EXIT,exposure_floor
2022-07-25,DRREDDY,EXIT,exposure_floor
2022-07-25,MAXHEALTH,EXIT,exposure_floor
2022-07-26,ADANIPORTS,EXIT,exposure_floor
2022-07-26,AXISBANK,EXIT,exposure_floor
2022-07-26,DRREDDY,EXIT,exposure_floor
2022-07-26,MAXHEALTH,EXIT,exposure_floor
2022-07-26,SBILIFE,EXIT,exposure_floor
2022-07-27,ADANIPORTS,EXIT,exposure_floor
2022-07-27,DRREDDY,EXIT,exposure_floor
2022-07-27,MAXHEALTH,EXIT,exposure_floor
2022-07-28,ADANIPORTS,EXIT,exposure_floor
2022-07-28,DRREDDY,EXIT,exposure_floor
2022-07-28,MAXHEALTH,EXIT,exposure_floor
2022-07-29,ADANIPORTS,EXIT,exposure_floor
2022-07-29,DRREDDY,EXIT,exposure_floor
2022-07-29,MAXHEALTH,EXIT,exposure_floor
2022-07-29,SHRIRAMFIN,EXIT,exposure_floor
2022-08-01,ADANIPORTS,EXIT,exposure_floor
2022-08-01,DRREDDY,EXIT,exposure_floor
2022-08-01,MAXHEALTH,EXIT,exposure_floor
2022-08-02,ADANIPORTS,EXIT,exposure_floor
2022-08-02,DRREDDY,EXIT,exposure_floor
2022-08-02,HDFCBANK,EXIT,exposure_floor
2022-08-02,MAXHEALTH,EXIT,exposure_floor
2022-08-02,SHRIRAMFIN,EXIT,exposure_floor
2022-08-03,DRREDDY,EXIT,exposure_floor
2022-08-03,HDFCBANK,EXIT,exposure_floor
2022-08-03,INDIGO,EXIT,exposure_floor
2022-08-03,MAXHEALTH,EXIT,exposure_floor
2022-08-04,DRREDDY,EXIT,exposure_floor
2022-08-04,HDFCBANK,EXIT,exposure_floor
2022-08-04,MAXHEALTH,EXIT,exposure_floor
2022-08-04,SHRIRAMFIN,EXIT,exposure_floor
2022-08-05,DRREDDY,EXIT,exposure_floor
2022-08-05,HDFCBANK,EXIT,exposure_floor
2022-08-05,MAXHEALTH,EXIT,exposure_floor
2022-08-08,DRREDDY,EXIT,exposure_floor
2022-08-08,HDFCBANK,EXIT,exposure_floor
2022-08-08,MAXHEALTH,EXIT,exposure_floor
2022-08-08,SHRIRAMFIN,EXIT,exposure_floor
2022-08-08,ULTRACEMCO,EXIT,exposure_floor
2022-08-10,BAJAJFINSV,EXIT,exposure_floor
2022-08-10,DRREDDY,EXIT,exposure_floor
2022-08-10,HDFCBANK,EXIT,exposure_floor
2022-08-10,MAXHEALTH,EXIT,exposure_floor
2022-08-10,ULTRACEMCO,EXIT,exposure_floor
2022-08-11,APOLLOHOSP,EXIT,exposure_floor
2022-08-11,DRREDDY,EXIT,exposure_floor
2022-08-11,GRASIM,EXIT,exposure_floor
2022-08-11,HDFCBANK,EXIT,exposure_floor
2022-08-11,MAXHEALTH,EXIT,exposure_floor
2022-08-11,ULTRACEMCO,EXIT,exposure_floor
2022-08-12,APOLLOHOSP,EXIT,exposure_floor
2022-08-12,BAJAJFINSV,EXIT,exposure_floor
2022-08-12,DRREDDY,EXIT,exposure_floor
2022-08-12,MAXHEALTH,EXIT,exposure_floor
2022-08-12,SHRIRAMFIN,EXIT,exposure_floor
2022-08-12,ULTRACEMCO,EXIT,exposure_floor
2022-08-16,APOLLOHOSP,EXIT,exposure_floor
2022-08-16,DRREDDY,EXIT,exposure_floor
2022-08-16,GRASIM,EXIT,exposure_floor
2022-08-16,MAXHEALTH,EXIT,exposure_floor
2022-08-16,SHRIRAMFIN,REDUCE,exposure_floor
2022-08-16,TATASTEEL,EXIT,exposure_floor
2022-08-16,ULTRACEMCO,EXIT,exposure_floor
2022-08-17,APOLLOHOSP,EXIT,exposure_floor
2022-08-17,DRREDDY,EXIT,exposure_floor
2022-08-17,MAXHEALTH,EXIT,exposure_floor
2022-08-17,SHRIRAMFIN,EXIT,exposure_floor
2022-08-17,ULTRACEMCO,EXIT,exposure_floor
2022-08-18,APOLLOHOSP,EXIT,exposure_floor
2022-08-18,DRREDDY,EXIT,exposure_floor
2022-08-18,GRASIM,EXIT,exposure_floor
2022-08-18,MAXHEALTH,EXIT,exposure_floor
2022-08-18,SHRIRAMFIN,REDUCE,exposure_floor
2022-08-18,TATASTEEL,EXIT,exposure_floor
2022-08-19,APOLLOHOSP,EXIT,exposure_floor
2022-08-19,DRREDDY,EXIT,exposure_floor
2022-08-19,INDIGO,EXIT,exposure_floor
2022-08-19,MAXHEALTH,EXIT,exposure_floor
2022-08-19,SHRIRAMFIN,EXIT,exposure_floor
2022-08-19,TATASTEEL,EXIT,exposure_floor
2022-08-19,ULTRACEMCO,EXIT,exposure_floor
2022-08-22,APOLLOHOSP,EXIT,exposure_floor
2022-08-22,BAJAJFINSV,EXIT,exposure_floor
2022-08-22,DRREDDY,EXIT,exposure_floor
2022-08-22,GRASIM,EXIT,exposure_floor
2022-08-22,MAXHEALTH,EXIT,exposure_floor
2022-08-22,SHRIRAMFIN,REDUCE,exposure_floor
2022-08-22,TATASTEEL,EXIT,exposure_floor
2022-08-22,ULTRACEMCO,EXIT,exposure_floor
2022-08-23,APOLLOHOSP,EXIT,exposure_floor
2022-08-23,DRREDDY,EXIT,exposure_floor
2022-08-23,INDIGO,EXIT,exposure_floor
2022-08-23,MAXHEALTH,EXIT,exposure_floor
2022-08-23,SHRIRAMFIN,EXIT,exposure_floor
2022-08-23,TATASTEEL,EXIT,exposure_floor
2022-08-23,ULTRACEMCO,EXIT,exposure_floor
2022-08-24,APOLLOHOSP,EXIT,exposure_floor
2022-08-24,DRREDDY,EXIT,exposure_floor
2022-08-24,GRASIM,EXIT,exposure_floor
2022-08-24,INDIGO,EXIT,exposure_floor
2022-08-24,MAXHEALTH,EXIT,exposure_floor
2022-08-24,SHRIRAMFIN,REDUCE,exposure_floor
2022-08-24,TATASTEEL,EXIT,exposure_floor
2022-08-24,ULTRACEMCO,EXIT,exposure_floor
2022-08-25,APOLLOHOSP,EXIT,exposure_floor
2022-08-25,DRREDDY,EXIT,exposure_floor
2022-08-25,MAXHEALTH,EXIT,exposure_floor
2022-08-25,SHRIRAMFIN,EXIT,exposure_floor
2022-08-25,TATASTEEL,EXIT,exposure_floor
2022-08-25,ULTRACEMCO,EXIT,exposure_floor
2022-08-26,APOLLOHOSP,EXIT,exposure_floor
2022-08-26,DRREDDY,EXIT,exposure_floor
2022-08-26,INDIGO,EXIT,exposure_floor
2022-08-26,MAXHEALTH,EXIT,exposure_floor
2022-08-26,SHRIRAMFIN,REDUCE,exposure_floor
2022-08-26,TATASTEEL,EXIT,exposure_floor
2022-08-26,ULTRACEMCO,EXIT,exposure_floor
2022-08-29,APOLLOHOSP,EXIT,exposure_floor
2022-08-29,BAJAJFINSV,EXIT,exposure_floor
2022-08-29,DRREDDY,EXIT,exposure_floor
2022-08-29,MAXHEALTH,EXIT,exposure_floor
2022-08-29,SHRIRAMFIN,EXIT,exposure_floor
2022-08-29,TATASTEEL,EXIT,exposure_floor
2022-08-29,ULTRACEMCO,EXIT,exposure_floor
2022-08-30,APOLLOHOSP,EXIT,exposure_floor
2022-08-30,DRREDDY,EXIT,exposure_floor
2022-08-30,MAXHEALTH,EXIT,exposure_floor
2022-08-30,SHRIRAMFIN,EXIT,exposure_floor
2022-08-30,TATASTEEL,EXIT,exposure_floor
2022-09-01,APOLLOHOSP,EXIT,exposure_floor
2022-09-01,DRREDDY,EXIT,exposure_floor
2022-09-01,MAXHEALTH,EXIT,exposure_floor
2022-09-01,SHRIRAMFIN,EXIT,exposure_floor
2022-09-01,SUNPHARMA,REDUCE,exposure_floor
2022-09-01,TATASTEEL,EXIT,exposure_floor
2022-09-01,ULTRACEMCO,EXIT,exposure_floor
2022-09-02,APOLLOHOSP,EXIT,exposure_floor
2022-09-02,DRREDDY,EXIT,exposure_floor
2022-09-02,MAXHEALTH,EXIT,exposure_floor
2022-09-02,SHRIRAMFIN,EXIT,exposure_floor
2022-09-02,SUNPHARMA,REDUCE,exposure_floor
2022-09-02,TATASTEEL,EXIT,exposure_floor
2022-09-02,ULTRACEMCO,EXIT,exposure_floor
2022-09-05,APOLLOHOSP,EXIT,exposure_floor
2022-09-05,DRREDDY,EXIT,exposure_floor
2022-09-05,MAXHEALTH,EXIT,exposure_floor
2022-09-05,SHRIRAMFIN,EXIT,exposure_floor
2022-09-05,SUNPHARMA,REDUCE,exposure_floor
2022-09-05,TATASTEEL,EXIT,exposure_floor
2022-09-05,ULTRACEMCO,EXIT,exposure_floor
2022-09-06,APOLLOHOSP,EXIT,exposure_floor
2022-09-06,BAJAJ-AUTO,REDUCE,exposure_floor
2022-09-06,DRREDDY,EXIT,exposure_floor
2022-09-06,MAXHEALTH,EXIT,exposure_floor
2022-09-06,SHRIRAMFIN,EXIT,exposure_floor
2022-09-06,SUNPHARMA,REDUCE,exposure_floor
2022-09-06,ULTRACEMCO,EXIT,exposure_floor
2022-09-07,APOLLOHOSP,EXIT,exposure_floor
2022-09-07,BAJAJ-AUTO,REDUCE,exposure_floor
2022-09-07,DRREDDY,EXIT,exposure_floor
2022-09-07,INDIGO,EXIT,exposure_floor
2022-09-07,MAXHEALTH,EXIT,exposure_floor
2022-09-07,SHRIRAMFIN,EXIT,exposure_floor
2022-09-07,SUNPHARMA,REDUCE,exposure_floor
2022-09-07,TATASTEEL,EXIT,exposure_floor
2022-09-08,APOLLOHOSP,EXIT,exposure_floor
2022-09-08,BAJAJ-AUTO,REDUCE,exposure_floor
2022-09-08,DRREDDY,EXIT,exposure_floor
2022-09-08,MAXHEALTH,EXIT,exposure_floor
2022-09-08,SHRIRAMFIN,EXIT,exposure_floor
2022-09-08,SUNPHARMA,REDUCE,exposure_floor
2022-09-08,TATASTEEL,EXIT,exposure_floor
2022-09-08,ULTRACEMCO,EXIT,exposure_floor
2022-09-09,BAJAJ-AUTO,REDUCE,exposure_floor
2022-09-09,DRREDDY,EXIT,exposure_floor
2022-09-09,INDIGO,EXIT,exposure_floor
2022-09-09,MAXHEALTH,EXIT,exposure_floor
2022-09-09,SHRIRAMFIN,EXIT,exposure_floor
2022-09-09,SUNPHARMA,REDUCE,exposure_floor
2022-09-09,TATASTEEL,EXIT,exposure_floor
2022-09-12,APOLLOHOSP,EXIT,exposure_floor
2022-09-12,BAJAJ-AUTO,REDUCE,exposure_floor
2022-09-12,DRREDDY,EXIT,exposure_floor
2022-09-12,MAXHEALTH,EXIT,exposure_floor
2022-09-12,NESTLEIND,REDUCE,exposure_floor
2022-09-12,SHRIRAMFIN,EXIT,exposure_floor
2022-09-12,SUNPHARMA,REDUCE,exposure_floor
2022-09-12,TATASTEEL,EXIT,exposure_floor
2022-09-12,ULTRACEMCO,EXIT,exposure_floor
2022-09-13,BAJAJ-AUTO,REDUCE,exposure_floor
2022-09-13,DRREDDY,EXIT,exposure_floor
2022-09-13,INDIGO,EXIT,exposure_floor
2022-09-13,MAXHEALTH,EXIT,exposure_floor
2022-09-13,NESTLEIND,REDUCE,exposure_floor
2022-09-13,SHRIRAMFIN,EXIT,exposure_floor
2022-09-13,SUNPHARMA,REDUCE,exposure_floor
2022-09-13,TATASTEEL,EXIT,exposure_floor
2022-09-14,APOLLOHOSP,EXIT,exposure_floor
2022-09-14,BAJAJ-AUTO,REDUCE,exposure_floor
2022-09-14,DRREDDY,EXIT,exposure_floor
2022-09-14,HINDUNILVR,REDUCE,exposure_floor
2022-09-14,INDIGO,EXIT,exposure_floor
2022-09-14,NESTLEIND,REDUCE,exposure_floor
2022-09-14,SHRIRAMFIN,EXIT,exposure_floor
2022-09-14,SUNPHARMA,REDUCE,exposure_floor
2022-09-14,ULTRACEMCO,EXIT,exposure_floor
2022-09-15,APOLLOHOSP,EXIT,exposure_floor
2022-09-15,BAJAJ-AUTO,REDUCE,exposure_floor
2022-09-15,DRREDDY,EXIT,exposure_floor
2022-09-15,HINDUNILVR,REDUCE,exposure_floor
2022-09-15,INDIGO,EXIT,exposure_floor
2022-09-15,NESTLEIND,REDUCE,exposure_floor
2022-09-15,SHRIRAMFIN,EXIT,exposure_floor
2022-09-15,SUNPHARMA,REDUCE,exposure_floor
2022-09-15,TATASTEEL,EXIT,exposure_floor
2022-09-16,APOLLOHOSP,EXIT,exposure_floor
2022-09-16,BAJAJ-AUTO,REDUCE,exposure_floor
2022-09-16,DRREDDY,EXIT,exposure_floor
2022-09-16,HINDUNILVR,REDUCE,exposure_floor
2022-09-16,INDIGO,EXIT,exposure_floor
2022-09-16,NESTLEIND,REDUCE,exposure_floor
2022-09-16,SHRIRAMFIN,EXIT,exposure_floor
2022-09-16,SUNPHARMA,REDUCE,exposure_floor
2022-09-16,TATACONSUM,REDUCE,exposure_floor
2022-09-16,TATASTEEL,EXIT,exposure_floor
2022-09-16,ULTRACEMCO,EXIT,exposure_floor
2022-09-19,APOLLOHOSP,EXIT,exposure_floor
2022-09-19,BAJAJ-AUTO,REDUCE,exposure_floor
2022-09-19,DRREDDY,EXIT,exposure_floor
2022-09-19,HINDUNILVR,REDUCE,exposure_floor
2022-09-19,INDIGO,EXIT,exposure_floor
2022-09-19,NESTLEIND,REDUCE,exposure_floor
2022-09-19,SHRIRAMFIN,EXIT,exposure_floor
2022-09-19,SUNPHARMA,REDUCE,exposure_floor
2022-09-19,TATACONSUM,REDUCE,exposure_floor
2022-09-19,TATASTEEL,EXIT,exposure_floor
2022-09-19,ULTRACEMCO,EXIT,exposure_floor
2022-09-20,BAJAJ-AUTO,REDUCE,exposure_floor
2022-09-20,DRREDDY,EXIT,exposure_floor
2022-09-20,HINDUNILVR,REDUCE,exposure_floor
2022-09-20,INDIGO,EXIT,exposure_floor
2022-09-20,NESTLEIND,REDUCE,exposure_floor
2022-09-20,SHRIRAMFIN,EXIT,exposure_floor
2022-09-20,SUNPHARMA,REDUCE,exposure_floor
2022-09-20,TATACONSUM,REDUCE,exposure_floor
2022-09-20,TATASTEEL,EXIT,exposure_floor
2022-09-20,ULTRACEMCO,EXIT,exposure_floor
2022-09-21,APOLLOHOSP,EXIT,exposure_floor
2022-09-21,BAJAJ-AUTO,REDUCE,exposure_floor
2022-09-21,DRREDDY,EXIT,exposure_floor
2022-09-21,HINDUNILVR,REDUCE,exposure_floor
2022-09-21,INDIGO,EXIT,exposure_floor
2022-09-21,NESTLEIND,REDUCE,exposure_floor
2022-09-21,SHRIRAMFIN,EXIT,exposure_floor
2022-09-21,SUNPHARMA,REDUCE,exposure_floor
2022-09-21,TATACONSUM,REDUCE,exposure_floor
2022-09-21,TATASTEEL,EXIT,exposure_floor
2022-09-21,ULTRACEMCO,EXIT,exposure_floor
2022-09-22,BAJAJ-AUTO,REDUCE,exposure_floor
2022-09-22,DRREDDY,EXIT,exposure_floor
2022-09-22,HINDUNILVR,REDUCE,exposure_floor
2022-09-22,INDIGO,EXIT,exposure_floor
2022-09-22,NESTLEIND,REDUCE,exposure_floor
2022-09-22,SHRIRAMFIN,EXIT,exposure_floor
2022-09-22,SUNPHARMA,REDUCE,exposure_floor
2022-09-22,TATACONSUM,REDUCE,exposure_floor
2022-09-22,TATASTEEL,EXIT,exposure_floor
2022-09-22,ULTRACEMCO,EXIT,exposure_floor
2022-09-23,APOLLOHOSP,EXIT,exposure_floor
2022-09-23,BAJAJ-AUTO,REDUCE,exposure_floor
2022-09-23,DRREDDY,EXIT,exposure_floor
2022-09-23,INDIGO,EXIT,exposure_floor
2022-09-23,KOTAKBANK,EXIT,exposure_floor
2022-09-23,NESTLEIND,REDUCE,exposure_floor
2022-09-23,SHRIRAMFIN,EXIT,exposure_floor
2022-09-23,SUNPHARMA,REDUCE,exposure_floor
2022-09-23,TATACONSUM,REDUCE,exposure_floor
2022-09-23,TATASTEEL,EXIT,exposure_floor
2022-09-23,ULTRACEMCO,EXIT,exposure_floor
2022-09-26,APOLLOHOSP,EXIT,exposure_floor
2022-09-26,BAJAJ-AUTO,EXIT,exposure_floor
2022-09-26,DRREDDY,EXIT,exposure_floor
2022-09-26,HDFCBANK,EXIT,exposure_floor
2022-09-26,INDIGO,EXIT,exposure_floor
2022-09-26,KOTAKBANK,EXIT,exposure_floor
2022-09-26,MARUTI,REDUCE,exposure_floor
2022-09-26,NESTLEIND,REDUCE,exposure_floor
2022-09-26,SHRIRAMFIN,EXIT,exposure_floor
2022-09-26,SUNPHARMA,REDUCE,exposure_floor
2022-09-26,TATACONSUM,REDUCE,exposure_floor
2022-09-26,TATASTEEL,EXIT,exposure_floor
2022-09-26,ULTRACEMCO,EXIT,exposure_floor
2022-09-27,APOLLOHOSP,EXIT,exposure_floor
2022-09-27,BAJAJ-AUTO,EXIT,exposure_floor
2022-09-27,DRREDDY,EXIT,exposure_floor
2022-09-27,HDFCBANK,EXIT,exposure_floor
2022-09-27,INDIGO,EXIT,exposure_floor
2022-09-27,KOTAKBANK,EXIT,exposure_floor
2022-09-27,MARUTI,REDUCE,exposure_floor
2022-09-27,NESTLEIND,REDUCE,exposure_floor
2022-09-27,SHRIRAMFIN,EXIT,exposure_floor
2022-09-27,SUNPHARMA,REDUCE,exposure_floor
2022-09-27,TATACONSUM,REDUCE,exposure_floor
2022-09-27,TATASTEEL,EXIT,exposure_floor
2022-09-27,ULTRACEMCO,EXIT,exposure_floor
2022-09-28,APOLLOHOSP,EXIT,exposure_floor
2022-09-28,AXISBANK,EXIT,exposure_floor
2022-09-28,BAJAJ-AUTO,EXIT,exposure_floor
2022-09-28,DRREDDY,EXIT,exposure_floor
2022-09-28,HDFCBANK,EXIT,exposure_floor
2022-09-28,INDIGO,EXIT,exposure_floor
2022-09-28,JSWSTEEL,EXIT,exposure_floor
2022-09-28,KOTAKBANK,EXIT,exposure_floor
2022-09-28,M&M,REDUCE,exposure_floor
2022-09-28,MARUTI,REDUCE,exposure_floor
2022-09-28,NESTLEIND,REDUCE,exposure_floor
2022-09-28,SHRIRAMFIN,EXIT,exposure_floor
2022-09-28,SUNPHARMA,REDUCE,exposure_floor
2022-09-28,TATACONSUM,REDUCE,exposure_floor
2022-09-28,TATASTEEL,EXIT,exposure_floor
2022-09-28,ULTRACEMCO,EXIT,exposure_floor
2022-09-29,ADANIPORTS,EXIT,exposure_floor
2022-09-29,AXISBANK,EXIT,exposure_floor
2022-09-29,BAJAJ-AUTO,EXIT,exposure_floor
2022-09-29,DRREDDY,EXIT,exposure_floor
2022-09-29,HDFCBANK,EXIT,exposure_floor
2022-09-29,INDIGO,EXIT,exposure_floor
2022-09-29,JSWSTEEL,EXIT,exposure_floor
2022-09-29,KOTAKBANK,EXIT,exposure_floor
2022-09-29,MARUTI,REDUCE,exposure_floor
2022-09-29,NESTLEIND,REDUCE,exposure_floor
2022-09-29,SHRIRAMFIN,EXIT,exposure_floor
2022-09-29,TATACONSUM,REDUCE,exposure_floor
2022-09-29,TATASTEEL,EXIT,exposure_floor
2022-09-29,ULTRACEMCO,EXIT,exposure_floor
2022-09-30,ADANIPORTS,EXIT,exposure_floor
2022-09-30,APOLLOHOSP,EXIT,exposure_floor
2022-09-30,AXISBANK,EXIT,exposure_floor
2022-09-30,BAJAJ-AUTO,EXIT,exposure_floor
2022-09-30,DRREDDY,EXIT,exposure_floor
2022-09-30,HDFCBANK,EXIT,exposure_floor
2022-09-30,INDIGO,EXIT,exposure_floor
2022-09-30,JSWSTEEL,EXIT,exposure_floor
2022-09-30,KOTAKBANK,EXIT,exposure_floor
2022-09-30,MARUTI,REDUCE,exposure_floor
2022-09-30,NESTLEIND,REDUCE,exposure_floor
2022-09-30,SHRIRAMFIN,EXIT,exposure_floor
2022-09-30,TATACONSUM,REDUCE,exposure_floor
2022-09-30,TATASTEEL,EXIT,exposure_floor
2022-09-30,ULTRACEMCO,EXIT,exposure_floor
2022-10-03,ADANIENT,EXIT,exposure_floor
2022-10-03,ADANIPORTS,EXIT,exposure_floor
2022-10-03,AXISBANK,EXIT,exposure_floor
2022-10-03,BAJAJ-AUTO,EXIT,exposure_floor
2022-10-03,DRREDDY,EXIT,exposure_floor
2022-10-03,HDFCBANK,EXIT,exposure_floor
2022-10-03,INDIGO,EXIT,exposure_floor
2022-10-03,JSWSTEEL,EXIT,exposure_floor
2022-10-03,KOTAKBANK,EXIT,exposure_floor
2022-10-03,MARUTI,REDUCE,exposure_floor
2022-10-03,NESTLEIND,REDUCE,exposure_floor
2022-10-03,SHRIRAMFIN,EXIT,exposure_floor
2022-10-03,SBIN,REDUCE,exposure_floor
2022-10-03,TATACONSUM,REDUCE,exposure_floor
2022-10-03,TATASTEEL,EXIT,exposure_floor
2022-10-03,ULTRACEMCO,EXIT,exposure_floor
2022-10-04,ADANIENT,REDUCE,exposure_floor
2022-10-04,ADANIPORTS,EXIT,exposure_floor
2022-10-04,APOLLOHOSP,EXIT,exposure_floor
2022-10-04,AXISBANK,EXIT,exposure_floor
2022-10-04,BAJAJ-AUTO,EXIT,exposure_floor
2022-10-04,DRREDDY,EXIT,exposure_floor
2022-10-04,HDFCBANK,EXIT,exposure_floor
2022-10-04,INDIGO,EXIT,exposure_floor
2022-10-04,JSWSTEEL,EXIT,exposure_floor
2022-10-04,KOTAKBANK,EXIT,exposure_floor
2022-10-04,MARUTI,REDUCE,exposure_floor
2022-10-04,NESTLEIND,REDUCE,exposure_floor
2022-10-04,SHRIRAMFIN,EXIT,exposure_floor
2022-10-04,SBIN,REDUCE,exposure_floor
2022-10-04,TATACONSUM,REDUCE,exposure_floor
2022-10-04,TATASTEEL,EXIT,exposure_floor
2022-10-04,ULTRACEMCO,EXIT,exposure_floor
2022-10-06,ADANIPORTS,EXIT,exposure_floor
2022-10-06,AXISBANK,EXIT,exposure_floor
2022-10-06,BAJAJ-AUTO,EXIT,exposure_floor
2022-10-06,DRREDDY,EXIT,exposure_floor
2022-10-06,HDFCBANK,EXIT,exposure_floor
2022-10-06,HINDUNILVR,REDUCE,exposure_floor
2022-10-06,INDIGO,EXIT,exposure_floor
2022-10-06,JSWSTEEL,REDUCE,exposure_floor
2022-10-06,KOTAKBANK,EXIT,exposure_floor
2022-10-06,MARUTI,REDUCE,exposure_floor
2022-10-06,NESTLEIND,REDUCE,exposure_floor
2022-10-06,SHRIRAMFIN,EXIT,exposure_floor
2022-10-06,SBIN,REDUCE,exposure_floor
2022-10-06,TATACONSUM,REDUCE,exposure_floor
2022-10-06,TATASTEEL,EXIT,exposure_floor
2022-10-06,ULTRACEMCO,EXIT,exposure_floor
2022-10-07,ADANIPORTS,EXIT,exposure_floor
2022-10-07,APOLLOHOSP,EXIT,exposure_floor
2022-10-07,AXISBANK,EXIT,exposure_floor
2022-10-07,BAJAJ-AUTO,EXIT,exposure_floor
2022-10-07,DRREDDY,EXIT,exposure_floor
2022-10-07,HDFCBANK,EXIT,exposure_floor
2022-10-07,HINDUNILVR,REDUCE,exposure_floor
2022-10-07,INDIGO,EXIT,exposure_floor
2022-10-07,KOTAKBANK,EXIT,exposure_floor
2022-10-07,MARUTI,REDUCE,exposure_floor
2022-10-07,NESTLEIND,REDUCE,exposure_floor
2022-10-07,SHRIRAMFIN,EXIT,exposure_floor
2022-10-07,SBIN,REDUCE,exposure_floor
2022-10-07,TATACONSUM,REDUCE,exposure_floor
2022-10-07,TATASTEEL,EXIT,exposure_floor
2022-10-07,ULTRACEMCO,EXIT,exposure_floor
2022-10-10,ADANIENT,EXIT,exposure_floor
2022-10-10,ADANIPORTS,EXIT,exposure_floor
2022-10-10,ASIANPAINT,REDUCE,exposure_floor
2022-10-10,AXISBANK,REDUCE,exposure_floor
2022-10-10,BAJAJ-AUTO,EXIT,exposure_floor
2022-10-10,DRREDDY,EXIT,exposure_floor
2022-10-10,HDFCBANK,EXIT,exposure_floor
2022-10-10,HINDUNILVR,REDUCE,exposure_floor
2022-10-10,INDIGO,EXIT,exposure_floor
2022-10-10,KOTAKBANK,EXIT,exposure_floor
2022-10-10,MARUTI,REDUCE,exposure_floor
2022-10-10,NESTLEIND,REDUCE,exposure_floor
2022-10-10,SHRIRAMFIN,EXIT,exposure_floor
2022-10-10,SBIN,REDUCE,exposure_floor
2022-10-10,TATACONSUM,REDUCE,exposure_floor
2022-10-10,TATASTEEL,EXIT,exposure_floor
2022-10-10,ULTRACEMCO,EXIT,exposure_floor
2022-10-11,ADANIENT,REDUCE,exposure_floor
2022-10-11,ADANIPORTS,EXIT,exposure_floor
2022-10-11,APOLLOHOSP,EXIT,exposure_floor
2022-10-11,ASIANPAINT,REDUCE,exposure_floor
2022-10-11,BAJAJ-AUTO,EXIT,exposure_floor
2022-10-11,DRREDDY,EXIT,exposure_floor
2022-10-11,HDFCBANK,EXIT,exposure_floor
2022-10-11,HINDUNILVR,REDUCE,exposure_floor
2022-10-11,INDIGO,EXIT,exposure_floor
2022-10-11,KOTAKBANK,EXIT,exposure_floor
2022-10-11,MARUTI,REDUCE,exposure_floor
2022-10-11,NESTLEIND,REDUCE,exposure_floor
2022-10-11,SHRIRAMFIN,EXIT,exposure_floor
2022-10-11,SBIN,REDUCE,exposure_floor
2022-10-11,TATACONSUM,EXIT,exposure_floor
2022-10-11,TATASTEEL,EXIT,exposure_floor
2022-10-11,ULTRACEMCO,EXIT,exposure_floor
2022-10-12,ADANIENT,EXIT,exposure_floor
2022-10-12,ADANIPORTS,EXIT,exposure_floor
2022-10-12,APOLLOHOSP,EXIT,exposure_floor
2022-10-12,ASIANPAINT,REDUCE,exposure_floor
2022-10-12,BAJAJ-AUTO,EXIT,exposure_floor
2022-10-12,BAJFINANCE,REDUCE,exposure_floor
2022-10-12,DRREDDY,EXIT,exposure_floor
2022-10-12,HDFCBANK,EXIT,exposure_floor
2022-10-12,HINDUNILVR,REDUCE,exposure_floor
2022-10-12,INDIGO,EXIT,exposure_floor
2022-10-12,KOTAKBANK,EXIT,exposure_floor
2022-10-12,MARUTI,REDUCE,exposure_floor
2022-10-12,NESTLEIND,REDUCE,exposure_floor
2022-10-12,SBILIFE,REDUCE,exposure_floor
2022-10-12,SHRIRAMFIN,EXIT,exposure_floor
2022-10-12,SBIN,REDUCE,exposure_floor
2022-10-12,TATACONSUM,EXIT,exposure_floor
2022-10-12,TATASTEEL,EXIT,exposure_floor
2022-10-12,ULTRACEMCO,EXIT,exposure_floor
2022-10-13,ADANIENT,EXIT,exposure_floor
2022-10-13,ADANIPORTS,EXIT,exposure_floor
2022-10-13,APOLLOHOSP,EXIT,exposure_floor
2022-10-13,ASIANPAINT,REDUCE,exposure_floor
2022-10-13,BAJAJ-AUTO,EXIT,exposure_floor
2022-10-13,BAJFINANCE,REDUCE,exposure_floor
2022-10-13,DRREDDY,EXIT,exposure_floor
2022-10-13,HDFCBANK,EXIT,exposure_floor
2022-10-13,HINDUNILVR,REDUCE,exposure_floor
2022-10-13,INDIGO,EXIT,exposure_floor
2022-10-13,KOTAKBANK,EXIT,exposure_floor
2022-10-13,MARUTI,REDUCE,exposure_floor
2022-10-13,NESTLEIND,REDUCE,exposure_floor
2022-10-13,SBILIFE,REDUCE,exposure_floor
2022-10-13,SHRIRAMFIN,EXIT,exposure_floor
2022-10-13,SBIN,REDUCE,exposure_floor
2022-10-13,TATACONSUM,EXIT,exposure_floor
2022-10-13,TATASTEEL,EXIT,exposure_floor
2022-10-13,ULTRACEMCO,EXIT,exposure_floor
2022-10-14,ADANIENT,EXIT,exposure_floor
2022-10-14,ADANIPORTS,EXIT,exposure_floor
2022-10-14,APOLLOHOSP,EXIT,exposure_floor
2022-10-14,ASIANPAINT,REDUCE,exposure_floor
2022-10-14,BAJAJ-AUTO,EXIT,exposure_floor
2022-10-14,BAJFINANCE,REDUCE,exposure_floor
2022-10-14,HDFCBANK,EXIT,exposure_floor
2022-10-14,HINDUNILVR,REDUCE,exposure_floor
2022-10-14,INDIGO,EXIT,exposure_floor
2022-10-14,KOTAKBANK,EXIT,exposure_floor
2022-10-14,M&M,REDUCE,exposure_floor
2022-10-14,MARUTI,REDUCE,exposure_floor
2022-10-14,NESTLEIND,REDUCE,exposure_floor
2022-10-14,SBILIFE,REDUCE,exposure_floor
2022-10-14,SHRIRAMFIN,EXIT,exposure_floor
2022-10-14,SBIN,REDUCE,exposure_floor
2022-10-14,TATACONSUM,EXIT,exposure_floor
2022-10-14,TATASTEEL,EXIT,exposure_floor
2022-10-14,ULTRACEMCO,EXIT,exposure_floor
2022-10-17,ADANIENT,EXIT,exposure_floor
2022-10-17,ADANIPORTS,EXIT,exposure_floor
2022-10-17,APOLLOHOSP,EXIT,exposure_floor
2022-10-17,ASIANPAINT,REDUCE,exposure_floor
2022-10-17,BAJAJ-AUTO,EXIT,exposure_floor
2022-10-17,BAJFINANCE,REDUCE,exposure_floor
2022-10-17,HDFCBANK,EXIT,exposure_floor
2022-10-17,HINDUNILVR,REDUCE,exposure_floor
2022-10-17,INDIGO,EXIT,exposure_floor
2022-10-17,JSWSTEEL,EXIT,exposure_floor
2022-10-17,KOTAKBANK,EXIT,exposure_floor
2022-10-17,M&M,REDUCE,exposure_floor
2022-10-17,MARUTI,REDUCE,exposure_floor
2022-10-17,NESTLEIND,REDUCE,exposure_floor
2022-10-17,SBILIFE,REDUCE,exposure_floor
2022-10-17,SHRIRAMFIN,EXIT,exposure_floor
2022-10-17,TATACONSUM,EXIT,exposure_floor
2022-10-17,TATASTEEL,EXIT,exposure_floor
2022-10-17,ULTRACEMCO,EXIT,exposure_floor
2022-10-18,ADANIENT,EXIT,exposure_floor
2022-10-18,ADANIPORTS,EXIT,exposure_floor
2022-10-18,ASIANPAINT,REDUCE,exposure_floor
2022-10-18,BAJAJ-AUTO,EXIT,exposure_floor
2022-10-18,HDFCBANK,EXIT,exposure_floor
2022-10-18,HINDUNILVR,REDUCE,exposure_floor
2022-10-18,INDIGO,EXIT,exposure_floor
2022-10-18,JSWSTEEL,EXIT,exposure_floor
2022-10-18,KOTAKBANK,EXIT,exposure_floor
2022-10-18,M&M,REDUCE,exposure_floor
2022-10-18,MARUTI,REDUCE,exposure_floor
2022-10-18,NESTLEIND,REDUCE,exposure_floor
2022-10-18,SBILIFE,REDUCE,exposure_floor
2022-10-18,SHRIRAMFIN,EXIT,exposure_floor
2022-10-18,TATACONSUM,EXIT,exposure_floor
2022-10-18,TATASTEEL,EXIT,exposure_floor
2022-10-18,ULTRACEMCO,EXIT,exposure_floor
2022-10-19,ADANIENT,EXIT,exposure_floor
2022-10-19,ADANIPORTS,EXIT,exposure_floor
2022-10-19,APOLLOHOSP,EXIT,exposure_floor
2022-10-19,ASIANPAINT,REDUCE,exposure_floor
2022-10-19,BAJAJ-AUTO,EXIT,exposure_floor
2022-10-19,HDFCBANK,EXIT,exposure_floor
2022-10-19,HINDUNILVR,REDUCE,exposure_floor
2022-10-19,INDIGO,EXIT,exposure_floor
2022-10-19,JSWSTEEL,EXIT,exposure_floor
2022-10-19,KOTAKBANK,REDUCE,exposure_floor
2022-10-19,M&M,REDUCE,exposure_floor
2022-10-19,MARUTI,REDUCE,exposure_floor
2022-10-19,NESTLEIND,REDUCE,exposure_floor
2022-10-19,SBILIFE,REDUCE,exposure_floor
2022-10-19,SHRIRAMFIN,EXIT,exposure_floor
2022-10-19,TATACONSUM,EXIT,exposure_floor
2022-10-19,TATASTEEL,EXIT,exposure_floor
2022-10-19,ULTRACEMCO,EXIT,exposure_floor
2022-10-20,ADANIENT,REDUCE,exposure_floor
2022-10-20,ADANIPORTS,EXIT,exposure_floor
2022-10-20,APOLLOHOSP,EXIT,exposure_floor
2022-10-20,ASIANPAINT,REDUCE,exposure_floor
2022-10-20,BAJAJ-AUTO,EXIT,exposure_floor
2022-10-20,HDFCBANK,EXIT,exposure_floor
2022-10-20,HINDUNILVR,REDUCE,exposure_floor
2022-10-20,INDIGO,EXIT,exposure_floor
2022-10-20,JSWSTEEL,EXIT,exposure_floor
2022-10-20,KOTAKBANK,EXIT,exposure_floor
2022-10-20,M&M,REDUCE,exposure_floor
2022-10-20,MARUTI,REDUCE,exposure_floor
2022-10-20,NESTLEIND,REDUCE,exposure_floor
2022-10-20,SBILIFE,REDUCE,exposure_floor
2022-10-20,SHRIRAMFIN,EXIT,exposure_floor
2022-10-20,TATACONSUM,EXIT,exposure_floor
2022-10-20,TATASTEEL,EXIT,exposure_floor
2022-10-20,ULTRACEMCO,EXIT,exposure_floor
2022-10-21,ADANIENT,REDUCE,exposure_floor
2022-10-21,ADANIPORTS,EXIT,exposure_floor
2022-10-21,APOLLOHOSP,EXIT,exposure_floor
2022-10-21,ASIANPAINT,EXIT,exposure_floor
2022-10-21,BAJAJ-AUTO,EXIT,exposure_floor
2022-10-21,BAJFINANCE,REDUCE,exposure_floor
2022-10-21,HDFCBANK,EXIT,exposure_floor
2022-10-21,HINDUNILVR,REDUCE,exposure_floor
2022-10-21,INDIGO,EXIT,exposure_floor
2022-10-21,JSWSTEEL,EXIT,exposure_floor
2022-10-21,KOTAKBANK,REDUCE,exposure_floor
2022-10-21,M&M,REDUCE,exposure_floor
2022-10-21,MARUTI,REDUCE,exposure_floor
2022-10-21,SBILIFE,REDUCE,exposure_floor
2022-10-21,SHRIRAMFIN,EXIT,exposure_floor
2022-10-21,TATACONSUM,EXIT,exposure_floor
2022-10-21,TATASTEEL,EXIT,exposure_floor
2022-10-21,ULTRACEMCO,EXIT,exposure_floor
2022-10-24,ADANIENT,REDUCE,exposure_floor
2022-10-24,ADANIPORTS,EXIT,exposure_floor
2022-10-24,APOLLOHOSP,EXIT,exposure_floor
2022-10-24,ASIANPAINT,EXIT,exposure_floor
2022-10-24,BAJAJ-AUTO,EXIT,exposure_floor
2022-10-24,BAJFINANCE,REDUCE,exposure_floor
2022-10-24,HCLTECH,EXIT,exposure_floor
2022-10-24,HDFCBANK,EXIT,exposure_floor
2022-10-24,HINDUNILVR,REDUCE,exposure_floor
2022-10-24,INDIGO,EXIT,exposure_floor
2022-10-24,JSWSTEEL,EXIT,exposure_floor
2022-10-24,M&M,REDUCE,exposure_floor
2022-10-24,MARUTI,REDUCE,exposure_floor
2022-10-24,SBILIFE,REDUCE,exposure_floor
2022-10-24,SHRIRAMFIN,EXIT,exposure_floor
2022-10-24,TATACONSUM,EXIT,exposure_floor
2022-10-24,TATASTEEL,EXIT,exposure_floor
2022-10-24,ULTRACEMCO,EXIT,exposure_floor
2022-10-25,ADANIENT,REDUCE,exposure_floor
2022-10-25,ADANIPORTS,EXIT,exposure_floor
2022-10-25,APOLLOHOSP,EXIT,exposure_floor
2022-10-25,ASIANPAINT,EXIT,exposure_floor
2022-10-25,BAJAJ-AUTO,EXIT,exposure_floor
2022-10-25,BAJFINANCE,REDUCE,exposure_floor
2022-10-25,HDFCBANK,EXIT,exposure_floor
2022-10-25,HINDUNILVR,REDUCE,exposure_floor
2022-10-25,INDIGO,EXIT,exposure_floor
2022-10-25,JSWSTEEL,EXIT,exposure_floor
2022-10-25,KOTAKBANK,EXIT,exposure_floor
2022-10-25,SBILIFE,REDUCE,exposure_floor
2022-10-25,SHRIRAMFIN,EXIT,exposure_floor
2022-10-25,TATACONSUM,EXIT,exposure_floor
2022-10-25,TATASTEEL,EXIT,exposure_floor
2022-10-25,ULTRACEMCO,EXIT,exposure_floor
2022-10-27,ADANIENT,REDUCE,exposure_floor
2022-10-27,ADANIPORTS,EXIT,exposure_floor
2022-10-27,ASIANPAINT,EXIT,exposure_floor
2022-10-27,BAJAJ-AUTO,EXIT,exposure_floor
2022-10-27,BAJFINANCE,REDUCE,exposure_floor
2022-10-27,HCLTECH,EXIT,exposure_floor
2022-10-27,HDFCBANK,EXIT,exposure_floor
2022-10-27,HINDUNILVR,REDUCE,exposure_floor
2022-10-27,INDIGO,EXIT,exposure_floor
2022-10-27,JSWSTEEL,EXIT,exposure_floor
2022-10-27,KOTAKBANK,EXIT,exposure_floor
2022-10-27,SBILIFE,REDUCE,exposure_floor
2022-10-27,SHRIRAMFIN,EXIT,exposure_floor
2022-10-27,TATACONSUM,EXIT,exposure_floor
2022-10-27,TATASTEEL,EXIT,exposure_floor
2022-10-27,ULTRACEMCO,EXIT,exposure_floor
2022-10-28,ADANIENT,REDUCE,exposure_floor
2022-10-28,ADANIPORTS,EXIT,exposure_floor
2022-10-28,APOLLOHOSP,EXIT,exposure_floor
2022-10-28,ASIANPAINT,EXIT,exposure_floor
2022-10-28,BAJAJ-AUTO,EXIT,exposure_floor
2022-10-28,BAJFINANCE,REDUCE,exposure_floor
2022-10-28,HDFCBANK,EXIT,exposure_floor
2022-10-28,HINDUNILVR,REDUCE,exposure_floor
2022-10-28,INDIGO,EXIT,exposure_floor
2022-10-28,JSWSTEEL,EXIT,exposure_floor
2022-10-28,KOTAKBANK,REDUCE,exposure_floor
2022-10-28,SBILIFE,REDUCE,exposure_floor
2022-10-28,SHRIRAMFIN,EXIT,exposure_floor
2022-10-28,TATACONSUM,EXIT,exposure_floor
2022-10-28,TATASTEEL,EXIT,exposure_floor
2022-10-28,ULTRACEMCO,EXIT,exposure_floor
2022-10-31,ADANIENT,REDUCE,exposure_floor
2022-10-31,ADANIPORTS,EXIT,exposure_floor
2022-10-31,ASIANPAINT,EXIT,exposure_floor
2022-10-31,BAJAJ-AUTO,EXIT,exposure_floor
2022-10-31,BAJFINANCE,REDUCE,exposure_floor
2022-10-31,BAJAJFINSV,REDUCE,exposure_floor
2022-10-31,HCLTECH,EXIT,exposure_floor
2022-10-31,HDFCBANK,EXIT,exposure_floor
2022-10-31,HINDUNILVR,REDUCE,exposure_floor
2022-10-31,INDIGO,EXIT,exposure_floor
2022-10-31,JSWSTEEL,EXIT,exposure_floor
2022-10-31,SBILIFE,REDUCE,exposure_floor
2022-10-31,SHRIRAMFIN,EXIT,exposure_floor
2022-10-31,TATACONSUM,EXIT,exposure_floor
2022-10-31,TATASTEEL,EXIT,exposure_floor
2022-11-01,ADANIPORTS,EXIT,exposure_floor
2022-11-01,APOLLOHOSP,EXIT,exposure_floor
2022-11-01,ASIANPAINT,EXIT,exposure_floor
2022-11-01,BAJAJ-AUTO,EXIT,exposure_floor
2022-11-01,BAJFINANCE,REDUCE,exposure_floor
2022-11-01,HDFCBANK,EXIT,exposure_floor
2022-11-01,HINDUNILVR,REDUCE,exposure_floor
2022-11-01,INDIGO,EXIT,exposure_floor
2022-11-01,JSWSTEEL,REDUCE,exposure_floor
2022-11-01,SBILIFE,REDUCE,exposure_floor
2022-11-01,SHRIRAMFIN,EXIT,exposure_floor
2022-11-01,TATACONSUM,EXIT,exposure_floor
2022-11-01,TATASTEEL,EXIT,exposure_floor
2022-11-01,ULTRACEMCO,EXIT,exposure_floor
2022-11-02,ADANIPORTS,EXIT,exposure_floor
2022-11-02,ASIANPAINT,EXIT,exposure_floor
2022-11-02,BAJAJ-AUTO,EXIT,exposure_floor
2022-11-02,BAJFINANCE,REDUCE,exposure_floor
2022-11-02,HCLTECH,EXIT,exposure_floor
2022-11-02,HDFCBANK,EXIT,exposure_floor
2022-11-02,HINDUNILVR,REDUCE,exposure_floor
2022-11-02,INDIGO,EXIT,exposure_floor
2022-11-02,SBILIFE,REDUCE,exposure_floor
2022-11-02,SHRIRAMFIN,EXIT,exposure_floor
2022-11-02,TATACONSUM,EXIT,exposure_floor
2022-11-02,TATASTEEL,EXIT,exposure_floor
2022-11-03,ADANIPORTS,EXIT,exposure_floor
2022-11-03,APOLLOHOSP,EXIT,exposure_floor
2022-11-03,ASIANPAINT,EXIT,exposure_floor
2022-11-03,BAJAJ-AUTO,EXIT,exposure_floor
2022-11-03,BAJFINANCE,REDUCE,exposure_floor
2022-11-03,HDFCBANK,EXIT,exposure_floor
2022-11-03,HINDUNILVR,REDUCE,exposure_floor
2022-11-03,INDIGO,EXIT,exposure_floor
2022-11-03,SBILIFE,REDUCE,exposure_floor
2022-11-03,SHRIRAMFIN,EXIT,exposure_floor
2022-11-03,TATACONSUM,EXIT,exposure_floor
2022-11-03,TATASTEEL,EXIT,exposure_floor
2022-11-03,ULTRACEMCO,EXIT,exposure_floor
2022-11-04,ADANIPORTS,REDUCE,exposure_floor
2022-11-04,APOLLOHOSP,EXIT,exposure_floor
2022-11-04,ASIANPAINT,EXIT,exposure_floor
2022-11-04,BAJAJ-AUTO,EXIT,exposure_floor
2022-11-04,BAJFINANCE,REDUCE,exposure_floor
2022-11-04,HCLTECH,EXIT,exposure_floor
2022-11-04,HDFCBANK,EXIT,exposure_floor
2022-11-04,HINDUNILVR,REDUCE,exposure_floor
2022-11-04,INDIGO,EXIT,exposure_floor
2022-11-04,SBILIFE,REDUCE,exposure_floor
2022-11-04,SHRIRAMFIN,EXIT,exposure_floor
2022-11-04,TATACONSUM,EXIT,exposure_floor
2022-11-04,TATASTEEL,EXIT,exposure_floor
2022-11-07,ADANIPORTS,REDUCE,exposure_floor
2022-11-07,APOLLOHOSP,EXIT,exposure_floor
2022-11-07,ASIANPAINT,EXIT,exposure_floor
2022-11-07,BAJAJ-AUTO,EXIT,exposure_floor
2022-11-07,BAJFINANCE,REDUCE,exposure_floor
2022-11-07,HDFCBANK,EXIT,exposure_floor
2022-11-07,HINDUNILVR,REDUCE,exposure_floor
2022-11-07,INDIGO,EXIT,exposure_floor
2022-11-07,SBILIFE,REDUCE,exposure_floor
2022-11-07,SHRIRAMFIN,EXIT,exposure_floor
2022-11-07,TATACONSUM,EXIT,exposure_floor
2022-11-07,TATASTEEL,EXIT,exposure_floor
2022-11-09,APOLLOHOSP,EXIT,exposure_floor
2022-11-09,ASIANPAINT,EXIT,exposure_floor
2022-11-09,BAJAJ-AUTO,EXIT,exposure_floor
2022-11-09,BAJFINANCE,REDUCE,exposure_floor
2022-11-09,HCLTECH,EXIT,exposure_floor
2022-11-09,HDFCBANK,EXIT,exposure_floor
2022-11-09,HINDUNILVR,REDUCE,exposure_floor
2022-11-09,INDIGO,EXIT,exposure_floor
2022-11-09,POWERGRID,REDUCE,exposure_floor
2022-11-09,SBILIFE,REDUCE,exposure_floor
2022-11-09,SHRIRAMFIN,EXIT,exposure_floor
2022-11-09,TATACONSUM,EXIT,exposure_floor
2022-11-09,TATASTEEL,EXIT,exposure_floor
2022-11-09,ULTRACEMCO,EXIT,exposure_floor
2022-11-10,APOLLOHOSP,EXIT,exposure_floor
2022-11-10,ASIANPAINT,EXIT,exposure_floor
2022-11-10,BAJAJ-AUTO,EXIT,exposure_floor
2022-11-10,BAJFINANCE,REDUCE,exposure_floor
2022-11-10,GRASIM,REDUCE,exposure_floor
2022-11-10,HINDUNILVR,REDUCE,exposure_floor
2022-11-10,INDIGO,EXIT,exposure_floor
2022-11-10,POWERGRID,EXIT,exposure_floor
2022-11-10,SBILIFE,REDUCE,exposure_floor
2022-11-10,SHRIRAMFIN,EXIT,exposure_floor
2022-11-10,TATACONSUM,EXIT,exposure_floor
2022-11-10,TATASTEEL,EXIT,exposure_floor
2022-11-10,ULTRACEMCO,REDUCE,exposure_floor
2022-11-11,APOLLOHOSP,EXIT,exposure_floor
2022-11-11,ASIANPAINT,EXIT,exposure_floor
2022-11-11,BAJAJ-AUTO,EXIT,exposure_floor
2022-11-11,BAJFINANCE,REDUCE,exposure_floor
2022-11-11,GRASIM,REDUCE,exposure_floor
2022-11-11,HCLTECH,EXIT,exposure_floor
2022-11-11,HINDUNILVR,REDUCE,exposure_floor
2022-11-11,INDIGO,EXIT,exposure_floor
2022-11-11,POWERGRID,EXIT,exposure_floor
2022-11-11,SBILIFE,REDUCE,exposure_floor
2022-11-11,SHRIRAMFIN,EXIT,exposure_floor
2022-11-11,TATACONSUM,EXIT,exposure_floor
2022-11-11,TATASTEEL,EXIT,exposure_floor
2022-11-11,TRENT,REDUCE,exposure_floor
2022-11-11,ULTRACEMCO,EXIT,exposure_floor
2022-11-14,ASIANPAINT,EXIT,exposure_floor
2022-11-14,BAJAJ-AUTO,EXIT,exposure_floor
2022-11-14,BAJFINANCE,REDUCE,exposure_floor
2022-11-14,HINDUNILVR,REDUCE,exposure_floor
2022-11-14,INFY,EXIT,exposure_floor
2022-11-14,INDIGO,EXIT,exposure_floor
2022-11-14,M&M,REDUCE,exposure_floor
2022-11-14,POWERGRID,EXIT,exposure_floor
2022-11-14,SBILIFE,REDUCE,exposure_floor
2022-11-14,SHRIRAMFIN,EXIT,exposure_floor
2022-11-14,TATACONSUM,EXIT,exposure_floor
2022-11-14,TATASTEEL,EXIT,exposure_floor
2022-11-14,TITAN,REDUCE,exposure_floor
2022-11-14,TRENT,REDUCE,exposure_floor
2022-11-14,ULTRACEMCO,REDUCE,exposure_floor
2022-11-15,APOLLOHOSP,EXIT,exposure_floor
2022-11-15,ASIANPAINT,EXIT,exposure_floor
2022-11-15,BAJAJ-AUTO,EXIT,exposure_floor
2022-11-15,BAJFINANCE,REDUCE,exposure_floor
2022-11-15,BAJAJFINSV,REDUCE,exposure_floor
2022-11-15,EICHERMOT,REDUCE,exposure_floor
2022-11-15,HINDALCO,EXIT,exposure_floor
2022-11-15,HINDUNILVR,REDUCE,exposure_floor
2022-11-15,INDIGO,EXIT,exposure_floor
2022-11-15,M&M,REDUCE,exposure_floor
2022-11-15,POWERGRID,EXIT,exposure_floor
2022-11-15,SBILIFE,REDUCE,exposure_floor
2022-11-15,SHRIRAMFIN,EXIT,exposure_floor
2022-11-15,TATACONSUM,EXIT,exposure_floor
2022-11-15,TATASTEEL,EXIT,exposure_floor
2022-11-15,TITAN,REDUCE,exposure_floor
2022-11-15,TRENT,REDUCE,exposure_floor
2022-11-16,ASIANPAINT,EXIT,exposure_floor
2022-11-16,BAJAJ-AUTO,EXIT,exposure_floor
2022-11-16,BAJFINANCE,REDUCE,exposure_floor
2022-11-16,BAJAJFINSV,REDUCE,exposure_floor
2022-11-16,EICHERMOT,REDUCE,exposure_floor
2022-11-16,HINDUNILVR,REDUCE,exposure_floor
2022-11-16,INFY,EXIT,exposure_floor
2022-11-16,INDIGO,EXIT,exposure_floor
2022-11-16,M&M,REDUCE,exposure_floor
2022-11-16,POWERGRID,EXIT,exposure_floor
2022-11-16,SBILIFE,REDUCE,exposure_floor
2022-11-16,SHRIRAMFIN,EXIT,exposure_floor
2022-11-16,TATACONSUM,EXIT,exposure_floor
2022-11-16,TATASTEEL,EXIT,exposure_floor
2022-11-16,TITAN,REDUCE,exposure_floor
2022-11-16,TRENT,REDUCE,exposure_floor
2022-11-17,APOLLOHOSP,EXIT,exposure_floor
2022-11-17,ASIANPAINT,EXIT,exposure_floor
2022-11-17,BAJAJ-AUTO,EXIT,exposure_floor
2022-11-17,BAJFINANCE,REDUCE,exposure_floor
2022-11-17,BAJAJFINSV,REDUCE,exposure_floor
2022-11-17,EICHERMOT,REDUCE,exposure_floor
2022-11-17,GRASIM,REDUCE,exposure_floor
2022-11-17,HCLTECH,EXIT,exposure_floor
2022-11-17,HINDALCO,EXIT,exposure_floor
2022-11-17,HINDUNILVR,REDUCE,exposure_floor
2022-11-17,INDIGO,EXIT,exposure_floor
2022-11-17,M&M,REDUCE,exposure_floor
2022-11-17,POWERGRID,EXIT,exposure_floor
2022-11-17,SBILIFE,REDUCE,exposure_floor
2022-11-17,SHRIRAMFIN,EXIT,exposure_floor
2022-11-17,TCS,EXIT,exposure_floor
2022-11-17,TATACONSUM,EXIT,exposure_floor
2022-11-17,TATASTEEL,EXIT,exposure_floor
2022-11-17,TITAN,REDUCE,exposure_floor
2022-11-17,TRENT,REDUCE,exposure_floor
2022-11-18,APOLLOHOSP,EXIT,exposure_floor
2022-11-18,ASIANPAINT,EXIT,exposure_floor
2022-11-18,BAJAJ-AUTO,EXIT,exposure_floor
2022-11-18,BAJFINANCE,REDUCE,exposure_floor
2022-11-18,BAJAJFINSV,REDUCE,exposure_floor
2022-11-18,EICHERMOT,REDUCE,exposure_floor
2022-11-18,GRASIM,REDUCE,exposure_floor
2022-11-18,HINDALCO,EXIT,exposure_floor
2022-11-18,HINDUNILVR,REDUCE,exposure_floor
2022-11-18,INFY,EXIT,exposure_floor
2022-11-18,INDIGO,EXIT,exposure_floor
2022-11-18,M&M,REDUCE,exposure_floor
2022-11-18,MARUTI,REDUCE,exposure_floor
2022-11-18,NTPC,REDUCE,exposure_floor
2022-11-18,POWERGRID,EXIT,exposure_floor
2022-11-18,SBILIFE,REDUCE,exposure_floor
2022-11-18,SHRIRAMFIN,EXIT,exposure_floor
2022-11-18,TCS,EXIT,exposure_floor
2022-11-18,TATACONSUM,EXIT,exposure_floor
2022-11-18,TATASTEEL,EXIT,exposure_floor
2022-11-18,TITAN,REDUCE,exposure_floor
2022-11-18,TRENT,REDUCE,exposure_floor
2022-11-21,ASIANPAINT,EXIT,exposure_floor
2022-11-21,BAJAJ-AUTO,EXIT,exposure_floor
2022-11-21,BAJFINANCE,EXIT,exposure_floor
2022-11-21,BAJAJFINSV,REDUCE,exposure_floor
2022-11-21,BEL,REDUCE,exposure_floor
2022-11-21,EICHERMOT,REDUCE,exposure_floor
2022-11-21,GRASIM,REDUCE,exposure_floor
2022-11-21,HCLTECH,EXIT,exposure_floor
2022-11-21,HINDALCO,EXIT,exposure_floor
2022-11-21,HINDUNILVR,REDUCE,exposure_floor
2022-11-21,INDIGO,EXIT,exposure_floor
2022-11-21,M&M,REDUCE,exposure_floor
2022-11-21,MARUTI,REDUCE,exposure_floor
2022-11-21,NTPC,REDUCE,exposure_floor
2022-11-21,POWERGRID,EXIT,exposure_floor
2022-11-21,SBILIFE,REDUCE,exposure_floor
2022-11-21,SHRIRAMFIN,EXIT,exposure_floor
2022-11-21,TCS,EXIT,exposure_floor
2022-11-21,TATACONSUM,EXIT,exposure_floor
2022-11-21,TATASTEEL,EXIT,exposure_floor
2022-11-21,TITAN,REDUCE,exposure_floor
2022-11-21,TRENT,REDUCE,exposure_floor
2022-11-22,APOLLOHOSP,EXIT,exposure_floor
2022-11-22,ASIANPAINT,EXIT,exposure_floor
2022-11-22,BAJAJ-AUTO,EXIT,exposure_floor
2022-11-22,BAJFINANCE,EXIT,exposure_floor
2022-11-22,BAJAJFINSV,REDUCE,exposure_floor
2022-11-22,BEL,REDUCE,exposure_floor
2022-11-22,EICHERMOT,REDUCE,exposure_floor
2022-11-22,GRASIM,REDUCE,exposure_floor
2022-11-22,HINDALCO,EXIT,exposure_floor
2022-11-22,HINDUNILVR,REDUCE,exposure_floor
2022-11-22,INFY,EXIT,exposure_floor
2022-11-22,INDIGO,EXIT,exposure_floor
2022-11-22,M&M,REDUCE,exposure_floor
2022-11-22,MARUTI,REDUCE,exposure_floor
2022-11-22,NTPC,REDUCE,exposure_floor
2022-11-22,POWERGRID,EXIT,exposure_floor
2022-11-22,SBILIFE,REDUCE,exposure_floor
2022-11-22,SHRIRAMFIN,EXIT,exposure_floor
2022-11-22,TCS,EXIT,exposure_floor
2022-11-22,TATACONSUM,EXIT,exposure_floor
2022-11-22,TATASTEEL,EXIT,exposure_floor
2022-11-22,TITAN,REDUCE,exposure_floor
2022-11-22,TRENT,REDUCE,exposure_floor
2022-11-23,ASIANPAINT,EXIT,exposure_floor
2022-11-23,BAJAJ-AUTO,EXIT,exposure_floor
2022-11-23,BAJFINANCE,EXIT,exposure_floor
2022-11-23,BAJAJFINSV,REDUCE,exposure_floor
2022-11-23,BEL,REDUCE,exposure_floor
2022-11-23,EICHERMOT,REDUCE,exposure_floor
2022-11-23,GRASIM,REDUCE,exposure_floor
2022-11-23,HINDALCO,EXIT,exposure_floor
2022-11-23,HINDUNILVR,REDUCE,exposure_floor
2022-11-23,INDIGO,EXIT,exposure_floor
2022-11-23,M&M,REDUCE,exposure_floor
2022-11-23,MARUTI,REDUCE,exposure_floor
2022-11-23,NTPC,REDUCE,exposure_floor
2022-11-23,POWERGRID,EXIT,exposure_floor
2022-11-23,SBILIFE,REDUCE,exposure_floor
2022-11-23,SHRIRAMFIN,REDUCE,exposure_floor
2022-11-23,TCS,EXIT,exposure_floor
2022-11-23,TATACONSUM,EXIT,exposure_floor
2022-11-23,TATASTEEL,EXIT,exposure_floor
2022-11-23,TITAN,REDUCE,exposure_floor
2022-11-23,TRENT,REDUCE,exposure_floor
2022-11-24,APOLLOHOSP,EXIT,exposure_floor
2022-11-24,ASIANPAINT,EXIT,exposure_floor
2022-11-24,BAJAJ-AUTO,EXIT,exposure_floor
2022-11-24,BAJFINANCE,EXIT,exposure_floor
2022-11-24,BAJAJFINSV,REDUCE,exposure_floor
2022-11-24,BEL,REDUCE,exposure_floor
2022-11-24,EICHERMOT,REDUCE,exposure_floor
2022-11-24,GRASIM,REDUCE,exposure_floor
2022-11-24,HINDALCO,EXIT,exposure_floor
2022-11-24,HINDUNILVR,REDUCE,exposure_floor
2022-11-24,INDIGO,EXIT,exposure_floor
2022-11-24,M&M,REDUCE,exposure_floor
2022-11-24,MARUTI,REDUCE,exposure_floor
2022-11-24,POWERGRID,REDUCE,exposure_floor
2022-11-24,SBILIFE,REDUCE,exposure_floor
2022-11-24,SHRIRAMFIN,EXIT,exposure_floor
2022-11-24,TATACONSUM,EXIT,exposure_floor
2022-11-24,TATASTEEL,EXIT,exposure_floor
2022-11-24,TITAN,REDUCE,exposure_floor
2022-11-24,TRENT,REDUCE,exposure_floor
2022-11-25,ASIANPAINT,EXIT,exposure_floor
2022-11-25,BAJAJ-AUTO,EXIT,exposure_floor
2022-11-25,BAJFINANCE,EXIT,exposure_floor
2022-11-25,BAJAJFINSV,REDUCE,exposure_floor
2022-11-25,BEL,REDUCE,exposure_floor
2022-11-25,EICHERMOT,REDUCE,exposure_floor
2022-11-25,GRASIM,REDUCE,exposure_floor
2022-11-25,HINDALCO,EXIT,exposure_floor
2022-11-25,HINDUNILVR,REDUCE,exposure_floor
2022-11-25,INDIGO,EXIT,exposure_floor
2022-11-25,M&M,REDUCE,exposure_floor
2022-11-25,ONGC,EXIT,exposure_floor
2022-11-25,POWERGRID,REDUCE,exposure_floor
2022-11-25,SBILIFE,REDUCE,exposure_floor
2022-11-25,SHRIRAMFIN,EXIT,exposure_floor
2022-11-25,TATACONSUM,EXIT,exposure_floor
2022-11-25,TATASTEEL,EXIT,exposure_floor
2022-11-25,TITAN,REDUCE,exposure_floor
2022-11-25,TRENT,REDUCE,exposure_floor
2022-11-28,APOLLOHOSP,EXIT,exposure_floor
2022-11-28,ASIANPAINT,EXIT,exposure_floor
2022-11-28,BAJAJ-AUTO,EXIT,exposure_floor
2022-11-28,BAJFINANCE,EXIT,exposure_floor
2022-11-28,BAJAJFINSV,REDUCE,exposure_floor
2022-11-28,BEL,REDUCE,exposure_floor
2022-11-28,EICHERMOT,REDUCE,exposure_floor
2022-11-28,GRASIM,REDUCE,exposure_floor
2022-11-28,HINDALCO,EXIT,exposure_floor
2022-11-28,HINDUNILVR,REDUCE,exposure_floor
2022-11-28,INDIGO,EXIT,exposure_floor
2022-11-28,M&M,REDUCE,exposure_floor
2022-11-28,MARUTI,REDUCE,exposure_floor
2022-11-28,POWERGRID,REDUCE,exposure_floor
2022-11-28,SBILIFE,REDUCE,exposure_floor
2022-11-28,SHRIRAMFIN,EXIT,exposure_floor
2022-11-28,TATACONSUM,EXIT,exposure_floor
2022-11-28,TATASTEEL,EXIT,exposure_floor
2022-11-28,TITAN,REDUCE,exposure_floor
2022-11-28,TRENT,REDUCE,exposure_floor
2022-11-29,ASIANPAINT,EXIT,exposure_floor
2022-11-29,BAJAJ-AUTO,EXIT,exposure_floor
2022-11-29,BAJFINANCE,EXIT,exposure_floor
2022-11-29,BAJAJFINSV,REDUCE,exposure_floor
2022-11-29,BEL,REDUCE,exposure_floor
2022-11-29,EICHERMOT,REDUCE,exposure_floor
2022-11-29,GRASIM,REDUCE,exposure_floor
2022-11-29,HDFCLIFE,EXIT,exposure_floor
2022-11-29,HINDALCO,EXIT,exposure_floor
2022-11-29,INDIGO,EXIT,exposure_floor
2022-11-29,M&M,REDUCE,exposure_floor
2022-11-29,MARUTI,REDUCE,exposure_floor
2022-11-29,ONGC,EXIT,exposure_floor
2022-11-29,POWERGRID,REDUCE,exposure_floor
2022-11-29,SBILIFE,REDUCE,exposure_floor
2022-11-29,SHRIRAMFIN,EXIT,exposure_floor
2022-11-29,TATACONSUM,EXIT,exposure_floor
2022-11-29,TATASTEEL,EXIT,exposure_floor
2022-11-29,TITAN,REDUCE,exposure_floor
2022-11-30,APOLLOHOSP,EXIT,exposure_floor
2022-11-30,ASIANPAINT,EXIT,exposure_floor
2022-11-30,BAJAJ-AUTO,EXIT,exposure_floor
2022-11-30,BAJFINANCE,EXIT,exposure_floor
2022-11-30,BAJAJFINSV,REDUCE,exposure_floor
2022-11-30,BEL,REDUCE,exposure_floor
2022-11-30,EICHERMOT,REDUCE,exposure_floor
2022-11-30,GRASIM,REDUCE,exposure_floor
2022-11-30,ITC,REDUCE,exposure_floor
2022-11-30,M&M,REDUCE,exposure_floor
2022-11-30,MARUTI,REDUCE,exposure_floor
2022-11-30,POWERGRID,REDUCE,exposure_floor
2022-11-30,SBILIFE,REDUCE,exposure_floor
2022-11-30,SHRIRAMFIN,REDUCE,exposure_floor
2022-11-30,TATACONSUM,EXIT,exposure_floor
2022-11-30,TATASTEEL,EXIT,exposure_floor
2022-11-30,TITAN,REDUCE,exposure_floor
2022-12-01,ASIANPAINT,EXIT,exposure_floor
2022-12-01,BAJAJ-AUTO,EXIT,exposure_floor
2022-12-01,BAJFINANCE,EXIT,exposure_floor
2022-12-01,BAJAJFINSV,REDUCE,exposure_floor
2022-12-01,BEL,REDUCE,exposure_floor
2022-12-01,EICHERMOT,REDUCE,exposure_floor
2022-12-01,GRASIM,REDUCE,exposure_floor
2022-12-01,HDFCLIFE,EXIT,exposure_floor
2022-12-01,HINDALCO,EXIT,exposure_floor
2022-12-01,ITC,REDUCE,exposure_floor
2022-12-01,M&M,REDUCE,exposure_floor
2022-12-01,MARUTI,REDUCE,exposure_floor
2022-12-01,ONGC,EXIT,exposure_floor
2022-12-01,POWERGRID,REDUCE,exposure_floor
2022-12-01,SBILIFE,REDUCE,exposure_floor
2022-12-01,SHRIRAMFIN,REDUCE,exposure_floor
2022-12-01,TATACONSUM,EXIT,exposure_floor
2022-12-01,TITAN,REDUCE,exposure_floor
2022-12-02,ASIANPAINT,EXIT,exposure_floor
2022-12-02,BAJAJ-AUTO,EXIT,exposure_floor
2022-12-02,BAJFINANCE,EXIT,exposure_floor
2022-12-02,BAJAJFINSV,REDUCE,exposure_floor
2022-12-02,BEL,REDUCE,exposure_floor
2022-12-02,CIPLA,REDUCE,exposure_floor
2022-12-02,EICHERMOT,REDUCE,exposure_floor
2022-12-02,ITC,REDUCE,exposure_floor
2022-12-02,INDIGO,EXIT,exposure_floor
2022-12-02,M&M,REDUCE,exposure_floor
2022-12-02,MARUTI,REDUCE,exposure_floor
2022-12-02,POWERGRID,REDUCE,exposure_floor
2022-12-02,SBILIFE,REDUCE,exposure_floor
2022-12-02,SHRIRAMFIN,REDUCE,exposure_floor
2022-12-02,TATACONSUM,EXIT,exposure_floor
2022-12-02,TITAN,REDUCE,exposure_floor
2022-12-05,ASIANPAINT,EXIT,exposure_floor
2022-12-05,BAJAJ-AUTO,EXIT,exposure_floor
2022-12-05,BAJFINANCE,EXIT,exposure_floor
2022-12-05,BAJAJFINSV,REDUCE,exposure_floor
2022-12-05,BEL,REDUCE,exposure_floor
2022-12-05,CIPLA,REDUCE,exposure_floor
2022-12-05,EICHERMOT,REDUCE,exposure_floor
2022-12-05,HDFCLIFE,EXIT,exposure_floor
2022-12-05,HINDALCO,EXIT,exposure_floor
2022-12-05,ITC,REDUCE,exposure_floor
2022-12-05,INDIGO,EXIT,exposure_floor
2022-12-05,M&M,REDUCE,exposure_floor
2022-12-05,MARUTI,REDUCE,exposure_floor
2022-12-05,ONGC,EXIT,exposure_floor
2022-12-05,POWERGRID,REDUCE,exposure_floor
2022-12-05,SBILIFE,REDUCE,exposure_floor
2022-12-05,SHRIRAMFIN,REDUCE,exposure_floor
2022-12-05,TATACONSUM,EXIT,exposure_floor
2022-12-05,TITAN,REDUCE,exposure_floor
2022-12-06,ASIANPAINT,EXIT,exposure_floor
2022-12-06,BAJAJ-AUTO,EXIT,exposure_floor
2022-12-06,BAJFINANCE,EXIT,exposure_floor
2022-12-06,BAJAJFINSV,REDUCE,exposure_floor
2022-12-06,BEL,REDUCE,exposure_floor
2022-12-06,CIPLA,REDUCE,exposure_floor
2022-12-06,EICHERMOT,REDUCE,exposure_floor
2022-12-06,ITC,REDUCE,exposure_floor
2022-12-06,INFY,EXIT,exposure_floor
2022-12-06,INDIGO,EXIT,exposure_floor
2022-12-06,M&M,REDUCE,exposure_floor
2022-12-06,MARUTI,REDUCE,exposure_floor
2022-12-06,POWERGRID,REDUCE,exposure_floor
2022-12-06,SBILIFE,REDUCE,exposure_floor
2022-12-06,TATACONSUM,EXIT,exposure_floor
2022-12-06,TITAN,REDUCE,exposure_floor
2022-12-07,ASIANPAINT,EXIT,exposure_floor
2022-12-07,BAJAJ-AUTO,EXIT,exposure_floor
2022-12-07,BAJFINANCE,EXIT,exposure_floor
2022-12-07,BAJAJFINSV,REDUCE,exposure_floor
2022-12-07,BEL,REDUCE,exposure_floor
2022-12-07,CIPLA,REDUCE,exposure_floor
2022-12-07,EICHERMOT,EXIT,exposure_floor
2022-12-07,HDFCLIFE,EXIT,exposure_floor
2022-12-07,HINDALCO,EXIT,exposure_floor
2022-12-07,ITC,REDUCE,exposure_floor
2022-12-07,M&M,REDUCE,exposure_floor
2022-12-07,MARUTI,REDUCE,exposure_floor
2022-12-07,ONGC,EXIT,exposure_floor
2022-12-07,SBILIFE,REDUCE,exposure_floor
2022-12-07,TATACONSUM,EXIT,exposure_floor
2022-12-07,TITAN,REDUCE,exposure_floor
2022-12-08,ASIANPAINT,EXIT,exposure_floor
2022-12-08,BAJAJ-AUTO,EXIT,exposure_floor
2022-12-08,BAJFINANCE,EXIT,exposure_floor
2022-12-08,BAJAJFINSV,REDUCE,exposure_floor
2022-12-08,BEL,REDUCE,exposure_floor
2022-12-08,CIPLA,REDUCE,exposure_floor
2022-12-08,DRREDDY,REDUCE,exposure_floor
2022-12-08,EICHERMOT,EXIT,exposure_floor
2022-12-08,ITC,REDUCE,exposure_floor
2022-12-08,M&M,REDUCE,exposure_floor
2022-12-08,MARUTI,REDUCE,exposure_floor
2022-12-08,SBILIFE,REDUCE,exposure_floor
2022-12-08,TCS,EXIT,exposure_floor
2022-12-08,TATACONSUM,EXIT,exposure_floor
2022-12-08,TITAN,REDUCE,exposure_floor
2022-12-09,ASIANPAINT,EXIT,exposure_floor
2022-12-09,BAJAJ-AUTO,EXIT,exposure_floor
2022-12-09,BAJFINANCE,EXIT,exposure_floor
2022-12-09,BAJAJFINSV,REDUCE,exposure_floor
2022-12-09,BEL,REDUCE,exposure_floor
2022-12-09,CIPLA,REDUCE,exposure_floor
2022-12-09,DRREDDY,REDUCE,exposure_floor
2022-12-09,EICHERMOT,EXIT,exposure_floor
2022-12-09,HCLTECH,EXIT,exposure_floor
2022-12-09,HDFCLIFE,EXIT,exposure_floor
2022-12-09,HINDALCO,EXIT,exposure_floor
2022-12-09,ITC,REDUCE,exposure_floor
2022-12-09,INFY,EXIT,exposure_floor
2022-12-09,M&M,REDUCE,exposure_floor
2022-12-09,MARUTI,REDUCE,exposure_floor
2022-12-09,ONGC,EXIT,exposure_floor
2022-12-09,SBILIFE,REDUCE,exposure_floor
2022-12-09,TCS,EXIT,exposure_floor
2022-12-09,TATACONSUM,EXIT,exposure_floor
2022-12-09,TATASTEEL,EXIT,exposure_floor
2022-12-09,TITAN,REDUCE,exposure_floor
2022-12-12,ASIANPAINT,EXIT,exposure_floor
2022-12-12,BAJAJ-AUTO,EXIT,exposure_floor
2022-12-12,BAJFINANCE,EXIT,exposure_floor
2022-12-12,BAJAJFINSV,REDUCE,exposure_floor
2022-12-12,BEL,REDUCE,exposure_floor
2022-12-12,CIPLA,REDUCE,exposure_floor
2022-12-12,DRREDDY,REDUCE,exposure_floor
2022-12-12,EICHERMOT,EXIT,exposure_floor
2022-12-12,HCLTECH,EXIT,exposure_floor
2022-12-12,ITC,REDUCE,exposure_floor
2022-12-12,KOTAKBANK,REDUCE,exposure_floor
2022-12-12,M&M,REDUCE,exposure_floor
2022-12-12,MARUTI,REDUCE,exposure_floor
2022-12-12,NTPC,REDUCE,exposure_floor
2022-12-12,SBILIFE,REDUCE,exposure_floor
2022-12-12,SUNPHARMA,REDUCE,exposure_floor
2022-12-12,TCS,EXIT,exposure_floor
2022-12-12,TATACONSUM,EXIT,exposure_floor
2022-12-12,TITAN,REDUCE,exposure_floor
2022-12-13,ASIANPAINT,EXIT,exposure_floor
2022-12-13,BAJAJ-AUTO,EXIT,exposure_floor
2022-12-13,BAJFINANCE,EXIT,exposure_floor
2022-12-13,BAJAJFINSV,REDUCE,exposure_floor
2022-12-13,BEL,REDUCE,exposure_floor
2022-12-13,CIPLA,REDUCE,exposure_floor
2022-12-13,DRREDDY,REDUCE,exposure_floor
2022-12-13,EICHERMOT,EXIT,exposure_floor
2022-12-13,HCLTECH,EXIT,exposure_floor
2022-12-13,HINDALCO,EXIT,exposure_floor
2022-12-13,ITC,REDUCE,exposure_floor
2022-12-13,INFY,EXIT,exposure_floor
2022-12-13,KOTAKBANK,REDUCE,exposure_floor
2022-12-13,M&M,REDUCE,exposure_floor
2022-12-13,MARUTI,REDUCE,exposure_floor
2022-12-13,MAXHEALTH,REDUCE,exposure_floor
2022-12-13,NTPC,REDUCE,exposure_floor
2022-12-13,ONGC,EXIT,exposure_floor
2022-12-13,SBILIFE,REDUCE,exposure_floor
2022-12-13,SUNPHARMA,REDUCE,exposure_floor
2022-12-13,TATACONSUM,EXIT,exposure_floor
2022-12-13,TITAN,REDUCE,exposure_floor
2022-12-13,TRENT,REDUCE,exposure_floor
2022-12-14,ASIANPAINT,EXIT,exposure_floor
2022-12-14,BAJAJ-AUTO,EXIT,exposure_floor
2022-12-14,BAJFINANCE,EXIT,exposure_floor
2022-12-14,BAJAJFINSV,REDUCE,exposure_floor
2022-12-14,BEL,REDUCE,exposure_floor
2022-12-14,CIPLA,REDUCE,exposure_floor
2022-12-14,DRREDDY,REDUCE,exposure_floor
2022-12-14,EICHERMOT,EXIT,exposure_floor
2022-12-14,HCLTECH,REDUCE,exposure_floor
2022-12-14,HDFCLIFE,EXIT,exposure_floor
2022-12-14,ITC,REDUCE,exposure_floor
2022-12-14,KOTAKBANK,REDUCE,exposure_floor
2022-12-14,M&M,REDUCE,exposure_floor
2022-12-14,MARUTI,REDUCE,exposure_floor
2022-12-14,MAXHEALTH,REDUCE,exposure_floor
2022-12-14,NTPC,REDUCE,exposure_floor
2022-12-14,SBILIFE,REDUCE,exposure_floor
2022-12-14,SUNPHARMA,REDUCE,exposure_floor
2022-12-14,TCS,EXIT,exposure_floor
2022-12-14,TATACONSUM,EXIT,exposure_floor
2022-12-14,TITAN,REDUCE,exposure_floor
2022-12-14,TRENT,REDUCE,exposure_floor
2022-12-15,ASIANPAINT,EXIT,exposure_floor
2022-12-15,BAJAJ-AUTO,EXIT,exposure_floor
2022-12-15,BAJFINANCE,EXIT,exposure_floor
2022-12-15,BAJAJFINSV,REDUCE,exposure_floor
2022-12-15,BEL,REDUCE,exposure_floor
2022-12-15,CIPLA,REDUCE,exposure_floor
2022-12-15,DRREDDY,REDUCE,exposure_floor
2022-12-15,EICHERMOT,EXIT,exposure_floor
2022-12-15,HCLTECH,EXIT,exposure_floor
2022-12-15,HINDALCO,EXIT,exposure_floor
2022-12-15,ICICIBANK,REDUCE,exposure_floor
2022-12-15,ITC,REDUCE,exposure_floor
2022-12-15,INFY,EXIT,exposure_floor
2022-12-15,KOTAKBANK,REDUCE,exposure_floor
2022-12-15,M&M,REDUCE,exposure_floor
2022-12-15,MARUTI,REDUCE,exposure_floor
2022-12-15,MAXHEALTH,REDUCE,exposure_floor
2022-12-15,NTPC,REDUCE,exposure_floor
2022-12-15,NESTLEIND,REDUCE,exposure_floor
2022-12-15,ONGC,EXIT,exposure_floor
2022-12-15,SBILIFE,REDUCE,exposure_floor
2022-12-15,SUNPHARMA,REDUCE,exposure_floor
2022-12-15,TCS,EXIT,exposure_floor
2022-12-15,TATACONSUM,EXIT,exposure_floor
2022-12-15,TITAN,REDUCE,exposure_floor
2022-12-15,TRENT,REDUCE,exposure_floor
2022-12-16,ASIANPAINT,EXIT,exposure_floor
2022-12-16,BAJAJ-AUTO,EXIT,exposure_floor
2022-12-16,BAJFINANCE,EXIT,exposure_floor
2022-12-16,BAJAJFINSV,REDUCE,exposure_floor
2022-12-16,BEL,REDUCE,exposure_floor
2022-12-16,CIPLA,REDUCE,exposure_floor
2022-12-16,DRREDDY,REDUCE,exposure_floor
2022-12-16,EICHERMOT,EXIT,exposure_floor
2022-12-16,HCLTECH,EXIT,exposure_floor
2022-12-16,ICICIBANK,REDUCE,exposure_floor
2022-12-16,ITC,REDUCE,exposure_floor
2022-12-16,INFY,EXIT,exposure_floor
2022-12-16,KOTAKBANK,REDUCE,exposure_floor
2022-12-16,M&M,REDUCE,exposure_floor
2022-12-16,MARUTI,REDUCE,exposure_floor
2022-12-16,MAXHEALTH,REDUCE,exposure_floor
2022-12-16,NTPC,REDUCE,exposure_floor
2022-12-16,NESTLEIND,REDUCE,exposure_floor
2022-12-16,POWERGRID,EXIT,exposure_floor
2022-12-16,SBILIFE,REDUCE,exposure_floor
2022-12-16,SUNPHARMA,REDUCE,exposure_floor
2022-12-16,TCS,EXIT,exposure_floor
2022-12-16,TATACONSUM,EXIT,exposure_floor
2022-12-16,TITAN,REDUCE,exposure_floor
2022-12-16,TRENT,REDUCE,exposure_floor
2022-12-19,ASIANPAINT,EXIT,exposure_floor
2022-12-19,BAJAJ-AUTO,EXIT,exposure_floor
2022-12-19,BAJFINANCE,EXIT,exposure_floor
2022-12-19,BAJAJFINSV,REDUCE,exposure_floor
2022-12-19,BEL,REDUCE,exposure_floor
2022-12-19,CIPLA,REDUCE,exposure_floor
2022-12-19,COALINDIA,REDUCE,exposure_floor
2022-12-19,DRREDDY,REDUCE,exposure_floor
2022-12-19,EICHERMOT,EXIT,exposure_floor
2022-12-19,HCLTECH,EXIT,exposure_floor
2022-12-19,HINDALCO,EXIT,exposure_floor
2022-12-19,ICICIBANK,REDUCE,exposure_floor
2022-12-19,ITC,REDUCE,exposure_floor
2022-12-19,INFY,EXIT,exposure_floor
2022-12-19,KOTAKBANK,REDUCE,exposure_floor
2022-12-19,M&M,REDUCE,exposure_floor
2022-12-19,MARUTI,REDUCE,exposure_floor
2022-12-19,MAXHEALTH,REDUCE,exposure_floor
2022-12-19,ONGC,EXIT,exposure_floor
2022-12-19,POWERGRID,REDUCE,exposure_floor
2022-12-19,SBILIFE,REDUCE,exposure_floor
2022-12-19,SUNPHARMA,REDUCE,exposure_floor
2022-12-19,TCS,EXIT,exposure_floor
2022-12-19,TATACONSUM,EXIT,exposure_floor
2022-12-19,TITAN,REDUCE,exposure_floor
2022-12-19,TRENT,REDUCE,exposure_floor
2022-12-20,ASIANPAINT,EXIT,exposure_floor
2022-12-20,BAJAJ-AUTO,EXIT,exposure_floor
2022-12-20,BAJFINANCE,EXIT,exposure_floor
2022-12-20,BAJAJFINSV,REDUCE,exposure_floor
2022-12-20,BEL,REDUCE,exposure_floor
2022-12-20,CIPLA,REDUCE,exposure_floor
2022-12-20,COALINDIA,REDUCE,exposure_floor
2022-12-20,DRREDDY,REDUCE,exposure_floor
2022-12-20,EICHERMOT,EXIT,exposure_floor
2022-12-20,HCLTECH,EXIT,exposure_floor
2022-12-20,ICICIBANK,REDUCE,exposure_floor
2022-12-20,ITC,REDUCE,exposure_floor
2022-12-20,INFY,EXIT,exposure_floor
2022-12-20,KOTAKBANK,REDUCE,exposure_floor
2022-12-20,M&M,REDUCE,exposure_floor
2022-12-20,MARUTI,REDUCE,exposure_floor
2022-12-20,NTPC,REDUCE,exposure_floor
2022-12-20,SBILIFE,REDUCE,exposure_floor
2022-12-20,SUNPHARMA,REDUCE,exposure_floor
2022-12-20,TCS,EXIT,exposure_floor
2022-12-20,TATACONSUM,EXIT,exposure_floor
2022-12-20,TITAN,REDUCE,exposure_floor
2022-12-20,TRENT,REDUCE,exposure_floor
2022-12-21,ASIANPAINT,EXIT,exposure_floor
2022-12-21,BAJAJ-AUTO,EXIT,exposure_floor
2022-12-21,BAJFINANCE,EXIT,exposure_floor
2022-12-21,BAJAJFINSV,REDUCE,exposure_floor
2022-12-21,BEL,REDUCE,exposure_floor
2022-12-21,BHARTIARTL,REDUCE,exposure_floor
2022-12-21,CIPLA,REDUCE,exposure_floor
2022-12-21,COALINDIA,REDUCE,exposure_floor
2022-12-21,DRREDDY,REDUCE,exposure_floor
2022-12-21,EICHERMOT,EXIT,exposure_floor
2022-12-21,GRASIM,REDUCE,exposure_floor
2022-12-21,HCLTECH,EXIT,exposure_floor
2022-12-21,HINDALCO,EXIT,exposure_floor
2022-12-21,ICICIBANK,REDUCE,exposure_floor
2022-12-21,ITC,REDUCE,exposure_floor
2022-12-21,INFY,EXIT,exposure_floor
2022-12-21,KOTAKBANK,EXIT,exposure_floor
2022-12-21,M&M,REDUCE,exposure_floor
2022-12-21,MARUTI,REDUCE,exposure_floor
2022-12-21,NTPC,REDUCE,exposure_floor
2022-12-21,ONGC,EXIT,exposure_floor
2022-12-21,SBILIFE,REDUCE,exposure_floor
2022-12-21,SUNPHARMA,REDUCE,exposure_floor
2022-12-21,TCS,EXIT,exposure_floor
2022-12-21,TATACONSUM,REDUCE,exposure_floor
2022-12-21,TATASTEEL,EXIT,exposure_floor
2022-12-21,TITAN,REDUCE,exposure_floor
2022-12-21,TRENT,REDUCE,exposure_floor
2022-12-22,ASIANPAINT,EXIT,exposure_floor
2022-12-22,BAJAJ-AUTO,EXIT,exposure_floor
2022-12-22,BAJFINANCE,EXIT,exposure_floor
2022-12-22,BAJAJFINSV,EXIT,exposure_floor
2022-12-22,BEL,REDUCE,exposure_floor
2022-12-22,BHARTIARTL,REDUCE,exposure_floor
2022-12-22,CIPLA,REDUCE,exposure_floor
2022-12-22,COALINDIA,REDUCE,exposure_floor
2022-12-22,DRREDDY,REDUCE,exposure_floor
2022-12-22,EICHERMOT,EXIT,exposure_floor
2022-12-22,HCLTECH,EXIT,exposure_floor
2022-12-22,ICICIBANK,REDUCE,exposure_floor
2022-12-22,ITC,REDUCE,exposure_floor
2022-12-22,INFY,EXIT,exposure_floor
2022-12-22,KOTAKBANK,EXIT,exposure_floor
2022-12-22,M&M,REDUCE,exposure_floor
2022-12-22,MARUTI,EXIT,exposure_floor
2022-12-22,NTPC,REDUCE,exposure_floor
2022-12-22,SBILIFE,REDUCE,exposure_floor
2022-12-22,TCS,EXIT,exposure_floor
2022-12-22,TITAN,REDUCE,exposure_floor
2022-12-22,TRENT,REDUCE,exposure_floor
2022-12-23,ADANIPORTS,EXIT,exposure_floor
2022-12-23,ASIANPAINT,EXIT,exposure_floor
2022-12-23,BAJAJ-AUTO,EXIT,exposure_floor
2022-12-23,BAJFINANCE,EXIT,exposure_floor
2022-12-23,BAJAJFINSV,EXIT,exposure_floor
2022-12-23,BEL,REDUCE,exposure_floor
2022-12-23,BHARTIARTL,REDUCE,exposure_floor
2022-12-23,CIPLA,REDUCE,exposure_floor
2022-12-23,COALINDIA,REDUCE,exposure_floor
2022-12-23,DRREDDY,REDUCE,exposure_floor
2022-12-23,EICHERMOT,EXIT,exposure_floor
2022-12-23,HCLTECH,EXIT,exposure_floor
2022-12-23,HDFCLIFE,EXIT,exposure_floor
2022-12-23,HINDALCO,EXIT,exposure_floor
2022-12-23,ICICIBANK,REDUCE,exposure_floor
2022-12-23,ITC,REDUCE,exposure_floor
2022-12-23,INFY,EXIT,exposure_floor
2022-12-23,INDIGO,EXIT,exposure_floor
2022-12-23,KOTAKBANK,EXIT,exposure_floor
2022-12-23,M&M,REDUCE,exposure_floor
2022-12-23,MARUTI,EXIT,exposure_floor
2022-12-23,NTPC,REDUCE,exposure_floor
2022-12-23,ONGC,EXIT,exposure_floor
2022-12-23,POWERGRID,EXIT,exposure_floor
2022-12-23,RELIANCE,EXIT,exposure_floor
2022-12-23,SBILIFE,REDUCE,exposure_floor
2022-12-23,TCS,EXIT,exposure_floor
2022-12-23,TATASTEEL,EXIT,exposure_floor
2022-12-23,TITAN,REDUCE,exposure_floor
2022-12-23,TRENT,EXIT,exposure_floor
2022-12-27,ADANIPORTS,EXIT,exposure_floor
2022-12-27,ASIANPAINT,EXIT,exposure_floor
2022-12-27,BAJAJ-AUTO,EXIT,exposure_floor
2022-12-27,BAJFINANCE,EXIT,exposure_floor
2022-12-27,BAJAJFINSV,EXIT,exposure_floor
2022-12-27,BEL,REDUCE,exposure_floor
2022-12-27,BHARTIARTL,REDUCE,exposure_floor
2022-12-27,CIPLA,REDUCE,exposure_floor
2022-12-27,COALINDIA,REDUCE,exposure_floor
2022-12-27,DRREDDY,EXIT,exposure_floor
2022-12-27,EICHERMOT,EXIT,exposure_floor
2022-12-27,GRASIM,REDUCE,exposure_floor
2022-12-27,HCLTECH,EXIT,exposure_floor
2022-12-27,HDFCLIFE,REDUCE,exposure_floor
2022-12-27,ICICIBANK,REDUCE,exposure_floor
2022-12-27,ITC,REDUCE,exposure_floor
2022-12-27,INFY,EXIT,exposure_floor
2022-12-27,INDIGO,REDUCE,exposure_floor
2022-12-27,KOTAKBANK,EXIT,exposure_floor
2022-12-27,M&M,REDUCE,exposure_floor
2022-12-27,MARUTI,EXIT,exposure_floor
2022-12-27,NTPC,REDUCE,exposure_floor
2022-12-27,POWERGRID,EXIT,exposure_floor
2022-12-27,RELIANCE,EXIT,exposure_floor
2022-12-27,SBILIFE,REDUCE,exposure_floor
2022-12-27,SUNPHARMA,REDUCE,exposure_floor
2022-12-27,TCS,EXIT,exposure_floor
2022-12-27,TATACONSUM,REDUCE,exposure_floor
2022-12-27,TITAN,REDUCE,exposure_floor
2022-12-27,TRENT,EXIT,exposure_floor
2022-12-28,ADANIPORTS,EXIT,exposure_floor
2022-12-28,ASIANPAINT,EXIT,exposure_floor
2022-12-28,BAJAJ-AUTO,EXIT,exposure_floor
2022-12-28,BAJFINANCE,EXIT,exposure_floor
2022-12-28,BAJAJFINSV,EXIT,exposure_floor
2022-12-28,BEL,REDUCE,exposure_floor
2022-12-28,BHARTIARTL,REDUCE,exposure_floor
2022-12-28,CIPLA,REDUCE,exposure_floor
2022-12-28,COALINDIA,REDUCE,exposure_floor
2022-12-28,DRREDDY,EXIT,exposure_floor
2022-12-28,EICHERMOT,EXIT,exposure_floor
2022-12-28,GRASIM,REDUCE,exposure_floor
2022-12-28,HCLTECH,EXIT,exposure_floor
2022-12-28,HDFCLIFE,EXIT,exposure_floor
2022-12-28,HINDALCO,EXIT,exposure_floor
2022-12-28,ICICIBANK,REDUCE,exposure_floor
2022-12-28,ITC,REDUCE,exposure_floor
2022-12-28,INFY,EXIT,exposure_floor
2022-12-28,KOTAKBANK,EXIT,exposure_floor
2022-12-28,M&M,REDUCE,exposure_floor
2022-12-28,MARUTI,EXIT,exposure_floor
2022-12-28,NTPC,REDUCE,exposure_floor
2022-12-28,ONGC,EXIT,exposure_floor
2022-12-28,POWERGRID,EXIT,exposure_floor
2022-12-28,RELIANCE,EXIT,exposure_floor
2022-12-28,SBILIFE,REDUCE,exposure_floor
2022-12-28,SUNPHARMA,REDUCE,exposure_floor
2022-12-28,TCS,EXIT,exposure_floor
2022-12-28,TATACONSUM,REDUCE,exposure_floor
2022-12-28,TATASTEEL,EXIT,exposure_floor
2022-12-28,TITAN,REDUCE,exposure_floor
2022-12-28,TRENT,EXIT,exposure_floor
2022-12-29,ADANIPORTS,EXIT,exposure_floor
2022-12-29,ASIANPAINT,EXIT,exposure_floor
2022-12-29,BAJAJ-AUTO,EXIT,exposure_floor
2022-12-29,BAJFINANCE,EXIT,exposure_floor
2022-12-29,BAJAJFINSV,EXIT,exposure_floor
2022-12-29,BEL,REDUCE,exposure_floor
2022-12-29,BHARTIARTL,REDUCE,exposure_floor
2022-12-29,CIPLA,REDUCE,exposure_floor
2022-12-29,COALINDIA,REDUCE,exposure_floor
2022-12-29,DRREDDY,EXIT,exposure_floor
2022-12-29,EICHERMOT,EXIT,exposure_floor
2022-12-29,GRASIM,REDUCE,exposure_floor
2022-12-29,HCLTECH,EXIT,exposure_floor
2022-12-29,HDFCLIFE,REDUCE,exposure_floor
2022-12-29,HINDUNILVR,REDUCE,exposure_floor
2022-12-29,ICICIBANK,REDUCE,exposure_floor
2022-12-29,ITC,REDUCE,exposure_floor
2022-12-29,INFY,EXIT,exposure_floor
2022-12-29,KOTAKBANK,EXIT,exposure_floor
2022-12-29,M&M,REDUCE,exposure_floor
2022-12-29,MARUTI,EXIT,exposure_floor
2022-12-29,NTPC,REDUCE,exposure_floor
2022-12-29,POWERGRID,EXIT,exposure_floor
2022-12-29,RELIANCE,EXIT,exposure_floor
2022-12-29,SUNPHARMA,REDUCE,exposure_floor
2022-12-29,TCS,EXIT,exposure_floor
2022-12-29,TATACONSUM,REDUCE,exposure_floor
2022-12-29,TITAN,REDUCE,exposure_floor
2022-12-29,TRENT,EXIT,exposure_floor
2022-12-30,ADANIPORTS,EXIT,exposure_floor
2022-12-30,APOLLOHOSP,REDUCE,exposure_floor
2022-12-30,ASIANPAINT,EXIT,exposure_floor
2022-12-30,BAJAJ-AUTO,EXIT,exposure_floor
2022-12-30,BAJFINANCE,EXIT,exposure_floor
2022-12-30,BAJAJFINSV,EXIT,exposure_floor
2022-12-30,BEL,REDUCE,exposure_floor
2022-12-30,BHARTIARTL,REDUCE,exposure_floor
2022-12-30,CIPLA,REDUCE,exposure_floor
2022-12-30,COALINDIA,REDUCE,exposure_floor
2022-12-30,DRREDDY,EXIT,exposure_floor
2022-12-30,EICHERMOT,EXIT,exposure_floor
2022-12-30,GRASIM,REDUCE,exposure_floor
2022-12-30,HCLTECH,EXIT,exposure_floor
2022-12-30,HDFCLIFE,EXIT,exposure_floor
2022-12-30,HINDALCO,EXIT,exposure_floor
2022-12-30,HINDUNILVR,REDUCE,exposure_floor
2022-12-30,ICICIBANK,REDUCE,exposure_floor
2022-12-30,ITC,REDUCE,exposure_floor
2022-12-30,INFY,EXIT,exposure_floor
2022-12-30,KOTAKBANK,EXIT,exposure_floor
2022-12-30,M&M,REDUCE,exposure_floor
2022-12-30,MARUTI,EXIT,exposure_floor
2022-12-30,NTPC,REDUCE,exposure_floor
2022-12-30,NESTLEIND,REDUCE,exposure_floor
2022-12-30,ONGC,EXIT,exposure_floor
2022-12-30,POWERGRID,EXIT,exposure_floor
2022-12-30,RELIANCE,EXIT,exposure_floor
2022-12-30,SBILIFE,REDUCE,exposure_floor
2022-12-30,SUNPHARMA,REDUCE,exposure_floor
2022-12-30,TCS,EXIT,exposure_floor
2022-12-30,TATACONSUM,EXIT,exposure_floor
2022-12-30,TITAN,REDUCE,exposure_floor
2022-12-30,TRENT,EXIT,exposure_floor
2023-01-02,ADANIPORTS,EXIT,exposure_floor
2023-01-02,APOLLOHOSP,REDUCE,exposure_floor
2023-01-02,ASIANPAINT,EXIT,exposure_floor
2023-01-02,BAJAJ-AUTO,EXIT,exposure_floor
2023-01-02,BAJFINANCE,EXIT,exposure_floor
2023-01-02,BAJAJFINSV,EXIT,exposure_floor
2023-01-02,BEL,REDUCE,exposure_floor
2023-01-02,BHARTIARTL,REDUCE,exposure_floor
2023-01-02,CIPLA,REDUCE,exposure_floor
2023-01-02,COALINDIA,REDUCE,exposure_floor
2023-01-02,DRREDDY,EXIT,exposure_floor
2023-01-02,EICHERMOT,EXIT,exposure_floor
2023-01-02,GRASIM,REDUCE,exposure_floor
2023-01-02,HCLTECH,EXIT,exposure_floor
2023-01-02,HDFCLIFE,REDUCE,exposure_floor
2023-01-02,HINDUNILVR,REDUCE,exposure_floor
2023-01-02,ICICIBANK,REDUCE,exposure_floor
2023-01-02,ITC,REDUCE,exposure_floor
2023-01-02,INFY,EXIT,exposure_floor
2023-01-02,KOTAKBANK,EXIT,exposure_floor
2023-01-02,M&M,REDUCE,exposure_floor
2023-01-02,MARUTI,EXIT,exposure_floor
2023-01-02,NTPC,REDUCE,exposure_floor
2023-01-02,NESTLEIND,REDUCE,exposure_floor
2023-01-02,POWERGRID,EXIT,exposure_floor
2023-01-02,RELIANCE,EXIT,exposure_floor
2023-01-02,SBILIFE,REDUCE,exposure_floor
2023-01-02,SUNPHARMA,REDUCE,exposure_floor
2023-01-02,TCS,EXIT,exposure_floor
2023-01-02,TATACONSUM,EXIT,exposure_floor
2023-01-02,TITAN,REDUCE,exposure_floor
2023-01-02,TRENT,EXIT,exposure_floor
2023-01-03,ADANIPORTS,EXIT,exposure_floor
2023-01-03,APOLLOHOSP,REDUCE,exposure_floor
2023-01-03,ASIANPAINT,EXIT,exposure_floor
2023-01-03,BAJAJ-AUTO,EXIT,exposure_floor
2023-01-03,BAJFINANCE,EXIT,exposure_floor
2023-01-03,BAJAJFINSV,EXIT,exposure_floor
2023-01-03,BEL,REDUCE,exposure_floor
2023-01-03,BHARTIARTL,REDUCE,exposure_floor
2023-01-03,CIPLA,REDUCE,exposure_floor
2023-01-03,COALINDIA,REDUCE,exposure_floor
2023-01-03,DRREDDY,EXIT,exposure_floor
2023-01-03,EICHERMOT,EXIT,exposure_floor
2023-01-03,GRASIM,REDUCE,exposure_floor
2023-01-03,HCLTECH,EXIT,exposure_floor
2023-01-03,HINDALCO,EXIT,exposure_floor
2023-01-03,HINDUNILVR,REDUCE,exposure_floor
2023-01-03,ICICIBANK,REDUCE,exposure_floor
2023-01-03,ITC,REDUCE,exposure_floor
2023-01-03,INFY,EXIT,exposure_floor
2023-01-03,KOTAKBANK,EXIT,exposure_floor
2023-01-03,M&M,REDUCE,exposure_floor
2023-01-03,MARUTI,EXIT,exposure_floor
2023-01-03,NTPC,REDUCE,exposure_floor
2023-01-03,NESTLEIND,REDUCE,exposure_floor
2023-01-03,POWERGRID,EXIT,exposure_floor
2023-01-03,RELIANCE,EXIT,exposure_floor
2023-01-03,SUNPHARMA,REDUCE,exposure_floor
2023-01-03,TATACONSUM,EXIT,exposure_floor
2023-01-03,TITAN,REDUCE,exposure_floor
2023-01-03,TRENT,EXIT,exposure_floor
2023-01-04,ADANIPORTS,EXIT,exposure_floor
2023-01-04,APOLLOHOSP,REDUCE,exposure_floor
2023-01-04,ASIANPAINT,EXIT,exposure_floor
2023-01-04,BAJAJ-AUTO,EXIT,exposure_floor
2023-01-04,BAJFINANCE,EXIT,exposure_floor
2023-01-04,BAJAJFINSV,EXIT,exposure_floor
2023-01-04,BEL,REDUCE,exposure_floor
2023-01-04,BHARTIARTL,REDUCE,exposure_floor
2023-01-04,CIPLA,REDUCE,exposure_floor
2023-01-04,COALINDIA,REDUCE,exposure_floor
2023-01-04,DRREDDY,EXIT,exposure_floor
2023-01-04,EICHERMOT,EXIT,exposure_floor
2023-01-04,GRASIM,REDUCE,exposure_floor
2023-01-04,HCLTECH,EXIT,exposure_floor
2023-01-04,HINDUNILVR,REDUCE,exposure_floor
2023-01-04,ICICIBANK,REDUCE,exposure_floor
2023-01-04,ITC,REDUCE,exposure_floor
2023-01-04,INFY,EXIT,exposure_floor
2023-01-04,KOTAKBANK,EXIT,exposure_floor
2023-01-04,M&M,REDUCE,exposure_floor
2023-01-04,MARUTI,EXIT,exposure_floor
2023-01-04,NTPC,REDUCE,exposure_floor
2023-01-04,NESTLEIND,REDUCE,exposure_floor
2023-01-04,ONGC,EXIT,exposure_floor
2023-01-04,POWERGRID,EXIT,exposure_floor
2023-01-04,RELIANCE,EXIT,exposure_floor
2023-01-04,SUNPHARMA,REDUCE,exposure_floor
2023-01-04,TCS,EXIT,exposure_floor
2023-01-04,TATACONSUM,EXIT,exposure_floor
2023-01-04,TITAN,REDUCE,exposure_floor
2023-01-04,TRENT,EXIT,exposure_floor
2023-01-05,ADANIPORTS,EXIT,exposure_floor
2023-01-05,APOLLOHOSP,REDUCE,exposure_floor
2023-01-05,ASIANPAINT,EXIT,exposure_floor
2023-01-05,BAJAJ-AUTO,EXIT,exposure_floor
2023-01-05,BAJFINANCE,EXIT,exposure_floor
2023-01-05,BAJAJFINSV,EXIT,exposure_floor
2023-01-05,BEL,REDUCE,exposure_floor
2023-01-05,BHARTIARTL,REDUCE,exposure_floor
2023-01-05,CIPLA,REDUCE,exposure_floor
2023-01-05,COALINDIA,REDUCE,exposure_floor
2023-01-05,DRREDDY,EXIT,exposure_floor
2023-01-05,EICHERMOT,EXIT,exposure_floor
2023-01-05,GRASIM,REDUCE,exposure_floor
2023-01-05,HCLTECH,EXIT,exposure_floor
2023-01-05,HINDALCO,EXIT,exposure_floor
2023-01-05,HINDUNILVR,REDUCE,exposure_floor
2023-01-05,ICICIBANK,REDUCE,exposure_floor
2023-01-05,ITC,REDUCE,exposure_floor
2023-01-05,INFY,EXIT,exposure_floor
2023-01-05,KOTAKBANK,EXIT,exposure_floor
2023-01-05,M&M,REDUCE,exposure_floor
2023-01-05,MARUTI,EXIT,exposure_floor
2023-01-05,NTPC,REDUCE,exposure_floor
2023-01-05,NESTLEIND,REDUCE,exposure_floor
2023-01-05,ONGC,REDUCE,exposure_floor
2023-01-05,POWERGRID,EXIT,exposure_floor
2023-01-05,RELIANCE,EXIT,exposure_floor
2023-01-05,TATACONSUM,EXIT,exposure_floor
2023-01-05,TITAN,REDUCE,exposure_floor
2023-01-05,TRENT,EXIT,exposure_floor
2023-01-06,ADANIPORTS,EXIT,exposure_floor
2023-01-06,APOLLOHOSP,REDUCE,exposure_floor
2023-01-06,ASIANPAINT,EXIT,exposure_floor
2023-01-06,BAJAJ-AUTO,EXIT,exposure_floor
2023-01-06,BAJFINANCE,EXIT,exposure_floor
2023-01-06,BAJAJFINSV,EXIT,exposure_floor
2023-01-06,BEL,REDUCE,exposure_floor
2023-01-06,BHARTIARTL,REDUCE,exposure_floor
2023-01-06,CIPLA,REDUCE,exposure_floor
2023-01-06,COALINDIA,REDUCE,exposure_floor
2023-01-06,DRREDDY,EXIT,exposure_floor
2023-01-06,EICHERMOT,EXIT,exposure_floor
2023-01-06,GRASIM,REDUCE,exposure_floor
2023-01-06,HCLTECH,EXIT,exposure_floor
2023-01-06,HINDUNILVR,REDUCE,exposure_floor
2023-01-06,ICICIBANK,REDUCE,exposure_floor
2023-01-06,ITC,REDUCE,exposure_floor
2023-01-06,INFY,EXIT,exposure_floor
2023-01-06,KOTAKBANK,EXIT,exposure_floor
2023-01-06,M&M,REDUCE,exposure_floor
2023-01-06,MARUTI,EXIT,exposure_floor
2023-01-06,NTPC,REDUCE,exposure_floor
2023-01-06,NESTLEIND,REDUCE,exposure_floor
2023-01-06,ONGC,EXIT,exposure_floor
2023-01-06,POWERGRID,EXIT,exposure_floor
2023-01-06,RELIANCE,EXIT,exposure_floor
2023-01-06,TCS,EXIT,exposure_floor
2023-01-06,TATACONSUM,EXIT,exposure_floor
2023-01-06,TITAN,REDUCE,exposure_floor
2023-01-06,TRENT,EXIT,exposure_floor
2023-01-09,ADANIPORTS,EXIT,exposure_floor
2023-01-09,APOLLOHOSP,REDUCE,exposure_floor
2023-01-09,ASIANPAINT,EXIT,exposure_floor
2023-01-09,BAJAJ-AUTO,EXIT,exposure_floor
2023-01-09,BAJFINANCE,EXIT,exposure_floor
2023-01-09,BAJAJFINSV,EXIT,exposure_floor
2023-01-09,BEL,REDUCE,exposure_floor
2023-01-09,BHARTIARTL,REDUCE,exposure_floor
2023-01-09,CIPLA,REDUCE,exposure_floor
2023-01-09,COALINDIA,REDUCE,exposure_floor
2023-01-09,DRREDDY,EXIT,exposure_floor
2023-01-09,EICHERMOT,EXIT,exposure_floor
2023-01-09,GRASIM,REDUCE,exposure_floor
2023-01-09,HCLTECH,EXIT,exposure_floor
2023-01-09,HINDALCO,EXIT,exposure_floor
2023-01-09,ICICIBANK,REDUCE,exposure_floor
2023-01-09,ITC,REDUCE,exposure_floor
2023-01-09,INFY,EXIT,exposure_floor
2023-01-09,KOTAKBANK,EXIT,exposure_floor
2023-01-09,M&M,REDUCE,exposure_floor
2023-01-09,MARUTI,EXIT,exposure_floor
2023-01-09,NTPC,REDUCE,exposure_floor
2023-01-09,NESTLEIND,REDUCE,exposure_floor
2023-01-09,ONGC,REDUCE,exposure_floor
2023-01-09,POWERGRID,EXIT,exposure_floor
2023-01-09,RELIANCE,REDUCE,exposure_floor
2023-01-09,TATACONSUM,EXIT,exposure_floor
2023-01-09,TITAN,REDUCE,exposure_floor
2023-01-09,TRENT,EXIT,exposure_floor
2023-01-10,ADANIPORTS,EXIT,exposure_floor
2023-01-10,APOLLOHOSP,REDUCE,exposure_floor
2023-01-10,ASIANPAINT,EXIT,exposure_floor
2023-01-10,BAJAJ-AUTO,EXIT,exposure_floor
2023-01-10,BAJFINANCE,EXIT,exposure_floor
2023-01-10,BAJAJFINSV,EXIT,exposure_floor
2023-01-10,BEL,REDUCE,exposure_floor
2023-01-10,BHARTIARTL,REDUCE,exposure_floor
2023-01-10,CIPLA,REDUCE,exposure_floor
2023-01-10,COALINDIA,REDUCE,exposure_floor
2023-01-10,DRREDDY,EXIT,exposure_floor
2023-01-10,EICHERMOT,EXIT,exposure_floor
2023-01-10,GRASIM,REDUCE,exposure_floor
2023-01-10,HCLTECH,EXIT,exposure_floor
2023-01-10,ICICIBANK,REDUCE,exposure_floor
2023-01-10,ITC,REDUCE,exposure_floor
2023-01-10,INFY,EXIT,exposure_floor
2023-01-10,KOTAKBANK,EXIT,exposure_floor
2023-01-10,M&M,REDUCE,exposure_floor
2023-01-10,MARUTI,EXIT,exposure_floor
2023-01-10,NTPC,REDUCE,exposure_floor
2023-01-10,NESTLEIND,REDUCE,exposure_floor
2023-01-10,POWERGRID,EXIT,exposure_floor
2023-01-10,RELIANCE,EXIT,exposure_floor
2023-01-10,TCS,EXIT,exposure_floor
2023-01-10,TATACONSUM,EXIT,exposure_floor
2023-01-10,TITAN,REDUCE,exposure_floor
2023-01-10,TRENT,EXIT,exposure_floor
2023-01-11,ADANIPORTS,EXIT,exposure_floor
2023-01-11,APOLLOHOSP,REDUCE,exposure_floor
2023-01-11,ASIANPAINT,EXIT,exposure_floor
2023-01-11,BAJAJ-AUTO,EXIT,exposure_floor
2023-01-11,BAJFINANCE,EXIT,exposure_floor
2023-01-11,BAJAJFINSV,EXIT,exposure_floor
2023-01-11,BEL,REDUCE,exposure_floor
2023-01-11,BHARTIARTL,REDUCE,exposure_floor
2023-01-11,CIPLA,REDUCE,exposure_floor
2023-01-11,COALINDIA,REDUCE,exposure_floor
2023-01-11,DRREDDY,EXIT,exposure_floor
2023-01-11,EICHERMOT,EXIT,exposure_floor
2023-01-11,GRASIM,REDUCE,exposure_floor
2023-01-11,HCLTECH,EXIT,exposure_floor
2023-01-11,HINDALCO,EXIT,exposure_floor
2023-01-11,ICICIBANK,REDUCE,exposure_floor
2023-01-11,ITC,REDUCE,exposure_floor
2023-01-11,INFY,EXIT,exposure_floor
2023-01-11,KOTAKBANK,EXIT,exposure_floor
2023-01-11,M&M,REDUCE,exposure_floor
2023-01-11,MARUTI,EXIT,exposure_floor
2023-01-11,NTPC,REDUCE,exposure_floor
2023-01-11,NESTLEIND,REDUCE,exposure_floor
2023-01-11,ONGC,EXIT,exposure_floor
2023-01-11,POWERGRID,EXIT,exposure_floor
2023-01-11,RELIANCE,EXIT,exposure_floor
2023-01-11,TATACONSUM,EXIT,exposure_floor
2023-01-11,TITAN,REDUCE,exposure_floor
2023-01-11,TRENT,EXIT,exposure_floor
2023-01-12,ADANIPORTS,EXIT,exposure_floor
2023-01-12,APOLLOHOSP,REDUCE,exposure_floor
2023-01-12,ASIANPAINT,EXIT,exposure_floor
2023-01-12,BAJAJ-AUTO,EXIT,exposure_floor
2023-01-12,BAJFINANCE,EXIT,exposure_floor
2023-01-12,BAJAJFINSV,EXIT,exposure_floor
2023-01-12,BEL,REDUCE,exposure_floor
2023-01-12,BHARTIARTL,REDUCE,exposure_floor
2023-01-12,CIPLA,REDUCE,exposure_floor
2023-01-12,COALINDIA,REDUCE,exposure_floor
2023-01-12,DRREDDY,EXIT,exposure_floor
2023-01-12,EICHERMOT,EXIT,exposure_floor
2023-01-12,GRASIM,REDUCE,exposure_floor
2023-01-12,HCLTECH,REDUCE,exposure_floor
2023-01-12,ICICIBANK,REDUCE,exposure_floor
2023-01-12,ITC,REDUCE,exposure_floor
2023-01-12,INFY,EXIT,exposure_floor
2023-01-12,KOTAKBANK,EXIT,exposure_floor
2023-01-12,M&M,REDUCE,exposure_floor
2023-01-12,MARUTI,EXIT,exposure_floor
2023-01-12,NTPC,REDUCE,exposure_floor
2023-01-12,NESTLEIND,REDUCE,exposure_floor
2023-01-12,ONGC,REDUCE,exposure_floor
2023-01-12,POWERGRID,EXIT,exposure_floor
2023-01-12,RELIANCE,EXIT,exposure_floor
2023-01-12,TCS,EXIT,exposure_floor
2023-01-12,TATACONSUM,EXIT,exposure_floor
2023-01-12,TITAN,REDUCE,exposure_floor
2023-01-12,TRENT,EXIT,exposure_floor
2023-01-13,ADANIPORTS,EXIT,exposure_floor
2023-01-13,APOLLOHOSP,REDUCE,exposure_floor
2023-01-13,ASIANPAINT,EXIT,exposure_floor
2023-01-13,BAJAJ-AUTO,EXIT,exposure_floor
2023-01-13,BAJFINANCE,EXIT,exposure_floor
2023-01-13,BAJAJFINSV,EXIT,exposure_floor
2023-01-13,BEL,REDUCE,exposure_floor
2023-01-13,BHARTIARTL,REDUCE,exposure_floor
2023-01-13,CIPLA,REDUCE,exposure_floor
2023-01-13,COALINDIA,REDUCE,exposure_floor
2023-01-13,DRREDDY,EXIT,exposure_floor
2023-01-13,EICHERMOT,EXIT,exposure_floor
2023-01-13,GRASIM,REDUCE,exposure_floor
2023-01-13,HCLTECH,EXIT,exposure_floor
2023-01-13,HINDALCO,EXIT,exposure_floor
2023-01-13,ICICIBANK,REDUCE,exposure_floor
2023-01-13,ITC,REDUCE,exposure_floor
2023-01-13,INFY,EXIT,exposure_floor
2023-01-13,KOTAKBANK,EXIT,exposure_floor
2023-01-13,M&M,REDUCE,exposure_floor
2023-01-13,MARUTI,EXIT,exposure_floor
2023-01-13,NTPC,REDUCE,exposure_floor
2023-01-13,NESTLEIND,REDUCE,exposure_floor
2023-01-13,ONGC,EXIT,exposure_floor
2023-01-13,POWERGRID,EXIT,exposure_floor
2023-01-13,RELIANCE,EXIT,exposure_floor
2023-01-13,TATACONSUM,EXIT,exposure_floor
2023-01-13,TITAN,EXIT,exposure_floor
2023-01-13,TRENT,EXIT,exposure_floor
2023-01-16,ADANIPORTS,EXIT,exposure_floor
2023-01-16,APOLLOHOSP,REDUCE,exposure_floor
2023-01-16,ASIANPAINT,EXIT,exposure_floor
2023-01-16,BAJAJ-AUTO,EXIT,exposure_floor
2023-01-16,BAJFINANCE,EXIT,exposure_floor
2023-01-16,BAJAJFINSV,EXIT,exposure_floor
2023-01-16,BEL,REDUCE,exposure_floor
2023-01-16,BHARTIARTL,REDUCE,exposure_floor
2023-01-16,CIPLA,REDUCE,exposure_floor
2023-01-16,COALINDIA,REDUCE,exposure_floor
2023-01-16,DRREDDY,EXIT,exposure_floor
2023-01-16,EICHERMOT,EXIT,exposure_floor
2023-01-16,GRASIM,REDUCE,exposure_floor
2023-01-16,HCLTECH,REDUCE,exposure_floor
2023-01-16,ICICIBANK,REDUCE,exposure_floor
2023-01-16,ITC,REDUCE,exposure_floor
2023-01-16,INFY,EXIT,exposure_floor
2023-01-16,KOTAKBANK,EXIT,exposure_floor
2023-01-16,M&M,REDUCE,exposure_floor
2023-01-16,MARUTI,EXIT,exposure_floor
2023-01-16,NTPC,REDUCE,exposure_floor
2023-01-16,NESTLEIND,REDUCE,exposure_floor
2023-01-16,ONGC,REDUCE,exposure_floor
2023-01-16,POWERGRID,EXIT,exposure_floor
2023-01-16,RELIANCE,EXIT,exposure_floor
2023-01-16,TATACONSUM,EXIT,exposure_floor
2023-01-16,TITAN,EXIT,exposure_floor
2023-01-16,TRENT,EXIT,exposure_floor
2023-01-17,ADANIENT,REDUCE,exposure_floor
2023-01-17,ADANIPORTS,EXIT,exposure_floor
2023-01-17,APOLLOHOSP,REDUCE,exposure_floor
2023-01-17,ASIANPAINT,EXIT,exposure_floor
2023-01-17,BAJAJ-AUTO,EXIT,exposure_floor
2023-01-17,BAJFINANCE,EXIT,exposure_floor
2023-01-17,BAJAJFINSV,EXIT,exposure_floor
2023-01-17,BEL,REDUCE,exposure_floor
2023-01-17,BHARTIARTL,REDUCE,exposure_floor
2023-01-17,CIPLA,REDUCE,exposure_floor
2023-01-17,COALINDIA,REDUCE,exposure_floor
2023-01-17,DRREDDY,EXIT,exposure_floor
2023-01-17,EICHERMOT,EXIT,exposure_floor
2023-01-17,GRASIM,REDUCE,exposure_floor
2023-01-17,HINDALCO,EXIT,exposure_floor
2023-01-17,ICICIBANK,REDUCE,exposure_floor
2023-01-17,ITC,REDUCE,exposure_floor
2023-01-17,INFY,EXIT,exposure_floor
2023-01-17,KOTAKBANK,EXIT,exposure_floor
2023-01-17,M&M,REDUCE,exposure_floor
2023-01-17,MARUTI,EXIT,exposure_floor
2023-01-17,NTPC,REDUCE,exposure_floor
2023-01-17,NESTLEIND,REDUCE,exposure_floor
2023-01-17,POWERGRID,EXIT,exposure_floor
2023-01-17,RELIANCE,EXIT,exposure_floor
2023-01-17,TATACONSUM,EXIT,exposure_floor
2023-01-17,TITAN,EXIT,exposure_floor
2023-01-17,TRENT,EXIT,exposure_floor
2023-01-18,ADANIENT,REDUCE,exposure_floor
2023-01-18,ADANIPORTS,EXIT,exposure_floor
2023-01-18,APOLLOHOSP,REDUCE,exposure_floor
2023-01-18,ASIANPAINT,EXIT,exposure_floor
2023-01-18,BAJAJ-AUTO,EXIT,exposure_floor
2023-01-18,BAJFINANCE,EXIT,exposure_floor
2023-01-18,BAJAJFINSV,EXIT,exposure_floor
2023-01-18,BEL,REDUCE,exposure_floor
2023-01-18,BHARTIARTL,REDUCE,exposure_floor
2023-01-18,CIPLA,REDUCE,exposure_floor
2023-01-18,COALINDIA,REDUCE,exposure_floor
2023-01-18,DRREDDY,EXIT,exposure_floor
2023-01-18,EICHERMOT,EXIT,exposure_floor
2023-01-18,GRASIM,REDUCE,exposure_floor
2023-01-18,ICICIBANK,REDUCE,exposure_floor
2023-01-18,ITC,REDUCE,exposure_floor
2023-01-18,INFY,EXIT,exposure_floor
2023-01-18,KOTAKBANK,EXIT,exposure_floor
2023-01-18,M&M,REDUCE,exposure_floor
2023-01-18,MARUTI,EXIT,exposure_floor
2023-01-18,NTPC,REDUCE,exposure_floor
2023-01-18,NESTLEIND,REDUCE,exposure_floor
2023-01-18,POWERGRID,EXIT,exposure_floor
2023-01-18,RELIANCE,EXIT,exposure_floor
2023-01-18,SBIN,REDUCE,exposure_floor
2023-01-18,TATACONSUM,EXIT,exposure_floor
2023-01-18,TITAN,EXIT,exposure_floor
2023-01-18,TRENT,EXIT,exposure_floor
2023-01-19,ADANIENT,EXIT,exposure_floor
2023-01-19,ADANIPORTS,EXIT,exposure_floor
2023-01-19,APOLLOHOSP,REDUCE,exposure_floor
2023-01-19,ASIANPAINT,EXIT,exposure_floor
2023-01-19,BAJAJ-AUTO,EXIT,exposure_floor
2023-01-19,BAJFINANCE,EXIT,exposure_floor
2023-01-19,BAJAJFINSV,EXIT,exposure_floor
2023-01-19,BEL,REDUCE,exposure_floor
2023-01-19,BHARTIARTL,REDUCE,exposure_floor
2023-01-19,CIPLA,REDUCE,exposure_floor
2023-01-19,COALINDIA,REDUCE,exposure_floor
2023-01-19,DRREDDY,EXIT,exposure_floor
2023-01-19,EICHERMOT,EXIT,exposure_floor
2023-01-19,GRASIM,REDUCE,exposure_floor
2023-01-19,HINDALCO,EXIT,exposure_floor
2023-01-19,ICICIBANK,REDUCE,exposure_floor
2023-01-19,ITC,REDUCE,exposure_floor
2023-01-19,INFY,EXIT,exposure_floor
2023-01-19,KOTAKBANK,EXIT,exposure_floor
2023-01-19,M&M,REDUCE,exposure_floor
2023-01-19,MARUTI,EXIT,exposure_floor
2023-01-19,NTPC,REDUCE,exposure_floor
2023-01-19,NESTLEIND,REDUCE,exposure_floor
2023-01-19,POWERGRID,REDUCE,exposure_floor
2023-01-19,RELIANCE,EXIT,exposure_floor
2023-01-19,SBIN,REDUCE,exposure_floor
2023-01-19,TATACONSUM,EXIT,exposure_floor
2023-01-19,TITAN,EXIT,exposure_floor
2023-01-19,TRENT,EXIT,exposure_floor
2023-01-20,ADANIENT,EXIT,exposure_floor
2023-01-20,ADANIPORTS,EXIT,exposure_floor
2023-01-20,APOLLOHOSP,REDUCE,exposure_floor
2023-01-20,ASIANPAINT,EXIT,exposure_floor
2023-01-20,BAJAJ-AUTO,EXIT,exposure_floor
2023-01-20,BAJFINANCE,EXIT,exposure_floor
2023-01-20,BAJAJFINSV,EXIT,exposure_floor
2023-01-20,BEL,REDUCE,exposure_floor
2023-01-20,BHARTIARTL,REDUCE,exposure_floor
2023-01-20,CIPLA,REDUCE,exposure_floor
2023-01-20,COALINDIA,REDUCE,exposure_floor
2023-01-20,DRREDDY,EXIT,exposure_floor
2023-01-20,EICHERMOT,EXIT,exposure_floor
2023-01-20,GRASIM,REDUCE,exposure_floor
2023-01-20,ICICIBANK,REDUCE,exposure_floor
2023-01-20,ITC,REDUCE,exposure_floor
2023-01-20,INFY,EXIT,exposure_floor
2023-01-20,KOTAKBANK,EXIT,exposure_floor
2023-01-20,MARUTI,EXIT,exposure_floor
2023-01-20,MAXHEALTH,REDUCE,exposure_floor
2023-01-20,NTPC,REDUCE,exposure_floor
2023-01-20,NESTLEIND,REDUCE,exposure_floor
2023-01-20,RELIANCE,EXIT,exposure_floor
2023-01-20,SBIN,REDUCE,exposure_floor
2023-01-20,TATACONSUM,EXIT,exposure_floor
2023-01-20,TITAN,EXIT,exposure_floor
2023-01-20,TRENT,EXIT,exposure_floor
2023-01-23,ADANIENT,EXIT,exposure_floor
2023-01-23,ADANIPORTS,EXIT,exposure_floor
2023-01-23,APOLLOHOSP,REDUCE,exposure_floor
2023-01-23,ASIANPAINT,EXIT,exposure_floor
2023-01-23,BAJAJ-AUTO,EXIT,exposure_floor
2023-01-23,BAJFINANCE,EXIT,exposure_floor
2023-01-23,BAJAJFINSV,EXIT,exposure_floor
2023-01-23,BEL,REDUCE,exposure_floor
2023-01-23,BHARTIARTL,REDUCE,exposure_floor
2023-01-23,CIPLA,REDUCE,exposure_floor
2023-01-23,COALINDIA,REDUCE,exposure_floor
2023-01-23,DRREDDY,EXIT,exposure_floor
2023-01-23,EICHERMOT,EXIT,exposure_floor
2023-01-23,GRASIM,REDUCE,exposure_floor
2023-01-23,HINDALCO,EXIT,exposure_floor
2023-01-23,ICICIBANK,REDUCE,exposure_floor
2023-01-23,ITC,REDUCE,exposure_floor
2023-01-23,INFY,EXIT,exposure_floor
2023-01-23,KOTAKBANK,EXIT,exposure_floor
2023-01-23,MARUTI,EXIT,exposure_floor
2023-01-23,NTPC,REDUCE,exposure_floor
2023-01-23,NESTLEIND,REDUCE,exposure_floor
2023-01-23,RELIANCE,EXIT,exposure_floor
2023-01-23,SBIN,REDUCE,exposure_floor
2023-01-23,TATACONSUM,EXIT,exposure_floor
2023-01-23,TITAN,EXIT,exposure_floor
2023-01-23,TRENT,EXIT,exposure_floor
2023-01-24,ADANIENT,EXIT,exposure_floor
2023-01-24,ADANIPORTS,EXIT,exposure_floor
2023-01-24,APOLLOHOSP,REDUCE,exposure_floor
2023-01-24,ASIANPAINT,EXIT,exposure_floor
2023-01-24,BAJAJ-AUTO,EXIT,exposure_floor
2023-01-24,BAJFINANCE,EXIT,exposure_floor
2023-01-24,BAJAJFINSV,EXIT,exposure_floor
2023-01-24,BEL,REDUCE,exposure_floor
2023-01-24,BHARTIARTL,REDUCE,exposure_floor
2023-01-24,CIPLA,REDUCE,exposure_floor
2023-01-24,COALINDIA,REDUCE,exposure_floor
2023-01-24,DRREDDY,EXIT,exposure_floor
2023-01-24,EICHERMOT,EXIT,exposure_floor
2023-01-24,GRASIM,EXIT,exposure_floor
2023-01-24,ICICIBANK,REDUCE,exposure_floor
2023-01-24,ITC,REDUCE,exposure_floor
2023-01-24,INFY,EXIT,exposure_floor
2023-01-24,KOTAKBANK,EXIT,exposure_floor
2023-01-24,MARUTI,EXIT,exposure_floor
2023-01-24,MAXHEALTH,REDUCE,exposure_floor
2023-01-24,NTPC,REDUCE,exposure_floor
2023-01-24,NESTLEIND,REDUCE,exposure_floor
2023-01-24,RELIANCE,EXIT,exposure_floor
2023-01-24,SBIN,REDUCE,exposure_floor
2023-01-24,TATACONSUM,EXIT,exposure_floor
2023-01-24,TECHM,EXIT,exposure_floor
2023-01-24,TITAN,EXIT,exposure_floor
2023-01-24,TRENT,EXIT,exposure_floor
2023-01-25,ADANIENT,EXIT,exposure_floor
2023-01-25,ADANIPORTS,EXIT,exposure_floor
2023-01-25,APOLLOHOSP,EXIT,exposure_floor
2023-01-25,ASIANPAINT,EXIT,exposure_floor
2023-01-25,BAJAJ-AUTO,REDUCE,exposure_floor
2023-01-25,BAJFINANCE,EXIT,exposure_floor
2023-01-25,BAJAJFINSV,EXIT,exposure_floor
2023-01-25,BEL,REDUCE,exposure_floor
2023-01-25,BHARTIARTL,REDUCE,exposure_floor
2023-01-25,CIPLA,EXIT,exposure_floor
2023-01-25,DRREDDY,EXIT,exposure_floor
2023-01-25,EICHERMOT,EXIT,exposure_floor
2023-01-25,GRASIM,EXIT,exposure_floor
2023-01-25,HINDALCO,EXIT,exposure_floor
2023-01-25,ICICIBANK,REDUCE,exposure_floor
2023-01-25,INFY,EXIT,exposure_floor
2023-01-25,KOTAKBANK,EXIT,exposure_floor
2023-01-25,MARUTI,EXIT,exposure_floor
2023-01-25,MAXHEALTH,REDUCE,exposure_floor
2023-01-25,NTPC,REDUCE,exposure_floor
2023-01-25,NESTLEIND,REDUCE,exposure_floor
2023-01-25,RELIANCE,EXIT,exposure_floor
2023-01-25,SHRIRAMFIN,EXIT,exposure_floor
2023-01-25,SBIN,REDUCE,exposure_floor
2023-01-25,TATACONSUM,EXIT,exposure_floor
2023-01-25,TECHM,EXIT,exposure_floor
2023-01-25,TITAN,EXIT,exposure_floor
2023-01-25,TRENT,EXIT,exposure_floor
2023-01-25,ULTRACEMCO,REDUCE,exposure_floor
2023-01-27,ADANIENT,EXIT,exposure_floor
2023-01-27,ADANIPORTS,EXIT,exposure_floor
2023-01-27,APOLLOHOSP,EXIT,exposure_floor
2023-01-27,ASIANPAINT,EXIT,exposure_floor
2023-01-27,BAJAJ-AUTO,REDUCE,exposure_floor
2023-01-27,BAJFINANCE,EXIT,exposure_floor
2023-01-27,BAJAJFINSV,EXIT,exposure_floor
2023-01-27,BEL,EXIT,exposure_floor
2023-01-27,BHARTIARTL,REDUCE,exposure_floor
2023-01-27,CIPLA,EXIT,exposure_floor
2023-01-27,COALINDIA,REDUCE,exposure_floor
2023-01-27,DRREDDY,EXIT,exposure_floor
2023-01-27,EICHERMOT,EXIT,exposure_floor
2023-01-27,GRASIM,EXIT,exposure_floor
2023-01-27,ICICIBANK,EXIT,exposure_floor
2023-01-27,INFY,EXIT,exposure_floor
2023-01-27,KOTAKBANK,EXIT,exposure_floor
2023-01-27,MARUTI,REDUCE,exposure_floor
2023-01-27,NTPC,REDUCE,exposure_floor
2023-01-27,NESTLEIND,REDUCE,exposure_floor
2023-01-27,ONGC,EXIT,exposure_floor
2023-01-27,RELIANCE,EXIT,exposure_floor
2023-01-27,SHRIRAMFIN,EXIT,exposure_floor
2023-01-27,SBIN,REDUCE,exposure_floor
2023-01-27,TATACONSUM,EXIT,exposure_floor
2023-01-27,TECHM,EXIT,exposure_floor
2023-01-27,TITAN,EXIT,exposure_floor
2023-01-27,TRENT,EXIT,exposure_floor
2023-01-27,ULTRACEMCO,REDUCE,exposure_floor
2023-01-30,ADANIENT,EXIT,exposure_floor
2023-01-30,ADANIPORTS,EXIT,exposure_floor
2023-01-30,APOLLOHOSP,EXIT,exposure_floor
2023-01-30,ASIANPAINT,EXIT,exposure_floor
2023-01-30,BAJAJ-AUTO,REDUCE,exposure_floor
2023-01-30,BAJFINANCE,EXIT,exposure_floor
2023-01-30,BAJAJFINSV,EXIT,exposure_floor
2023-01-30,BEL,EXIT,exposure_floor
2023-01-30,BHARTIARTL,REDUCE,exposure_floor
2023-01-30,CIPLA,EXIT,exposure_floor
2023-01-30,DRREDDY,EXIT,exposure_floor
2023-01-30,EICHERMOT,EXIT,exposure_floor
2023-01-30,GRASIM,EXIT,exposure_floor
2023-01-30,HINDALCO,EXIT,exposure_floor
2023-01-30,ICICIBANK,EXIT,exposure_floor
2023-01-30,INFY,EXIT,exposure_floor
2023-01-30,KOTAKBANK,EXIT,exposure_floor
2023-01-30,NESTLEIND,REDUCE,exposure_floor
2023-01-30,ONGC,REDUCE,exposure_floor
2023-01-30,POWERGRID,EXIT,exposure_floor
2023-01-30,RELIANCE,EXIT,exposure_floor
2023-01-30,SHRIRAMFIN,EXIT,exposure_floor
2023-01-30,SBIN,REDUCE,exposure_floor
2023-01-30,TATACONSUM,EXIT,exposure_floor
2023-01-30,TECHM,EXIT,exposure_floor
2023-01-30,TITAN,EXIT,exposure_floor
2023-01-30,TRENT,EXIT,exposure_floor
2023-01-30,ULTRACEMCO,REDUCE,exposure_floor
2023-01-31,ADANIENT,EXIT,exposure_floor
2023-01-31,ADANIPORTS,EXIT,exposure_floor
2023-01-31,APOLLOHOSP,EXIT,exposure_floor
2023-01-31,ASIANPAINT,EXIT,exposure_floor
2023-01-31,BAJAJ-AUTO,REDUCE,exposure_floor
2023-01-31,BAJFINANCE,EXIT,exposure_floor
2023-01-31,BAJAJFINSV,EXIT,exposure_floor
2023-01-31,BEL,EXIT,exposure_floor
2023-01-31,BHARTIARTL,REDUCE,exposure_floor
2023-01-31,CIPLA,EXIT,exposure_floor
2023-01-31,DRREDDY,EXIT,exposure_floor
2023-01-31,EICHERMOT,EXIT,exposure_floor
2023-01-31,GRASIM,EXIT,exposure_floor
2023-01-31,ICICIBANK,EXIT,exposure_floor
2023-01-31,INFY,EXIT,exposure_floor
2023-01-31,KOTAKBANK,EXIT,exposure_floor
2023-01-31,NESTLEIND,REDUCE,exposure_floor
2023-01-31,ONGC,EXIT,exposure_floor
2023-01-31,POWERGRID,EXIT,exposure_floor
2023-01-31,RELIANCE,EXIT,exposure_floor
2023-01-31,SHRIRAMFIN,EXIT,exposure_floor
2023-01-31,SBIN,REDUCE,exposure_floor
2023-01-31,TATACONSUM,EXIT,exposure_floor
2023-01-31,TECHM,EXIT,exposure_floor
2023-01-31,TITAN,EXIT,exposure_floor
2023-01-31,TRENT,EXIT,exposure_floor
2023-02-01,ADANIENT,EXIT,exposure_floor
2023-02-01,ADANIPORTS,EXIT,exposure_floor
2023-02-01,APOLLOHOSP,EXIT,exposure_floor
2023-02-01,ASIANPAINT,EXIT,exposure_floor
2023-02-01,BAJAJ-AUTO,REDUCE,exposure_floor
2023-02-01,BAJFINANCE,EXIT,exposure_floor
2023-02-01,BAJAJFINSV,EXIT,exposure_floor
2023-02-01,BEL,EXIT,exposure_floor
2023-02-01,BHARTIARTL,REDUCE,exposure_floor
2023-02-01,CIPLA,EXIT,exposure_floor
2023-02-01,DRREDDY,EXIT,exposure_floor
2023-02-01,EICHERMOT,REDUCE,exposure_floor
2023-02-01,GRASIM,EXIT,exposure_floor
2023-02-01,HDFCLIFE,EXIT,exposure_floor
2023-02-01,HINDALCO,EXIT,exposure_floor
2023-02-01,ICICIBANK,EXIT,exposure_floor
2023-02-01,KOTAKBANK,EXIT,exposure_floor
2023-02-01,NESTLEIND,REDUCE,exposure_floor
2023-02-01,ONGC,EXIT,exposure_floor
2023-02-01,POWERGRID,EXIT,exposure_floor
2023-02-01,RELIANCE,EXIT,exposure_floor
2023-02-01,SBILIFE,EXIT,exposure_floor
2023-02-01,SHRIRAMFIN,EXIT,exposure_floor
2023-02-01,SBIN,EXIT,exposure_floor
2023-02-01,TATACONSUM,EXIT,exposure_floor
2023-02-01,TECHM,EXIT,exposure_floor
2023-02-01,TITAN,EXIT,exposure_floor
2023-02-01,TRENT,EXIT,exposure_floor
2023-02-02,ADANIENT,EXIT,exposure_floor
2023-02-02,ADANIPORTS,EXIT,exposure_floor
2023-02-02,APOLLOHOSP,EXIT,exposure_floor
2023-02-02,ASIANPAINT,EXIT,exposure_floor
2023-02-02,BAJAJ-AUTO,REDUCE,exposure_floor
2023-02-02,BAJFINANCE,EXIT,exposure_floor
2023-02-02,BAJAJFINSV,EXIT,exposure_floor
2023-02-02,BEL,EXIT,exposure_floor
2023-02-02,BHARTIARTL,REDUCE,exposure_floor
2023-02-02,CIPLA,EXIT,exposure_floor
2023-02-02,COALINDIA,REDUCE,exposure_floor
2023-02-02,DRREDDY,REDUCE,exposure_floor
2023-02-02,EICHERMOT,EXIT,exposure_floor
2023-02-02,GRASIM,EXIT,exposure_floor
2023-02-02,HDFCLIFE,EXIT,exposure_floor
2023-02-02,HINDALCO,EXIT,exposure_floor
2023-02-02,ICICIBANK,EXIT,exposure_floor
2023-02-02,INFY,EXIT,exposure_floor
2023-02-02,KOTAKBANK,EXIT,exposure_floor
2023-02-02,NESTLEIND,REDUCE,exposure_floor
2023-02-02,ONGC,EXIT,exposure_floor
2023-02-02,POWERGRID,EXIT,exposure_floor
2023-02-02,RELIANCE,EXIT,exposure_floor
2023-02-02,SBILIFE,EXIT,exposure_floor
2023-02-02,SHRIRAMFIN,EXIT,exposure_floor
2023-02-02,SBIN,EXIT,exposure_floor
2023-02-02,TATACONSUM,EXIT,exposure_floor
2023-02-02,TECHM,EXIT,exposure_floor
2023-02-02,TITAN,EXIT,exposure_floor
2023-02-02,TRENT,EXIT,exposure_floor
2023-02-03,ADANIENT,EXIT,exposure_floor
2023-02-03,ADANIPORTS,EXIT,exposure_floor
2023-02-03,APOLLOHOSP,EXIT,exposure_floor
2023-02-03,ASIANPAINT,EXIT,exposure_floor
2023-02-03,BAJAJ-AUTO,REDUCE,exposure_floor
2023-02-03,BAJFINANCE,EXIT,exposure_floor
2023-02-03,BAJAJFINSV,EXIT,exposure_floor
2023-02-03,BEL,EXIT,exposure_floor
2023-02-03,BHARTIARTL,REDUCE,exposure_floor
2023-02-03,CIPLA,EXIT,exposure_floor
2023-02-03,COALINDIA,REDUCE,exposure_floor
2023-02-03,EICHERMOT,REDUCE,exposure_floor
2023-02-03,GRASIM,EXIT,exposure_floor
2023-02-03,HDFCLIFE,EXIT,exposure_floor
2023-02-03,HINDALCO,EXIT,exposure_floor
2023-02-03,ICICIBANK,EXIT,exposure_floor
2023-02-03,KOTAKBANK,EXIT,exposure_floor
2023-02-03,NESTLEIND,REDUCE,exposure_floor
2023-02-03,ONGC,EXIT,exposure_floor
2023-02-03,POWERGRID,EXIT,exposure_floor
2023-02-03,RELIANCE,EXIT,exposure_floor
2023-02-03,SBILIFE,EXIT,exposure_floor
2023-02-03,SHRIRAMFIN,EXIT,exposure_floor
2023-02-03,SBIN,EXIT,exposure_floor
2023-02-03,TATACONSUM,EXIT,exposure_floor
2023-02-03,TECHM,EXIT,exposure_floor
2023-02-03,TITAN,EXIT,exposure_floor
2023-02-03,TRENT,EXIT,exposure_floor
2023-02-06,ADANIENT,EXIT,exposure_floor
2023-02-06,ADANIPORTS,EXIT,exposure_floor
2023-02-06,APOLLOHOSP,EXIT,exposure_floor
2023-02-06,ASIANPAINT,EXIT,exposure_floor
2023-02-06,BAJAJ-AUTO,REDUCE,exposure_floor
2023-02-06,BAJFINANCE,EXIT,exposure_floor
2023-02-06,BAJAJFINSV,EXIT,exposure_floor
2023-02-06,BEL,EXIT,exposure_floor
2023-02-06,BHARTIARTL,REDUCE,exposure_floor
2023-02-06,CIPLA,EXIT,exposure_floor
2023-02-06,COALINDIA,REDUCE,exposure_floor
2023-02-06,EICHERMOT,EXIT,exposure_floor
2023-02-06,GRASIM,EXIT,exposure_floor
2023-02-06,HDFCLIFE,EXIT,exposure_floor
2023-02-06,HINDALCO,EXIT,exposure_floor
2023-02-06,ICICIBANK,EXIT,exposure_floor
2023-02-06,INFY,EXIT,exposure_floor
2023-02-06,KOTAKBANK,EXIT,exposure_floor
2023-02-06,NESTLEIND,REDUCE,exposure_floor
2023-02-06,ONGC,EXIT,exposure_floor
2023-02-06,POWERGRID,REDUCE,exposure_floor
2023-02-06,RELIANCE,EXIT,exposure_floor
2023-02-06,SBILIFE,EXIT,exposure_floor
2023-02-06,SHRIRAMFIN,EXIT,exposure_floor
2023-02-06,SBIN,EXIT,exposure_floor
2023-02-06,TATACONSUM,EXIT,exposure_floor
2023-02-06,TECHM,EXIT,exposure_floor
2023-02-06,TITAN,EXIT,exposure_floor
2023-02-06,TRENT,EXIT,exposure_floor
2023-02-07,ADANIENT,EXIT,exposure_floor
2023-02-07,ADANIPORTS,EXIT,exposure_floor
2023-02-07,APOLLOHOSP,EXIT,exposure_floor
2023-02-07,ASIANPAINT,EXIT,exposure_floor
2023-02-07,BAJAJ-AUTO,REDUCE,exposure_floor
2023-02-07,BAJFINANCE,EXIT,exposure_floor
2023-02-07,BAJAJFINSV,EXIT,exposure_floor
2023-02-07,BEL,EXIT,exposure_floor
2023-02-07,BHARTIARTL,REDUCE,exposure_floor
2023-02-07,CIPLA,EXIT,exposure_floor
2023-02-07,COALINDIA,REDUCE,exposure_floor
2023-02-07,EICHERMOT,REDUCE,exposure_floor
2023-02-07,GRASIM,EXIT,exposure_floor
2023-02-07,HDFCLIFE,EXIT,exposure_floor
2023-02-07,HINDALCO,EXIT,exposure_floor
2023-02-07,ICICIBANK,EXIT,exposure_floor
2023-02-07,KOTAKBANK,EXIT,exposure_floor
2023-02-07,NESTLEIND,REDUCE,exposure_floor
2023-02-07,ONGC,EXIT,exposure_floor
2023-02-07,RELIANCE,EXIT,exposure_floor
2023-02-07,SBILIFE,EXIT,exposure_floor
2023-02-07,SHRIRAMFIN,EXIT,exposure_floor
2023-02-07,SBIN,EXIT,exposure_floor
2023-02-07,TATACONSUM,EXIT,exposure_floor
2023-02-07,TECHM,EXIT,exposure_floor
2023-02-07,TITAN,EXIT,exposure_floor
2023-02-07,TRENT,EXIT,exposure_floor
2023-02-08,ADANIENT,EXIT,exposure_floor
2023-02-08,ADANIPORTS,EXIT,exposure_floor
2023-02-08,APOLLOHOSP,EXIT,exposure_floor
2023-02-08,ASIANPAINT,EXIT,exposure_floor
2023-02-08,BAJAJ-AUTO,REDUCE,exposure_floor
2023-02-08,BAJFINANCE,EXIT,exposure_floor
2023-02-08,BAJAJFINSV,EXIT,exposure_floor
2023-02-08,BEL,EXIT,exposure_floor
2023-02-08,BHARTIARTL,REDUCE,exposure_floor
2023-02-08,CIPLA,EXIT,exposure_floor
2023-02-08,COALINDIA,REDUCE,exposure_floor
2023-02-08,EICHERMOT,EXIT,exposure_floor
2023-02-08,GRASIM,EXIT,exposure_floor
2023-02-08,HDFCLIFE,EXIT,exposure_floor
2023-02-08,HINDALCO,EXIT,exposure_floor
2023-02-08,ICICIBANK,EXIT,exposure_floor
2023-02-08,KOTAKBANK,EXIT,exposure_floor
2023-02-08,NESTLEIND,REDUCE,exposure_floor
2023-02-08,ONGC,EXIT,exposure_floor
2023-02-08,RELIANCE,EXIT,exposure_floor
2023-02-08,SBILIFE,EXIT,exposure_floor
2023-02-08,SHRIRAMFIN,EXIT,exposure_floor
2023-02-08,SBIN,EXIT,exposure_floor
2023-02-08,TATACONSUM,EXIT,exposure_floor
2023-02-08,TECHM,EXIT,exposure_floor
2023-02-08,TITAN,EXIT,exposure_floor
2023-02-08,TRENT,EXIT,exposure_floor
2023-02-09,ADANIENT,EXIT,exposure_floor
2023-02-09,ADANIPORTS,EXIT,exposure_floor
2023-02-09,APOLLOHOSP,EXIT,exposure_floor
2023-02-09,ASIANPAINT,EXIT,exposure_floor
2023-02-09,BAJAJ-AUTO,REDUCE,exposure_floor
2023-02-09,BAJFINANCE,EXIT,exposure_floor
2023-02-09,BAJAJFINSV,EXIT,exposure_floor
2023-02-09,BEL,EXIT,exposure_floor
2023-02-09,BHARTIARTL,REDUCE,exposure_floor
2023-02-09,CIPLA,EXIT,exposure_floor
2023-02-09,COALINDIA,REDUCE,exposure_floor
2023-02-09,EICHERMOT,EXIT,exposure_floor
2023-02-09,GRASIM,EXIT,exposure_floor
2023-02-09,HDFCLIFE,EXIT,exposure_floor
2023-02-09,HINDALCO,EXIT,exposure_floor
2023-02-09,ICICIBANK,EXIT,exposure_floor
2023-02-09,KOTAKBANK,EXIT,exposure_floor
2023-02-09,NESTLEIND,REDUCE,exposure_floor
2023-02-09,ONGC,REDUCE,exposure_floor
2023-02-09,RELIANCE,EXIT,exposure_floor
2023-02-09,SBILIFE,EXIT,exposure_floor
2023-02-09,SHRIRAMFIN,REDUCE,exposure_floor
2023-02-09,SBIN,EXIT,exposure_floor
2023-02-09,TATACONSUM,EXIT,exposure_floor
2023-02-09,TECHM,EXIT,exposure_floor
2023-02-09,TITAN,EXIT,exposure_floor
2023-02-09,TRENT,EXIT,exposure_floor
2023-02-10,ADANIENT,EXIT,exposure_floor
2023-02-10,ADANIPORTS,EXIT,exposure_floor
2023-02-10,APOLLOHOSP,EXIT,exposure_floor
2023-02-10,ASIANPAINT,EXIT,exposure_floor
2023-02-10,BAJAJ-AUTO,REDUCE,exposure_floor
2023-02-10,BAJFINANCE,EXIT,exposure_floor
2023-02-10,BAJAJFINSV,EXIT,exposure_floor
2023-02-10,BEL,EXIT,exposure_floor
2023-02-10,BHARTIARTL,REDUCE,exposure_floor
2023-02-10,CIPLA,EXIT,exposure_floor
2023-02-10,COALINDIA,REDUCE,exposure_floor
2023-02-10,EICHERMOT,EXIT,exposure_floor
2023-02-10,GRASIM,EXIT,exposure_floor
2023-02-10,HDFCLIFE,EXIT,exposure_floor
2023-02-10,HINDALCO,EXIT,exposure_floor
2023-02-10,ICICIBANK,EXIT,exposure_floor
2023-02-10,KOTAKBANK,EXIT,exposure_floor
2023-02-10,NESTLEIND,REDUCE,exposure_floor
2023-02-10,ONGC,EXIT,exposure_floor
2023-02-10,RELIANCE,EXIT,exposure_floor
2023-02-10,SBILIFE,EXIT,exposure_floor
2023-02-10,SHRIRAMFIN,REDUCE,exposure_floor
2023-02-10,SBIN,EXIT,exposure_floor
2023-02-10,TATACONSUM,EXIT,exposure_floor
2023-02-10,TATASTEEL,EXIT,exposure_floor
2023-02-10,TECHM,EXIT,exposure_floor
2023-02-10,TITAN,EXIT,exposure_floor
2023-02-10,TRENT,EXIT,exposure_floor
2023-02-13,ADANIENT,EXIT,exposure_floor
2023-02-13,ADANIPORTS,EXIT,exposure_floor
2023-02-13,APOLLOHOSP,EXIT,exposure_floor
2023-02-13,ASIANPAINT,EXIT,exposure_floor
2023-02-13,BAJAJ-AUTO,REDUCE,exposure_floor
2023-02-13,BAJFINANCE,EXIT,exposure_floor
2023-02-13,BAJAJFINSV,EXIT,exposure_floor
2023-02-13,BEL,EXIT,exposure_floor
2023-02-13,BHARTIARTL,REDUCE,exposure_floor
2023-02-13,CIPLA,EXIT,exposure_floor
2023-02-13,COALINDIA,REDUCE,exposure_floor
2023-02-13,EICHERMOT,REDUCE,exposure_floor
2023-02-13,GRASIM,EXIT,exposure_floor
2023-02-13,HDFCLIFE,EXIT,exposure_floor
2023-02-13,HINDALCO,EXIT,exposure_floor
2023-02-13,ICICIBANK,EXIT,exposure_floor
2023-02-13,INFY,EXIT,exposure_floor
2023-02-13,KOTAKBANK,EXIT,exposure_floor
2023-02-13,NESTLEIND,REDUCE,exposure_floor
2023-02-13,ONGC,REDUCE,exposure_floor
2023-02-13,RELIANCE,EXIT,exposure_floor
2023-02-13,SBILIFE,EXIT,exposure_floor
2023-02-13,SHRIRAMFIN,EXIT,exposure_floor
2023-02-13,SBIN,EXIT,exposure_floor
2023-02-13,TATACONSUM,EXIT,exposure_floor
2023-02-13,TATASTEEL,EXIT,exposure_floor
2023-02-13,TECHM,EXIT,exposure_floor
2023-02-13,TITAN,REDUCE,exposure_floor
2023-02-13,TRENT,EXIT,exposure_floor
2023-02-14,ADANIENT,EXIT,exposure_floor
2023-02-14,ADANIPORTS,EXIT,exposure_floor
2023-02-14,APOLLOHOSP,EXIT,exposure_floor
2023-02-14,ASIANPAINT,EXIT,exposure_floor
2023-02-14,BAJAJ-AUTO,REDUCE,exposure_floor
2023-02-14,BAJFINANCE,EXIT,exposure_floor
2023-02-14,BAJAJFINSV,EXIT,exposure_floor
2023-02-14,BEL,EXIT,exposure_floor
2023-02-14,BHARTIARTL,REDUCE,exposure_floor
2023-02-14,CIPLA,EXIT,exposure_floor
2023-02-14,COALINDIA,REDUCE,exposure_floor
2023-02-14,EICHERMOT,EXIT,exposure_floor
2023-02-14,GRASIM,EXIT,exposure_floor
2023-02-14,HDFCLIFE,EXIT,exposure_floor
2023-02-14,HINDALCO,EXIT,exposure_floor
2023-02-14,ICICIBANK,EXIT,exposure_floor
2023-02-14,INFY,REDUCE,exposure_floor
2023-02-14,KOTAKBANK,EXIT,exposure_floor
2023-02-14,NESTLEIND,REDUCE,exposure_floor
2023-02-14,RELIANCE,EXIT,exposure_floor
2023-02-14,SBILIFE,EXIT,exposure_floor
2023-02-14,SHRIRAMFIN,EXIT,exposure_floor
2023-02-14,SBIN,EXIT,exposure_floor
2023-02-14,TATACONSUM,EXIT,exposure_floor
2023-02-14,TATASTEEL,EXIT,exposure_floor
2023-02-14,TECHM,EXIT,exposure_floor
2023-02-14,TRENT,EXIT,exposure_floor
2023-02-15,ADANIENT,EXIT,exposure_floor
2023-02-15,ADANIPORTS,EXIT,exposure_floor
2023-02-15,APOLLOHOSP,EXIT,exposure_floor
2023-02-15,ASIANPAINT,EXIT,exposure_floor
2023-02-15,BAJAJ-AUTO,REDUCE,exposure_floor
2023-02-15,BAJFINANCE,EXIT,exposure_floor
2023-02-15,BAJAJFINSV,EXIT,exposure_floor
2023-02-15,BEL,EXIT,exposure_floor
2023-02-15,BHARTIARTL,REDUCE,exposure_floor
2023-02-15,CIPLA,EXIT,exposure_floor
2023-02-15,COALINDIA,REDUCE,exposure_floor
2023-02-15,EICHERMOT,REDUCE,exposure_floor
2023-02-15,GRASIM,EXIT,exposure_floor
2023-02-15,HDFCLIFE,EXIT,exposure_floor
2023-02-15,HINDALCO,EXIT,exposure_floor
2023-02-15,ICICIBANK,EXIT,exposure_floor
2023-02-15,KOTAKBANK,EXIT,exposure_floor
2023-02-15,NESTLEIND,REDUCE,exposure_floor
2023-02-15,ONGC,EXIT,exposure_floor
2023-02-15,RELIANCE,EXIT,exposure_floor
2023-02-15,SBILIFE,EXIT,exposure_floor
2023-02-15,SHRIRAMFIN,EXIT,exposure_floor
2023-02-15,SBIN,EXIT,exposure_floor
2023-02-15,TATACONSUM,EXIT,exposure_floor
2023-02-15,TATASTEEL,EXIT,exposure_floor
2023-02-15,TRENT,EXIT,exposure_floor
2023-02-16,ADANIENT,EXIT,exposure_floor
2023-02-16,ADANIPORTS,EXIT,exposure_floor
2023-02-16,APOLLOHOSP,REDUCE,exposure_floor
2023-02-16,ASIANPAINT,EXIT,exposure_floor
2023-02-16,BAJAJ-AUTO,REDUCE,exposure_floor
2023-02-16,BAJFINANCE,EXIT,exposure_floor
2023-02-16,BAJAJFINSV,EXIT,exposure_floor
2023-02-16,BEL,EXIT,exposure_floor
2023-02-16,BHARTIARTL,REDUCE,exposure_floor
2023-02-16,CIPLA,EXIT,exposure_floor
2023-02-16,COALINDIA,REDUCE,exposure_floor
2023-02-16,GRASIM,EXIT,exposure_floor
2023-02-16,HDFCLIFE,EXIT,exposure_floor
2023-02-16,HINDALCO,EXIT,exposure_floor
2023-02-16,ICICIBANK,EXIT,exposure_floor
2023-02-16,INDIGO,EXIT,exposure_floor
2023-02-16,KOTAKBANK,EXIT,exposure_floor
2023-02-16,ONGC,REDUCE,exposure_floor
2023-02-16,RELIANCE,EXIT,exposure_floor
2023-02-16,SBILIFE,EXIT,exposure_floor
2023-02-16,SHRIRAMFIN,EXIT,exposure_floor
2023-02-16,SBIN,EXIT,exposure_floor
2023-02-16,TATACONSUM,EXIT,exposure_floor
2023-02-16,TATASTEEL,EXIT,exposure_floor
2023-02-16,TECHM,EXIT,exposure_floor
2023-02-16,TRENT,EXIT,exposure_floor
2023-02-17,ADANIENT,EXIT,exposure_floor
2023-02-17,ADANIPORTS,EXIT,exposure_floor
2023-02-17,ASIANPAINT,EXIT,exposure_floor
2023-02-17,AXISBANK,REDUCE,exposure_floor
2023-02-17,BAJAJ-AUTO,REDUCE,exposure_floor
2023-02-17,BAJFINANCE,EXIT,exposure_floor
2023-02-17,BAJAJFINSV,EXIT,exposure_floor
2023-02-17,BEL,EXIT,exposure_floor
2023-02-17,BHARTIARTL,REDUCE,exposure_floor
2023-02-17,CIPLA,EXIT,exposure_floor
2023-02-17,GRASIM,EXIT,exposure_floor
2023-02-17,HDFCLIFE,EXIT,exposure_floor
2023-02-17,HINDALCO,EXIT,exposure_floor
2023-02-17,HINDUNILVR,REDUCE,exposure_floor
2023-02-17,ICICIBANK,EXIT,exposure_floor
2023-02-17,INFY,EXIT,exposure_floor
2023-02-17,INDIGO,EXIT,exposure_floor
2023-02-17,KOTAKBANK,EXIT,exposure_floor
2023-02-17,RELIANCE,EXIT,exposure_floor
2023-02-17,SBILIFE,EXIT,exposure_floor
2023-02-17,SHRIRAMFIN,EXIT,exposure_floor
2023-02-17,SBIN,EXIT,exposure_floor
2023-02-17,TATACONSUM,EXIT,exposure_floor
2023-02-17,TATASTEEL,EXIT,exposure_floor
2023-02-17,TRENT,EXIT,exposure_floor
2023-02-20,ADANIENT,EXIT,exposure_floor
2023-02-20,ADANIPORTS,EXIT,exposure_floor
2023-02-20,ASIANPAINT,EXIT,exposure_floor
2023-02-20,AXISBANK,REDUCE,exposure_floor
2023-02-20,BAJAJ-AUTO,REDUCE,exposure_floor
2023-02-20,BAJFINANCE,EXIT,exposure_floor
2023-02-20,BAJAJFINSV,EXIT,exposure_floor
2023-02-20,BEL,EXIT,exposure_floor
2023-02-20,BHARTIARTL,REDUCE,exposure_floor
2023-02-20,CIPLA,EXIT,exposure_floor
2023-02-20,GRASIM,EXIT,exposure_floor
2023-02-20,HDFCLIFE,EXIT,exposure_floor
2023-02-20,HINDALCO,EXIT,exposure_floor
2023-02-20,HINDUNILVR,REDUCE,exposure_floor
2023-02-20,ICICIBANK,EXIT,exposure_floor
2023-02-20,INFY,REDUCE,exposure_floor
2023-02-20,INDIGO,EXIT,exposure_floor
2023-02-20,KOTAKBANK,EXIT,exposure_floor
2023-02-20,NESTLEIND,EXIT,exposure_floor
2023-02-20,RELIANCE,EXIT,exposure_floor
2023-02-20,SBILIFE,EXIT,exposure_floor
2023-02-20,SHRIRAMFIN,EXIT,exposure_floor
2023-02-20,SBIN,EXIT,exposure_floor
2023-02-20,TATACONSUM,EXIT,exposure_floor
2023-02-20,TATASTEEL,EXIT,exposure_floor
2023-02-20,TECHM,EXIT,exposure_floor
2023-02-20,TRENT,EXIT,exposure_floor
2023-02-21,ADANIENT,EXIT,exposure_floor
2023-02-21,ADANIPORTS,EXIT,exposure_floor
2023-02-21,ASIANPAINT,EXIT,exposure_floor
2023-02-21,AXISBANK,REDUCE,exposure_floor
2023-02-21,BAJAJ-AUTO,REDUCE,exposure_floor
2023-02-21,BAJFINANCE,EXIT,exposure_floor
2023-02-21,BAJAJFINSV,EXIT,exposure_floor
2023-02-21,BEL,EXIT,exposure_floor
2023-02-21,BHARTIARTL,REDUCE,exposure_floor
2023-02-21,CIPLA,EXIT,exposure_floor
2023-02-21,GRASIM,EXIT,exposure_floor
2023-02-21,HDFCLIFE,EXIT,exposure_floor
2023-02-21,HINDALCO,EXIT,exposure_floor
2023-02-21,HINDUNILVR,REDUCE,exposure_floor
2023-02-21,ICICIBANK,EXIT,exposure_floor
2023-02-21,INFY,EXIT,exposure_floor
2023-02-21,INDIGO,EXIT,exposure_floor
2023-02-21,KOTAKBANK,EXIT,exposure_floor
2023-02-21,NESTLEIND,EXIT,exposure_floor
2023-02-21,RELIANCE,EXIT,exposure_floor
2023-02-21,SBILIFE,EXIT,exposure_floor
2023-02-21,SHRIRAMFIN,EXIT,exposure_floor
2023-02-21,SBIN,EXIT,exposure_floor
2023-02-21,TATACONSUM,EXIT,exposure_floor
2023-02-21,TATASTEEL,EXIT,exposure_floor
2023-02-21,TITAN,REDUCE,exposure_floor
2023-02-21,TRENT,EXIT,exposure_floor
2023-02-22,ADANIENT,EXIT,exposure_floor
2023-02-22,ADANIPORTS,EXIT,exposure_floor
2023-02-22,ASIANPAINT,EXIT,exposure_floor
2023-02-22,AXISBANK,REDUCE,exposure_floor
2023-02-22,BAJAJ-AUTO,REDUCE,exposure_floor
2023-02-22,BAJFINANCE,EXIT,exposure_floor
2023-02-22,BAJAJFINSV,EXIT,exposure_floor
2023-02-22,BEL,EXIT,exposure_floor
2023-02-22,BHARTIARTL,REDUCE,exposure_floor
2023-02-22,CIPLA,EXIT,exposure_floor
2023-02-22,EICHERMOT,EXIT,exposure_floor
2023-02-22,GRASIM,EXIT,exposure_floor
2023-02-22,HDFCLIFE,EXIT,exposure_floor
2023-02-22,HINDALCO,EXIT,exposure_floor
2023-02-22,HINDUNILVR,EXIT,exposure_floor
2023-02-22,ICICIBANK,EXIT,exposure_floor
2023-02-22,INFY,REDUCE,exposure_floor
2023-02-22,INDIGO,EXIT,exposure_floor
2023-02-22,KOTAKBANK,EXIT,exposure_floor
2023-02-22,NESTLEIND,EXIT,exposure_floor
2023-02-22,RELIANCE,EXIT,exposure_floor
2023-02-22,SBILIFE,EXIT,exposure_floor
2023-02-22,SHRIRAMFIN,EXIT,exposure_floor
2023-02-22,SBIN,EXIT,exposure_floor
2023-02-22,TATACONSUM,EXIT,exposure_floor
2023-02-22,TATASTEEL,EXIT,exposure_floor
2023-02-22,TECHM,EXIT,exposure_floor
2023-02-22,TITAN,REDUCE,exposure_floor
2023-02-22,TRENT,EXIT,exposure_floor
2023-02-23,ADANIENT,EXIT,exposure_floor
2023-02-23,ADANIPORTS,EXIT,exposure_floor
2023-02-23,ASIANPAINT,EXIT,exposure_floor
2023-02-23,AXISBANK,REDUCE,exposure_floor
2023-02-23,BAJAJ-AUTO,REDUCE,exposure_floor
2023-02-23,BAJFINANCE,EXIT,exposure_floor
2023-02-23,BAJAJFINSV,EXIT,exposure_floor
2023-02-23,BEL,EXIT,exposure_floor
2023-02-23,BHARTIARTL,REDUCE,exposure_floor
2023-02-23,CIPLA,EXIT,exposure_floor
2023-02-23,EICHERMOT,REDUCE,exposure_floor
2023-02-23,GRASIM,EXIT,exposure_floor
2023-02-23,HDFCLIFE,EXIT,exposure_floor
2023-02-23,HINDALCO,EXIT,exposure_floor
2023-02-23,HINDUNILVR,EXIT,exposure_floor
2023-02-23,ICICIBANK,EXIT,exposure_floor
2023-02-23,INFY,EXIT,exposure_floor
2023-02-23,INDIGO,EXIT,exposure_floor
2023-02-23,KOTAKBANK,EXIT,exposure_floor
2023-02-23,NESTLEIND,EXIT,exposure_floor
2023-02-23,RELIANCE,EXIT,exposure_floor
2023-02-23,SBILIFE,EXIT,exposure_floor
2023-02-23,SHRIRAMFIN,EXIT,exposure_floor
2023-02-23,SBIN,EXIT,exposure_floor
2023-02-23,TATACONSUM,EXIT,exposure_floor
2023-02-23,TATASTEEL,EXIT,exposure_floor
2023-02-23,TITAN,EXIT,exposure_floor
2023-02-23,TRENT,EXIT,exposure_floor
2023-02-24,ADANIENT,EXIT,exposure_floor
2023-02-24,ADANIPORTS,EXIT,exposure_floor
2023-02-24,ASIANPAINT,EXIT,exposure_floor
2023-02-24,AXISBANK,REDUCE,exposure_floor
2023-02-24,BAJAJ-AUTO,REDUCE,exposure_floor
2023-02-24,BAJFINANCE,EXIT,exposure_floor
2023-02-24,BAJAJFINSV,EXIT,exposure_floor
2023-02-24,BEL,EXIT,exposure_floor
2023-02-24,BHARTIARTL,REDUCE,exposure_floor
2023-02-24,CIPLA,EXIT,exposure_floor
2023-02-24,EICHERMOT,EXIT,exposure_floor
2023-02-24,GRASIM,EXIT,exposure_floor
2023-02-24,HDFCLIFE,EXIT,exposure_floor
2023-02-24,HINDALCO,EXIT,exposure_floor
2023-02-24,HINDUNILVR,EXIT,exposure_floor
2023-02-24,ICICIBANK,EXIT,exposure_floor
2023-02-24,INFY,REDUCE,exposure_floor
2023-02-24,INDIGO,EXIT,exposure_floor
2023-02-24,JSWSTEEL,REDUCE,exposure_floor
2023-02-24,KOTAKBANK,EXIT,exposure_floor
2023-02-24,NESTLEIND,EXIT,exposure_floor
2023-02-24,RELIANCE,EXIT,exposure_floor
2023-02-24,SBILIFE,EXIT,exposure_floor
2023-02-24,SHRIRAMFIN,EXIT,exposure_floor
2023-02-24,SBIN,EXIT,exposure_floor
2023-02-24,TATACONSUM,EXIT,exposure_floor
2023-02-24,TATASTEEL,EXIT,exposure_floor
2023-02-24,TECHM,EXIT,exposure_floor
2023-02-24,TITAN,EXIT,exposure_floor
2023-02-24,TRENT,EXIT,exposure_floor
2023-02-27,ADANIENT,EXIT,exposure_floor
2023-02-27,ADANIPORTS,EXIT,exposure_floor
2023-02-27,ASIANPAINT,EXIT,exposure_floor
2023-02-27,AXISBANK,REDUCE,exposure_floor
2023-02-27,BAJAJ-AUTO,EXIT,exposure_floor
2023-02-27,BAJFINANCE,EXIT,exposure_floor
2023-02-27,BAJAJFINSV,EXIT,exposure_floor
2023-02-27,BEL,EXIT,exposure_floor
2023-02-27,BHARTIARTL,EXIT,exposure_floor
2023-02-27,CIPLA,EXIT,exposure_floor
2023-02-27,EICHERMOT,EXIT,exposure_floor
2023-02-27,GRASIM,EXIT,exposure_floor
2023-02-27,HDFCLIFE,EXIT,exposure_floor
2023-02-27,HINDALCO,EXIT,exposure_floor
2023-02-27,HINDUNILVR,EXIT,exposure_floor
2023-02-27,ICICIBANK,EXIT,exposure_floor
2023-02-27,INFY,EXIT,exposure_floor
2023-02-27,INDIGO,EXIT,exposure_floor
2023-02-27,JSWSTEEL,REDUCE,exposure_floor
2023-02-27,KOTAKBANK,EXIT,exposure_floor
2023-02-27,NESTLEIND,EXIT,exposure_floor
2023-02-27,RELIANCE,EXIT,exposure_floor
2023-02-27,SBILIFE,EXIT,exposure_floor
2023-02-27,SHRIRAMFIN,EXIT,exposure_floor
2023-02-27,SBIN,EXIT,exposure_floor
2023-02-27,TATACONSUM,EXIT,exposure_floor
2023-02-27,TATASTEEL,EXIT,exposure_floor
2023-02-27,TITAN,EXIT,exposure_floor
2023-02-27,TRENT,EXIT,exposure_floor
2023-02-28,ADANIENT,EXIT,exposure_floor
2023-02-28,ADANIPORTS,EXIT,exposure_floor
2023-02-28,ASIANPAINT,EXIT,exposure_floor
2023-02-28,AXISBANK,REDUCE,exposure_floor
2023-02-28,BAJAJ-AUTO,EXIT,exposure_floor
2023-02-28,BAJFINANCE,EXIT,exposure_floor
2023-02-28,BAJAJFINSV,EXIT,exposure_floor
2023-02-28,BEL,EXIT,exposure_floor
2023-02-28,BHARTIARTL,EXIT,exposure_floor
2023-02-28,CIPLA,EXIT,exposure_floor
2023-02-28,DRREDDY,EXIT,exposure_floor
2023-02-28,EICHERMOT,EXIT,exposure_floor
2023-02-28,GRASIM,EXIT,exposure_floor
2023-02-28,HDFCLIFE,EXIT,exposure_floor
2023-02-28,HINDALCO,EXIT,exposure_floor
2023-02-28,HINDUNILVR,EXIT,exposure_floor
2023-02-28,ICICIBANK,EXIT,exposure_floor
2023-02-28,INFY,EXIT,exposure_floor
2023-02-28,INDIGO,EXIT,exposure_floor
2023-02-28,JSWSTEEL,REDUCE,exposure_floor
2023-02-28,KOTAKBANK,EXIT,exposure_floor
2023-02-28,NESTLEIND,EXIT,exposure_floor
2023-02-28,RELIANCE,EXIT,exposure_floor
2023-02-28,SBILIFE,EXIT,exposure_floor
2023-02-28,SHRIRAMFIN,EXIT,exposure_floor
2023-02-28,SBIN,EXIT,exposure_floor
2023-02-28,TATACONSUM,EXIT,exposure_floor
2023-02-28,TATASTEEL,EXIT,exposure_floor
2023-02-28,TECHM,EXIT,exposure_floor
2023-02-28,TITAN,EXIT,exposure_floor
2023-02-28,TRENT,EXIT,exposure_floor
2023-03-01,ADANIENT,EXIT,exposure_floor
2023-03-01,ADANIPORTS,EXIT,exposure_floor
2023-03-01,ASIANPAINT,EXIT,exposure_floor
2023-03-01,AXISBANK,REDUCE,exposure_floor
2023-03-01,BAJAJ-AUTO,EXIT,exposure_floor
2023-03-01,BAJFINANCE,EXIT,exposure_floor
2023-03-01,BAJAJFINSV,EXIT,exposure_floor
2023-03-01,BEL,EXIT,exposure_floor
2023-03-01,BHARTIARTL,EXIT,exposure_floor
2023-03-01,CIPLA,EXIT,exposure_floor
2023-03-01,DRREDDY,EXIT,exposure_floor
2023-03-01,EICHERMOT,EXIT,exposure_floor
2023-03-01,GRASIM,EXIT,exposure_floor
2023-03-01,HDFCLIFE,EXIT,exposure_floor
2023-03-01,HINDALCO,EXIT,exposure_floor
2023-03-01,HINDUNILVR,EXIT,exposure_floor
2023-03-01,ICICIBANK,EXIT,exposure_floor
2023-03-01,INFY,EXIT,exposure_floor
2023-03-01,INDIGO,EXIT,exposure_floor
2023-03-01,JSWSTEEL,REDUCE,exposure_floor
2023-03-01,KOTAKBANK,EXIT,exposure_floor
2023-03-01,NESTLEIND,EXIT,exposure_floor
2023-03-01,RELIANCE,EXIT,exposure_floor
2023-03-01,SBILIFE,EXIT,exposure_floor
2023-03-01,SHRIRAMFIN,EXIT,exposure_floor
2023-03-01,SBIN,EXIT,exposure_floor
2023-03-01,TATACONSUM,EXIT,exposure_floor
2023-03-01,TATASTEEL,EXIT,exposure_floor
2023-03-01,TITAN,EXIT,exposure_floor
2023-03-01,TRENT,EXIT,exposure_floor
2023-03-02,ADANIENT,EXIT,exposure_floor
2023-03-02,ADANIPORTS,EXIT,exposure_floor
2023-03-02,ASIANPAINT,EXIT,exposure_floor
2023-03-02,AXISBANK,REDUCE,exposure_floor
2023-03-02,BAJAJ-AUTO,EXIT,exposure_floor
2023-03-02,BAJFINANCE,EXIT,exposure_floor
2023-03-02,BAJAJFINSV,EXIT,exposure_floor
2023-03-02,BEL,EXIT,exposure_floor
2023-03-02,BHARTIARTL,EXIT,exposure_floor
2023-03-02,CIPLA,EXIT,exposure_floor
2023-03-02,DRREDDY,REDUCE,exposure_floor
2023-03-02,EICHERMOT,EXIT,exposure_floor
2023-03-02,GRASIM,EXIT,exposure_floor
2023-03-02,HDFCLIFE,EXIT,exposure_floor
2023-03-02,HINDALCO,EXIT,exposure_floor
2023-03-02,HINDUNILVR,EXIT,exposure_floor
2023-03-02,ICICIBANK,EXIT,exposure_floor
2023-03-02,INFY,EXIT,exposure_floor
2023-03-02,INDIGO,EXIT,exposure_floor
2023-03-02,JSWSTEEL,REDUCE,exposure_floor
2023-03-02,KOTAKBANK,EXIT,exposure_floor
2023-03-02,MARUTI,EXIT,exposure_floor
2023-03-02,NESTLEIND,EXIT,exposure_floor
2023-03-02,RELIANCE,EXIT,exposure_floor
2023-03-02,SBILIFE,EXIT,exposure_floor
2023-03-02,SHRIRAMFIN,EXIT,exposure_floor
2023-03-02,SBIN,EXIT,exposure_floor
2023-03-02,TATACONSUM,EXIT,exposure_floor
2023-03-02,TATASTEEL,EXIT,exposure_floor
2023-03-02,TECHM,EXIT,exposure_floor
2023-03-02,TITAN,EXIT,exposure_floor
2023-03-02,TRENT,EXIT,exposure_floor
2023-03-03,ADANIENT,EXIT,exposure_floor
2023-03-03,ADANIPORTS,EXIT,exposure_floor
2023-03-03,ASIANPAINT,EXIT,exposure_floor
2023-03-03,AXISBANK,REDUCE,exposure_floor
2023-03-03,BAJAJ-AUTO,EXIT,exposure_floor
2023-03-03,BAJFINANCE,EXIT,exposure_floor
2023-03-03,BAJAJFINSV,EXIT,exposure_floor
2023-03-03,BEL,EXIT,exposure_floor
2023-03-03,BHARTIARTL,EXIT,exposure_floor
2023-03-03,CIPLA,EXIT,exposure_floor
2023-03-03,EICHERMOT,EXIT,exposure_floor
2023-03-03,GRASIM,EXIT,exposure_floor
2023-03-03,HDFCLIFE,EXIT,exposure_floor
2023-03-03,HINDALCO,EXIT,exposure_floor
2023-03-03,HINDUNILVR,EXIT,exposure_floor
2023-03-03,ICICIBANK,REDUCE,exposure_floor
2023-03-03,INFY,EXIT,exposure_floor
2023-03-03,INDIGO,EXIT,exposure_floor
2023-03-03,JSWSTEEL,REDUCE,exposure_floor
2023-03-03,KOTAKBANK,EXIT,exposure_floor
2023-03-03,MARUTI,EXIT,exposure_floor
2023-03-03,NESTLEIND,EXIT,exposure_floor
2023-03-03,RELIANCE,EXIT,exposure_floor
2023-03-03,SBILIFE,EXIT,exposure_floor
2023-03-03,SHRIRAMFIN,EXIT,exposure_floor
2023-03-03,SBIN,EXIT,exposure_floor
2023-03-03,TATACONSUM,EXIT,exposure_floor
2023-03-03,TATASTEEL,EXIT,exposure_floor
2023-03-03,TITAN,EXIT,exposure_floor
2023-03-03,TRENT,REDUCE,exposure_floor
2023-03-06,ADANIENT,EXIT,exposure_floor
2023-03-06,ADANIPORTS,EXIT,exposure_floor
2023-03-06,ASIANPAINT,EXIT,exposure_floor
2023-03-06,AXISBANK,REDUCE,exposure_floor
2023-03-06,BAJAJ-AUTO,EXIT,exposure_floor
2023-03-06,BAJFINANCE,EXIT,exposure_floor
2023-03-06,BAJAJFINSV,EXIT,exposure_floor
2023-03-06,BEL,EXIT,exposure_floor
2023-03-06,BHARTIARTL,EXIT,exposure_floor
2023-03-06,CIPLA,EXIT,exposure_floor
2023-03-06,EICHERMOT,EXIT,exposure_floor
2023-03-06,GRASIM,EXIT,exposure_floor
2023-03-06,HDFCLIFE,EXIT,exposure_floor
2023-03-06,HINDALCO,EXIT,exposure_floor
2023-03-06,HINDUNILVR,EXIT,exposure_floor
2023-03-06,INFY,EXIT,exposure_floor
2023-03-06,INDIGO,EXIT,exposure_floor
2023-03-06,JSWSTEEL,REDUCE,exposure_floor
2023-03-06,KOTAKBANK,EXIT,exposure_floor
2023-03-06,MARUTI,REDUCE,exposure_floor
2023-03-06,MAXHEALTH,REDUCE,exposure_floor
2023-03-06,NESTLEIND,EXIT,exposure_floor
2023-03-06,RELIANCE,EXIT,exposure_floor
2023-03-06,SBILIFE,EXIT,exposure_floor
2023-03-06,SHRIRAMFIN,EXIT,exposure_floor
2023-03-06,SBIN,EXIT,exposure_floor
2023-03-06,SUNPHARMA,REDUCE,exposure_floor
2023-03-06,TATACONSUM,EXIT,exposure_floor
2023-03-06,TATASTEEL,EXIT,exposure_floor
2023-03-06,TECHM,EXIT,exposure_floor
2023-03-06,TITAN,EXIT,exposure_floor
2023-03-06,TRENT,REDUCE,exposure_floor
2023-03-08,ADANIENT,EXIT,exposure_floor
2023-03-08,ADANIPORTS,EXIT,exposure_floor
2023-03-08,APOLLOHOSP,REDUCE,exposure_floor
2023-03-08,ASIANPAINT,EXIT,exposure_floor
2023-03-08,AXISBANK,REDUCE,exposure_floor
2023-03-08,BAJAJ-AUTO,REDUCE,exposure_floor
2023-03-08,BAJFINANCE,EXIT,exposure_floor
2023-03-08,BAJAJFINSV,EXIT,exposure_floor
2023-03-08,BEL,EXIT,exposure_floor
2023-03-08,BHARTIARTL,EXIT,exposure_floor
2023-03-08,CIPLA,EXIT,exposure_floor
2023-03-08,EICHERMOT,EXIT,exposure_floor
2023-03-08,GRASIM,EXIT,exposure_floor
2023-03-08,HDFCLIFE,EXIT,exposure_floor
2023-03-08,HINDALCO,EXIT,exposure_floor
2023-03-08,HINDUNILVR,EXIT,exposure_floor
2023-03-08,INFY,EXIT,exposure_floor
2023-03-08,INDIGO,EXIT,exposure_floor
2023-03-08,JSWSTEEL,REDUCE,exposure_floor
2023-03-08,KOTAKBANK,EXIT,exposure_floor
2023-03-08,MARUTI,REDUCE,exposure_floor
2023-03-08,MAXHEALTH,REDUCE,exposure_floor
2023-03-08,NESTLEIND,EXIT,exposure_floor
2023-03-08,RELIANCE,EXIT,exposure_floor
2023-03-08,SBILIFE,EXIT,exposure_floor
2023-03-08,SHRIRAMFIN,EXIT,exposure_floor
2023-03-08,SBIN,EXIT,exposure_floor
2023-03-08,SUNPHARMA,REDUCE,exposure_floor
2023-03-08,TATACONSUM,EXIT,exposure_floor
2023-03-08,TATASTEEL,EXIT,exposure_floor
2023-03-08,TITAN,EXIT,exposure_floor
2023-03-08,TRENT,REDUCE,exposure_floor
2023-03-09,ADANIENT,EXIT,exposure_floor
2023-03-09,ADANIPORTS,EXIT,exposure_floor
2023-03-09,APOLLOHOSP,REDUCE,exposure_floor
2023-03-09,ASIANPAINT,EXIT,exposure_floor
2023-03-09,AXISBANK,REDUCE,exposure_floor
2023-03-09,BAJAJ-AUTO,REDUCE,exposure_floor
2023-03-09,BAJFINANCE,EXIT,exposure_floor
2023-03-09,BAJAJFINSV,EXIT,exposure_floor
2023-03-09,BEL,EXIT,exposure_floor
2023-03-09,BHARTIARTL,EXIT,exposure_floor
2023-03-09,CIPLA,EXIT,exposure_floor
2023-03-09,EICHERMOT,EXIT,exposure_floor
2023-03-09,GRASIM,EXIT,exposure_floor
2023-03-09,HDFCLIFE,EXIT,exposure_floor
2023-03-09,HINDALCO,EXIT,exposure_floor
2023-03-09,HINDUNILVR,EXIT,exposure_floor
2023-03-09,ICICIBANK,REDUCE,exposure_floor
2023-03-09,INFY,EXIT,exposure_floor
2023-03-09,INDIGO,EXIT,exposure_floor
2023-03-09,JSWSTEEL,REDUCE,exposure_floor
2023-03-09,KOTAKBANK,EXIT,exposure_floor
2023-03-09,MARUTI,EXIT,exposure_floor
2023-03-09,NESTLEIND,EXIT,exposure_floor
2023-03-09,RELIANCE,EXIT,exposure_floor
2023-03-09,SBILIFE,EXIT,exposure_floor
2023-03-09,SHRIRAMFIN,EXIT,exposure_floor
2023-03-09,SBIN,EXIT,exposure_floor
2023-03-09,SUNPHARMA,REDUCE,exposure_floor
2023-03-09,TATACONSUM,EXIT,exposure_floor
2023-03-09,TATASTEEL,EXIT,exposure_floor
2023-03-09,TECHM,EXIT,exposure_floor
2023-03-09,TITAN,EXIT,exposure_floor
2023-03-09,TRENT,REDUCE,exposure_floor
2023-03-10,ADANIENT,EXIT,exposure_floor
2023-03-10,ADANIPORTS,EXIT,exposure_floor
2023-03-10,APOLLOHOSP,REDUCE,exposure_floor
2023-03-10,ASIANPAINT,EXIT,exposure_floor
2023-03-10,AXISBANK,REDUCE,exposure_floor
2023-03-10,BAJAJ-AUTO,REDUCE,exposure_floor
2023-03-10,BAJFINANCE,EXIT,exposure_floor
2023-03-10,BAJAJFINSV,EXIT,exposure_floor
2023-03-10,BEL,EXIT,exposure_floor
2023-03-10,BHARTIARTL,EXIT,exposure_floor
2023-03-10,CIPLA,EXIT,exposure_floor
2023-03-10,EICHERMOT,EXIT,exposure_floor
2023-03-10,GRASIM,EXIT,exposure_floor
2023-03-10,HDFCLIFE,EXIT,exposure_floor
2023-03-10,HINDALCO,EXIT,exposure_floor
2023-03-10,HINDUNILVR,EXIT,exposure_floor
2023-03-10,ICICIBANK,EXIT,exposure_floor
2023-03-10,INFY,EXIT,exposure_floor
2023-03-10,INDIGO,EXIT,exposure_floor
2023-03-10,JSWSTEEL,REDUCE,exposure_floor
2023-03-10,KOTAKBANK,EXIT,exposure_floor
2023-03-10,M&M,EXIT,exposure_floor
2023-03-10,MARUTI,EXIT,exposure_floor
2023-03-10,NESTLEIND,EXIT,exposure_floor
2023-03-10,RELIANCE,EXIT,exposure_floor
2023-03-10,SBILIFE,EXIT,exposure_floor
2023-03-10,SHRIRAMFIN,EXIT,exposure_floor
2023-03-10,SBIN,EXIT,exposure_floor
2023-03-10,SUNPHARMA,REDUCE,exposure_floor
2023-03-10,TATACONSUM,EXIT,exposure_floor
2023-03-10,TATASTEEL,EXIT,exposure_floor
2023-03-10,TITAN,EXIT,exposure_floor
2023-03-10,TRENT,REDUCE,exposure_floor
2023-03-13,ADANIENT,EXIT,exposure_floor
2023-03-13,ADANIPORTS,EXIT,exposure_floor
2023-03-13,APOLLOHOSP,REDUCE,exposure_floor
2023-03-13,ASIANPAINT,EXIT,exposure_floor
2023-03-13,AXISBANK,REDUCE,exposure_floor
2023-03-13,BAJAJ-AUTO,REDUCE,exposure_floor
2023-03-13,BAJFINANCE,EXIT,exposure_floor
2023-03-13,BAJAJFINSV,EXIT,exposure_floor
2023-03-13,BEL,EXIT,exposure_floor
2023-03-13,BHARTIARTL,EXIT,exposure_floor
2023-03-13,CIPLA,EXIT,exposure_floor
2023-03-13,EICHERMOT,EXIT,exposure_floor
2023-03-13,GRASIM,EXIT,exposure_floor
2023-03-13,HDFCLIFE,EXIT,exposure_floor
2023-03-13,HINDALCO,EXIT,exposure_floor
2023-03-13,HINDUNILVR,EXIT,exposure_floor
2023-03-13,ICICIBANK,EXIT,exposure_floor
2023-03-13,INFY,EXIT,exposure_floor
2023-03-13,INDIGO,EXIT,exposure_floor
2023-03-13,JSWSTEEL,REDUCE,exposure_floor
2023-03-13,KOTAKBANK,EXIT,exposure_floor
2023-03-13,M&M,EXIT,exposure_floor
2023-03-13,MARUTI,EXIT,exposure_floor
2023-03-13,NESTLEIND,EXIT,exposure_floor
2023-03-13,RELIANCE,EXIT,exposure_floor
2023-03-13,SBILIFE,EXIT,exposure_floor
2023-03-13,SHRIRAMFIN,EXIT,exposure_floor
2023-03-13,SBIN,EXIT,exposure_floor
2023-03-13,SUNPHARMA,REDUCE,exposure_floor
2023-03-13,TATACONSUM,EXIT,exposure_floor
2023-03-13,TATASTEEL,EXIT,exposure_floor
2023-03-13,TECHM,EXIT,exposure_floor
2023-03-13,TITAN,EXIT,exposure_floor
2023-03-13,TRENT,REDUCE,exposure_floor
2023-03-14,ADANIENT,EXIT,exposure_floor
2023-03-14,ADANIPORTS,EXIT,exposure_floor
2023-03-14,APOLLOHOSP,REDUCE,exposure_floor
2023-03-14,ASIANPAINT,EXIT,exposure_floor
2023-03-14,AXISBANK,REDUCE,exposure_floor
2023-03-14,BAJAJ-AUTO,REDUCE,exposure_floor
2023-03-14,BAJFINANCE,EXIT,exposure_floor
2023-03-14,BAJAJFINSV,EXIT,exposure_floor
2023-03-14,BEL,EXIT,exposure_floor
2023-03-14,BHARTIARTL,EXIT,exposure_floor
2023-03-14,CIPLA,EXIT,exposure_floor
2023-03-14,EICHERMOT,EXIT,exposure_floor
2023-03-14,GRASIM,EXIT,exposure_floor
2023-03-14,HDFCLIFE,EXIT,exposure_floor
2023-03-14,HINDALCO,EXIT,exposure_floor
2023-03-14,HINDUNILVR,EXIT,exposure_floor
2023-03-14,ICICIBANK,EXIT,exposure_floor
2023-03-14,INFY,EXIT,exposure_floor
2023-03-14,INDIGO,EXIT,exposure_floor
2023-03-14,JSWSTEEL,REDUCE,exposure_floor
2023-03-14,KOTAKBANK,EXIT,exposure_floor
2023-03-14,M&M,EXIT,exposure_floor
2023-03-14,MARUTI,EXIT,exposure_floor
2023-03-14,NESTLEIND,EXIT,exposure_floor
2023-03-14,RELIANCE,EXIT,exposure_floor
2023-03-14,SBILIFE,EXIT,exposure_floor
2023-03-14,SHRIRAMFIN,EXIT,exposure_floor
2023-03-14,SBIN,EXIT,exposure_floor
2023-03-14,SUNPHARMA,REDUCE,exposure_floor
2023-03-14,TATACONSUM,EXIT,exposure_floor
2023-03-14,TATASTEEL,EXIT,exposure_floor
2023-03-14,TITAN,EXIT,exposure_floor
2023-03-14,TRENT,REDUCE,exposure_floor
2023-03-15,ADANIENT,EXIT,exposure_floor
2023-03-15,ADANIPORTS,EXIT,exposure_floor
2023-03-15,APOLLOHOSP,REDUCE,exposure_floor
2023-03-15,ASIANPAINT,EXIT,exposure_floor
2023-03-15,AXISBANK,REDUCE,exposure_floor
2023-03-15,BAJAJ-AUTO,EXIT,exposure_floor
2023-03-15,BAJFINANCE,EXIT,exposure_floor
2023-03-15,BAJAJFINSV,EXIT,exposure_floor
2023-03-15,BEL,EXIT,exposure_floor
2023-03-15,BHARTIARTL,EXIT,exposure_floor
2023-03-15,CIPLA,EXIT,exposure_floor
2023-03-15,EICHERMOT,EXIT,exposure_floor
2023-03-15,GRASIM,EXIT,exposure_floor
2023-03-15,HDFCLIFE,EXIT,exposure_floor
2023-03-15,HINDALCO,EXIT,exposure_floor
2023-03-15,HINDUNILVR,EXIT,exposure_floor
2023-03-15,ICICIBANK,EXIT,exposure_floor
2023-03-15,INFY,EXIT,exposure_floor
2023-03-15,INDIGO,EXIT,exposure_floor
2023-03-15,JSWSTEEL,REDUCE,exposure_floor
2023-03-15,KOTAKBANK,EXIT,exposure_floor
2023-03-15,M&M,EXIT,exposure_floor
2023-03-15,MARUTI,EXIT,exposure_floor
2023-03-15,NESTLEIND,EXIT,exposure_floor
2023-03-15,RELIANCE,EXIT,exposure_floor
2023-03-15,SBILIFE,EXIT,exposure_floor
2023-03-15,SHRIRAMFIN,EXIT,exposure_floor
2023-03-15,SBIN,EXIT,exposure_floor
2023-03-15,SUNPHARMA,REDUCE,exposure_floor
2023-03-15,TCS,EXIT,exposure_floor
2023-03-15,TATACONSUM,EXIT,exposure_floor
2023-03-15,TATASTEEL,EXIT,exposure_floor
2023-03-15,TECHM,EXIT,exposure_floor
2023-03-15,TITAN,EXIT,exposure_floor
2023-03-15,TRENT,EXIT,exposure_floor
2023-03-16,ADANIENT,EXIT,exposure_floor
2023-03-16,ADANIPORTS,EXIT,exposure_floor
2023-03-16,APOLLOHOSP,REDUCE,exposure_floor
2023-03-16,ASIANPAINT,EXIT,exposure_floor
2023-03-16,AXISBANK,REDUCE,exposure_floor
2023-03-16,BAJAJ-AUTO,REDUCE,exposure_floor
2023-03-16,BAJFINANCE,EXIT,exposure_floor
2023-03-16,BAJAJFINSV,EXIT,exposure_floor
2023-03-16,BEL,EXIT,exposure_floor
2023-03-16,BHARTIARTL,EXIT,exposure_floor
2023-03-16,CIPLA,EXIT,exposure_floor
2023-03-16,EICHERMOT,EXIT,exposure_floor
2023-03-16,GRASIM,EXIT,exposure_floor
2023-03-16,HDFCLIFE,EXIT,exposure_floor
2023-03-16,HINDALCO,EXIT,exposure_floor
2023-03-16,HINDUNILVR,EXIT,exposure_floor
2023-03-16,ICICIBANK,EXIT,exposure_floor
2023-03-16,INFY,EXIT,exposure_floor
2023-03-16,INDIGO,EXIT,exposure_floor
2023-03-16,JSWSTEEL,EXIT,exposure_floor
2023-03-16,KOTAKBANK,EXIT,exposure_floor
2023-03-16,M&M,EXIT,exposure_floor
2023-03-16,MARUTI,EXIT,exposure_floor
2023-03-16,NESTLEIND,EXIT,exposure_floor
2023-03-16,RELIANCE,EXIT,exposure_floor
2023-03-16,SBILIFE,EXIT,exposure_floor
2023-03-16,SHRIRAMFIN,EXIT,exposure_floor
2023-03-16,SBIN,EXIT,exposure_floor
2023-03-16,SUNPHARMA,REDUCE,exposure_floor
2023-03-16,TCS,EXIT,exposure_floor
2023-03-16,TATACONSUM,EXIT,exposure_floor
2023-03-16,TATASTEEL,EXIT,exposure_floor
2023-03-16,TITAN,REDUCE,exposure_floor
2023-03-16,TRENT,REDUCE,exposure_floor
2023-03-17,ADANIENT,EXIT,exposure_floor
2023-03-17,ADANIPORTS,EXIT,exposure_floor
2023-03-17,APOLLOHOSP,REDUCE,exposure_floor
2023-03-17,ASIANPAINT,EXIT,exposure_floor
2023-03-17,AXISBANK,REDUCE,exposure_floor
2023-03-17,BAJFINANCE,EXIT,exposure_floor
2023-03-17,BAJAJFINSV,EXIT,exposure_floor
2023-03-17,BEL,EXIT,exposure_floor
2023-03-17,BHARTIARTL,EXIT,exposure_floor
2023-03-17,CIPLA,EXIT,exposure_floor
2023-03-17,EICHERMOT,EXIT,exposure_floor
2023-03-17,GRASIM,EXIT,exposure_floor
2023-03-17,HDFCLIFE,EXIT,exposure_floor
2023-03-17,HINDALCO,EXIT,exposure_floor
2023-03-17,HINDUNILVR,EXIT,exposure_floor
2023-03-17,ICICIBANK,EXIT,exposure_floor
2023-03-17,INFY,EXIT,exposure_floor
2023-03-17,INDIGO,EXIT,exposure_floor
2023-03-17,JSWSTEEL,EXIT,exposure_floor
2023-03-17,KOTAKBANK,EXIT,exposure_floor
2023-03-17,M&M,EXIT,exposure_floor
2023-03-17,MARUTI,EXIT,exposure_floor
2023-03-17,NESTLEIND,EXIT,exposure_floor
2023-03-17,RELIANCE,EXIT,exposure_floor
2023-03-17,SBILIFE,EXIT,exposure_floor
2023-03-17,SHRIRAMFIN,EXIT,exposure_floor
2023-03-17,SBIN,EXIT,exposure_floor
2023-03-17,SUNPHARMA,REDUCE,exposure_floor
2023-03-17,TCS,EXIT,exposure_floor
2023-03-17,TATACONSUM,EXIT,exposure_floor
2023-03-17,TATASTEEL,EXIT,exposure_floor
2023-03-17,TECHM,EXIT,exposure_floor
2023-03-17,TITAN,REDUCE,exposure_floor
2023-03-17,TRENT,REDUCE,exposure_floor
2023-03-20,ADANIENT,EXIT,exposure_floor
2023-03-20,ADANIPORTS,EXIT,exposure_floor
2023-03-20,APOLLOHOSP,REDUCE,exposure_floor
2023-03-20,ASIANPAINT,EXIT,exposure_floor
2023-03-20,AXISBANK,REDUCE,exposure_floor
2023-03-20,BAJFINANCE,EXIT,exposure_floor
2023-03-20,BAJAJFINSV,EXIT,exposure_floor
2023-03-20,BEL,EXIT,exposure_floor
2023-03-20,BHARTIARTL,EXIT,exposure_floor
2023-03-20,CIPLA,EXIT,exposure_floor
2023-03-20,EICHERMOT,EXIT,exposure_floor
2023-03-20,GRASIM,EXIT,exposure_floor
2023-03-20,HDFCLIFE,EXIT,exposure_floor
2023-03-20,HINDALCO,EXIT,exposure_floor
2023-03-20,HINDUNILVR,EXIT,exposure_floor
2023-03-20,ICICIBANK,EXIT,exposure_floor
2023-03-20,INFY,EXIT,exposure_floor
2023-03-20,INDIGO,EXIT,exposure_floor
2023-03-20,JSWSTEEL,EXIT,exposure_floor
2023-03-20,KOTAKBANK,EXIT,exposure_floor
2023-03-20,M&M,EXIT,exposure_floor
2023-03-20,MARUTI,EXIT,exposure_floor
2023-03-20,NESTLEIND,EXIT,exposure_floor
2023-03-20,RELIANCE,EXIT,exposure_floor
2023-03-20,SBILIFE,EXIT,exposure_floor
2023-03-20,SHRIRAMFIN,EXIT,exposure_floor
2023-03-20,SBIN,EXIT,exposure_floor
2023-03-20,SUNPHARMA,REDUCE,exposure_floor
2023-03-20,TCS,EXIT,exposure_floor
2023-03-20,TATACONSUM,EXIT,exposure_floor
2023-03-20,TATASTEEL,EXIT,exposure_floor
2023-03-20,TITAN,REDUCE,exposure_floor
2023-03-20,TRENT,REDUCE,exposure_floor
2023-03-21,ADANIENT,EXIT,exposure_floor
2023-03-21,ADANIPORTS,EXIT,exposure_floor
2023-03-21,APOLLOHOSP,EXIT,exposure_floor
2023-03-21,ASIANPAINT,EXIT,exposure_floor
2023-03-21,AXISBANK,REDUCE,exposure_floor
2023-03-21,BAJFINANCE,EXIT,exposure_floor
2023-03-21,BAJAJFINSV,EXIT,exposure_floor
2023-03-21,BEL,EXIT,exposure_floor
2023-03-21,BHARTIARTL,EXIT,exposure_floor
2023-03-21,CIPLA,EXIT,exposure_floor
2023-03-21,EICHERMOT,EXIT,exposure_floor
2023-03-21,GRASIM,EXIT,exposure_floor
2023-03-21,HDFCLIFE,EXIT,exposure_floor
2023-03-21,HINDALCO,EXIT,exposure_floor
2023-03-21,HINDUNILVR,EXIT,exposure_floor
2023-03-21,ICICIBANK,EXIT,exposure_floor
2023-03-21,INFY,EXIT,exposure_floor
2023-03-21,INDIGO,EXIT,exposure_floor
2023-03-21,JSWSTEEL,EXIT,exposure_floor
2023-03-21,KOTAKBANK,EXIT,exposure_floor
2023-03-21,M&M,EXIT,exposure_floor
2023-03-21,MARUTI,EXIT,exposure_floor
2023-03-21,NESTLEIND,EXIT,exposure_floor
2023-03-21,RELIANCE,EXIT,exposure_floor
2023-03-21,SBILIFE,EXIT,exposure_floor
2023-03-21,SHRIRAMFIN,EXIT,exposure_floor
2023-03-21,SBIN,EXIT,exposure_floor
2023-03-21,SUNPHARMA,REDUCE,exposure_floor
2023-03-21,TCS,EXIT,exposure_floor
2023-03-21,TATACONSUM,EXIT,exposure_floor
2023-03-21,TATASTEEL,EXIT,exposure_floor
2023-03-21,TECHM,EXIT,exposure_floor
2023-03-21,TITAN,REDUCE,exposure_floor
2023-03-21,TRENT,EXIT,exposure_floor
2023-04-05,MAXHEALTH,REDUCE,exposure_floor
2023-04-05,TECHM,EXIT,exposure_floor
2023-04-06,MAXHEALTH,REDUCE,exposure_floor
2023-04-10,HINDUNILVR,EXIT,exposure_floor
2023-04-10,MAXHEALTH,REDUCE,exposure_floor
2023-04-10,TECHM,EXIT,exposure_floor
2023-04-11,HCLTECH,REDUCE,exposure_floor
2023-04-11,HINDUNILVR,EXIT,exposure_floor
2023-04-12,HCLTECH,REDUCE,exposure_floor
2023-04-12,HINDUNILVR,EXIT,exposure_floor
2023-04-12,TECHM,EXIT,exposure_floor
2023-04-13,HCLTECH,REDUCE,exposure_floor
2023-04-13,HINDUNILVR,EXIT,exposure_floor
2023-04-17,BHARTIARTL,EXIT,exposure_floor
2023-04-17,HCLTECH,REDUCE,exposure_floor
2023-04-17,HINDUNILVR,EXIT,exposure_floor
2023-04-17,TECHM,EXIT,exposure_floor
2023-04-18,APOLLOHOSP,EXIT,exposure_floor
2023-04-18,BHARTIARTL,EXIT,exposure_floor
2023-04-18,HCLTECH,REDUCE,exposure_floor
2023-04-18,HINDUNILVR,EXIT,exposure_floor
2023-04-18,TECHM,EXIT,exposure_floor
2023-04-19,APOLLOHOSP,EXIT,exposure_floor
2023-04-19,BHARTIARTL,EXIT,exposure_floor
2023-04-19,HCLTECH,REDUCE,exposure_floor
2023-04-19,HINDUNILVR,EXIT,exposure_floor
2023-04-19,TECHM,EXIT,exposure_floor
2023-04-20,APOLLOHOSP,EXIT,exposure_floor
2023-04-20,BHARTIARTL,EXIT,exposure_floor
2023-04-20,HCLTECH,REDUCE,exposure_floor
2023-04-20,HINDUNILVR,EXIT,exposure_floor
2023-04-20,TECHM,EXIT,exposure_floor
2023-04-21,APOLLOHOSP,EXIT,exposure_floor
2023-04-21,BHARTIARTL,EXIT,exposure_floor
2023-04-21,HCLTECH,REDUCE,exposure_floor
2023-04-21,HINDUNILVR,EXIT,exposure_floor
2023-04-21,TECHM,EXIT,exposure_floor
2023-04-24,APOLLOHOSP,REDUCE,exposure_floor
2023-04-24,BHARTIARTL,EXIT,exposure_floor
2023-04-24,HCLTECH,REDUCE,exposure_floor
2023-04-24,HINDUNILVR,EXIT,exposure_floor
2023-04-24,SUNPHARMA,REDUCE,exposure_floor
2023-04-24,TECHM,EXIT,exposure_floor
2023-04-25,BHARTIARTL,EXIT,exposure_floor
2023-04-25,HCLTECH,REDUCE,exposure_floor
2023-04-25,HDFCLIFE,EXIT,exposure_floor
2023-04-25,HINDUNILVR,EXIT,exposure_floor
2023-04-25,MAXHEALTH,REDUCE,exposure_floor
2023-04-25,SUNPHARMA,REDUCE,exposure_floor
2023-04-25,TECHM,EXIT,exposure_floor
2023-04-26,BHARTIARTL,REDUCE,exposure_floor
2023-04-26,HCLTECH,REDUCE,exposure_floor
2023-04-26,HDFCLIFE,EXIT,exposure_floor
2023-04-26,HINDUNILVR,EXIT,exposure_floor
2023-04-26,MAXHEALTH,REDUCE,exposure_floor
2023-04-26,SUNPHARMA,REDUCE,exposure_floor
2023-04-26,TECHM,EXIT,exposure_floor
2023-04-27,BHARTIARTL,REDUCE,exposure_floor
2023-04-27,HCLTECH,REDUCE,exposure_floor
2023-04-27,HDFCLIFE,EXIT,exposure_floor
2023-04-27,HINDUNILVR,EXIT,exposure_floor
2023-04-27,SUNPHARMA,REDUCE,exposure_floor
2023-04-27,TECHM,EXIT,exposure_floor
2023-04-28,BHARTIARTL,REDUCE,exposure_floor
2023-04-28,HCLTECH,REDUCE,exposure_floor
2023-04-28,HDFCLIFE,EXIT,exposure_floor
2023-04-28,HINDUNILVR,EXIT,exposure_floor
2023-04-28,SUNPHARMA,REDUCE,exposure_floor
2023-04-28,TECHM,EXIT,exposure_floor
2023-05-02,BHARTIARTL,REDUCE,exposure_floor
2023-05-02,HCLTECH,REDUCE,exposure_floor
2023-05-02,HINDUNILVR,EXIT,exposure_floor
2023-05-02,SUNPHARMA,REDUCE,exposure_floor
2023-05-02,TECHM,EXIT,exposure_floor
2023-05-03,BHARTIARTL,REDUCE,exposure_floor
2023-05-03,HCLTECH,REDUCE,exposure_floor
2023-05-03,HDFCLIFE,EXIT,exposure_floor
2023-05-03,HINDUNILVR,EXIT,exposure_floor
2023-05-03,SUNPHARMA,REDUCE,exposure_floor
2023-05-03,TECHM,EXIT,exposure_floor
2023-05-04,APOLLOHOSP,REDUCE,exposure_floor
2023-05-04,BHARTIARTL,REDUCE,exposure_floor
2023-05-04,HCLTECH,REDUCE,exposure_floor
2023-05-04,HINDUNILVR,EXIT,exposure_floor
2023-05-04,SUNPHARMA,REDUCE,exposure_floor
2023-05-04,TECHM,EXIT,exposure_floor
2023-05-05,APOLLOHOSP,REDUCE,exposure_floor
2023-05-05,BHARTIARTL,REDUCE,exposure_floor
2023-05-05,HCLTECH,REDUCE,exposure_floor
2023-05-05,HDFCBANK,REDUCE,exposure_floor
2023-05-05,HDFCLIFE,EXIT,exposure_floor
2023-05-05,HINDUNILVR,EXIT,exposure_floor
2023-05-05,SUNPHARMA,REDUCE,exposure_floor
2023-05-05,TECHM,EXIT,exposure_floor
2023-05-08,APOLLOHOSP,REDUCE,exposure_floor
2023-05-08,BHARTIARTL,REDUCE,exposure_floor
2023-05-08,HCLTECH,REDUCE,exposure_floor
2023-05-08,HDFCBANK,REDUCE,exposure_floor
2023-05-08,HINDUNILVR,EXIT,exposure_floor
2023-05-08,SUNPHARMA,EXIT,exposure_floor
2023-05-08,TECHM,EXIT,exposure_floor
2023-05-09,APOLLOHOSP,REDUCE,exposure_floor
2023-05-09,BAJFINANCE,EXIT,exposure_floor
2023-05-09,BHARTIARTL,REDUCE,exposure_floor
2023-05-09,HCLTECH,REDUCE,exposure_floor
2023-05-09,HDFCBANK,REDUCE,exposure_floor
2023-05-09,HINDUNILVR,EXIT,exposure_floor
2023-05-09,SUNPHARMA,EXIT,exposure_floor
2023-05-09,TECHM,EXIT,exposure_floor
2023-05-10,APOLLOHOSP,REDUCE,exposure_floor
2023-05-10,BHARTIARTL,REDUCE,exposure_floor
2023-05-10,HCLTECH,REDUCE,exposure_floor
2023-05-10,HDFCBANK,REDUCE,exposure_floor
2023-05-10,HINDUNILVR,EXIT,exposure_floor
2023-05-10,SUNPHARMA,EXIT,exposure_floor
2023-05-10,TECHM,EXIT,exposure_floor
2023-05-11,APOLLOHOSP,REDUCE,exposure_floor
2023-05-11,BHARTIARTL,REDUCE,exposure_floor
2023-05-11,DRREDDY,REDUCE,exposure_floor
2023-05-11,HCLTECH,REDUCE,exposure_floor
2023-05-11,HDFCBANK,REDUCE,exposure_floor
2023-05-11,HINDALCO,EXIT,exposure_floor
2023-05-11,HINDUNILVR,EXIT,exposure_floor
2023-05-11,SUNPHARMA,EXIT,exposure_floor
2023-05-11,TECHM,EXIT,exposure_floor
2023-05-12,APOLLOHOSP,REDUCE,exposure_floor
2023-05-12,BHARTIARTL,REDUCE,exposure_floor
2023-05-12,DRREDDY,REDUCE,exposure_floor
2023-05-12,HCLTECH,REDUCE,exposure_floor
2023-05-12,HDFCBANK,REDUCE,exposure_floor
2023-05-12,HINDALCO,EXIT,exposure_floor
2023-05-12,HINDUNILVR,EXIT,exposure_floor
2023-05-12,LT,REDUCE,exposure_floor
2023-05-12,SUNPHARMA,EXIT,exposure_floor
2023-05-12,TECHM,EXIT,exposure_floor
2023-05-15,APOLLOHOSP,REDUCE,exposure_floor
2023-05-15,BHARTIARTL,REDUCE,exposure_floor
2023-05-15,DRREDDY,REDUCE,exposure_floor
2023-05-15,HCLTECH,REDUCE,exposure_floor
2023-05-15,HDFCBANK,REDUCE,exposure_floor
2023-05-15,HINDALCO,EXIT,exposure_floor
2023-05-15,LT,REDUCE,exposure_floor
2023-05-15,SUNPHARMA,EXIT,exposure_floor
2023-05-15,TECHM,EXIT,exposure_floor
2023-05-16,APOLLOHOSP,REDUCE,exposure_floor
2023-05-16,BHARTIARTL,REDUCE,exposure_floor
2023-05-16,DRREDDY,REDUCE,exposure_floor
2023-05-16,HCLTECH,REDUCE,exposure_floor
2023-05-16,HDFCBANK,REDUCE,exposure_floor
2023-05-16,HINDALCO,EXIT,exposure_floor
2023-05-16,LT,REDUCE,exposure_floor
2023-05-16,SUNPHARMA,EXIT,exposure_floor
2023-05-16,TECHM,EXIT,exposure_floor
2023-05-17,APOLLOHOSP,REDUCE,exposure_floor
2023-05-17,BHARTIARTL,REDUCE,exposure_floor
2023-05-17,DRREDDY,REDUCE,exposure_floor
2023-05-17,HCLTECH,REDUCE,exposure_floor
2023-05-17,HDFCBANK,REDUCE,exposure_floor
2023-05-17,HINDALCO,EXIT,exposure_floor
2023-05-17,JSWSTEEL,EXIT,exposure_floor
2023-05-17,LT,REDUCE,exposure_floor
2023-05-17,SUNPHARMA,EXIT,exposure_floor
2023-05-17,TECHM,EXIT,exposure_floor
2023-05-18,APOLLOHOSP,REDUCE,exposure_floor
2023-05-18,BHARTIARTL,REDUCE,exposure_floor
2023-05-18,DRREDDY,REDUCE,exposure_floor
2023-05-18,HCLTECH,REDUCE,exposure_floor
2023-05-18,HDFCBANK,REDUCE,exposure_floor
2023-05-18,HINDALCO,EXIT,exposure_floor
2023-05-18,JSWSTEEL,EXIT,exposure_floor
2023-05-18,LT,REDUCE,exposure_floor
2023-05-18,SUNPHARMA,EXIT,exposure_floor
2023-05-18,TECHM,EXIT,exposure_floor
2023-05-19,APOLLOHOSP,REDUCE,exposure_floor
2023-05-19,BHARTIARTL,REDUCE,exposure_floor
2023-05-19,DRREDDY,EXIT,exposure_floor
2023-05-19,HCLTECH,REDUCE,exposure_floor
2023-05-19,HDFCBANK,REDUCE,exposure_floor
2023-05-19,HINDALCO,EXIT,exposure_floor
2023-05-19,JSWSTEEL,EXIT,exposure_floor
2023-05-19,LT,REDUCE,exposure_floor
2023-05-19,NTPC,REDUCE,exposure_floor
2023-05-19,SUNPHARMA,EXIT,exposure_floor
2023-05-19,TECHM,EXIT,exposure_floor
2023-05-22,APOLLOHOSP,REDUCE,exposure_floor
2023-05-22,BHARTIARTL,REDUCE,exposure_floor
2023-05-22,DRREDDY,EXIT,exposure_floor
2023-05-22,HCLTECH,REDUCE,exposure_floor
2023-05-22,HDFCBANK,REDUCE,exposure_floor
2023-05-22,HINDALCO,EXIT,exposure_floor
2023-05-22,JSWSTEEL,EXIT,exposure_floor
2023-05-22,LT,REDUCE,exposure_floor
2023-05-22,NTPC,REDUCE,exposure_floor
2023-05-22,SUNPHARMA,EXIT,exposure_floor
2023-05-22,TECHM,EXIT,exposure_floor
2023-05-23,APOLLOHOSP,REDUCE,exposure_floor
2023-05-23,BHARTIARTL,REDUCE,exposure_floor
2023-05-23,DRREDDY,EXIT,exposure_floor
2023-05-23,HCLTECH,REDUCE,exposure_floor
2023-05-23,HDFCBANK,REDUCE,exposure_floor
2023-05-23,HINDALCO,EXIT,exposure_floor
2023-05-23,JSWSTEEL,EXIT,exposure_floor
2023-05-23,LT,REDUCE,exposure_floor
2023-05-23,NTPC,REDUCE,exposure_floor
2023-05-23,SUNPHARMA,EXIT,exposure_floor
2023-05-23,TECHM,EXIT,exposure_floor
2023-05-24,APOLLOHOSP,REDUCE,exposure_floor
2023-05-24,BHARTIARTL,REDUCE,exposure_floor
2023-05-24,DRREDDY,EXIT,exposure_floor
2023-05-24,HCLTECH,REDUCE,exposure_floor
2023-05-24,HDFCBANK,REDUCE,exposure_floor
2023-05-24,HINDALCO,EXIT,exposure_floor
2023-05-24,JSWSTEEL,EXIT,exposure_floor
2023-05-24,LT,REDUCE,exposure_floor
2023-05-24,NTPC,REDUCE,exposure_floor
2023-05-24,SUNPHARMA,EXIT,exposure_floor
2023-05-24,TECHM,EXIT,exposure_floor
2023-05-25,APOLLOHOSP,REDUCE,exposure_floor
2023-05-25,BHARTIARTL,REDUCE,exposure_floor
2023-05-25,DRREDDY,EXIT,exposure_floor
2023-05-25,HCLTECH,REDUCE,exposure_floor
2023-05-25,HDFCBANK,REDUCE,exposure_floor
2023-05-25,HINDALCO,EXIT,exposure_floor
2023-05-25,JSWSTEEL,EXIT,exposure_floor
2023-05-25,LT,REDUCE,exposure_floor
2023-05-25,NTPC,REDUCE,exposure_floor
2023-05-25,SUNPHARMA,EXIT,exposure_floor
2023-05-25,TECHM,EXIT,exposure_floor
2023-05-26,APOLLOHOSP,REDUCE,exposure_floor
2023-05-26,BHARTIARTL,REDUCE,exposure_floor
2023-05-26,DRREDDY,EXIT,exposure_floor
2023-05-26,HCLTECH,REDUCE,exposure_floor
2023-05-26,HDFCBANK,REDUCE,exposure_floor
2023-05-26,HINDALCO,EXIT,exposure_floor
2023-05-26,JSWSTEEL,EXIT,exposure_floor
2023-05-26,LT,REDUCE,exposure_floor
2023-05-26,NTPC,REDUCE,exposure_floor
2023-05-26,SUNPHARMA,EXIT,exposure_floor
2023-05-26,TECHM,EXIT,exposure_floor
2023-05-29,APOLLOHOSP,REDUCE,exposure_floor
2023-05-29,BHARTIARTL,REDUCE,exposure_floor
2023-05-29,DRREDDY,EXIT,exposure_floor
2023-05-29,HCLTECH,REDUCE,exposure_floor
2023-05-29,HDFCBANK,REDUCE,exposure_floor
2023-05-29,HINDALCO,EXIT,exposure_floor
2023-05-29,JSWSTEEL,EXIT,exposure_floor
2023-05-29,LT,REDUCE,exposure_floor
2023-05-29,NTPC,REDUCE,exposure_floor
2023-05-29,ONGC,REDUCE,exposure_floor
2023-05-29,SUNPHARMA,EXIT,exposure_floor
2023-05-29,TECHM,EXIT,exposure_floor
2023-05-30,APOLLOHOSP,REDUCE,exposure_floor
2023-05-30,BHARTIARTL,REDUCE,exposure_floor
2023-05-30,DRREDDY,EXIT,exposure_floor
2023-05-30,HCLTECH,REDUCE,exposure_floor
2023-05-30,HDFCBANK,REDUCE,exposure_floor
2023-05-30,HINDALCO,EXIT,exposure_floor
2023-05-30,JSWSTEEL,EXIT,exposure_floor
2023-05-30,LT,REDUCE,exposure_floor
2023-05-30,NTPC,REDUCE,exposure_floor
2023-05-30,ONGC,REDUCE,exposure_floor
2023-05-30,SUNPHARMA,EXIT,exposure_floor
2023-05-30,TECHM,EXIT,exposure_floor
2023-05-31,APOLLOHOSP,REDUCE,exposure_floor
2023-05-31,BHARTIARTL,REDUCE,exposure_floor
2023-05-31,DRREDDY,EXIT,exposure_floor
2023-05-31,HCLTECH,REDUCE,exposure_floor
2023-05-31,HDFCBANK,REDUCE,exposure_floor
2023-05-31,HINDALCO,EXIT,exposure_floor
2023-05-31,JSWSTEEL,EXIT,exposure_floor
2023-05-31,LT,REDUCE,exposure_floor
2023-05-31,NTPC,REDUCE,exposure_floor
2023-05-31,ONGC,REDUCE,exposure_floor
2023-05-31,RELIANCE,EXIT,exposure_floor
2023-05-31,SUNPHARMA,EXIT,exposure_floor
2023-05-31,TECHM,EXIT,exposure_floor
2023-06-01,BHARTIARTL,REDUCE,exposure_floor
2023-06-01,DRREDDY,EXIT,exposure_floor
2023-06-01,HCLTECH,REDUCE,exposure_floor
2023-06-01,HDFCBANK,REDUCE,exposure_floor
2023-06-01,HINDALCO,EXIT,exposure_floor
2023-06-01,JSWSTEEL,EXIT,exposure_floor
2023-06-01,LT,REDUCE,exposure_floor
2023-06-01,NTPC,REDUCE,exposure_floor
2023-06-01,ONGC,REDUCE,exposure_floor
2023-06-01,POWERGRID,REDUCE,exposure_floor
2023-06-01,RELIANCE,EXIT,exposure_floor
2023-06-01,SBILIFE,EXIT,exposure_floor
2023-06-01,SUNPHARMA,EXIT,exposure_floor
2023-06-01,TECHM,EXIT,exposure_floor
2023-06-02,BHARTIARTL,REDUCE,exposure_floor
2023-06-02,DRREDDY,EXIT,exposure_floor
2023-06-02,HCLTECH,REDUCE,exposure_floor
2023-06-02,HDFCBANK,REDUCE,exposure_floor
2023-06-02,HINDALCO,EXIT,exposure_floor
2023-06-02,JSWSTEEL,EXIT,exposure_floor
2023-06-02,LT,REDUCE,exposure_floor
2023-06-02,NTPC,REDUCE,exposure_floor
2023-06-02,ONGC,REDUCE,exposure_floor
2023-06-02,POWERGRID,REDUCE,exposure_floor
2023-06-02,RELIANCE,EXIT,exposure_floor
2023-06-02,SBILIFE,EXIT,exposure_floor
2023-06-02,SUNPHARMA,EXIT,exposure_floor
2023-06-02,TECHM,EXIT,exposure_floor
2023-06-05,BHARTIARTL,REDUCE,exposure_floor
2023-06-05,COALINDIA,REDUCE,exposure_floor
2023-06-05,DRREDDY,EXIT,exposure_floor
2023-06-05,HCLTECH,REDUCE,exposure_floor
2023-06-05,HDFCBANK,REDUCE,exposure_floor
2023-06-05,HINDALCO,EXIT,exposure_floor
2023-06-05,JSWSTEEL,EXIT,exposure_floor
2023-06-05,LT,REDUCE,exposure_floor
2023-06-05,NTPC,REDUCE,exposure_floor
2023-06-05,ONGC,REDUCE,exposure_floor
2023-06-05,POWERGRID,REDUCE,exposure_floor
2023-06-05,SUNPHARMA,EXIT,exposure_floor
2023-06-05,TECHM,EXIT,exposure_floor
2023-06-06,BHARTIARTL,REDUCE,exposure_floor
2023-06-06,COALINDIA,REDUCE,exposure_floor
2023-06-06,DRREDDY,EXIT,exposure_floor
2023-06-06,HCLTECH,REDUCE,exposure_floor
2023-06-06,HDFCBANK,REDUCE,exposure_floor
2023-06-06,HINDALCO,EXIT,exposure_floor
2023-06-06,JSWSTEEL,EXIT,exposure_floor
2023-06-06,LT,REDUCE,exposure_floor
2023-06-06,NTPC,REDUCE,exposure_floor
2023-06-06,ONGC,REDUCE,exposure_floor
2023-06-06,POWERGRID,REDUCE,exposure_floor
2023-06-06,SUNPHARMA,EXIT,exposure_floor
2023-06-06,TECHM,EXIT,exposure_floor
2023-06-07,COALINDIA,REDUCE,exposure_floor
2023-06-07,DRREDDY,EXIT,exposure_floor
2023-06-07,HCLTECH,REDUCE,exposure_floor
2023-06-07,HDFCBANK,REDUCE,exposure_floor
2023-06-07,HINDALCO,EXIT,exposure_floor
2023-06-07,JSWSTEEL,EXIT,exposure_floor
2023-06-07,LT,REDUCE,exposure_floor
2023-06-07,NTPC,REDUCE,exposure_floor
2023-06-07,ONGC,REDUCE,exposure_floor
2023-06-07,POWERGRID,REDUCE,exposure_floor
2023-06-07,SUNPHARMA,EXIT,exposure_floor
2023-06-07,TECHM,EXIT,exposure_floor
2023-06-08,COALINDIA,REDUCE,exposure_floor
2023-06-08,DRREDDY,EXIT,exposure_floor
2023-06-08,HCLTECH,REDUCE,exposure_floor
2023-06-08,HDFCBANK,REDUCE,exposure_floor
2023-06-08,HINDALCO,EXIT,exposure_floor
2023-06-08,JSWSTEEL,REDUCE,exposure_floor
2023-06-08,LT,REDUCE,exposure_floor
2023-06-08,NTPC,REDUCE,exposure_floor
2023-06-08,ONGC,REDUCE,exposure_floor
2023-06-08,POWERGRID,REDUCE,exposure_floor
2023-06-08,SUNPHARMA,EXIT,exposure_floor
2023-06-08,TECHM,EXIT,exposure_floor
2023-06-09,COALINDIA,REDUCE,exposure_floor
2023-06-09,DRREDDY,EXIT,exposure_floor
2023-06-09,HCLTECH,REDUCE,exposure_floor
2023-06-09,HDFCBANK,REDUCE,exposure_floor
2023-06-09,HINDALCO,EXIT,exposure_floor
2023-06-09,KOTAKBANK,REDUCE,exposure_floor
2023-06-09,LT,REDUCE,exposure_floor
2023-06-09,NTPC,REDUCE,exposure_floor
2023-06-09,ONGC,REDUCE,exposure_floor
2023-06-09,POWERGRID,REDUCE,exposure_floor
2023-06-09,SUNPHARMA,EXIT,exposure_floor
2023-06-09,TECHM,EXIT,exposure_floor
2023-06-12,COALINDIA,REDUCE,exposure_floor
2023-06-12,DRREDDY,EXIT,exposure_floor
2023-06-12,HCLTECH,REDUCE,exposure_floor
2023-06-12,HDFCBANK,REDUCE,exposure_floor
2023-06-12,HINDALCO,EXIT,exposure_floor
2023-06-12,KOTAKBANK,REDUCE,exposure_floor
2023-06-12,LT,REDUCE,exposure_floor
2023-06-12,NTPC,REDUCE,exposure_floor
2023-06-12,ONGC,REDUCE,exposure_floor
2023-06-12,POWERGRID,REDUCE,exposure_floor
2023-06-12,SUNPHARMA,EXIT,exposure_floor
2023-06-12,TECHM,EXIT,exposure_floor
2023-06-13,COALINDIA,REDUCE,exposure_floor
2023-06-13,DRREDDY,EXIT,exposure_floor
2023-06-13,HCLTECH,REDUCE,exposure_floor
2023-06-13,HDFCBANK,REDUCE,exposure_floor
2023-06-13,HINDALCO,EXIT,exposure_floor
2023-06-13,KOTAKBANK,REDUCE,exposure_floor
2023-06-13,LT,REDUCE,exposure_floor
2023-06-13,NTPC,REDUCE,exposure_floor
2023-06-13,ONGC,REDUCE,exposure_floor
2023-06-13,POWERGRID,REDUCE,exposure_floor
2023-06-13,SUNPHARMA,EXIT,exposure_floor
2023-06-13,TECHM,EXIT,exposure_floor
2023-06-14,COALINDIA,REDUCE,exposure_floor
2023-06-14,DRREDDY,EXIT,exposure_floor
2023-06-14,HCLTECH,REDUCE,exposure_floor
2023-06-14,HDFCBANK,REDUCE,exposure_floor
2023-06-14,HINDALCO,EXIT,exposure_floor
2023-06-14,KOTAKBANK,REDUCE,exposure_floor
2023-06-14,LT,REDUCE,exposure_floor
2023-06-14,NTPC,REDUCE,exposure_floor
2023-06-14,ONGC,REDUCE,exposure_floor
2023-06-14,POWERGRID,REDUCE,exposure_floor
2023-06-14,SUNPHARMA,EXIT,exposure_floor
2023-06-14,TECHM,EXIT,exposure_floor
2023-06-15,COALINDIA,REDUCE,exposure_floor
2023-06-15,DRREDDY,EXIT,exposure_floor
2023-06-15,HCLTECH,REDUCE,exposure_floor
2023-06-15,HDFCBANK,REDUCE,exposure_floor
2023-06-15,HINDALCO,EXIT,exposure_floor
2023-06-15,KOTAKBANK,EXIT,exposure_floor
2023-06-15,LT,REDUCE,exposure_floor
2023-06-15,NTPC,REDUCE,exposure_floor
2023-06-15,ONGC,REDUCE,exposure_floor
2023-06-15,POWERGRID,REDUCE,exposure_floor
2023-06-15,SUNPHARMA,EXIT,exposure_floor
2023-06-15,TECHM,EXIT,exposure_floor
2023-06-16,COALINDIA,REDUCE,exposure_floor
2023-06-16,DRREDDY,EXIT,exposure_floor
2023-06-16,HCLTECH,REDUCE,exposure_floor
2023-06-16,HDFCBANK,REDUCE,exposure_floor
2023-06-16,HINDALCO,EXIT,exposure_floor
2023-06-16,KOTAKBANK,EXIT,exposure_floor
2023-06-16,LT,REDUCE,exposure_floor
2023-06-16,NTPC,REDUCE,exposure_floor
2023-06-16,ONGC,REDUCE,exposure_floor
2023-06-16,POWERGRID,REDUCE,exposure_floor
2023-06-16,SUNPHARMA,EXIT,exposure_floor
2023-06-16,TECHM,EXIT,exposure_floor
2023-06-19,COALINDIA,REDUCE,exposure_floor
2023-06-19,DRREDDY,EXIT,exposure_floor
2023-06-19,HCLTECH,REDUCE,exposure_floor
2023-06-19,HDFCBANK,REDUCE,exposure_floor
2023-06-19,HINDALCO,EXIT,exposure_floor
2023-06-19,ICICIBANK,REDUCE,exposure_floor
2023-06-19,KOTAKBANK,EXIT,exposure_floor
2023-06-19,LT,REDUCE,exposure_floor
2023-06-19,NTPC,REDUCE,exposure_floor
2023-06-19,ONGC,REDUCE,exposure_floor
2023-06-19,POWERGRID,REDUCE,exposure_floor
2023-06-19,SUNPHARMA,EXIT,exposure_floor
2023-06-19,TECHM,EXIT,exposure_floor
2023-06-20,BAJAJFINSV,EXIT,exposure_floor
2023-06-20,COALINDIA,REDUCE,exposure_floor
2023-06-20,DRREDDY,EXIT,exposure_floor
2023-06-20,HCLTECH,REDUCE,exposure_floor
2023-06-20,HDFCBANK,REDUCE,exposure_floor
2023-06-20,HINDALCO,EXIT,exposure_floor
2023-06-20,ICICIBANK,REDUCE,exposure_floor
2023-06-20,KOTAKBANK,EXIT,exposure_floor
2023-06-20,LT,REDUCE,exposure_floor
2023-06-20,NTPC,REDUCE,exposure_floor
2023-06-20,ONGC,REDUCE,exposure_floor
2023-06-20,SUNPHARMA,EXIT,exposure_floor
2023-06-20,TECHM,EXIT,exposure_floor
2023-06-21,COALINDIA,REDUCE,exposure_floor
2023-06-21,DRREDDY,EXIT,exposure_floor
2023-06-21,HCLTECH,REDUCE,exposure_floor
2023-06-21,HDFCBANK,REDUCE,exposure_floor
2023-06-21,HINDALCO,EXIT,exposure_floor
2023-06-21,ICICIBANK,REDUCE,exposure_floor
2023-06-21,KOTAKBANK,EXIT,exposure_floor
2023-06-21,LT,REDUCE,exposure_floor
2023-06-21,NTPC,REDUCE,exposure_floor
2023-06-21,ONGC,REDUCE,exposure_floor
2023-06-21,SUNPHARMA,EXIT,exposure_floor
2023-06-21,TECHM,EXIT,exposure_floor
2023-06-22,BAJAJFINSV,EXIT,exposure_floor
2023-06-22,COALINDIA,REDUCE,exposure_floor
2023-06-22,DRREDDY,EXIT,exposure_floor
2023-06-22,HDFCBANK,REDUCE,exposure_floor
2023-06-22,HINDALCO,EXIT,exposure_floor
2023-06-22,ICICIBANK,REDUCE,exposure_floor
2023-06-22,KOTAKBANK,EXIT,exposure_floor
2023-06-22,LT,REDUCE,exposure_floor
2023-06-22,NTPC,REDUCE,exposure_floor
2023-06-22,ONGC,REDUCE,exposure_floor
2023-06-22,SBIN,REDUCE,exposure_floor
2023-06-22,SUNPHARMA,EXIT,exposure_floor
2023-06-22,TECHM,EXIT,exposure_floor
2023-06-23,COALINDIA,REDUCE,exposure_floor
2023-06-23,DRREDDY,EXIT,exposure_floor
2023-06-23,GRASIM,REDUCE,exposure_floor
2023-06-23,HDFCBANK,REDUCE,exposure_floor
2023-06-23,HINDALCO,EXIT,exposure_floor
2023-06-23,ICICIBANK,REDUCE,exposure_floor
2023-06-23,KOTAKBANK,EXIT,exposure_floor
2023-06-23,LT,REDUCE,exposure_floor
2023-06-23,NTPC,REDUCE,exposure_floor
2023-06-23,ONGC,REDUCE,exposure_floor
2023-06-23,SBIN,EXIT,exposure_floor
2023-06-23,SUNPHARMA,EXIT,exposure_floor
2023-06-23,TECHM,EXIT,exposure_floor
2023-06-26,BAJAJFINSV,EXIT,exposure_floor
2023-06-26,COALINDIA,REDUCE,exposure_floor
2023-06-26,DRREDDY,EXIT,exposure_floor
2023-06-26,GRASIM,REDUCE,exposure_floor
2023-06-26,HDFCBANK,REDUCE,exposure_floor
2023-06-26,HINDALCO,EXIT,exposure_floor
2023-06-26,ICICIBANK,REDUCE,exposure_floor
2023-06-26,KOTAKBANK,EXIT,exposure_floor
2023-06-26,LT,REDUCE,exposure_floor
2023-06-26,NTPC,REDUCE,exposure_floor
2023-06-26,ONGC,REDUCE,exposure_floor
2023-06-26,SBIN,EXIT,exposure_floor
2023-06-26,SUNPHARMA,EXIT,exposure_floor
2023-06-26,TECHM,EXIT,exposure_floor
2023-06-27,CIPLA,EXIT,exposure_floor
2023-06-27,COALINDIA,REDUCE,exposure_floor
2023-06-27,DRREDDY,EXIT,exposure_floor
2023-06-27,GRASIM,REDUCE,exposure_floor
2023-06-27,HDFCBANK,REDUCE,exposure_floor
2023-06-27,HINDALCO,EXIT,exposure_floor
2023-06-27,ICICIBANK,REDUCE,exposure_floor
2023-06-27,KOTAKBANK,EXIT,exposure_floor
2023-06-27,LT,REDUCE,exposure_floor
2023-06-27,ONGC,REDUCE,exposure_floor
2023-06-27,SBIN,EXIT,exposure_floor
2023-06-27,SUNPHARMA,EXIT,exposure_floor
2023-06-28,BAJAJFINSV,EXIT,exposure_floor
2023-06-28,CIPLA,EXIT,exposure_floor
2023-06-28,COALINDIA,REDUCE,exposure_floor
2023-06-28,DRREDDY,EXIT,exposure_floor
2023-06-28,GRASIM,REDUCE,exposure_floor
2023-06-28,HDFCBANK,REDUCE,exposure_floor
2023-06-28,HINDALCO,EXIT,exposure_floor
2023-06-28,ICICIBANK,REDUCE,exposure_floor
2023-06-28,KOTAKBANK,EXIT,exposure_floor
2023-06-28,LT,REDUCE,exposure_floor
2023-06-28,ONGC,REDUCE,exposure_floor
2023-06-28,SBIN,EXIT,exposure_floor
2023-06-28,SUNPHARMA,EXIT,exposure_floor
2023-06-30,ADANIPORTS,EXIT,exposure_floor
2023-06-30,CIPLA,EXIT,exposure_floor
2023-06-30,COALINDIA,REDUCE,exposure_floor
2023-06-30,DRREDDY,EXIT,exposure_floor
2023-06-30,GRASIM,REDUCE,exposure_floor
2023-06-30,HDFCBANK,REDUCE,exposure_floor
2023-06-30,HINDALCO,EXIT,exposure_floor
2023-06-30,ICICIBANK,REDUCE,exposure_floor
2023-06-30,KOTAKBANK,EXIT,exposure_floor
2023-06-30,ONGC,REDUCE,exposure_floor
2023-06-30,SBIN,EXIT,exposure_floor
2023-06-30,SUNPHARMA,EXIT,exposure_floor
2023-07-03,ADANIPORTS,EXIT,exposure_floor
2023-07-03,CIPLA,EXIT,exposure_floor
2023-07-03,COALINDIA,REDUCE,exposure_floor
2023-07-03,DRREDDY,EXIT,exposure_floor
2023-07-03,GRASIM,REDUCE,exposure_floor
2023-07-03,HDFCBANK,REDUCE,exposure_floor
2023-07-03,HINDALCO,EXIT,exposure_floor
2023-07-03,ICICIBANK,REDUCE,exposure_floor
2023-07-03,KOTAKBANK,EXIT,exposure_floor
2023-07-03,ONGC,REDUCE,exposure_floor
2023-07-03,SBIN,EXIT,exposure_floor
2023-07-03,SUNPHARMA,EXIT,exposure_floor
2023-07-04,ADANIPORTS,EXIT,exposure_floor
2023-07-04,CIPLA,EXIT,exposure_floor
2023-07-04,COALINDIA,REDUCE,exposure_floor
2023-07-04,DRREDDY,EXIT,exposure_floor
2023-07-04,EICHERMOT,REDUCE,exposure_floor
2023-07-04,GRASIM,REDUCE,exposure_floor
2023-07-04,HDFCBANK,REDUCE,exposure_floor
2023-07-04,HINDALCO,EXIT,exposure_floor
2023-07-04,ICICIBANK,REDUCE,exposure_floor
2023-07-04,KOTAKBANK,EXIT,exposure_floor
2023-07-04,ONGC,REDUCE,exposure_floor
2023-07-04,SBIN,EXIT,exposure_floor
2023-07-04,SUNPHARMA,EXIT,exposure_floor
2023-07-05,ADANIPORTS,EXIT,exposure_floor
2023-07-05,CIPLA,EXIT,exposure_floor
2023-07-05,COALINDIA,REDUCE,exposure_floor
2023-07-05,DRREDDY,EXIT,exposure_floor
2023-07-05,EICHERMOT,EXIT,exposure_floor
2023-07-05,GRASIM,REDUCE,exposure_floor
2023-07-05,HDFCBANK,REDUCE,exposure_floor
2023-07-05,HINDALCO,EXIT,exposure_floor
2023-07-05,ICICIBANK,REDUCE,exposure_floor
2023-07-05,KOTAKBANK,EXIT,exposure_floor
2023-07-05,ONGC,REDUCE,exposure_floor
2023-07-05,SBIN,EXIT,exposure_floor
2023-07-05,SUNPHARMA,EXIT,exposure_floor
2023-07-06,ADANIPORTS,EXIT,exposure_floor
2023-07-06,COALINDIA,REDUCE,exposure_floor
2023-07-06,DRREDDY,EXIT,exposure_floor
2023-07-06,EICHERMOT,EXIT,exposure_floor
2023-07-06,GRASIM,REDUCE,exposure_floor
2023-07-06,HDFCBANK,REDUCE,exposure_floor
2023-07-06,HINDALCO,EXIT,exposure_floor
2023-07-06,ICICIBANK,REDUCE,exposure_floor
2023-07-06,KOTAKBANK,EXIT,exposure_floor
2023-07-06,ONGC,REDUCE,exposure_floor
2023-07-06,SBIN,EXIT,exposure_floor
2023-07-06,SUNPHARMA,EXIT,exposure_floor
2023-07-07,ADANIPORTS,EXIT,exposure_floor
2023-07-07,COALINDIA,REDUCE,exposure_floor
2023-07-07,DRREDDY,EXIT,exposure_floor
2023-07-07,EICHERMOT,EXIT,exposure_floor
2023-07-07,GRASIM,REDUCE,exposure_floor
2023-07-07,HDFCBANK,REDUCE,exposure_floor
2023-07-07,HINDALCO,EXIT,exposure_floor
2023-07-07,ICICIBANK,REDUCE,exposure_floor
2023-07-07,KOTAKBANK,EXIT,exposure_floor
2023-07-07,ONGC,REDUCE,exposure_floor
2023-07-07,SBIN,EXIT,exposure_floor
2023-07-07,SUNPHARMA,EXIT,exposure_floor
2023-07-10,ADANIPORTS,EXIT,exposure_floor
2023-07-10,CIPLA,EXIT,exposure_floor
2023-07-10,COALINDIA,REDUCE,exposure_floor
2023-07-10,DRREDDY,EXIT,exposure_floor
2023-07-10,EICHERMOT,EXIT,exposure_floor
2023-07-10,GRASIM,REDUCE,exposure_floor
2023-07-10,HCLTECH,REDUCE,exposure_floor
2023-07-10,HDFCBANK,REDUCE,exposure_floor
2023-07-10,HINDALCO,EXIT,exposure_floor
2023-07-10,ICICIBANK,REDUCE,exposure_floor
2023-07-10,KOTAKBANK,EXIT,exposure_floor
2023-07-10,ONGC,REDUCE,exposure_floor
2023-07-10,SBIN,EXIT,exposure_floor
2023-07-10,SUNPHARMA,EXIT,exposure_floor
2023-07-11,ADANIPORTS,EXIT,exposure_floor
2023-07-11,COALINDIA,REDUCE,exposure_floor
2023-07-11,DRREDDY,EXIT,exposure_floor
2023-07-11,EICHERMOT,EXIT,exposure_floor
2023-07-11,GRASIM,REDUCE,exposure_floor
2023-07-11,HCLTECH,REDUCE,exposure_floor
2023-07-11,HDFCBANK,REDUCE,exposure_floor
2023-07-11,HINDALCO,EXIT,exposure_floor
2023-07-11,ICICIBANK,REDUCE,exposure_floor
2023-07-11,KOTAKBANK,EXIT,exposure_floor
2023-07-11,ONGC,REDUCE,exposure_floor
2023-07-11,SBIN,EXIT,exposure_floor
2023-07-11,SUNPHARMA,EXIT,exposure_floor
2023-07-12,ADANIPORTS,EXIT,exposure_floor
2023-07-12,COALINDIA,REDUCE,exposure_floor
2023-07-12,DRREDDY,EXIT,exposure_floor
2023-07-12,EICHERMOT,EXIT,exposure_floor
2023-07-12,GRASIM,REDUCE,exposure_floor
2023-07-12,HCLTECH,REDUCE,exposure_floor
2023-07-12,HDFCBANK,REDUCE,exposure_floor
2023-07-12,HINDALCO,EXIT,exposure_floor
2023-07-12,ICICIBANK,REDUCE,exposure_floor
2023-07-12,KOTAKBANK,EXIT,exposure_floor
2023-07-12,ONGC,REDUCE,exposure_floor
2023-07-12,SBIN,EXIT,exposure_floor
2023-07-12,SUNPHARMA,REDUCE,exposure_floor
2023-07-13,ADANIPORTS,EXIT,exposure_floor
2023-07-13,COALINDIA,REDUCE,exposure_floor
2023-07-13,DRREDDY,EXIT,exposure_floor
2023-07-13,EICHERMOT,EXIT,exposure_floor
2023-07-13,GRASIM,REDUCE,exposure_floor
2023-07-13,HCLTECH,REDUCE,exposure_floor
2023-07-13,HDFCBANK,REDUCE,exposure_floor
2023-07-13,HINDALCO,EXIT,exposure_floor
2023-07-13,ICICIBANK,REDUCE,exposure_floor
2023-07-13,KOTAKBANK,EXIT,exposure_floor
2023-07-13,ONGC,REDUCE,exposure_floor
2023-07-13,POWERGRID,REDUCE,exposure_floor
2023-07-13,SBIN,EXIT,exposure_floor
2023-07-14,ADANIPORTS,EXIT,exposure_floor
2023-07-14,COALINDIA,REDUCE,exposure_floor
2023-07-14,DRREDDY,EXIT,exposure_floor
2023-07-14,EICHERMOT,EXIT,exposure_floor
2023-07-14,GRASIM,REDUCE,exposure_floor
2023-07-14,HCLTECH,REDUCE,exposure_floor
2023-07-14,HDFCBANK,REDUCE,exposure_floor
2023-07-14,HINDALCO,EXIT,exposure_floor
2023-07-14,ICICIBANK,REDUCE,exposure_floor
2023-07-14,KOTAKBANK,EXIT,exposure_floor
2023-07-14,ONGC,REDUCE,exposure_floor
2023-07-14,POWERGRID,REDUCE,exposure_floor
2023-07-14,SBIN,EXIT,exposure_floor
2023-07-17,ADANIPORTS,EXIT,exposure_floor
2023-07-17,COALINDIA,REDUCE,exposure_floor
2023-07-17,DRREDDY,EXIT,exposure_floor
2023-07-17,EICHERMOT,EXIT,exposure_floor
2023-07-17,GRASIM,REDUCE,exposure_floor
2023-07-17,HCLTECH,REDUCE,exposure_floor
2023-07-17,HDFCBANK,REDUCE,exposure_floor
2023-07-17,HINDALCO,EXIT,exposure_floor
2023-07-17,ICICIBANK,REDUCE,exposure_floor
2023-07-17,KOTAKBANK,EXIT,exposure_floor
2023-07-17,ONGC,REDUCE,exposure_floor
2023-07-17,POWERGRID,REDUCE,exposure_floor
2023-07-17,SBIN,EXIT,exposure_floor
2023-07-18,ADANIPORTS,EXIT,exposure_floor
2023-07-18,COALINDIA,REDUCE,exposure_floor
2023-07-18,DRREDDY,EXIT,exposure_floor
2023-07-18,EICHERMOT,EXIT,exposure_floor
2023-07-18,GRASIM,REDUCE,exposure_floor
2023-07-18,HCLTECH,REDUCE,exposure_floor
2023-07-18,HDFCBANK,REDUCE,exposure_floor
2023-07-18,HINDALCO,EXIT,exposure_floor
2023-07-18,ICICIBANK,REDUCE,exposure_floor
2023-07-18,KOTAKBANK,EXIT,exposure_floor
2023-07-18,ONGC,REDUCE,exposure_floor
2023-07-18,POWERGRID,REDUCE,exposure_floor
2023-07-18,SBIN,EXIT,exposure_floor
2023-07-19,ADANIPORTS,EXIT,exposure_floor
2023-07-19,COALINDIA,REDUCE,exposure_floor
2023-07-19,DRREDDY,EXIT,exposure_floor
2023-07-19,EICHERMOT,EXIT,exposure_floor
2023-07-19,GRASIM,REDUCE,exposure_floor
2023-07-19,HCLTECH,REDUCE,exposure_floor
2023-07-19,HDFCBANK,REDUCE,exposure_floor
2023-07-19,HINDALCO,EXIT,exposure_floor
2023-07-19,ICICIBANK,REDUCE,exposure_floor
2023-07-19,KOTAKBANK,EXIT,exposure_floor
2023-07-19,ONGC,REDUCE,exposure_floor
2023-07-19,POWERGRID,REDUCE,exposure_floor
2023-07-19,SBIN,EXIT,exposure_floor
2023-07-20,ADANIPORTS,EXIT,exposure_floor
2023-07-20,COALINDIA,REDUCE,exposure_floor
2023-07-20,DRREDDY,REDUCE,exposure_floor
2023-07-20,EICHERMOT,EXIT,exposure_floor
2023-07-20,GRASIM,REDUCE,exposure_floor
2023-07-20,HCLTECH,REDUCE,exposure_floor
2023-07-20,HDFCBANK,REDUCE,exposure_floor
2023-07-20,HINDALCO,EXIT,exposure_floor
2023-07-20,ICICIBANK,REDUCE,exposure_floor
2023-07-20,KOTAKBANK,EXIT,exposure_floor
2023-07-20,ONGC,REDUCE,exposure_floor
2023-07-20,POWERGRID,REDUCE,exposure_floor
2023-07-20,SBIN,EXIT,exposure_floor
2023-07-21,ADANIPORTS,EXIT,exposure_floor
2023-07-21,COALINDIA,REDUCE,exposure_floor
2023-07-21,EICHERMOT,EXIT,exposure_floor
2023-07-21,GRASIM,REDUCE,exposure_floor
2023-07-21,HCLTECH,REDUCE,exposure_floor
2023-07-21,HDFCBANK,REDUCE,exposure_floor
2023-07-21,HINDALCO,EXIT,exposure_floor
2023-07-21,HINDUNILVR,REDUCE,exposure_floor
2023-07-21,ICICIBANK,REDUCE,exposure_floor
2023-07-21,INFY,EXIT,exposure_floor
2023-07-21,KOTAKBANK,EXIT,exposure_floor
2023-07-21,ONGC,REDUCE,exposure_floor
2023-07-21,POWERGRID,REDUCE,exposure_floor
2023-07-21,SBIN,REDUCE,exposure_floor
2023-07-24,ADANIPORTS,EXIT,exposure_floor
2023-07-24,COALINDIA,REDUCE,exposure_floor
2023-07-24,EICHERMOT,EXIT,exposure_floor
2023-07-24,GRASIM,REDUCE,exposure_floor
2023-07-24,HCLTECH,REDUCE,exposure_floor
2023-07-24,HDFCBANK,REDUCE,exposure_floor
2023-07-24,HINDALCO,EXIT,exposure_floor
2023-07-24,HINDUNILVR,REDUCE,exposure_floor
2023-07-24,ICICIBANK,REDUCE,exposure_floor
2023-07-24,INFY,EXIT,exposure_floor
2023-07-24,KOTAKBANK,EXIT,exposure_floor
2023-07-24,ONGC,REDUCE,exposure_floor
2023-07-24,POWERGRID,REDUCE,exposure_floor
2023-07-24,SBIN,REDUCE,exposure_floor
2023-07-25,ADANIPORTS,EXIT,exposure_floor
2023-07-25,COALINDIA,REDUCE,exposure_floor
2023-07-25,EICHERMOT,EXIT,exposure_floor
2023-07-25,GRASIM,REDUCE,exposure_floor
2023-07-25,HCLTECH,REDUCE,exposure_floor
2023-07-25,HDFCBANK,REDUCE,exposure_floor
2023-07-25,HINDUNILVR,REDUCE,exposure_floor
2023-07-25,ICICIBANK,REDUCE,exposure_floor
2023-07-25,INFY,EXIT,exposure_floor
2023-07-25,KOTAKBANK,EXIT,exposure_floor
2023-07-25,ONGC,REDUCE,exposure_floor
2023-07-25,POWERGRID,REDUCE,exposure_floor
2023-07-25,SBIN,REDUCE,exposure_floor
2023-07-26,ADANIPORTS,EXIT,exposure_floor
2023-07-26,COALINDIA,REDUCE,exposure_floor
2023-07-26,EICHERMOT,EXIT,exposure_floor
2023-07-26,GRASIM,REDUCE,exposure_floor
2023-07-26,HCLTECH,REDUCE,exposure_floor
2023-07-26,HDFCBANK,REDUCE,exposure_floor
2023-07-26,HINDUNILVR,REDUCE,exposure_floor
2023-07-26,ICICIBANK,REDUCE,exposure_floor
2023-07-26,INFY,EXIT,exposure_floor
2023-07-26,KOTAKBANK,EXIT,exposure_floor
2023-07-26,ONGC,REDUCE,exposure_floor
2023-07-26,POWERGRID,REDUCE,exposure_floor
2023-07-26,SBIN,REDUCE,exposure_floor
2023-07-27,ADANIPORTS,EXIT,exposure_floor
2023-07-27,COALINDIA,REDUCE,exposure_floor
2023-07-27,EICHERMOT,EXIT,exposure_floor
2023-07-27,GRASIM,REDUCE,exposure_floor
2023-07-27,HCLTECH,REDUCE,exposure_floor
2023-07-27,HDFCBANK,REDUCE,exposure_floor
2023-07-27,HINDUNILVR,REDUCE,exposure_floor
2023-07-27,ICICIBANK,REDUCE,exposure_floor
2023-07-27,INFY,EXIT,exposure_floor
2023-07-27,KOTAKBANK,EXIT,exposure_floor
2023-07-27,NESTLEIND,REDUCE,exposure_floor
2023-07-27,ONGC,REDUCE,exposure_floor
2023-07-27,POWERGRID,REDUCE,exposure_floor
2023-07-27,SBIN,REDUCE,exposure_floor
2023-07-27,TECHM,REDUCE,exposure_floor
2023-07-28,AXISBANK,REDUCE,exposure_floor
2023-07-28,COALINDIA,REDUCE,exposure_floor
2023-07-28,EICHERMOT,EXIT,exposure_floor
2023-07-28,GRASIM,REDUCE,exposure_floor
2023-07-28,HCLTECH,REDUCE,exposure_floor
2023-07-28,HDFCBANK,REDUCE,exposure_floor
2023-07-28,HINDUNILVR,REDUCE,exposure_floor
2023-07-28,ICICIBANK,REDUCE,exposure_floor
2023-07-28,INFY,EXIT,exposure_floor
2023-07-28,KOTAKBANK,EXIT,exposure_floor
2023-07-28,NESTLEIND,REDUCE,exposure_floor
2023-07-28,ONGC,REDUCE,exposure_floor
2023-07-28,POWERGRID,REDUCE,exposure_floor
2023-07-28,SBIN,REDUCE,exposure_floor
2023-07-28,TECHM,REDUCE,exposure_floor
2023-07-31,ADANIPORTS,EXIT,exposure_floor
2023-07-31,AXISBANK,REDUCE,exposure_floor
2023-07-31,COALINDIA,REDUCE,exposure_floor
2023-07-31,EICHERMOT,EXIT,exposure_floor
2023-07-31,GRASIM,REDUCE,exposure_floor
2023-07-31,HCLTECH,REDUCE,exposure_floor
2023-07-31,HDFCBANK,REDUCE,exposure_floor
2023-07-31,HINDUNILVR,EXIT,exposure_floor
2023-07-31,ICICIBANK,REDUCE,exposure_floor
2023-07-31,INFY,EXIT,exposure_floor
2023-07-31,KOTAKBANK,EXIT,exposure_floor
2023-07-31,NESTLEIND,REDUCE,exposure_floor
2023-07-31,ONGC,REDUCE,exposure_floor
2023-07-31,SBIN,REDUCE,exposure_floor
2023-07-31,TECHM,REDUCE,exposure_floor
2023-08-01,ADANIPORTS,EXIT,exposure_floor
2023-08-01,APOLLOHOSP,REDUCE,exposure_floor
2023-08-01,AXISBANK,REDUCE,exposure_floor
2023-08-01,COALINDIA,REDUCE,exposure_floor
2023-08-01,EICHERMOT,EXIT,exposure_floor
2023-08-01,GRASIM,REDUCE,exposure_floor
2023-08-01,HCLTECH,REDUCE,exposure_floor
2023-08-01,HDFCBANK,REDUCE,exposure_floor
2023-08-01,HINDUNILVR,EXIT,exposure_floor
2023-08-01,ICICIBANK,REDUCE,exposure_floor
2023-08-01,INFY,EXIT,exposure_floor
2023-08-01,KOTAKBANK,EXIT,exposure_floor
2023-08-01,MAXHEALTH,REDUCE,exposure_floor
2023-08-01,NESTLEIND,REDUCE,exposure_floor
2023-08-01,ONGC,REDUCE,exposure_floor
2023-08-01,SBIN,REDUCE,exposure_floor
2023-08-01,TECHM,REDUCE,exposure_floor
2023-08-02,ADANIPORTS,EXIT,exposure_floor
2023-08-02,APOLLOHOSP,REDUCE,exposure_floor
2023-08-02,AXISBANK,REDUCE,exposure_floor
2023-08-02,BAJFINANCE,REDUCE,exposure_floor
2023-08-02,BAJAJFINSV,EXIT,exposure_floor
2023-08-02,COALINDIA,REDUCE,exposure_floor
2023-08-02,EICHERMOT,EXIT,exposure_floor
2023-08-02,GRASIM,REDUCE,exposure_floor
2023-08-02,HCLTECH,REDUCE,exposure_floor
2023-08-02,HDFCBANK,REDUCE,exposure_floor
2023-08-02,HINDUNILVR,EXIT,exposure_floor
2023-08-02,ICICIBANK,REDUCE,exposure_floor
2023-08-02,INFY,EXIT,exposure_floor
2023-08-02,KOTAKBANK,EXIT,exposure_floor
2023-08-02,MAXHEALTH,REDUCE,exposure_floor
2023-08-02,NESTLEIND,REDUCE,exposure_floor
2023-08-02,ONGC,REDUCE,exposure_floor
2023-08-02,SBILIFE,REDUCE,exposure_floor
2023-08-02,SBIN,REDUCE,exposure_floor
2023-08-02,TECHM,REDUCE,exposure_floor
2023-08-03,APOLLOHOSP,REDUCE,exposure_floor
2023-08-03,AXISBANK,REDUCE,exposure_floor
2023-08-03,BAJFINANCE,REDUCE,exposure_floor
2023-08-03,BAJAJFINSV,EXIT,exposure_floor
2023-08-03,COALINDIA,REDUCE,exposure_floor
2023-08-03,EICHERMOT,EXIT,exposure_floor
2023-08-03,GRASIM,REDUCE,exposure_floor
2023-08-03,HCLTECH,REDUCE,exposure_floor
2023-08-03,HDFCBANK,REDUCE,exposure_floor
2023-08-03,HINDUNILVR,EXIT,exposure_floor
2023-08-03,ICICIBANK,REDUCE,exposure_floor
2023-08-03,ITC,REDUCE,exposure_floor
2023-08-03,INFY,EXIT,exposure_floor
2023-08-03,INDIGO,REDUCE,exposure_floor
2023-08-03,KOTAKBANK,EXIT,exposure_floor
2023-08-03,MAXHEALTH,REDUCE,exposure_floor
2023-08-03,NESTLEIND,REDUCE,exposure_floor
2023-08-03,ONGC,REDUCE,exposure_floor
2023-08-03,SBILIFE,REDUCE,exposure_floor
2023-08-03,SBIN,REDUCE,exposure_floor
2023-08-03,TECHM,REDUCE,exposure_floor
2023-08-03,TITAN,REDUCE,exposure_floor
2023-08-03,ULTRACEMCO,REDUCE,exposure_floor
2023-08-04,ADANIPORTS,EXIT,exposure_floor
2023-08-04,APOLLOHOSP,REDUCE,exposure_floor
2023-08-04,AXISBANK,REDUCE,exposure_floor
2023-08-04,BAJFINANCE,REDUCE,exposure_floor
2023-08-04,BAJAJFINSV,EXIT,exposure_floor
2023-08-04,COALINDIA,REDUCE,exposure_floor
2023-08-04,EICHERMOT,EXIT,exposure_floor
2023-08-04,GRASIM,REDUCE,exposure_floor
2023-08-04,HCLTECH,REDUCE,exposure_floor
2023-08-04,HDFCBANK,REDUCE,exposure_floor
2023-08-04,HINDUNILVR,EXIT,exposure_floor
2023-08-04,ICICIBANK,REDUCE,exposure_floor
2023-08-04,ITC,REDUCE,exposure_floor
2023-08-04,INFY,EXIT,exposure_floor
2023-08-04,INDIGO,REDUCE,exposure_floor
2023-08-04,KOTAKBANK,EXIT,exposure_floor
2023-08-04,MARUTI,REDUCE,exposure_floor
2023-08-04,MAXHEALTH,REDUCE,exposure_floor
2023-08-04,NESTLEIND,REDUCE,exposure_floor
2023-08-04,ONGC,REDUCE,exposure_floor
2023-08-04,SBILIFE,REDUCE,exposure_floor
2023-08-04,SBIN,REDUCE,exposure_floor
2023-08-04,TATACONSUM,REDUCE,exposure_floor
2023-08-04,TITAN,REDUCE,exposure_floor
2023-08-04,ULTRACEMCO,REDUCE,exposure_floor
2023-08-07,APOLLOHOSP,REDUCE,exposure_floor
2023-08-07,AXISBANK,REDUCE,exposure_floor
2023-08-07,BAJAJ-AUTO,REDUCE,exposure_floor
2023-08-07,BAJFINANCE,REDUCE,exposure_floor
2023-08-07,BAJAJFINSV,EXIT,exposure_floor
2023-08-07,COALINDIA,REDUCE,exposure_floor
2023-08-07,EICHERMOT,EXIT,exposure_floor
2023-08-07,HCLTECH,REDUCE,exposure_floor
2023-08-07,HDFCBANK,REDUCE,exposure_floor
2023-08-07,HINDUNILVR,EXIT,exposure_floor
2023-08-07,ICICIBANK,REDUCE,exposure_floor
2023-08-07,ITC,REDUCE,exposure_floor
2023-08-07,INFY,EXIT,exposure_floor
2023-08-07,INDIGO,REDUCE,exposure_floor
2023-08-07,KOTAKBANK,EXIT,exposure_floor
2023-08-07,MARUTI,REDUCE,exposure_floor
2023-08-07,MAXHEALTH,REDUCE,exposure_floor
2023-08-07,NESTLEIND,REDUCE,exposure_floor
2023-08-07,ONGC,REDUCE,exposure_floor
2023-08-07,SBIN,REDUCE,exposure_floor
2023-08-07,TATACONSUM,REDUCE,exposure_floor
2023-08-07,TITAN,REDUCE,exposure_floor
2023-08-07,ULTRACEMCO,REDUCE,exposure_floor
2023-08-08,ADANIPORTS,EXIT,exposure_floor
2023-08-08,APOLLOHOSP,REDUCE,exposure_floor
2023-08-08,AXISBANK,REDUCE,exposure_floor
2023-08-08,BAJAJ-AUTO,REDUCE,exposure_floor
2023-08-08,BAJFINANCE,REDUCE,exposure_floor
2023-08-08,BAJAJFINSV,EXIT,exposure_floor
2023-08-08,COALINDIA,REDUCE,exposure_floor
2023-08-08,EICHERMOT,EXIT,exposure_floor
2023-08-08,HCLTECH,REDUCE,exposure_floor
2023-08-08,HDFCBANK,REDUCE,exposure_floor
2023-08-08,HINDUNILVR,EXIT,exposure_floor
2023-08-08,ICICIBANK,REDUCE,exposure_floor
2023-08-08,ITC,REDUCE,exposure_floor
2023-08-08,INFY,EXIT,exposure_floor
2023-08-08,KOTAKBANK,EXIT,exposure_floor
2023-08-08,MARUTI,REDUCE,exposure_floor
2023-08-08,MAXHEALTH,REDUCE,exposure_floor
2023-08-08,NESTLEIND,REDUCE,exposure_floor
2023-08-08,POWERGRID,REDUCE,exposure_floor
2023-08-08,SBIN,REDUCE,exposure_floor
2023-08-08,TATACONSUM,REDUCE,exposure_floor
2023-08-08,TITAN,REDUCE,exposure_floor
2023-08-08,ULTRACEMCO,REDUCE,exposure_floor
2023-08-09,APOLLOHOSP,REDUCE,exposure_floor
2023-08-09,ASIANPAINT,REDUCE,exposure_floor
2023-08-09,AXISBANK,REDUCE,exposure_floor
2023-08-09,BAJAJ-AUTO,REDUCE,exposure_floor
2023-08-09,BAJFINANCE,REDUCE,exposure_floor
2023-08-09,BAJAJFINSV,EXIT,exposure_floor
2023-08-09,COALINDIA,REDUCE,exposure_floor
2023-08-09,EICHERMOT,EXIT,exposure_floor
2023-08-09,HCLTECH,REDUCE,exposure_floor
2023-08-09,HDFCBANK,REDUCE,exposure_floor
2023-08-09,HINDUNILVR,EXIT,exposure_floor
2023-08-09,ICICIBANK,REDUCE,exposure_floor
2023-08-09,ITC,REDUCE,exposure_floor
2023-08-09,INFY,EXIT,exposure_floor
2023-08-09,KOTAKBANK,EXIT,exposure_floor
2023-08-09,MARUTI,REDUCE,exposure_floor
2023-08-09,MAXHEALTH,REDUCE,exposure_floor
2023-08-09,NESTLEIND,REDUCE,exposure_floor
2023-08-09,POWERGRID,REDUCE,exposure_floor
2023-08-09,SBIN,REDUCE,exposure_floor
2023-08-09,TITAN,REDUCE,exposure_floor
2023-08-09,ULTRACEMCO,REDUCE,exposure_floor
2023-08-10,ADANIPORTS,EXIT,exposure_floor
2023-08-10,APOLLOHOSP,REDUCE,exposure_floor
2023-08-10,ASIANPAINT,REDUCE,exposure_floor
2023-08-10,AXISBANK,REDUCE,exposure_floor
2023-08-10,BAJAJ-AUTO,REDUCE,exposure_floor
2023-08-10,BAJFINANCE,REDUCE,exposure_floor
2023-08-10,BAJAJFINSV,EXIT,exposure_floor
2023-08-10,COALINDIA,REDUCE,exposure_floor
2023-08-10,EICHERMOT,EXIT,exposure_floor
2023-08-10,HCLTECH,REDUCE,exposure_floor
2023-08-10,HDFCBANK,REDUCE,exposure_floor
2023-08-10,HINDUNILVR,EXIT,exposure_floor
2023-08-10,ICICIBANK,REDUCE,exposure_floor
2023-08-10,ITC,REDUCE,exposure_floor
2023-08-10,INFY,EXIT,exposure_floor
2023-08-10,KOTAKBANK,EXIT,exposure_floor
2023-08-10,MARUTI,REDUCE,exposure_floor
2023-08-10,MAXHEALTH,REDUCE,exposure_floor
2023-08-10,NESTLEIND,REDUCE,exposure_floor
2023-08-10,POWERGRID,REDUCE,exposure_floor
2023-08-10,SBIN,REDUCE,exposure_floor
2023-08-10,TITAN,REDUCE,exposure_floor
2023-08-10,ULTRACEMCO,REDUCE,exposure_floor
2023-08-11,APOLLOHOSP,REDUCE,exposure_floor
2023-08-11,ASIANPAINT,REDUCE,exposure_floor
2023-08-11,AXISBANK,REDUCE,exposure_floor
2023-08-11,BAJAJ-AUTO,REDUCE,exposure_floor
2023-08-11,BAJFINANCE,REDUCE,exposure_floor
2023-08-11,BAJAJFINSV,EXIT,exposure_floor
2023-08-11,COALINDIA,REDUCE,exposure_floor
2023-08-11,EICHERMOT,EXIT,exposure_floor
2023-08-11,HCLTECH,REDUCE,exposure_floor
2023-08-11,HDFCBANK,REDUCE,exposure_floor
2023-08-11,HINDUNILVR,EXIT,exposure_floor
2023-08-11,ICICIBANK,REDUCE,exposure_floor
2023-08-11,ITC,REDUCE,exposure_floor
2023-08-11,INFY,EXIT,exposure_floor
2023-08-11,KOTAKBANK,EXIT,exposure_floor
2023-08-11,MARUTI,REDUCE,exposure_floor
2023-08-11,MAXHEALTH,REDUCE,exposure_floor
2023-08-11,NESTLEIND,REDUCE,exposure_floor
2023-08-11,POWERGRID,REDUCE,exposure_floor
2023-08-11,SBIN,REDUCE,exposure_floor
2023-08-11,TATACONSUM,REDUCE,exposure_floor
2023-08-11,ULTRACEMCO,REDUCE,exposure_floor
2023-08-14,ADANIPORTS,EXIT,exposure_floor
2023-08-14,APOLLOHOSP,REDUCE,exposure_floor
2023-08-14,ASIANPAINT,REDUCE,exposure_floor
2023-08-14,AXISBANK,REDUCE,exposure_floor
2023-08-14,BAJAJ-AUTO,REDUCE,exposure_floor
2023-08-14,BAJFINANCE,REDUCE,exposure_floor
2023-08-14,BAJAJFINSV,EXIT,exposure_floor
2023-08-14,COALINDIA,REDUCE,exposure_floor
2023-08-14,EICHERMOT,EXIT,exposure_floor
2023-08-14,HCLTECH,REDUCE,exposure_floor
2023-08-14,HDFCBANK,EXIT,exposure_floor
2023-08-14,HINDUNILVR,EXIT,exposure_floor
2023-08-14,ICICIBANK,REDUCE,exposure_floor
2023-08-14,ITC,REDUCE,exposure_floor
2023-08-14,INFY,EXIT,exposure_floor
2023-08-14,KOTAKBANK,EXIT,exposure_floor
2023-08-14,MARUTI,REDUCE,exposure_floor
2023-08-14,MAXHEALTH,EXIT,exposure_floor
2023-08-14,NESTLEIND,REDUCE,exposure_floor
2023-08-14,POWERGRID,REDUCE,exposure_floor
2023-08-14,SBIN,EXIT,exposure_floor
2023-08-14,TATACONSUM,REDUCE,exposure_floor
2023-08-14,ULTRACEMCO,REDUCE,exposure_floor
2023-08-16,ADANIPORTS,EXIT,exposure_floor
2023-08-16,APOLLOHOSP,REDUCE,exposure_floor
2023-08-16,ASIANPAINT,REDUCE,exposure_floor
2023-08-16,AXISBANK,REDUCE,exposure_floor
2023-08-16,BAJAJ-AUTO,REDUCE,exposure_floor
2023-08-16,BAJFINANCE,REDUCE,exposure_floor
2023-08-16,BAJAJFINSV,EXIT,exposure_floor
2023-08-16,BHARTIARTL,REDUCE,exposure_floor
2023-08-16,COALINDIA,REDUCE,exposure_floor
2023-08-16,EICHERMOT,EXIT,exposure_floor
2023-08-16,HCLTECH,REDUCE,exposure_floor
2023-08-16,HDFCBANK,EXIT,exposure_floor
2023-08-16,HINDUNILVR,EXIT,exposure_floor
2023-08-16,ICICIBANK,REDUCE,exposure_floor
2023-08-16,ITC,REDUCE,exposure_floor
2023-08-16,INFY,EXIT,exposure_floor
2023-08-16,INDIGO,REDUCE,exposure_floor
2023-08-16,KOTAKBANK,EXIT,exposure_floor
2023-08-16,MARUTI,REDUCE,exposure_floor
2023-08-16,MAXHEALTH,EXIT,exposure_floor
2023-08-16,NESTLEIND,REDUCE,exposure_floor
2023-08-16,SBIN,EXIT,exposure_floor
2023-08-16,TATACONSUM,REDUCE,exposure_floor
2023-08-16,ULTRACEMCO,REDUCE,exposure_floor
2023-08-17,APOLLOHOSP,REDUCE,exposure_floor
2023-08-17,ASIANPAINT,REDUCE,exposure_floor
2023-08-17,AXISBANK,REDUCE,exposure_floor
2023-08-17,BAJAJ-AUTO,REDUCE,exposure_floor
2023-08-17,BAJFINANCE,REDUCE,exposure_floor
2023-08-17,BAJAJFINSV,EXIT,exposure_floor
2023-08-17,BHARTIARTL,REDUCE,exposure_floor
2023-08-17,COALINDIA,REDUCE,exposure_floor
2023-08-17,EICHERMOT,EXIT,exposure_floor
2023-08-17,HCLTECH,REDUCE,exposure_floor
2023-08-17,HDFCBANK,EXIT,exposure_floor
2023-08-17,HINDUNILVR,EXIT,exposure_floor
2023-08-17,ICICIBANK,REDUCE,exposure_floor
2023-08-17,ITC,REDUCE,exposure_floor
2023-08-17,INFY,EXIT,exposure_floor
2023-08-17,INDIGO,REDUCE,exposure_floor
2023-08-17,KOTAKBANK,EXIT,exposure_floor
2023-08-17,MARUTI,REDUCE,exposure_floor
2023-08-17,MAXHEALTH,EXIT,exposure_floor
2023-08-17,NESTLEIND,REDUCE,exposure_floor
2023-08-17,POWERGRID,REDUCE,exposure_floor
2023-08-17,SBILIFE,REDUCE,exposure_floor
2023-08-17,SBIN,EXIT,exposure_floor
2023-08-17,TATACONSUM,REDUCE,exposure_floor
2023-08-17,ULTRACEMCO,REDUCE,exposure_floor
2023-08-18,APOLLOHOSP,REDUCE,exposure_floor
2023-08-18,ASIANPAINT,REDUCE,exposure_floor
2023-08-18,AXISBANK,REDUCE,exposure_floor
2023-08-18,BAJAJ-AUTO,REDUCE,exposure_floor
2023-08-18,BAJFINANCE,REDUCE,exposure_floor
2023-08-18,BAJAJFINSV,EXIT,exposure_floor
2023-08-18,BHARTIARTL,REDUCE,exposure_floor
2023-08-18,COALINDIA,REDUCE,exposure_floor
2023-08-18,EICHERMOT,EXIT,exposure_floor
2023-08-18,HDFCBANK,EXIT,exposure_floor
2023-08-18,HINDUNILVR,EXIT,exposure_floor
2023-08-18,ICICIBANK,REDUCE,exposure_floor
2023-08-18,ITC,REDUCE,exposure_floor
2023-08-18,INFY,EXIT,exposure_floor
2023-08-18,INDIGO,REDUCE,exposure_floor
2023-08-18,KOTAKBANK,EXIT,exposure_floor
2023-08-18,MARUTI,REDUCE,exposure_floor
2023-08-18,MAXHEALTH,EXIT,exposure_floor
2023-08-18,NESTLEIND,REDUCE,exposure_floor
2023-08-18,POWERGRID,REDUCE,exposure_floor
2023-08-18,SBILIFE,REDUCE,exposure_floor
2023-08-18,SBIN,EXIT,exposure_floor
2023-08-18,TATACONSUM,REDUCE,exposure_floor
2023-08-18,ULTRACEMCO,REDUCE,exposure_floor
2023-08-21,APOLLOHOSP,REDUCE,exposure_floor
2023-08-21,ASIANPAINT,REDUCE,exposure_floor
2023-08-21,AXISBANK,REDUCE,exposure_floor
2023-08-21,BAJAJ-AUTO,REDUCE,exposure_floor
2023-08-21,BAJFINANCE,REDUCE,exposure_floor
2023-08-21,BAJAJFINSV,EXIT,exposure_floor
2023-08-21,BHARTIARTL,REDUCE,exposure_floor
2023-08-21,COALINDIA,REDUCE,exposure_floor
2023-08-21,EICHERMOT,EXIT,exposure_floor
2023-08-21,HDFCBANK,EXIT,exposure_floor
2023-08-21,HDFCLIFE,REDUCE,exposure_floor
2023-08-21,HINDUNILVR,EXIT,exposure_floor
2023-08-21,ICICIBANK,REDUCE,exposure_floor
2023-08-21,ITC,REDUCE,exposure_floor
2023-08-21,INFY,EXIT,exposure_floor
2023-08-21,INDIGO,REDUCE,exposure_floor
2023-08-21,KOTAKBANK,EXIT,exposure_floor
2023-08-21,MARUTI,REDUCE,exposure_floor
2023-08-21,MAXHEALTH,EXIT,exposure_floor
2023-08-21,NESTLEIND,REDUCE,exposure_floor
2023-08-21,POWERGRID,REDUCE,exposure_floor
2023-08-21,SBILIFE,REDUCE,exposure_floor
2023-08-21,SBIN,EXIT,exposure_floor
2023-08-21,TATACONSUM,REDUCE,exposure_floor
2023-08-21,ULTRACEMCO,REDUCE,exposure_floor
2023-08-22,APOLLOHOSP,REDUCE,exposure_floor
2023-08-22,ASIANPAINT,REDUCE,exposure_floor
2023-08-22,AXISBANK,REDUCE,exposure_floor
2023-08-22,BAJAJ-AUTO,REDUCE,exposure_floor
2023-08-22,BAJFINANCE,REDUCE,exposure_floor
2023-08-22,BAJAJFINSV,EXIT,exposure_floor
2023-08-22,BHARTIARTL,REDUCE,exposure_floor
2023-08-22,COALINDIA,REDUCE,exposure_floor
2023-08-22,EICHERMOT,EXIT,exposure_floor
2023-08-22,HDFCBANK,EXIT,exposure_floor
2023-08-22,HDFCLIFE,REDUCE,exposure_floor
2023-08-22,HINDUNILVR,EXIT,exposure_floor
2023-08-22,ICICIBANK,REDUCE,exposure_floor
2023-08-22,ITC,REDUCE,exposure_floor
2023-08-22,INFY,EXIT,exposure_floor
2023-08-22,INDIGO,REDUCE,exposure_floor
2023-08-22,KOTAKBANK,EXIT,exposure_floor
2023-08-22,MARUTI,REDUCE,exposure_floor
2023-08-22,MAXHEALTH,EXIT,exposure_floor
2023-08-22,NESTLEIND,REDUCE,exposure_floor
2023-08-22,POWERGRID,REDUCE,exposure_floor
2023-08-22,SBILIFE,REDUCE,exposure_floor
2023-08-22,SBIN,EXIT,exposure_floor
2023-08-22,TATACONSUM,REDUCE,exposure_floor
2023-08-22,ULTRACEMCO,REDUCE,exposure_floor
2023-08-23,ADANIENT,EXIT,exposure_floor
2023-08-23,APOLLOHOSP,REDUCE,exposure_floor
2023-08-23,ASIANPAINT,REDUCE,exposure_floor
2023-08-23,AXISBANK,REDUCE,exposure_floor
2023-08-23,BAJAJ-AUTO,REDUCE,exposure_floor
2023-08-23,BAJFINANCE,REDUCE,exposure_floor
2023-08-23,BAJAJFINSV,EXIT,exposure_floor
2023-08-23,BHARTIARTL,REDUCE,exposure_floor
2023-08-23,COALINDIA,REDUCE,exposure_floor
2023-08-23,EICHERMOT,EXIT,exposure_floor
2023-08-23,HDFCBANK,EXIT,exposure_floor
2023-08-23,HDFCLIFE,REDUCE,exposure_floor
2023-08-23,HINDUNILVR,EXIT,exposure_floor
2023-08-23,ICICIBANK,REDUCE,exposure_floor
2023-08-23,ITC,REDUCE,exposure_floor
2023-08-23,INFY,EXIT,exposure_floor
2023-08-23,INDIGO,REDUCE,exposure_floor
2023-08-23,KOTAKBANK,EXIT,exposure_floor
2023-08-23,MARUTI,REDUCE,exposure_floor
2023-08-23,MAXHEALTH,EXIT,exposure_floor
2023-08-23,NESTLEIND,REDUCE,exposure_floor
2023-08-23,POWERGRID,REDUCE,exposure_floor
2023-08-23,SBILIFE,REDUCE,exposure_floor
2023-08-23,SBIN,EXIT,exposure_floor
2023-08-23,TATACONSUM,REDUCE,exposure_floor
2023-08-23,ULTRACEMCO,REDUCE,exposure_floor
2023-08-24,ADANIENT,EXIT,exposure_floor
2023-08-24,APOLLOHOSP,REDUCE,exposure_floor
2023-08-24,ASIANPAINT,REDUCE,exposure_floor
2023-08-24,AXISBANK,REDUCE,exposure_floor
2023-08-24,BAJAJ-AUTO,REDUCE,exposure_floor
2023-08-24,BAJFINANCE,REDUCE,exposure_floor
2023-08-24,BAJAJFINSV,EXIT,exposure_floor
2023-08-24,BHARTIARTL,REDUCE,exposure_floor
2023-08-24,COALINDIA,REDUCE,exposure_floor
2023-08-24,EICHERMOT,EXIT,exposure_floor
2023-08-24,GRASIM,REDUCE,exposure_floor
2023-08-24,HDFCBANK,EXIT,exposure_floor
2023-08-24,HDFCLIFE,REDUCE,exposure_floor
2023-08-24,HINDUNILVR,EXIT,exposure_floor
2023-08-24,ICICIBANK,REDUCE,exposure_floor
2023-08-24,ITC,REDUCE,exposure_floor
2023-08-24,INDIGO,REDUCE,exposure_floor
2023-08-24,JSWSTEEL,REDUCE,exposure_floor
2023-08-24,KOTAKBANK,EXIT,exposure_floor
2023-08-24,MARUTI,REDUCE,exposure_floor
2023-08-24,MAXHEALTH,EXIT,exposure_floor
2023-08-24,NESTLEIND,REDUCE,exposure_floor
2023-08-24,POWERGRID,REDUCE,exposure_floor
2023-08-24,SBILIFE,REDUCE,exposure_floor
2023-08-24,SBIN,EXIT,exposure_floor
2023-08-24,TATACONSUM,REDUCE,exposure_floor
2023-08-24,ULTRACEMCO,REDUCE,exposure_floor
2023-08-25,ADANIENT,EXIT,exposure_floor
2023-08-25,ADANIPORTS,EXIT,exposure_floor
2023-08-25,APOLLOHOSP,REDUCE,exposure_floor
2023-08-25,ASIANPAINT,REDUCE,exposure_floor
2023-08-25,AXISBANK,REDUCE,exposure_floor
2023-08-25,BAJAJ-AUTO,REDUCE,exposure_floor
2023-08-25,BAJFINANCE,REDUCE,exposure_floor
2023-08-25,BAJAJFINSV,EXIT,exposure_floor
2023-08-25,COALINDIA,REDUCE,exposure_floor
2023-08-25,EICHERMOT,EXIT,exposure_floor
2023-08-25,GRASIM,REDUCE,exposure_floor
2023-08-25,HDFCBANK,EXIT,exposure_floor
2023-08-25,HDFCLIFE,REDUCE,exposure_floor
2023-08-25,HINDUNILVR,EXIT,exposure_floor
2023-08-25,ICICIBANK,REDUCE,exposure_floor
2023-08-25,ITC,REDUCE,exposure_floor
2023-08-25,INDIGO,REDUCE,exposure_floor
2023-08-25,JSWSTEEL,REDUCE,exposure_floor
2023-08-25,KOTAKBANK,EXIT,exposure_floor
2023-08-25,MARUTI,REDUCE,exposure_floor
2023-08-25,MAXHEALTH,EXIT,exposure_floor
2023-08-25,NESTLEIND,REDUCE,exposure_floor
2023-08-25,POWERGRID,REDUCE,exposure_floor
2023-08-25,SBILIFE,REDUCE,exposure_floor
2023-08-25,SBIN,EXIT,exposure_floor
2023-08-25,TATACONSUM,REDUCE,exposure_floor
2023-08-25,ULTRACEMCO,REDUCE,exposure_floor
2023-08-28,ADANIENT,EXIT,exposure_floor
2023-08-28,ADANIPORTS,REDUCE,exposure_floor
2023-08-28,APOLLOHOSP,REDUCE,exposure_floor
2023-08-28,ASIANPAINT,REDUCE,exposure_floor
2023-08-28,AXISBANK,REDUCE,exposure_floor
2023-08-28,BAJAJ-AUTO,REDUCE,exposure_floor
2023-08-28,BAJFINANCE,REDUCE,exposure_floor
2023-08-28,BAJAJFINSV,EXIT,exposure_floor
2023-08-28,COALINDIA,REDUCE,exposure_floor
2023-08-28,EICHERMOT,EXIT,exposure_floor
2023-08-28,GRASIM,REDUCE,exposure_floor
2023-08-28,HCLTECH,REDUCE,exposure_floor
2023-08-28,HDFCBANK,EXIT,exposure_floor
2023-08-28,HDFCLIFE,REDUCE,exposure_floor
2023-08-28,HINDUNILVR,EXIT,exposure_floor
2023-08-28,ITC,REDUCE,exposure_floor
2023-08-28,INDIGO,REDUCE,exposure_floor
2023-08-28,JSWSTEEL,REDUCE,exposure_floor
2023-08-28,KOTAKBANK,EXIT,exposure_floor
2023-08-28,MARUTI,REDUCE,exposure_floor
2023-08-28,MAXHEALTH,EXIT,exposure_floor
2023-08-28,NESTLEIND,REDUCE,exposure_floor
2023-08-28,POWERGRID,REDUCE,exposure_floor
2023-08-28,RELIANCE,REDUCE,exposure_floor
2023-08-28,SBILIFE,REDUCE,exposure_floor
2023-08-28,SBIN,EXIT,exposure_floor
2023-08-28,TATACONSUM,REDUCE,exposure_floor
2023-08-28,ULTRACEMCO,REDUCE,exposure_floor
2023-08-29,ADANIENT,EXIT,exposure_floor
2023-08-29,APOLLOHOSP,REDUCE,exposure_floor
2023-08-29,ASIANPAINT,REDUCE,exposure_floor
2023-08-29,AXISBANK,REDUCE,exposure_floor
2023-08-29,BAJAJ-AUTO,REDUCE,exposure_floor
2023-08-29,BAJFINANCE,REDUCE,exposure_floor
2023-08-29,BAJAJFINSV,EXIT,exposure_floor
2023-08-29,BHARTIARTL,REDUCE,exposure_floor
2023-08-29,COALINDIA,REDUCE,exposure_floor
2023-08-29,EICHERMOT,EXIT,exposure_floor
2023-08-29,GRASIM,REDUCE,exposure_floor
2023-08-29,HCLTECH,REDUCE,exposure_floor
2023-08-29,HDFCBANK,EXIT,exposure_floor
2023-08-29,HDFCLIFE,REDUCE,exposure_floor
2023-08-29,HINDUNILVR,EXIT,exposure_floor
2023-08-29,ITC,REDUCE,exposure_floor
2023-08-29,INDIGO,REDUCE,exposure_floor
2023-08-29,JSWSTEEL,REDUCE,exposure_floor
2023-08-29,KOTAKBANK,EXIT,exposure_floor
2023-08-29,MARUTI,REDUCE,exposure_floor
2023-08-29,MAXHEALTH,EXIT,exposure_floor
2023-08-29,NESTLEIND,REDUCE,exposure_floor
2023-08-29,POWERGRID,REDUCE,exposure_floor
2023-08-29,RELIANCE,REDUCE,exposure_floor
2023-08-29,SBILIFE,REDUCE,exposure_floor
2023-08-29,SBIN,EXIT,exposure_floor
2023-08-29,TATACONSUM,REDUCE,exposure_floor
2023-08-29,ULTRACEMCO,REDUCE,exposure_floor
2023-08-30,ADANIENT,EXIT,exposure_floor
2023-08-30,ADANIPORTS,EXIT,exposure_floor
2023-08-30,APOLLOHOSP,REDUCE,exposure_floor
2023-08-30,ASIANPAINT,REDUCE,exposure_floor
2023-08-30,AXISBANK,REDUCE,exposure_floor
2023-08-30,BAJAJ-AUTO,REDUCE,exposure_floor
2023-08-30,BAJFINANCE,REDUCE,exposure_floor
2023-08-30,BAJAJFINSV,EXIT,exposure_floor
2023-08-30,BHARTIARTL,REDUCE,exposure_floor
2023-08-30,COALINDIA,REDUCE,exposure_floor
2023-08-30,EICHERMOT,EXIT,exposure_floor
2023-08-30,GRASIM,REDUCE,exposure_floor
2023-08-30,HCLTECH,REDUCE,exposure_floor
2023-08-30,HDFCBANK,EXIT,exposure_floor
2023-08-30,HDFCLIFE,REDUCE,exposure_floor
2023-08-30,HINDUNILVR,EXIT,exposure_floor
2023-08-30,ITC,REDUCE,exposure_floor
2023-08-30,INDIGO,REDUCE,exposure_floor
2023-08-30,JSWSTEEL,REDUCE,exposure_floor
2023-08-30,KOTAKBANK,EXIT,exposure_floor
2023-08-30,MARUTI,REDUCE,exposure_floor
2023-08-30,MAXHEALTH,EXIT,exposure_floor
2023-08-30,NESTLEIND,REDUCE,exposure_floor
2023-08-30,POWERGRID,REDUCE,exposure_floor
2023-08-30,RELIANCE,REDUCE,exposure_floor
2023-08-30,SBILIFE,REDUCE,exposure_floor
2023-08-30,SBIN,EXIT,exposure_floor
2023-08-30,TATACONSUM,REDUCE,exposure_floor
2023-08-30,ULTRACEMCO,REDUCE,exposure_floor
2023-08-31,ADANIENT,EXIT,exposure_floor
2023-08-31,ADANIPORTS,REDUCE,exposure_floor
2023-08-31,APOLLOHOSP,REDUCE,exposure_floor
2023-08-31,ASIANPAINT,REDUCE,exposure_floor
2023-08-31,AXISBANK,REDUCE,exposure_floor
2023-08-31,BAJAJ-AUTO,REDUCE,exposure_floor
2023-08-31,BAJFINANCE,REDUCE,exposure_floor
2023-08-31,BAJAJFINSV,EXIT,exposure_floor
2023-08-31,BHARTIARTL,REDUCE,exposure_floor
2023-08-31,COALINDIA,REDUCE,exposure_floor
2023-08-31,EICHERMOT,EXIT,exposure_floor
2023-08-31,GRASIM,REDUCE,exposure_floor
2023-08-31,HCLTECH,REDUCE,exposure_floor
2023-08-31,HDFCBANK,EXIT,exposure_floor
2023-08-31,HDFCLIFE,REDUCE,exposure_floor
2023-08-31,HINDUNILVR,EXIT,exposure_floor
2023-08-31,ITC,REDUCE,exposure_floor
2023-08-31,INDIGO,REDUCE,exposure_floor
2023-08-31,JSWSTEEL,REDUCE,exposure_floor
2023-08-31,KOTAKBANK,EXIT,exposure_floor
2023-08-31,MAXHEALTH,EXIT,exposure_floor
2023-08-31,NESTLEIND,REDUCE,exposure_floor
2023-08-31,POWERGRID,REDUCE,exposure_floor
2023-08-31,RELIANCE,REDUCE,exposure_floor
2023-08-31,SBILIFE,REDUCE,exposure_floor
2023-08-31,SBIN,EXIT,exposure_floor
2023-08-31,TCS,REDUCE,exposure_floor
2023-08-31,TATACONSUM,REDUCE,exposure_floor
2023-08-31,ULTRACEMCO,REDUCE,exposure_floor
2023-09-01,ADANIENT,EXIT,exposure_floor
2023-09-01,ADANIPORTS,EXIT,exposure_floor
2023-09-01,APOLLOHOSP,REDUCE,exposure_floor
2023-09-01,ASIANPAINT,REDUCE,exposure_floor
2023-09-01,AXISBANK,REDUCE,exposure_floor
2023-09-01,BAJAJ-AUTO,REDUCE,exposure_floor
2023-09-01,BAJFINANCE,REDUCE,exposure_floor
2023-09-01,BAJAJFINSV,EXIT,exposure_floor
2023-09-01,BHARTIARTL,REDUCE,exposure_floor
2023-09-01,EICHERMOT,EXIT,exposure_floor
2023-09-01,GRASIM,REDUCE,exposure_floor
2023-09-01,HCLTECH,REDUCE,exposure_floor
2023-09-01,HDFCBANK,EXIT,exposure_floor
2023-09-01,HDFCLIFE,REDUCE,exposure_floor
2023-09-01,HINDUNILVR,EXIT,exposure_floor
2023-09-01,ITC,REDUCE,exposure_floor
2023-09-01,INDIGO,REDUCE,exposure_floor
2023-09-01,KOTAKBANK,EXIT,exposure_floor
2023-09-01,MAXHEALTH,EXIT,exposure_floor
2023-09-01,NESTLEIND,REDUCE,exposure_floor
2023-09-01,POWERGRID,REDUCE,exposure_floor
2023-09-01,RELIANCE,REDUCE,exposure_floor
2023-09-01,SBILIFE,REDUCE,exposure_floor
2023-09-01,SBIN,EXIT,exposure_floor
2023-09-01,TCS,REDUCE,exposure_floor
2023-09-01,TATACONSUM,REDUCE,exposure_floor
2023-09-01,ULTRACEMCO,REDUCE,exposure_floor
2023-09-04,ADANIENT,EXIT,exposure_floor
2023-09-04,ADANIPORTS,REDUCE,exposure_floor
2023-09-04,APOLLOHOSP,REDUCE,exposure_floor
2023-09-04,ASIANPAINT,REDUCE,exposure_floor
2023-09-04,AXISBANK,REDUCE,exposure_floor
2023-09-04,BAJAJ-AUTO,REDUCE,exposure_floor
2023-09-04,BAJFINANCE,REDUCE,exposure_floor
2023-09-04,BAJAJFINSV,EXIT,exposure_floor
2023-09-04,BHARTIARTL,REDUCE,exposure_floor
2023-09-04,EICHERMOT,EXIT,exposure_floor
2023-09-04,GRASIM,REDUCE,exposure_floor
2023-09-04,HDFCBANK,EXIT,exposure_floor
2023-09-04,HDFCLIFE,REDUCE,exposure_floor
2023-09-04,HINDUNILVR,EXIT,exposure_floor
2023-09-04,ITC,REDUCE,exposure_floor
2023-09-04,INDIGO,REDUCE,exposure_floor
2023-09-04,KOTAKBANK,EXIT,exposure_floor
2023-09-04,MAXHEALTH,EXIT,exposure_floor
2023-09-04,NESTLEIND,REDUCE,exposure_floor
2023-09-04,POWERGRID,REDUCE,exposure_floor
2023-09-04,RELIANCE,REDUCE,exposure_floor
2023-09-04,SBILIFE,REDUCE,exposure_floor
2023-09-04,SBIN,EXIT,exposure_floor
2023-09-04,TCS,REDUCE,exposure_floor
2023-09-04,TATACONSUM,REDUCE,exposure_floor
2023-09-04,ULTRACEMCO,REDUCE,exposure_floor
2023-09-05,ADANIENT,EXIT,exposure_floor
2023-09-05,ADANIPORTS,EXIT,exposure_floor
2023-09-05,APOLLOHOSP,REDUCE,exposure_floor
2023-09-05,ASIANPAINT,REDUCE,exposure_floor
2023-09-05,AXISBANK,REDUCE,exposure_floor
2023-09-05,BAJAJ-AUTO,REDUCE,exposure_floor
2023-09-05,BAJFINANCE,REDUCE,exposure_floor
2023-09-05,BAJAJFINSV,EXIT,exposure_floor
2023-09-05,BHARTIARTL,REDUCE,exposure_floor
2023-09-05,EICHERMOT,EXIT,exposure_floor
2023-09-05,HDFCBANK,EXIT,exposure_floor
2023-09-05,HDFCLIFE,REDUCE,exposure_floor
2023-09-05,HINDUNILVR,EXIT,exposure_floor
2023-09-05,ITC,REDUCE,exposure_floor
2023-09-05,INDIGO,REDUCE,exposure_floor
2023-09-05,KOTAKBANK,EXIT,exposure_floor
2023-09-05,MAXHEALTH,EXIT,exposure_floor
2023-09-05,NESTLEIND,REDUCE,exposure_floor
2023-09-05,POWERGRID,REDUCE,exposure_floor
2023-09-05,RELIANCE,REDUCE,exposure_floor
2023-09-05,SBILIFE,REDUCE,exposure_floor
2023-09-05,SBIN,EXIT,exposure_floor
2023-09-05,TCS,REDUCE,exposure_floor
2023-09-05,TATACONSUM,REDUCE,exposure_floor
2023-09-05,ULTRACEMCO,REDUCE,exposure_floor
2023-09-06,ADANIENT,EXIT,exposure_floor
2023-09-06,ADANIPORTS,REDUCE,exposure_floor
2023-09-06,APOLLOHOSP,REDUCE,exposure_floor
2023-09-06,ASIANPAINT,REDUCE,exposure_floor
2023-09-06,AXISBANK,REDUCE,exposure_floor
2023-09-06,BAJAJ-AUTO,REDUCE,exposure_floor
2023-09-06,BAJFINANCE,REDUCE,exposure_floor
2023-09-06,BAJAJFINSV,EXIT,exposure_floor
2023-09-06,BHARTIARTL,REDUCE,exposure_floor
2023-09-06,EICHERMOT,EXIT,exposure_floor
2023-09-06,HDFCBANK,EXIT,exposure_floor
2023-09-06,HDFCLIFE,REDUCE,exposure_floor
2023-09-06,HINDUNILVR,EXIT,exposure_floor
2023-09-06,ICICIBANK,REDUCE,exposure_floor
2023-09-06,ITC,REDUCE,exposure_floor
2023-09-06,INDIGO,REDUCE,exposure_floor
2023-09-06,KOTAKBANK,EXIT,exposure_floor
2023-09-06,MAXHEALTH,EXIT,exposure_floor
2023-09-06,NESTLEIND,REDUCE,exposure_floor
2023-09-06,POWERGRID,REDUCE,exposure_floor
2023-09-06,RELIANCE,REDUCE,exposure_floor
2023-09-06,SBILIFE,REDUCE,exposure_floor
2023-09-06,SBIN,EXIT,exposure_floor
2023-09-06,TATACONSUM,REDUCE,exposure_floor
2023-09-06,ULTRACEMCO,REDUCE,exposure_floor
2023-09-07,ADANIENT,EXIT,exposure_floor
2023-09-07,ADANIPORTS,EXIT,exposure_floor
2023-09-07,APOLLOHOSP,REDUCE,exposure_floor
2023-09-07,ASIANPAINT,REDUCE,exposure_floor
2023-09-07,AXISBANK,REDUCE,exposure_floor
2023-09-07,BAJAJ-AUTO,REDUCE,exposure_floor
2023-09-07,BAJFINANCE,REDUCE,exposure_floor
2023-09-07,BAJAJFINSV,EXIT,exposure_floor
2023-09-07,BHARTIARTL,REDUCE,exposure_floor
2023-09-07,EICHERMOT,EXIT,exposure_floor
2023-09-07,HDFCBANK,EXIT,exposure_floor
2023-09-07,HDFCLIFE,REDUCE,exposure_floor
2023-09-07,HINDUNILVR,EXIT,exposure_floor
2023-09-07,ICICIBANK,REDUCE,exposure_floor
2023-09-07,ITC,REDUCE,exposure_floor
2023-09-07,INDIGO,REDUCE,exposure_floor
2023-09-07,KOTAKBANK,EXIT,exposure_floor
2023-09-07,MAXHEALTH,EXIT,exposure_floor
2023-09-07,NESTLEIND,REDUCE,exposure_floor
2023-09-07,POWERGRID,REDUCE,exposure_floor
2023-09-07,RELIANCE,REDUCE,exposure_floor
2023-09-07,SBILIFE,REDUCE,exposure_floor
2023-09-07,SBIN,EXIT,exposure_floor
2023-09-07,TATACONSUM,REDUCE,exposure_floor
2023-09-07,ULTRACEMCO,REDUCE,exposure_floor
2023-09-08,ADANIENT,EXIT,exposure_floor
2023-09-08,ADANIPORTS,REDUCE,exposure_floor
2023-09-08,APOLLOHOSP,REDUCE,exposure_floor
2023-09-08,ASIANPAINT,REDUCE,exposure_floor
2023-09-08,AXISBANK,REDUCE,exposure_floor
2023-09-08,BAJAJ-AUTO,REDUCE,exposure_floor
2023-09-08,BAJFINANCE,REDUCE,exposure_floor
2023-09-08,BAJAJFINSV,EXIT,exposure_floor
2023-09-08,BHARTIARTL,REDUCE,exposure_floor
2023-09-08,EICHERMOT,EXIT,exposure_floor
2023-09-08,HDFCBANK,EXIT,exposure_floor
2023-09-08,HDFCLIFE,REDUCE,exposure_floor
2023-09-08,HINDUNILVR,EXIT,exposure_floor
2023-09-08,ICICIBANK,REDUCE,exposure_floor
2023-09-08,ITC,REDUCE,exposure_floor
2023-09-08,INDIGO,REDUCE,exposure_floor
2023-09-08,KOTAKBANK,EXIT,exposure_floor
2023-09-08,MAXHEALTH,EXIT,exposure_floor
2023-09-08,NESTLEIND,REDUCE,exposure_floor
2023-09-08,POWERGRID,REDUCE,exposure_floor
2023-09-08,RELIANCE,REDUCE,exposure_floor
2023-09-08,SBILIFE,REDUCE,exposure_floor
2023-09-08,SBIN,EXIT,exposure_floor
2023-09-08,TATACONSUM,REDUCE,exposure_floor
2023-09-08,ULTRACEMCO,REDUCE,exposure_floor
2023-09-11,APOLLOHOSP,REDUCE,exposure_floor
2023-09-11,ASIANPAINT,REDUCE,exposure_floor
2023-09-11,AXISBANK,REDUCE,exposure_floor
2023-09-11,BAJAJ-AUTO,REDUCE,exposure_floor
2023-09-11,BAJFINANCE,REDUCE,exposure_floor
2023-09-11,BAJAJFINSV,EXIT,exposure_floor
2023-09-11,BHARTIARTL,REDUCE,exposure_floor
2023-09-11,EICHERMOT,EXIT,exposure_floor
2023-09-11,HDFCBANK,EXIT,exposure_floor
2023-09-11,HDFCLIFE,REDUCE,exposure_floor
2023-09-11,HINDUNILVR,EXIT,exposure_floor
2023-09-11,ICICIBANK,REDUCE,exposure_floor
2023-09-11,ITC,REDUCE,exposure_floor
2023-09-11,INDIGO,REDUCE,exposure_floor
2023-09-11,KOTAKBANK,EXIT,exposure_floor
2023-09-11,MAXHEALTH,EXIT,exposure_floor
2023-09-11,NESTLEIND,REDUCE,exposure_floor
2023-09-11,POWERGRID,REDUCE,exposure_floor
2023-09-11,RELIANCE,REDUCE,exposure_floor
2023-09-11,SBILIFE,REDUCE,exposure_floor
2023-09-11,SBIN,EXIT,exposure_floor
2023-09-11,TATACONSUM,REDUCE,exposure_floor
2023-09-11,ULTRACEMCO,REDUCE,exposure_floor
2023-09-12,ADANIENT,EXIT,exposure_floor
2023-09-12,APOLLOHOSP,REDUCE,exposure_floor
2023-09-12,ASIANPAINT,REDUCE,exposure_floor
2023-09-12,AXISBANK,REDUCE,exposure_floor
2023-09-12,BAJAJ-AUTO,REDUCE,exposure_floor
2023-09-12,BAJFINANCE,REDUCE,exposure_floor
2023-09-12,BAJAJFINSV,EXIT,exposure_floor
2023-09-12,BHARTIARTL,REDUCE,exposure_floor
2023-09-12,EICHERMOT,EXIT,exposure_floor
2023-09-12,HDFCBANK,EXIT,exposure_floor
2023-09-12,HDFCLIFE,REDUCE,exposure_floor
2023-09-12,HINDUNILVR,EXIT,exposure_floor
2023-09-12,ITC,REDUCE,exposure_floor
2023-09-12,INDIGO,REDUCE,exposure_floor
2023-09-12,KOTAKBANK,EXIT,exposure_floor
2023-09-12,MAXHEALTH,EXIT,exposure_floor
2023-09-12,NESTLEIND,REDUCE,exposure_floor
2023-09-12,POWERGRID,REDUCE,exposure_floor
2023-09-12,RELIANCE,REDUCE,exposure_floor
2023-09-12,SBILIFE,REDUCE,exposure_floor
2023-09-12,SBIN,EXIT,exposure_floor
2023-09-12,TATACONSUM,REDUCE,exposure_floor
2023-09-12,ULTRACEMCO,REDUCE,exposure_floor
2023-09-13,ADANIENT,EXIT,exposure_floor
2023-09-13,APOLLOHOSP,REDUCE,exposure_floor
2023-09-13,ASIANPAINT,REDUCE,exposure_floor
2023-09-13,AXISBANK,REDUCE,exposure_floor
2023-09-13,BAJAJ-AUTO,REDUCE,exposure_floor
2023-09-13,BAJFINANCE,REDUCE,exposure_floor
2023-09-13,BAJAJFINSV,EXIT,exposure_floor
2023-09-13,EICHERMOT,EXIT,exposure_floor
2023-09-13,HDFCBANK,EXIT,exposure_floor
2023-09-13,HDFCLIFE,REDUCE,exposure_floor
2023-09-13,HINDUNILVR,EXIT,exposure_floor
2023-09-13,ITC,REDUCE,exposure_floor
2023-09-13,INDIGO,REDUCE,exposure_floor
2023-09-13,KOTAKBANK,EXIT,exposure_floor
2023-09-13,MAXHEALTH,EXIT,exposure_floor
2023-09-13,NESTLEIND,REDUCE,exposure_floor
2023-09-13,POWERGRID,REDUCE,exposure_floor
2023-09-13,RELIANCE,REDUCE,exposure_floor
2023-09-13,SBILIFE,REDUCE,exposure_floor
2023-09-13,SBIN,EXIT,exposure_floor
2023-09-13,TATACONSUM,REDUCE,exposure_floor
2023-09-13,ULTRACEMCO,REDUCE,exposure_floor
2023-09-14,ADANIENT,EXIT,exposure_floor
2023-09-14,APOLLOHOSP,REDUCE,exposure_floor
2023-09-14,ASIANPAINT,REDUCE,exposure_floor
2023-09-14,AXISBANK,REDUCE,exposure_floor
2023-09-14,BAJAJ-AUTO,REDUCE,exposure_floor
2023-09-14,BAJFINANCE,REDUCE,exposure_floor
2023-09-14,BAJAJFINSV,EXIT,exposure_floor
2023-09-14,EICHERMOT,EXIT,exposure_floor
2023-09-14,HDFCBANK,EXIT,exposure_floor
2023-09-14,HDFCLIFE,REDUCE,exposure_floor
2023-09-14,HINDUNILVR,EXIT,exposure_floor
2023-09-14,ITC,REDUCE,exposure_floor
2023-09-14,INDIGO,REDUCE,exposure_floor
2023-09-14,KOTAKBANK,EXIT,exposure_floor
2023-09-14,MAXHEALTH,EXIT,exposure_floor
2023-09-14,NESTLEIND,REDUCE,exposure_floor
2023-09-14,POWERGRID,REDUCE,exposure_floor
2023-09-14,RELIANCE,REDUCE,exposure_floor
2023-09-14,SBILIFE,REDUCE,exposure_floor
2023-09-14,SBIN,EXIT,exposure_floor
2023-09-14,TATACONSUM,REDUCE,exposure_floor
2023-09-14,ULTRACEMCO,REDUCE,exposure_floor
2023-09-15,ADANIENT,EXIT,exposure_floor
2023-09-15,APOLLOHOSP,REDUCE,exposure_floor
2023-09-15,ASIANPAINT,REDUCE,exposure_floor
2023-09-15,AXISBANK,REDUCE,exposure_floor
2023-09-15,BAJAJ-AUTO,REDUCE,exposure_floor
2023-09-15,BAJFINANCE,REDUCE,exposure_floor
2023-09-15,BAJAJFINSV,EXIT,exposure_floor
2023-09-15,EICHERMOT,REDUCE,exposure_floor
2023-09-15,HDFCBANK,EXIT,exposure_floor
2023-09-15,HDFCLIFE,REDUCE,exposure_floor
2023-09-15,HINDUNILVR,EXIT,exposure_floor
2023-09-15,ITC,REDUCE,exposure_floor
2023-09-15,INDIGO,REDUCE,exposure_floor
2023-09-15,KOTAKBANK,EXIT,exposure_floor
2023-09-15,MAXHEALTH,EXIT,exposure_floor
2023-09-15,NESTLEIND,REDUCE,exposure_floor
2023-09-15,POWERGRID,REDUCE,exposure_floor
2023-09-15,RELIANCE,REDUCE,exposure_floor
2023-09-15,SBIN,EXIT,exposure_floor
2023-09-15,TATACONSUM,REDUCE,exposure_floor
2023-09-15,ULTRACEMCO,REDUCE,exposure_floor
2023-09-18,ADANIENT,EXIT,exposure_floor
2023-09-18,APOLLOHOSP,REDUCE,exposure_floor
2023-09-18,ASIANPAINT,REDUCE,exposure_floor
2023-09-18,AXISBANK,REDUCE,exposure_floor
2023-09-18,BAJFINANCE,REDUCE,exposure_floor
2023-09-18,BAJAJFINSV,EXIT,exposure_floor
2023-09-18,HDFCBANK,EXIT,exposure_floor
2023-09-18,HDFCLIFE,REDUCE,exposure_floor
2023-09-18,HINDUNILVR,EXIT,exposure_floor
2023-09-18,ITC,REDUCE,exposure_floor
2023-09-18,INDIGO,REDUCE,exposure_floor
2023-09-18,KOTAKBANK,EXIT,exposure_floor
2023-09-18,MAXHEALTH,EXIT,exposure_floor
2023-09-18,NESTLEIND,REDUCE,exposure_floor
2023-09-18,RELIANCE,REDUCE,exposure_floor
2023-09-18,SBIN,EXIT,exposure_floor
2023-09-18,TATACONSUM,REDUCE,exposure_floor
2023-09-18,ULTRACEMCO,REDUCE,exposure_floor
2023-09-20,ADANIENT,EXIT,exposure_floor
2023-09-20,ADANIPORTS,EXIT,exposure_floor
2023-09-20,APOLLOHOSP,REDUCE,exposure_floor
2023-09-20,ASIANPAINT,REDUCE,exposure_floor
2023-09-20,BAJFINANCE,REDUCE,exposure_floor
2023-09-20,BAJAJFINSV,EXIT,exposure_floor
2023-09-20,HDFCBANK,EXIT,exposure_floor
2023-09-20,HDFCLIFE,REDUCE,exposure_floor
2023-09-20,HINDUNILVR,EXIT,exposure_floor
2023-09-20,ITC,REDUCE,exposure_floor
2023-09-20,INDIGO,REDUCE,exposure_floor
2023-09-20,JSWSTEEL,REDUCE,exposure_floor
2023-09-20,KOTAKBANK,EXIT,exposure_floor
2023-09-20,MAXHEALTH,EXIT,exposure_floor
2023-09-20,NESTLEIND,REDUCE,exposure_floor
2023-09-20,RELIANCE,REDUCE,exposure_floor
2023-09-20,SBIN,EXIT,exposure_floor
2023-09-20,TATACONSUM,REDUCE,exposure_floor
2023-09-20,ULTRACEMCO,REDUCE,exposure_floor
2023-09-21,ADANIENT,EXIT,exposure_floor
2023-09-21,ADANIPORTS,REDUCE,exposure_floor
2023-09-21,APOLLOHOSP,REDUCE,exposure_floor
2023-09-21,ASIANPAINT,REDUCE,exposure_floor
2023-09-21,BAJFINANCE,REDUCE,exposure_floor
2023-09-21,BAJAJFINSV,EXIT,exposure_floor
2023-09-21,HDFCBANK,EXIT,exposure_floor
2023-09-21,HDFCLIFE,REDUCE,exposure_floor
2023-09-21,HINDUNILVR,EXIT,exposure_floor
2023-09-21,ICICIBANK,REDUCE,exposure_floor
2023-09-21,ITC,REDUCE,exposure_floor
2023-09-21,INDIGO,REDUCE,exposure_floor
2023-09-21,JSWSTEEL,REDUCE,exposure_floor
2023-09-21,KOTAKBANK,EXIT,exposure_floor
2023-09-21,MAXHEALTH,EXIT,exposure_floor
2023-09-21,NESTLEIND,REDUCE,exposure_floor
2023-09-21,RELIANCE,REDUCE,exposure_floor
2023-09-21,SBIN,EXIT,exposure_floor
2023-09-21,TATACONSUM,REDUCE,exposure_floor
2023-09-21,ULTRACEMCO,REDUCE,exposure_floor
2023-09-22,ADANIENT,EXIT,exposure_floor
2023-09-22,APOLLOHOSP,REDUCE,exposure_floor
2023-09-22,ASIANPAINT,REDUCE,exposure_floor
2023-09-22,BAJFINANCE,REDUCE,exposure_floor
2023-09-22,BAJAJFINSV,EXIT,exposure_floor
2023-09-22,HDFCBANK,EXIT,exposure_floor
2023-09-22,HDFCLIFE,REDUCE,exposure_floor
2023-09-22,HINDUNILVR,EXIT,exposure_floor
2023-09-22,ICICIBANK,REDUCE,exposure_floor
2023-09-22,ITC,REDUCE,exposure_floor
2023-09-22,INDIGO,REDUCE,exposure_floor
2023-09-22,JSWSTEEL,REDUCE,exposure_floor
2023-09-22,KOTAKBANK,EXIT,exposure_floor
2023-09-22,MAXHEALTH,EXIT,exposure_floor
2023-09-22,NESTLEIND,REDUCE,exposure_floor
2023-09-22,RELIANCE,REDUCE,exposure_floor
2023-09-22,SBIN,EXIT,exposure_floor
2023-09-22,ULTRACEMCO,REDUCE,exposure_floor
2023-09-25,ADANIENT,EXIT,exposure_floor
2023-09-25,APOLLOHOSP,REDUCE,exposure_floor
2023-09-25,ASIANPAINT,REDUCE,exposure_floor
2023-09-25,BAJAJFINSV,EXIT,exposure_floor
2023-09-25,HDFCBANK,EXIT,exposure_floor
2023-09-25,HDFCLIFE,REDUCE,exposure_floor
2023-09-25,HINDUNILVR,EXIT,exposure_floor
2023-09-25,ICICIBANK,REDUCE,exposure_floor
2023-09-25,ITC,REDUCE,exposure_floor
2023-09-25,INDIGO,REDUCE,exposure_floor
2023-09-25,JSWSTEEL,REDUCE,exposure_floor
2023-09-25,KOTAKBANK,EXIT,exposure_floor
2023-09-25,MAXHEALTH,EXIT,exposure_floor
2023-09-25,NESTLEIND,REDUCE,exposure_floor
2023-09-25,RELIANCE,REDUCE,exposure_floor
2023-09-25,SBILIFE,REDUCE,exposure_floor
2023-09-25,SBIN,EXIT,exposure_floor
2023-09-25,ULTRACEMCO,REDUCE,exposure_floor
2023-09-26,ADANIENT,EXIT,exposure_floor
2023-09-26,APOLLOHOSP,REDUCE,exposure_floor
2023-09-26,ASIANPAINT,REDUCE,exposure_floor
2023-09-26,BAJAJFINSV,EXIT,exposure_floor
2023-09-26,HDFCBANK,EXIT,exposure_floor
2023-09-26,HDFCLIFE,REDUCE,exposure_floor
2023-09-26,HINDUNILVR,EXIT,exposure_floor
2023-09-26,ICICIBANK,REDUCE,exposure_floor
2023-09-26,ITC,REDUCE,exposure_floor
2023-09-26,INDIGO,REDUCE,exposure_floor
2023-09-26,JSWSTEEL,REDUCE,exposure_floor
2023-09-26,KOTAKBANK,EXIT,exposure_floor
2023-09-26,MAXHEALTH,EXIT,exposure_floor
2023-09-26,NESTLEIND,REDUCE,exposure_floor
2023-09-26,RELIANCE,REDUCE,exposure_floor
2023-09-26,SBILIFE,REDUCE,exposure_floor
2023-09-26,SBIN,EXIT,exposure_floor
2023-09-26,ULTRACEMCO,REDUCE,exposure_floor
2023-09-26,WIPRO,REDUCE,exposure_floor
2023-09-27,ADANIENT,EXIT,exposure_floor
2023-09-27,APOLLOHOSP,REDUCE,exposure_floor
2023-09-27,ASIANPAINT,REDUCE,exposure_floor
2023-09-27,BAJAJFINSV,EXIT,exposure_floor
2023-09-27,HDFCBANK,EXIT,exposure_floor
2023-09-27,HDFCLIFE,REDUCE,exposure_floor
2023-09-27,HINDUNILVR,EXIT,exposure_floor
2023-09-27,ICICIBANK,REDUCE,exposure_floor
2023-09-27,ITC,REDUCE,exposure_floor
2023-09-27,INDIGO,REDUCE,exposure_floor
2023-09-27,JSWSTEEL,REDUCE,exposure_floor
2023-09-27,KOTAKBANK,EXIT,exposure_floor
2023-09-27,MAXHEALTH,EXIT,exposure_floor
2023-09-27,NESTLEIND,REDUCE,exposure_floor
2023-09-27,RELIANCE,REDUCE,exposure_floor
2023-09-27,SBILIFE,REDUCE,exposure_floor
2023-09-27,SBIN,EXIT,exposure_floor
2023-09-27,ULTRACEMCO,REDUCE,exposure_floor
2023-09-27,WIPRO,REDUCE,exposure_floor
2023-09-28,ADANIENT,EXIT,exposure_floor
2023-09-28,APOLLOHOSP,REDUCE,exposure_floor
2023-09-28,ASIANPAINT,REDUCE,exposure_floor
2023-09-28,BAJAJFINSV,EXIT,exposure_floor
2023-09-28,HDFCBANK,EXIT,exposure_floor
2023-09-28,HDFCLIFE,REDUCE,exposure_floor
2023-09-28,HINDUNILVR,EXIT,exposure_floor
2023-09-28,ICICIBANK,REDUCE,exposure_floor
2023-09-28,ITC,REDUCE,exposure_floor
2023-09-28,INDIGO,REDUCE,exposure_floor
2023-09-28,JSWSTEEL,REDUCE,exposure_floor
2023-09-28,KOTAKBANK,EXIT,exposure_floor
2023-09-28,MAXHEALTH,EXIT,exposure_floor
2023-09-28,NESTLEIND,REDUCE,exposure_floor
2023-09-28,RELIANCE,REDUCE,exposure_floor
2023-09-28,SBILIFE,REDUCE,exposure_floor
2023-09-28,SBIN,EXIT,exposure_floor
2023-09-28,ULTRACEMCO,REDUCE,exposure_floor
2023-09-28,WIPRO,REDUCE,exposure_floor
2023-09-29,ADANIENT,EXIT,exposure_floor
2023-09-29,APOLLOHOSP,REDUCE,exposure_floor
2023-09-29,ASIANPAINT,REDUCE,exposure_floor
2023-09-29,BAJAJFINSV,EXIT,exposure_floor
2023-09-29,HDFCBANK,EXIT,exposure_floor
2023-09-29,HDFCLIFE,REDUCE,exposure_floor
2023-09-29,HINDUNILVR,EXIT,exposure_floor
2023-09-29,ICICIBANK,REDUCE,exposure_floor
2023-09-29,ITC,REDUCE,exposure_floor
2023-09-29,INDIGO,REDUCE,exposure_floor
2023-09-29,JSWSTEEL,REDUCE,exposure_floor
2023-09-29,KOTAKBANK,EXIT,exposure_floor
2023-09-29,MAXHEALTH,EXIT,exposure_floor
2023-09-29,NESTLEIND,REDUCE,exposure_floor
2023-09-29,RELIANCE,REDUCE,exposure_floor
2023-09-29,SBILIFE,REDUCE,exposure_floor
2023-09-29,SBIN,EXIT,exposure_floor
2023-09-29,ULTRACEMCO,REDUCE,exposure_floor
2023-09-29,WIPRO,REDUCE,exposure_floor
2023-10-03,ADANIENT,EXIT,exposure_floor
2023-10-03,APOLLOHOSP,REDUCE,exposure_floor
2023-10-03,ASIANPAINT,REDUCE,exposure_floor
2023-10-03,BAJAJFINSV,EXIT,exposure_floor
2023-10-03,HDFCBANK,EXIT,exposure_floor
2023-10-03,HDFCLIFE,REDUCE,exposure_floor
2023-10-03,HINDUNILVR,EXIT,exposure_floor
2023-10-03,ICICIBANK,REDUCE,exposure_floor
2023-10-03,ITC,REDUCE,exposure_floor
2023-10-03,INDIGO,REDUCE,exposure_floor
2023-10-03,JSWSTEEL,REDUCE,exposure_floor
2023-10-03,KOTAKBANK,EXIT,exposure_floor
2023-10-03,M&M,REDUCE,exposure_floor
2023-10-03,MAXHEALTH,EXIT,exposure_floor
2023-10-03,NESTLEIND,REDUCE,exposure_floor
2023-10-03,RELIANCE,REDUCE,exposure_floor
2023-10-03,SBILIFE,REDUCE,exposure_floor
2023-10-03,SBIN,EXIT,exposure_floor
2023-10-03,TECHM,REDUCE,exposure_floor
2023-10-03,WIPRO,REDUCE,exposure_floor
2023-10-04,ADANIENT,EXIT,exposure_floor
2023-10-04,APOLLOHOSP,REDUCE,exposure_floor
2023-10-04,ASIANPAINT,REDUCE,exposure_floor
2023-10-04,BAJAJFINSV,EXIT,exposure_floor
2023-10-04,HDFCBANK,EXIT,exposure_floor
2023-10-04,HDFCLIFE,REDUCE,exposure_floor
2023-10-04,HINDUNILVR,EXIT,exposure_floor
2023-10-04,ICICIBANK,REDUCE,exposure_floor
2023-10-04,ITC,REDUCE,exposure_floor
2023-10-04,INDIGO,REDUCE,exposure_floor
2023-10-04,JSWSTEEL,REDUCE,exposure_floor
2023-10-04,KOTAKBANK,EXIT,exposure_floor
2023-10-04,M&M,REDUCE,exposure_floor
2023-10-04,MAXHEALTH,EXIT,exposure_floor
2023-10-04,NESTLEIND,REDUCE,exposure_floor
2023-10-04,RELIANCE,REDUCE,exposure_floor
2023-10-04,SBILIFE,REDUCE,exposure_floor
2023-10-04,SHRIRAMFIN,REDUCE,exposure_floor
2023-10-04,SBIN,EXIT,exposure_floor
2023-10-04,TECHM,REDUCE,exposure_floor
2023-10-04,ULTRACEMCO,REDUCE,exposure_floor
2023-10-04,WIPRO,REDUCE,exposure_floor
2023-10-05,ADANIENT,EXIT,exposure_floor
2023-10-05,APOLLOHOSP,REDUCE,exposure_floor
2023-10-05,ASIANPAINT,REDUCE,exposure_floor
2023-10-05,BAJAJFINSV,EXIT,exposure_floor
2023-10-05,DRREDDY,REDUCE,exposure_floor
2023-10-05,HDFCBANK,EXIT,exposure_floor
2023-10-05,HDFCLIFE,REDUCE,exposure_floor
2023-10-05,HINDUNILVR,EXIT,exposure_floor
2023-10-05,ICICIBANK,REDUCE,exposure_floor
2023-10-05,ITC,REDUCE,exposure_floor
2023-10-05,INDIGO,REDUCE,exposure_floor
2023-10-05,JSWSTEEL,REDUCE,exposure_floor
2023-10-05,KOTAKBANK,EXIT,exposure_floor
2023-10-05,M&M,REDUCE,exposure_floor
2023-10-05,MAXHEALTH,EXIT,exposure_floor
2023-10-05,NESTLEIND,REDUCE,exposure_floor
2023-10-05,RELIANCE,REDUCE,exposure_floor
2023-10-05,SBILIFE,REDUCE,exposure_floor
2023-10-05,SHRIRAMFIN,REDUCE,exposure_floor
2023-10-05,SBIN,EXIT,exposure_floor
2023-10-05,TECHM,REDUCE,exposure_floor
2023-10-05,ULTRACEMCO,REDUCE,exposure_floor
2023-10-05,WIPRO,REDUCE,exposure_floor
2023-10-06,ADANIENT,EXIT,exposure_floor
2023-10-06,APOLLOHOSP,REDUCE,exposure_floor
2023-10-06,ASIANPAINT,REDUCE,exposure_floor
2023-10-06,BAJAJFINSV,EXIT,exposure_floor
2023-10-06,DRREDDY,REDUCE,exposure_floor
2023-10-06,HDFCBANK,EXIT,exposure_floor
2023-10-06,HDFCLIFE,REDUCE,exposure_floor
2023-10-06,HINDUNILVR,EXIT,exposure_floor
2023-10-06,ICICIBANK,REDUCE,exposure_floor
2023-10-06,ITC,REDUCE,exposure_floor
2023-10-06,INDIGO,REDUCE,exposure_floor
2023-10-06,JSWSTEEL,REDUCE,exposure_floor
2023-10-06,KOTAKBANK,EXIT,exposure_floor
2023-10-06,M&M,REDUCE,exposure_floor
2023-10-06,MAXHEALTH,EXIT,exposure_floor
2023-10-06,NESTLEIND,REDUCE,exposure_floor
2023-10-06,RELIANCE,REDUCE,exposure_floor
2023-10-06,SBILIFE,REDUCE,exposure_floor
2023-10-06,SHRIRAMFIN,REDUCE,exposure_floor
2023-10-06,SBIN,EXIT,exposure_floor
2023-10-06,TECHM,REDUCE,exposure_floor
2023-10-06,ULTRACEMCO,REDUCE,exposure_floor
2023-10-06,WIPRO,REDUCE,exposure_floor
2023-10-09,ADANIENT,EXIT,exposure_floor
2023-10-09,APOLLOHOSP,REDUCE,exposure_floor
2023-10-09,ASIANPAINT,REDUCE,exposure_floor
2023-10-09,BAJAJFINSV,EXIT,exposure_floor
2023-10-09,DRREDDY,REDUCE,exposure_floor
2023-10-09,HDFCBANK,EXIT,exposure_floor
2023-10-09,HDFCLIFE,REDUCE,exposure_floor
2023-10-09,HINDUNILVR,EXIT,exposure_floor
2023-10-09,ICICIBANK,REDUCE,exposure_floor
2023-10-09,ITC,REDUCE,exposure_floor
2023-10-09,INDIGO,REDUCE,exposure_floor
2023-10-09,JSWSTEEL,REDUCE,exposure_floor
2023-10-09,KOTAKBANK,EXIT,exposure_floor
2023-10-09,M&M,REDUCE,exposure_floor
2023-10-09,MAXHEALTH,EXIT,exposure_floor
2023-10-09,NESTLEIND,REDUCE,exposure_floor
2023-10-09,RELIANCE,EXIT,exposure_floor
2023-10-09,SBILIFE,REDUCE,exposure_floor
2023-10-09,SHRIRAMFIN,REDUCE,exposure_floor
2023-10-09,SBIN,EXIT,exposure_floor
2023-10-09,TECHM,REDUCE,exposure_floor
2023-10-09,ULTRACEMCO,REDUCE,exposure_floor
2023-10-09,WIPRO,REDUCE,exposure_floor
2023-10-10,ADANIENT,EXIT,exposure_floor
2023-10-10,APOLLOHOSP,REDUCE,exposure_floor
2023-10-10,ASIANPAINT,REDUCE,exposure_floor
2023-10-10,BAJAJFINSV,EXIT,exposure_floor
2023-10-10,CIPLA,REDUCE,exposure_floor
2023-10-10,DRREDDY,REDUCE,exposure_floor
2023-10-10,HDFCBANK,EXIT,exposure_floor
2023-10-10,HDFCLIFE,REDUCE,exposure_floor
2023-10-10,HINDUNILVR,EXIT,exposure_floor
2023-10-10,ICICIBANK,REDUCE,exposure_floor
2023-10-10,ITC,REDUCE,exposure_floor
2023-10-10,INDIGO,REDUCE,exposure_floor
2023-10-10,JSWSTEEL,REDUCE,exposure_floor
2023-10-10,KOTAKBANK,EXIT,exposure_floor
2023-10-10,M&M,REDUCE,exposure_floor
2023-10-10,MAXHEALTH,EXIT,exposure_floor
2023-10-10,RELIANCE,EXIT,exposure_floor
2023-10-10,SBILIFE,REDUCE,exposure_floor
2023-10-10,SBIN,EXIT,exposure_floor
2023-10-10,SUNPHARMA,REDUCE,exposure_floor
2023-10-10,ULTRACEMCO,REDUCE,exposure_floor
2023-10-10,WIPRO,REDUCE,exposure_floor
2023-10-11,ADANIENT,EXIT,exposure_floor
2023-10-11,APOLLOHOSP,REDUCE,exposure_floor
2023-10-11,ASIANPAINT,REDUCE,exposure_floor
2023-10-11,BAJAJFINSV,REDUCE,exposure_floor
2023-10-11,CIPLA,REDUCE,exposure_floor
2023-10-11,DRREDDY,REDUCE,exposure_floor
2023-10-11,HDFCBANK,EXIT,exposure_floor
2023-10-11,HDFCLIFE,REDUCE,exposure_floor
2023-10-11,HINDUNILVR,EXIT,exposure_floor
2023-10-11,ICICIBANK,REDUCE,exposure_floor
2023-10-11,ITC,REDUCE,exposure_floor
2023-10-11,INDIGO,REDUCE,exposure_floor
2023-10-11,JSWSTEEL,REDUCE,exposure_floor
2023-10-11,KOTAKBANK,EXIT,exposure_floor
2023-10-11,MAXHEALTH,EXIT,exposure_floor
2023-10-11,RELIANCE,EXIT,exposure_floor
2023-10-11,SBILIFE,REDUCE,exposure_floor
2023-10-11,SBIN,EXIT,exposure_floor
2023-10-11,SUNPHARMA,REDUCE,exposure_floor
2023-10-11,ULTRACEMCO,REDUCE,exposure_floor
2023-10-12,ADANIENT,EXIT,exposure_floor
2023-10-12,APOLLOHOSP,REDUCE,exposure_floor
2023-10-12,ASIANPAINT,REDUCE,exposure_floor
2023-10-12,CIPLA,REDUCE,exposure_floor
2023-10-12,DRREDDY,REDUCE,exposure_floor
2023-10-12,HDFCBANK,EXIT,exposure_floor
2023-10-12,HDFCLIFE,REDUCE,exposure_floor
2023-10-12,HINDUNILVR,EXIT,exposure_floor
2023-10-12,ICICIBANK,REDUCE,exposure_floor
2023-10-12,ITC,REDUCE,exposure_floor
2023-10-12,INDIGO,REDUCE,exposure_floor
2023-10-12,JSWSTEEL,REDUCE,exposure_floor
2023-10-12,KOTAKBANK,EXIT,exposure_floor
2023-10-12,MAXHEALTH,EXIT,exposure_floor
2023-10-12,RELIANCE,EXIT,exposure_floor
2023-10-12,SBIN,EXIT,exposure_floor
2023-10-12,SUNPHARMA,REDUCE,exposure_floor
2023-10-12,ULTRACEMCO,REDUCE,exposure_floor
2023-10-13,ADANIENT,EXIT,exposure_floor
2023-10-13,APOLLOHOSP,REDUCE,exposure_floor
2023-10-13,ASIANPAINT,REDUCE,exposure_floor
2023-10-13,CIPLA,REDUCE,exposure_floor
2023-10-13,DRREDDY,REDUCE,exposure_floor
2023-10-13,HDFCBANK,EXIT,exposure_floor
2023-10-13,HDFCLIFE,REDUCE,exposure_floor
2023-10-13,HINDUNILVR,EXIT,exposure_floor
2023-10-13,ICICIBANK,REDUCE,exposure_floor
2023-10-13,ITC,REDUCE,exposure_floor
2023-10-13,INDIGO,REDUCE,exposure_floor
2023-10-13,JSWSTEEL,REDUCE,exposure_floor
2023-10-13,KOTAKBANK,EXIT,exposure_floor
2023-10-13,MAXHEALTH,REDUCE,exposure_floor
2023-10-13,RELIANCE,EXIT,exposure_floor
2023-10-13,SBIN,EXIT,exposure_floor
2023-10-13,SUNPHARMA,REDUCE,exposure_floor
2023-10-13,ULTRACEMCO,REDUCE,exposure_floor
2023-10-13,WIPRO,REDUCE,exposure_floor
2023-10-16,ADANIENT,EXIT,exposure_floor
2023-10-16,APOLLOHOSP,REDUCE,exposure_floor
2023-10-16,ASIANPAINT,REDUCE,exposure_floor
2023-10-16,CIPLA,REDUCE,exposure_floor
2023-10-16,DRREDDY,REDUCE,exposure_floor
2023-10-16,HDFCBANK,EXIT,exposure_floor
2023-10-16,HDFCLIFE,REDUCE,exposure_floor
2023-10-16,HINDUNILVR,EXIT,exposure_floor
2023-10-16,ICICIBANK,REDUCE,exposure_floor
2023-10-16,ITC,REDUCE,exposure_floor
2023-10-16,INDIGO,REDUCE,exposure_floor
2023-10-16,JSWSTEEL,REDUCE,exposure_floor
2023-10-16,KOTAKBANK,EXIT,exposure_floor
2023-10-16,MAXHEALTH,REDUCE,exposure_floor
2023-10-16,RELIANCE,EXIT,exposure_floor
2023-10-16,SHRIRAMFIN,REDUCE,exposure_floor
2023-10-16,SBIN,EXIT,exposure_floor
2023-10-16,SUNPHARMA,REDUCE,exposure_floor
2023-10-16,ULTRACEMCO,REDUCE,exposure_floor
2023-10-16,WIPRO,REDUCE,exposure_floor
2023-10-17,ADANIENT,EXIT,exposure_floor
2023-10-17,ADANIPORTS,REDUCE,exposure_floor
2023-10-17,APOLLOHOSP,REDUCE,exposure_floor
2023-10-17,ASIANPAINT,REDUCE,exposure_floor
2023-10-17,CIPLA,REDUCE,exposure_floor
2023-10-17,DRREDDY,REDUCE,exposure_floor
2023-10-17,HDFCBANK,EXIT,exposure_floor
2023-10-17,HDFCLIFE,REDUCE,exposure_floor
2023-10-17,HINDUNILVR,EXIT,exposure_floor
2023-10-17,ICICIBANK,REDUCE,exposure_floor
2023-10-17,ITC,REDUCE,exposure_floor
2023-10-17,JSWSTEEL,REDUCE,exposure_floor
2023-10-17,KOTAKBANK,EXIT,exposure_floor
2023-10-17,MAXHEALTH,REDUCE,exposure_floor
2023-10-17,RELIANCE,EXIT,exposure_floor
2023-10-17,SHRIRAMFIN,REDUCE,exposure_floor
2023-10-17,SBIN,EXIT,exposure_floor
2023-10-17,SUNPHARMA,REDUCE,exposure_floor
2023-10-17,ULTRACEMCO,REDUCE,exposure_floor
2023-10-17,WIPRO,REDUCE,exposure_floor
2023-10-18,ADANIENT,EXIT,exposure_floor
2023-10-18,ADANIPORTS,REDUCE,exposure_floor
2023-10-18,APOLLOHOSP,REDUCE,exposure_floor
2023-10-18,ASIANPAINT,REDUCE,exposure_floor
2023-10-18,CIPLA,REDUCE,exposure_floor
2023-10-18,DRREDDY,REDUCE,exposure_floor
2023-10-18,HDFCBANK,EXIT,exposure_floor
2023-10-18,HDFCLIFE,REDUCE,exposure_floor
2023-10-18,HINDUNILVR,EXIT,exposure_floor
2023-10-18,ICICIBANK,REDUCE,exposure_floor
2023-10-18,ITC,REDUCE,exposure_floor
2023-10-18,JSWSTEEL,REDUCE,exposure_floor
2023-10-18,KOTAKBANK,EXIT,exposure_floor
2023-10-18,RELIANCE,EXIT,exposure_floor
2023-10-18,SHRIRAMFIN,REDUCE,exposure_floor
2023-10-18,SBIN,EXIT,exposure_floor
2023-10-18,SUNPHARMA,REDUCE,exposure_floor
2023-10-18,TCS,REDUCE,exposure_floor
2023-10-18,TECHM,REDUCE,exposure_floor
2023-10-18,ULTRACEMCO,REDUCE,exposure_floor
2023-10-18,WIPRO,REDUCE,exposure_floor
2023-10-19,ADANIENT,EXIT,exposure_floor
2023-10-19,ADANIPORTS,REDUCE,exposure_floor
2023-10-19,APOLLOHOSP,REDUCE,exposure_floor
2023-10-19,ASIANPAINT,REDUCE,exposure_floor
2023-10-19,CIPLA,REDUCE,exposure_floor
2023-10-19,DRREDDY,REDUCE,exposure_floor
2023-10-19,HDFCBANK,EXIT,exposure_floor
2023-10-19,HDFCLIFE,REDUCE,exposure_floor
2023-10-19,HINDUNILVR,EXIT,exposure_floor
2023-10-19,ICICIBANK,REDUCE,exposure_floor
2023-10-19,ITC,REDUCE,exposure_floor
2023-10-19,JSWSTEEL,REDUCE,exposure_floor
2023-10-19,KOTAKBANK,EXIT,exposure_floor
2023-10-19,RELIANCE,EXIT,exposure_floor
2023-10-19,SHRIRAMFIN,REDUCE,exposure_floor
2023-10-19,SBIN,EXIT,exposure_floor
2023-10-19,SUNPHARMA,REDUCE,exposure_floor
2023-10-19,TCS,REDUCE,exposure_floor
2023-10-19,TECHM,REDUCE,exposure_floor
2023-10-19,WIPRO,EXIT,exposure_floor
2023-10-20,ADANIENT,EXIT,exposure_floor
2023-10-20,ADANIPORTS,REDUCE,exposure_floor
2023-10-20,APOLLOHOSP,REDUCE,exposure_floor
2023-10-20,ASIANPAINT,REDUCE,exposure_floor
2023-10-20,CIPLA,REDUCE,exposure_floor
2023-10-20,DRREDDY,REDUCE,exposure_floor
2023-10-20,HDFCBANK,EXIT,exposure_floor
2023-10-20,HDFCLIFE,REDUCE,exposure_floor
2023-10-20,HINDUNILVR,EXIT,exposure_floor
2023-10-20,ICICIBANK,REDUCE,exposure_floor
2023-10-20,ITC,REDUCE,exposure_floor
2023-10-20,INDIGO,REDUCE,exposure_floor
2023-10-20,JSWSTEEL,REDUCE,exposure_floor
2023-10-20,KOTAKBANK,EXIT,exposure_floor
2023-10-20,RELIANCE,EXIT,exposure_floor
2023-10-20,SHRIRAMFIN,REDUCE,exposure_floor
2023-10-20,SBIN,EXIT,exposure_floor
2023-10-20,SUNPHARMA,REDUCE,exposure_floor
2023-10-20,TCS,REDUCE,exposure_floor
2023-10-20,TECHM,REDUCE,exposure_floor
2023-10-20,WIPRO,EXIT,exposure_floor
2023-10-23,ADANIENT,EXIT,exposure_floor
2023-10-23,ADANIPORTS,REDUCE,exposure_floor
2023-10-23,APOLLOHOSP,REDUCE,exposure_floor
2023-10-23,ASIANPAINT,REDUCE,exposure_floor
2023-10-23,CIPLA,REDUCE,exposure_floor
2023-10-23,DRREDDY,REDUCE,exposure_floor
2023-10-23,HDFCBANK,EXIT,exposure_floor
2023-10-23,HDFCLIFE,REDUCE,exposure_floor
2023-10-23,HINDALCO,REDUCE,exposure_floor
2023-10-23,HINDUNILVR,EXIT,exposure_floor
2023-10-23,ICICIBANK,REDUCE,exposure_floor
2023-10-23,ITC,REDUCE,exposure_floor
2023-10-23,INDIGO,REDUCE,exposure_floor
2023-10-23,JSWSTEEL,REDUCE,exposure_floor
2023-10-23,KOTAKBANK,EXIT,exposure_floor
2023-10-23,RELIANCE,EXIT,exposure_floor
2023-10-23,SHRIRAMFIN,REDUCE,exposure_floor
2023-10-23,SBIN,EXIT,exposure_floor
2023-10-23,SUNPHARMA,REDUCE,exposure_floor
2023-10-23,TCS,REDUCE,exposure_floor
2023-10-23,TECHM,REDUCE,exposure_floor
2023-10-23,WIPRO,EXIT,exposure_floor
2023-10-25,ADANIENT,EXIT,exposure_floor
2023-10-25,ADANIPORTS,REDUCE,exposure_floor
2023-10-25,APOLLOHOSP,REDUCE,exposure_floor
2023-10-25,ASIANPAINT,EXIT,exposure_floor
2023-10-25,CIPLA,REDUCE,exposure_floor
2023-10-25,DRREDDY,REDUCE,exposure_floor
2023-10-25,HDFCBANK,EXIT,exposure_floor
2023-10-25,HDFCLIFE,REDUCE,exposure_floor
2023-10-25,HINDALCO,REDUCE,exposure_floor
2023-10-25,HINDUNILVR,EXIT,exposure_floor
2023-10-25,ICICIBANK,REDUCE,exposure_floor
2023-10-25,ITC,REDUCE,exposure_floor
2023-10-25,INFY,EXIT,exposure_floor
2023-10-25,INDIGO,REDUCE,exposure_floor
2023-10-25,JSWSTEEL,REDUCE,exposure_floor
2023-10-25,KOTAKBANK,EXIT,exposure_floor
2023-10-25,RELIANCE,EXIT,exposure_floor
2023-10-25,SBILIFE,REDUCE,exposure_floor
2023-10-25,SHRIRAMFIN,REDUCE,exposure_floor
2023-10-25,SBIN,EXIT,exposure_floor
2023-10-25,SUNPHARMA,REDUCE,exposure_floor
2023-10-25,TCS,REDUCE,exposure_floor
2023-10-25,TECHM,REDUCE,exposure_floor
2023-10-25,WIPRO,EXIT,exposure_floor
2023-10-26,ADANIENT,EXIT,exposure_floor
2023-10-26,ADANIPORTS,REDUCE,exposure_floor
2023-10-26,APOLLOHOSP,REDUCE,exposure_floor
2023-10-26,ASIANPAINT,EXIT,exposure_floor
2023-10-26,BEL,REDUCE,exposure_floor
2023-10-26,CIPLA,REDUCE,exposure_floor
2023-10-26,DRREDDY,REDUCE,exposure_floor
2023-10-26,HDFCBANK,EXIT,exposure_floor
2023-10-26,HDFCLIFE,REDUCE,exposure_floor
2023-10-26,HINDALCO,REDUCE,exposure_floor
2023-10-26,HINDUNILVR,EXIT,exposure_floor
2023-10-26,ICICIBANK,EXIT,exposure_floor
2023-10-26,ITC,REDUCE,exposure_floor
2023-10-26,INFY,EXIT,exposure_floor
2023-10-26,INDIGO,REDUCE,exposure_floor
2023-10-26,JSWSTEEL,EXIT,exposure_floor
2023-10-26,KOTAKBANK,EXIT,exposure_floor
2023-10-26,M&M,REDUCE,exposure_floor
2023-10-26,RELIANCE,EXIT,exposure_floor
2023-10-26,SBILIFE,REDUCE,exposure_floor
2023-10-26,SHRIRAMFIN,REDUCE,exposure_floor
2023-10-26,SBIN,EXIT,exposure_floor
2023-10-26,SUNPHARMA,REDUCE,exposure_floor
2023-10-26,TCS,REDUCE,exposure_floor
2023-10-26,TECHM,REDUCE,exposure_floor
2023-10-26,WIPRO,EXIT,exposure_floor
2023-10-27,ADANIENT,EXIT,exposure_floor
2023-10-27,ADANIPORTS,REDUCE,exposure_floor
2023-10-27,APOLLOHOSP,REDUCE,exposure_floor
2023-10-27,ASIANPAINT,EXIT,exposure_floor
2023-10-27,BEL,REDUCE,exposure_floor
2023-10-27,CIPLA,REDUCE,exposure_floor
2023-10-27,DRREDDY,REDUCE,exposure_floor
2023-10-27,HDFCBANK,EXIT,exposure_floor
2023-10-27,HDFCLIFE,REDUCE,exposure_floor
2023-10-27,HINDALCO,REDUCE,exposure_floor
2023-10-27,HINDUNILVR,EXIT,exposure_floor
2023-10-27,ICICIBANK,EXIT,exposure_floor
2023-10-27,ITC,REDUCE,exposure_floor
2023-10-27,INFY,EXIT,exposure_floor
2023-10-27,INDIGO,REDUCE,exposure_floor
2023-10-27,JSWSTEEL,EXIT,exposure_floor
2023-10-27,KOTAKBANK,EXIT,exposure_floor
2023-10-27,M&M,REDUCE,exposure_floor
2023-10-27,RELIANCE,EXIT,exposure_floor
2023-10-27,SBILIFE,REDUCE,exposure_floor
2023-10-27,SBIN,EXIT,exposure_floor
2023-10-27,SUNPHARMA,REDUCE,exposure_floor
2023-10-27,TCS,REDUCE,exposure_floor
2023-10-27,TECHM,REDUCE,exposure_floor
2023-10-27,WIPRO,EXIT,exposure_floor
2023-10-30,ADANIENT,EXIT,exposure_floor
2023-10-30,ADANIPORTS,REDUCE,exposure_floor
2023-10-30,APOLLOHOSP,REDUCE,exposure_floor
2023-10-30,ASIANPAINT,EXIT,exposure_floor
2023-10-30,BEL,REDUCE,exposure_floor
2023-10-30,CIPLA,REDUCE,exposure_floor
2023-10-30,DRREDDY,REDUCE,exposure_floor
2023-10-30,HDFCBANK,EXIT,exposure_floor
2023-10-30,HDFCLIFE,REDUCE,exposure_floor
2023-10-30,HINDALCO,REDUCE,exposure_floor
2023-10-30,HINDUNILVR,EXIT,exposure_floor
2023-10-30,ICICIBANK,EXIT,exposure_floor
2023-10-30,ITC,REDUCE,exposure_floor
2023-10-30,INFY,EXIT,exposure_floor
2023-10-30,JSWSTEEL,EXIT,exposure_floor
2023-10-30,KOTAKBANK,EXIT,exposure_floor
2023-10-30,M&M,REDUCE,exposure_floor
2023-10-30,RELIANCE,EXIT,exposure_floor
2023-10-30,SBIN,EXIT,exposure_floor
2023-10-30,SUNPHARMA,REDUCE,exposure_floor
2023-10-30,TCS,REDUCE,exposure_floor
2023-10-30,TECHM,REDUCE,exposure_floor
2023-10-30,WIPRO,EXIT,exposure_floor
2023-10-31,ADANIENT,EXIT,exposure_floor
2023-10-31,ADANIPORTS,REDUCE,exposure_floor
2023-10-31,APOLLOHOSP,REDUCE,exposure_floor
2023-10-31,ASIANPAINT,EXIT,exposure_floor
2023-10-31,BEL,REDUCE,exposure_floor
2023-10-31,CIPLA,REDUCE,exposure_floor
2023-10-31,DRREDDY,REDUCE,exposure_floor
2023-10-31,EICHERMOT,EXIT,exposure_floor
2023-10-31,HDFCBANK,EXIT,exposure_floor
2023-10-31,HDFCLIFE,REDUCE,exposure_floor
2023-10-31,HINDALCO,REDUCE,exposure_floor
2023-10-31,HINDUNILVR,EXIT,exposure_floor
2023-10-31,ICICIBANK,EXIT,exposure_floor
2023-10-31,ITC,REDUCE,exposure_floor
2023-10-31,INFY,EXIT,exposure_floor
2023-10-31,INDIGO,REDUCE,exposure_floor
2023-10-31,JSWSTEEL,EXIT,exposure_floor
2023-10-31,KOTAKBANK,EXIT,exposure_floor
2023-10-31,M&M,REDUCE,exposure_floor
2023-10-31,RELIANCE,EXIT,exposure_floor
2023-10-31,SBIN,EXIT,exposure_floor
2023-10-31,SUNPHARMA,REDUCE,exposure_floor
2023-10-31,TCS,REDUCE,exposure_floor
2023-10-31,TECHM,REDUCE,exposure_floor
2023-10-31,WIPRO,EXIT,exposure_floor
2023-11-01,ADANIENT,EXIT,exposure_floor
2023-11-01,ADANIPORTS,REDUCE,exposure_floor
2023-11-01,APOLLOHOSP,REDUCE,exposure_floor
2023-11-01,ASIANPAINT,EXIT,exposure_floor
2023-11-01,BEL,REDUCE,exposure_floor
2023-11-01,CIPLA,REDUCE,exposure_floor
2023-11-01,DRREDDY,REDUCE,exposure_floor
2023-11-01,EICHERMOT,EXIT,exposure_floor
2023-11-01,HDFCBANK,EXIT,exposure_floor
2023-11-01,HDFCLIFE,REDUCE,exposure_floor
2023-11-01,HINDALCO,REDUCE,exposure_floor
2023-11-01,HINDUNILVR,EXIT,exposure_floor
2023-11-01,ICICIBANK,EXIT,exposure_floor
2023-11-01,ITC,REDUCE,exposure_floor
2023-11-01,INFY,EXIT,exposure_floor
2023-11-01,INDIGO,REDUCE,exposure_floor
2023-11-01,JSWSTEEL,EXIT,exposure_floor
2023-11-01,KOTAKBANK,EXIT,exposure_floor
2023-11-01,M&M,REDUCE,exposure_floor
2023-11-01,RELIANCE,EXIT,exposure_floor
2023-11-01,SBIN,EXIT,exposure_floor
2023-11-01,SUNPHARMA,REDUCE,exposure_floor
2023-11-01,TCS,REDUCE,exposure_floor
2023-11-01,TECHM,REDUCE,exposure_floor
2023-11-01,WIPRO,EXIT,exposure_floor
2023-11-02,ADANIENT,EXIT,exposure_floor
2023-11-02,ADANIPORTS,REDUCE,exposure_floor
2023-11-02,APOLLOHOSP,REDUCE,exposure_floor
2023-11-02,ASIANPAINT,EXIT,exposure_floor
2023-11-02,BEL,REDUCE,exposure_floor
2023-11-02,CIPLA,REDUCE,exposure_floor
2023-11-02,DRREDDY,REDUCE,exposure_floor
2023-11-02,EICHERMOT,EXIT,exposure_floor
2023-11-02,HDFCBANK,EXIT,exposure_floor
2023-11-02,HDFCLIFE,REDUCE,exposure_floor
2023-11-02,HINDUNILVR,EXIT,exposure_floor
2023-11-02,ICICIBANK,EXIT,exposure_floor
2023-11-02,ITC,REDUCE,exposure_floor
2023-11-02,INFY,EXIT,exposure_floor
2023-11-02,JSWSTEEL,EXIT,exposure_floor
2023-11-02,KOTAKBANK,EXIT,exposure_floor
2023-11-02,M&M,REDUCE,exposure_floor
2023-11-02,RELIANCE,EXIT,exposure_floor
2023-11-02,SBIN,EXIT,exposure_floor
2023-11-02,SUNPHARMA,REDUCE,exposure_floor
2023-11-02,TCS,REDUCE,exposure_floor
2023-11-02,TECHM,REDUCE,exposure_floor
2023-11-02,WIPRO,EXIT,exposure_floor
2023-11-03,ADANIENT,EXIT,exposure_floor
2023-11-03,ADANIPORTS,REDUCE,exposure_floor
2023-11-03,ASIANPAINT,EXIT,exposure_floor
2023-11-03,BEL,REDUCE,exposure_floor
2023-11-03,CIPLA,REDUCE,exposure_floor
2023-11-03,DRREDDY,REDUCE,exposure_floor
2023-11-03,EICHERMOT,REDUCE,exposure_floor
2023-11-03,HDFCBANK,EXIT,exposure_floor
2023-11-03,HDFCLIFE,REDUCE,exposure_floor
2023-11-03,HINDUNILVR,EXIT,exposure_floor
2023-11-03,ICICIBANK,EXIT,exposure_floor
2023-11-03,ITC,REDUCE,exposure_floor
2023-11-03,INFY,EXIT,exposure_floor
2023-11-03,JSWSTEEL,EXIT,exposure_floor
2023-11-03,KOTAKBANK,EXIT,exposure_floor
2023-11-03,M&M,REDUCE,exposure_floor
2023-11-03,RELIANCE,EXIT,exposure_floor
2023-11-03,SBIN,EXIT,exposure_floor
2023-11-03,SUNPHARMA,REDUCE,exposure_floor
2023-11-03,TCS,REDUCE,exposure_floor
2023-11-03,TATASTEEL,REDUCE,exposure_floor
2023-11-03,TECHM,REDUCE,exposure_floor
2023-11-03,WIPRO,EXIT,exposure_floor
2023-11-06,ADANIENT,EXIT,exposure_floor
2023-11-06,ADANIPORTS,REDUCE,exposure_floor
2023-11-06,ASIANPAINT,EXIT,exposure_floor
2023-11-06,CIPLA,REDUCE,exposure_floor
2023-11-06,DRREDDY,REDUCE,exposure_floor
2023-11-06,HDFCBANK,EXIT,exposure_floor
2023-11-06,HDFCLIFE,REDUCE,exposure_floor
2023-11-06,HINDUNILVR,EXIT,exposure_floor
2023-11-06,ICICIBANK,EXIT,exposure_floor
2023-11-06,ITC,REDUCE,exposure_floor
2023-11-06,INFY,EXIT,exposure_floor
2023-11-06,JSWSTEEL,EXIT,exposure_floor
2023-11-06,KOTAKBANK,EXIT,exposure_floor
2023-11-06,M&M,REDUCE,exposure_floor
2023-11-06,RELIANCE,EXIT,exposure_floor
2023-11-06,SBIN,EXIT,exposure_floor
2023-11-06,TCS,REDUCE,exposure_floor
2023-11-06,TATASTEEL,REDUCE,exposure_floor
2023-11-06,TECHM,REDUCE,exposure_floor
2023-11-06,WIPRO,EXIT,exposure_floor
2023-11-07,ADANIENT,EXIT,exposure_floor
2023-11-07,ADANIPORTS,REDUCE,exposure_floor
2023-11-07,ASIANPAINT,EXIT,exposure_floor
2023-11-07,CIPLA,REDUCE,exposure_floor
2023-11-07,DRREDDY,REDUCE,exposure_floor
2023-11-07,HDFCBANK,EXIT,exposure_floor
2023-11-07,HDFCLIFE,REDUCE,exposure_floor
2023-11-07,HINDUNILVR,EXIT,exposure_floor
2023-11-07,ICICIBANK,EXIT,exposure_floor
2023-11-07,ITC,REDUCE,exposure_floor
2023-11-07,INFY,EXIT,exposure_floor
2023-11-07,JSWSTEEL,EXIT,exposure_floor
2023-11-07,KOTAKBANK,EXIT,exposure_floor
2023-11-07,M&M,REDUCE,exposure_floor
2023-11-07,RELIANCE,EXIT,exposure_floor
2023-11-07,SBIN,EXIT,exposure_floor
2023-11-07,TCS,REDUCE,exposure_floor
2023-11-07,TATASTEEL,REDUCE,exposure_floor
2023-11-07,TECHM,REDUCE,exposure_floor
2023-11-07,WIPRO,EXIT,exposure_floor
2023-11-08,ADANIENT,EXIT,exposure_floor
2023-11-08,ADANIPORTS,REDUCE,exposure_floor
2023-11-08,ASIANPAINT,EXIT,exposure_floor
2023-11-08,DRREDDY,REDUCE,exposure_floor
2023-11-08,HDFCBANK,EXIT,exposure_floor
2023-11-08,HDFCLIFE,REDUCE,exposure_floor
2023-11-08,HINDUNILVR,EXIT,exposure_floor
2023-11-08,ICICIBANK,EXIT,exposure_floor
2023-11-08,ITC,REDUCE,exposure_floor
2023-11-08,INFY,EXIT,exposure_floor
2023-11-08,JSWSTEEL,EXIT,exposure_floor
2023-11-08,KOTAKBANK,EXIT,exposure_floor
2023-11-08,M&M,REDUCE,exposure_floor
2023-11-08,RELIANCE,EXIT,exposure_floor
2023-11-08,SBIN,EXIT,exposure_floor
2023-11-08,TCS,REDUCE,exposure_floor
2023-11-08,TATASTEEL,REDUCE,exposure_floor
2023-11-08,TECHM,REDUCE,exposure_floor
2023-11-08,WIPRO,EXIT,exposure_floor
2023-11-09,ADANIENT,EXIT,exposure_floor
2023-11-09,ADANIPORTS,REDUCE,exposure_floor
2023-11-09,ASIANPAINT,EXIT,exposure_floor
2023-11-09,DRREDDY,REDUCE,exposure_floor
2023-11-09,HDFCBANK,EXIT,exposure_floor
2023-11-09,HDFCLIFE,REDUCE,exposure_floor
2023-11-09,HINDUNILVR,EXIT,exposure_floor
2023-11-09,ICICIBANK,EXIT,exposure_floor
2023-11-09,ITC,REDUCE,exposure_floor
2023-11-09,INFY,EXIT,exposure_floor
2023-11-09,JSWSTEEL,EXIT,exposure_floor
2023-11-09,KOTAKBANK,EXIT,exposure_floor
2023-11-09,M&M,REDUCE,exposure_floor
2023-11-09,RELIANCE,EXIT,exposure_floor
2023-11-09,SBIN,EXIT,exposure_floor
2023-11-09,TCS,REDUCE,exposure_floor
2023-11-09,TATASTEEL,REDUCE,exposure_floor
2023-11-09,TECHM,REDUCE,exposure_floor
2023-11-09,WIPRO,EXIT,exposure_floor
2023-11-10,ADANIENT,EXIT,exposure_floor
2023-11-10,ADANIPORTS,REDUCE,exposure_floor
2023-11-10,ASIANPAINT,EXIT,exposure_floor
2023-11-10,DRREDDY,REDUCE,exposure_floor
2023-11-10,HDFCBANK,EXIT,exposure_floor
2023-11-10,HDFCLIFE,REDUCE,exposure_floor
2023-11-10,HINDUNILVR,EXIT,exposure_floor
2023-11-10,ICICIBANK,EXIT,exposure_floor
2023-11-10,ITC,REDUCE,exposure_floor
2023-11-10,INFY,EXIT,exposure_floor
2023-11-10,JSWSTEEL,EXIT,exposure_floor
2023-11-10,KOTAKBANK,EXIT,exposure_floor
2023-11-10,M&M,REDUCE,exposure_floor
2023-11-10,RELIANCE,EXIT,exposure_floor
2023-11-10,SBIN,EXIT,exposure_floor
2023-11-10,TCS,REDUCE,exposure_floor
2023-11-10,TATASTEEL,REDUCE,exposure_floor
2023-11-10,TECHM,REDUCE,exposure_floor
2023-11-10,WIPRO,EXIT,exposure_floor
2023-11-13,ADANIENT,EXIT,exposure_floor
2023-11-13,ADANIPORTS,REDUCE,exposure_floor
2023-11-13,ASIANPAINT,EXIT,exposure_floor
2023-11-13,BAJFINANCE,REDUCE,exposure_floor
2023-11-13,DRREDDY,REDUCE,exposure_floor
2023-11-13,HDFCBANK,EXIT,exposure_floor
2023-11-13,HDFCLIFE,REDUCE,exposure_floor
2023-11-13,HINDUNILVR,EXIT,exposure_floor
2023-11-13,ICICIBANK,EXIT,exposure_floor
2023-11-13,ITC,REDUCE,exposure_floor
2023-11-13,INFY,EXIT,exposure_floor
2023-11-13,JSWSTEEL,EXIT,exposure_floor
2023-11-13,KOTAKBANK,EXIT,exposure_floor
2023-11-13,M&M,REDUCE,exposure_floor
2023-11-13,RELIANCE,EXIT,exposure_floor
2023-11-13,SBIN,REDUCE,exposure_floor
2023-11-13,TCS,EXIT,exposure_floor
2023-11-13,TATASTEEL,REDUCE,exposure_floor
2023-11-13,TECHM,REDUCE,exposure_floor
2023-11-13,WIPRO,EXIT,exposure_floor
2023-11-15,ADANIENT,EXIT,exposure_floor
2023-11-15,ADANIPORTS,REDUCE,exposure_floor
2023-11-15,ASIANPAINT,EXIT,exposure_floor
2023-11-15,BAJFINANCE,REDUCE,exposure_floor
2023-11-15,DRREDDY,REDUCE,exposure_floor
2023-11-15,HDFCBANK,EXIT,exposure_floor
2023-11-15,HDFCLIFE,REDUCE,exposure_floor
2023-11-15,HINDUNILVR,EXIT,exposure_floor
2023-11-15,ICICIBANK,EXIT,exposure_floor
2023-11-15,ITC,REDUCE,exposure_floor
2023-11-15,INFY,EXIT,exposure_floor
2023-11-15,JSWSTEEL,EXIT,exposure_floor
2023-11-15,KOTAKBANK,EXIT,exposure_floor
2023-11-15,M&M,REDUCE,exposure_floor
2023-11-15,RELIANCE,EXIT,exposure_floor
2023-11-15,TCS,EXIT,exposure_floor
2023-11-15,TATASTEEL,REDUCE,exposure_floor
2023-11-15,TECHM,REDUCE,exposure_floor
2023-11-15,WIPRO,EXIT,exposure_floor
2023-11-16,ADANIENT,EXIT,exposure_floor
2023-11-16,ADANIPORTS,REDUCE,exposure_floor
2023-11-16,ASIANPAINT,EXIT,exposure_floor
2023-11-16,BAJFINANCE,REDUCE,exposure_floor
2023-11-16,DRREDDY,REDUCE,exposure_floor
2023-11-16,HDFCBANK,EXIT,exposure_floor
2023-11-16,HDFCLIFE,REDUCE,exposure_floor
2023-11-16,HINDUNILVR,EXIT,exposure_floor
2023-11-16,ICICIBANK,EXIT,exposure_floor
2023-11-16,ITC,REDUCE,exposure_floor
2023-11-16,INFY,EXIT,exposure_floor
2023-11-16,JSWSTEEL,EXIT,exposure_floor
2023-11-16,KOTAKBANK,EXIT,exposure_floor
2023-11-16,M&M,REDUCE,exposure_floor
2023-11-16,RELIANCE,EXIT,exposure_floor
2023-11-16,TCS,REDUCE,exposure_floor
2023-11-16,TATASTEEL,REDUCE,exposure_floor
2023-11-16,TECHM,REDUCE,exposure_floor
2023-11-16,WIPRO,EXIT,exposure_floor
2023-11-17,ADANIENT,EXIT,exposure_floor
2023-11-17,ADANIPORTS,REDUCE,exposure_floor
2023-11-17,ASIANPAINT,EXIT,exposure_floor
2023-11-17,AXISBANK,REDUCE,exposure_floor
2023-11-17,BAJFINANCE,REDUCE,exposure_floor
2023-11-17,DRREDDY,REDUCE,exposure_floor
2023-11-17,HDFCBANK,EXIT,exposure_floor
2023-11-17,HDFCLIFE,REDUCE,exposure_floor
2023-11-17,HINDUNILVR,EXIT,exposure_floor
2023-11-17,ICICIBANK,EXIT,exposure_floor
2023-11-17,ITC,REDUCE,exposure_floor
2023-11-17,INFY,EXIT,exposure_floor
2023-11-17,JSWSTEEL,EXIT,exposure_floor
2023-11-17,KOTAKBANK,EXIT,exposure_floor
2023-11-17,M&M,REDUCE,exposure_floor
2023-11-17,RELIANCE,EXIT,exposure_floor
2023-11-17,SBIN,EXIT,exposure_floor
2023-11-17,TATASTEEL,REDUCE,exposure_floor
2023-11-17,TECHM,REDUCE,exposure_floor
2023-11-17,WIPRO,EXIT,exposure_floor
2023-11-20,ADANIENT,EXIT,exposure_floor
2023-11-20,ADANIPORTS,REDUCE,exposure_floor
2023-11-20,ASIANPAINT,EXIT,exposure_floor
2023-11-20,AXISBANK,REDUCE,exposure_floor
2023-11-20,BAJFINANCE,REDUCE,exposure_floor
2023-11-20,DRREDDY,REDUCE,exposure_floor
2023-11-20,HDFCBANK,EXIT,exposure_floor
2023-11-20,HDFCLIFE,REDUCE,exposure_floor
2023-11-20,HINDUNILVR,EXIT,exposure_floor
2023-11-20,ICICIBANK,EXIT,exposure_floor
2023-11-20,ITC,REDUCE,exposure_floor
2023-11-20,INFY,EXIT,exposure_floor
2023-11-20,JSWSTEEL,EXIT,exposure_floor
2023-11-20,KOTAKBANK,EXIT,exposure_floor
2023-11-20,M&M,REDUCE,exposure_floor
2023-11-20,RELIANCE,EXIT,exposure_floor
2023-11-20,SBIN,EXIT,exposure_floor
2023-11-20,TATASTEEL,REDUCE,exposure_floor
2023-11-20,TECHM,REDUCE,exposure_floor
2023-11-20,WIPRO,EXIT,exposure_floor
2023-11-21,ADANIENT,EXIT,exposure_floor
2023-11-21,ADANIPORTS,REDUCE,exposure_floor
2023-11-21,ASIANPAINT,EXIT,exposure_floor
2023-11-21,AXISBANK,REDUCE,exposure_floor
2023-11-21,BAJFINANCE,REDUCE,exposure_floor
2023-11-21,DRREDDY,REDUCE,exposure_floor
2023-11-21,HDFCBANK,EXIT,exposure_floor
2023-11-21,HINDUNILVR,EXIT,exposure_floor
2023-11-21,ICICIBANK,EXIT,exposure_floor
2023-11-21,ITC,REDUCE,exposure_floor
2023-11-21,INFY,EXIT,exposure_floor
2023-11-21,JSWSTEEL,EXIT,exposure_floor
2023-11-21,KOTAKBANK,EXIT,exposure_floor
2023-11-21,M&M,REDUCE,exposure_floor
2023-11-21,RELIANCE,EXIT,exposure_floor
2023-11-21,SBIN,EXIT,exposure_floor
2023-11-21,TATASTEEL,REDUCE,exposure_floor
2023-11-21,TECHM,REDUCE,exposure_floor
2023-11-21,WIPRO,EXIT,exposure_floor
2023-11-22,ADANIENT,EXIT,exposure_floor
2023-11-22,ADANIPORTS,REDUCE,exposure_floor
2023-11-22,ASIANPAINT,EXIT,exposure_floor
2023-11-22,AXISBANK,REDUCE,exposure_floor
2023-11-22,BAJFINANCE,REDUCE,exposure_floor
2023-11-22,DRREDDY,REDUCE,exposure_floor
2023-11-22,HDFCBANK,EXIT,exposure_floor
2023-11-22,HINDUNILVR,EXIT,exposure_floor
2023-11-22,ICICIBANK,EXIT,exposure_floor
2023-11-22,ITC,REDUCE,exposure_floor
2023-11-22,INFY,EXIT,exposure_floor
2023-11-22,JSWSTEEL,EXIT,exposure_floor
2023-11-22,KOTAKBANK,EXIT,exposure_floor
2023-11-22,M&M,REDUCE,exposure_floor
2023-11-22,RELIANCE,EXIT,exposure_floor
2023-11-22,SBIN,EXIT,exposure_floor
2023-11-22,TATASTEEL,REDUCE,exposure_floor
2023-11-22,TECHM,REDUCE,exposure_floor
2023-11-22,WIPRO,EXIT,exposure_floor
2023-11-23,ADANIENT,EXIT,exposure_floor
2023-11-23,ADANIPORTS,REDUCE,exposure_floor
2023-11-23,ASIANPAINT,EXIT,exposure_floor
2023-11-23,AXISBANK,REDUCE,exposure_floor
2023-11-23,BAJFINANCE,REDUCE,exposure_floor
2023-11-23,CIPLA,REDUCE,exposure_floor
2023-11-23,HDFCBANK,EXIT,exposure_floor
2023-11-23,HINDUNILVR,EXIT,exposure_floor
2023-11-23,ICICIBANK,EXIT,exposure_floor
2023-11-23,ITC,REDUCE,exposure_floor
2023-11-23,INFY,EXIT,exposure_floor
2023-11-23,JSWSTEEL,EXIT,exposure_floor
2023-11-23,KOTAKBANK,EXIT,exposure_floor
2023-11-23,M&M,REDUCE,exposure_floor
2023-11-23,RELIANCE,EXIT,exposure_floor
2023-11-23,SBIN,EXIT,exposure_floor
2023-11-23,TATASTEEL,REDUCE,exposure_floor
2023-11-23,TECHM,REDUCE,exposure_floor
2023-11-23,WIPRO,EXIT,exposure_floor
2023-11-24,ADANIENT,EXIT,exposure_floor
2023-11-24,ADANIPORTS,REDUCE,exposure_floor
2023-11-24,ASIANPAINT,EXIT,exposure_floor
2023-11-24,BAJFINANCE,REDUCE,exposure_floor
2023-11-24,CIPLA,REDUCE,exposure_floor
2023-11-24,HDFCBANK,EXIT,exposure_floor
2023-11-24,HINDUNILVR,EXIT,exposure_floor
2023-11-24,ICICIBANK,EXIT,exposure_floor
2023-11-24,ITC,REDUCE,exposure_floor
2023-11-24,INFY,EXIT,exposure_floor
2023-11-24,JSWSTEEL,EXIT,exposure_floor
2023-11-24,KOTAKBANK,EXIT,exposure_floor
2023-11-24,M&M,REDUCE,exposure_floor
2023-11-24,RELIANCE,EXIT,exposure_floor
2023-11-24,SBIN,EXIT,exposure_floor
2023-11-24,TCS,REDUCE,exposure_floor
2023-11-24,TATASTEEL,REDUCE,exposure_floor
2023-11-24,TECHM,REDUCE,exposure_floor
2023-11-24,WIPRO,EXIT,exposure_floor
2023-11-28,ADANIENT,EXIT,exposure_floor
2023-11-28,ADANIPORTS,REDUCE,exposure_floor
2023-11-28,ASIANPAINT,EXIT,exposure_floor
2023-11-28,BAJFINANCE,REDUCE,exposure_floor
2023-11-28,CIPLA,REDUCE,exposure_floor
2023-11-28,HDFCBANK,EXIT,exposure_floor
2023-11-28,HINDUNILVR,EXIT,exposure_floor
2023-11-28,ICICIBANK,EXIT,exposure_floor
2023-11-28,ITC,REDUCE,exposure_floor
2023-11-28,INFY,EXIT,exposure_floor
2023-11-28,JSWSTEEL,EXIT,exposure_floor
2023-11-28,KOTAKBANK,EXIT,exposure_floor
2023-11-28,M&M,REDUCE,exposure_floor
2023-11-28,RELIANCE,EXIT,exposure_floor
2023-11-28,SBIN,EXIT,exposure_floor
2023-11-28,TCS,REDUCE,exposure_floor
2023-11-28,TATASTEEL,REDUCE,exposure_floor
2023-11-28,TECHM,REDUCE,exposure_floor
2023-11-28,WIPRO,EXIT,exposure_floor
2023-11-29,ADANIENT,EXIT,exposure_floor
2023-11-29,ADANIPORTS,REDUCE,exposure_floor
2023-11-29,ASIANPAINT,EXIT,exposure_floor
2023-11-29,BAJFINANCE,REDUCE,exposure_floor
2023-11-29,CIPLA,REDUCE,exposure_floor
2023-11-29,HDFCBANK,EXIT,exposure_floor
2023-11-29,HINDUNILVR,EXIT,exposure_floor
2023-11-29,ICICIBANK,EXIT,exposure_floor
2023-11-29,ITC,REDUCE,exposure_floor
2023-11-29,INFY,EXIT,exposure_floor
2023-11-29,JSWSTEEL,EXIT,exposure_floor
2023-11-29,KOTAKBANK,EXIT,exposure_floor
2023-11-29,RELIANCE,EXIT,exposure_floor
2023-11-29,SBIN,EXIT,exposure_floor
2023-11-29,TCS,REDUCE,exposure_floor
2023-11-29,TATASTEEL,REDUCE,exposure_floor
2023-11-29,TECHM,REDUCE,exposure_floor
2023-11-29,WIPRO,EXIT,exposure_floor
2023-11-30,ADANIENT,EXIT,exposure_floor
2023-11-30,ADANIPORTS,REDUCE,exposure_floor
2023-11-30,ASIANPAINT,EXIT,exposure_floor
2023-11-30,BAJFINANCE,REDUCE,exposure_floor
2023-11-30,CIPLA,REDUCE,exposure_floor
2023-11-30,HDFCBANK,EXIT,exposure_floor
2023-11-30,HINDUNILVR,REDUCE,exposure_floor
2023-11-30,ICICIBANK,EXIT,exposure_floor
2023-11-30,ITC,REDUCE,exposure_floor
2023-11-30,INFY,EXIT,exposure_floor
2023-11-30,JSWSTEEL,EXIT,exposure_floor
2023-11-30,KOTAKBANK,EXIT,exposure_floor
2023-11-30,RELIANCE,EXIT,exposure_floor
2023-11-30,SBIN,EXIT,exposure_floor
2023-11-30,TCS,REDUCE,exposure_floor
2023-11-30,TATASTEEL,REDUCE,exposure_floor
2023-11-30,TECHM,REDUCE,exposure_floor
2023-11-30,WIPRO,EXIT,exposure_floor
2023-12-01,ADANIENT,EXIT,exposure_floor
2023-12-01,ADANIPORTS,REDUCE,exposure_floor
2023-12-01,ASIANPAINT,EXIT,exposure_floor
2023-12-01,BAJFINANCE,REDUCE,exposure_floor
2023-12-01,CIPLA,REDUCE,exposure_floor
2023-12-01,HDFCBANK,EXIT,exposure_floor
2023-12-01,HINDUNILVR,REDUCE,exposure_floor
2023-12-01,ICICIBANK,EXIT,exposure_floor
2023-12-01,ITC,REDUCE,exposure_floor
2023-12-01,INFY,EXIT,exposure_floor
2023-12-01,JSWSTEEL,EXIT,exposure_floor
2023-12-01,KOTAKBANK,EXIT,exposure_floor
2023-12-01,RELIANCE,EXIT,exposure_floor
2023-12-01,SBIN,EXIT,exposure_floor
2023-12-01,TCS,REDUCE,exposure_floor
2023-12-01,TATASTEEL,REDUCE,exposure_floor
2023-12-01,TECHM,REDUCE,exposure_floor
2023-12-01,WIPRO,EXIT,exposure_floor
2023-12-04,ADANIENT,EXIT,exposure_floor
2023-12-04,ASIANPAINT,EXIT,exposure_floor
2023-12-04,BAJFINANCE,REDUCE,exposure_floor
2023-12-04,CIPLA,REDUCE,exposure_floor
2023-12-04,HDFCBANK,EXIT,exposure_floor
2023-12-04,HINDUNILVR,REDUCE,exposure_floor
2023-12-04,ICICIBANK,EXIT,exposure_floor
2023-12-04,ITC,REDUCE,exposure_floor
2023-12-04,INFY,EXIT,exposure_floor
2023-12-04,JSWSTEEL,EXIT,exposure_floor
2023-12-04,KOTAKBANK,EXIT,exposure_floor
2023-12-04,RELIANCE,EXIT,exposure_floor
2023-12-04,SBIN,EXIT,exposure_floor
2023-12-04,TCS,REDUCE,exposure_floor
2023-12-04,TATASTEEL,REDUCE,exposure_floor
2023-12-04,TECHM,REDUCE,exposure_floor
2023-12-04,WIPRO,EXIT,exposure_floor
2023-12-05,ASIANPAINT,EXIT,exposure_floor
2023-12-05,BAJFINANCE,REDUCE,exposure_floor
2023-12-05,CIPLA,REDUCE,exposure_floor
2023-12-05,HDFCBANK,EXIT,exposure_floor
2023-12-05,HINDUNILVR,REDUCE,exposure_floor
2023-12-05,ICICIBANK,EXIT,exposure_floor
2023-12-05,ITC,REDUCE,exposure_floor
2023-12-05,INFY,EXIT,exposure_floor
2023-12-05,JSWSTEEL,EXIT,exposure_floor
2023-12-05,KOTAKBANK,EXIT,exposure_floor
2023-12-05,RELIANCE,EXIT,exposure_floor
2023-12-05,SBIN,EXIT,exposure_floor
2023-12-05,TCS,REDUCE,exposure_floor
2023-12-05,TATASTEEL,REDUCE,exposure_floor
2023-12-05,TECHM,REDUCE,exposure_floor
2023-12-05,WIPRO,EXIT,exposure_floor
2023-12-06,ADANIENT,EXIT,exposure_floor
2023-12-06,ASIANPAINT,EXIT,exposure_floor
2023-12-06,BAJFINANCE,REDUCE,exposure_floor
2023-12-06,CIPLA,REDUCE,exposure_floor
2023-12-06,HDFCBANK,EXIT,exposure_floor
2023-12-06,HINDUNILVR,REDUCE,exposure_floor
2023-12-06,ICICIBANK,EXIT,exposure_floor
2023-12-06,ITC,REDUCE,exposure_floor
2023-12-06,INFY,EXIT,exposure_floor
2023-12-06,JSWSTEEL,EXIT,exposure_floor
2023-12-06,KOTAKBANK,EXIT,exposure_floor
2023-12-06,RELIANCE,EXIT,exposure_floor
2023-12-06,SBIN,EXIT,exposure_floor
2023-12-06,TCS,REDUCE,exposure_floor
2023-12-06,TATASTEEL,REDUCE,exposure_floor
2023-12-06,TECHM,REDUCE,exposure_floor
2023-12-06,WIPRO,EXIT,exposure_floor
2023-12-07,ASIANPAINT,EXIT,exposure_floor
2023-12-07,BAJFINANCE,REDUCE,exposure_floor
2023-12-07,CIPLA,REDUCE,exposure_floor
2023-12-07,HDFCBANK,EXIT,exposure_floor
2023-12-07,HINDUNILVR,EXIT,exposure_floor
2023-12-07,ICICIBANK,EXIT,exposure_floor
2023-12-07,ITC,REDUCE,exposure_floor
2023-12-07,INFY,EXIT,exposure_floor
2023-12-07,JSWSTEEL,EXIT,exposure_floor
2023-12-07,KOTAKBANK,EXIT,exposure_floor
2023-12-07,RELIANCE,EXIT,exposure_floor
2023-12-07,SBIN,EXIT,exposure_floor
2023-12-07,TCS,REDUCE,exposure_floor
2023-12-07,TATASTEEL,REDUCE,exposure_floor
2023-12-07,TECHM,REDUCE,exposure_floor
2023-12-07,WIPRO,EXIT,exposure_floor
2023-12-08,ADANIENT,EXIT,exposure_floor
2023-12-08,ASIANPAINT,EXIT,exposure_floor
2023-12-08,BAJFINANCE,REDUCE,exposure_floor
2023-12-08,CIPLA,REDUCE,exposure_floor
2023-12-08,HDFCBANK,EXIT,exposure_floor
2023-12-08,HINDUNILVR,EXIT,exposure_floor
2023-12-08,ICICIBANK,EXIT,exposure_floor
2023-12-08,ITC,REDUCE,exposure_floor
2023-12-08,INFY,EXIT,exposure_floor
2023-12-08,JSWSTEEL,EXIT,exposure_floor
2023-12-08,KOTAKBANK,EXIT,exposure_floor
2023-12-08,RELIANCE,EXIT,exposure_floor
2023-12-08,SBIN,EXIT,exposure_floor
2023-12-08,TCS,REDUCE,exposure_floor
2023-12-08,TATASTEEL,REDUCE,exposure_floor
2023-12-08,TECHM,REDUCE,exposure_floor
2023-12-08,WIPRO,EXIT,exposure_floor
2023-12-11,ASIANPAINT,EXIT,exposure_floor
2023-12-11,BAJFINANCE,REDUCE,exposure_floor
2023-12-11,CIPLA,REDUCE,exposure_floor
2023-12-11,DRREDDY,REDUCE,exposure_floor
2023-12-11,HDFCBANK,EXIT,exposure_floor
2023-12-11,HINDUNILVR,EXIT,exposure_floor
2023-12-11,ICICIBANK,EXIT,exposure_floor
2023-12-11,ITC,REDUCE,exposure_floor
2023-12-11,INFY,EXIT,exposure_floor
2023-12-11,JSWSTEEL,EXIT,exposure_floor
2023-12-11,KOTAKBANK,EXIT,exposure_floor
2023-12-11,RELIANCE,EXIT,exposure_floor
2023-12-11,SBIN,EXIT,exposure_floor
2023-12-11,TCS,REDUCE,exposure_floor
2023-12-11,TATASTEEL,REDUCE,exposure_floor
2023-12-11,TECHM,REDUCE,exposure_floor
2023-12-11,WIPRO,EXIT,exposure_floor
2023-12-12,ADANIENT,EXIT,exposure_floor
2023-12-12,ASIANPAINT,EXIT,exposure_floor
2023-12-12,BAJFINANCE,REDUCE,exposure_floor
2023-12-12,CIPLA,REDUCE,exposure_floor
2023-12-12,DRREDDY,REDUCE,exposure_floor
2023-12-12,HDFCBANK,EXIT,exposure_floor
2023-12-12,HINDUNILVR,EXIT,exposure_floor
2023-12-12,ICICIBANK,EXIT,exposure_floor
2023-12-12,ITC,REDUCE,exposure_floor
2023-12-12,INFY,EXIT,exposure_floor
2023-12-12,JSWSTEEL,REDUCE,exposure_floor
2023-12-12,KOTAKBANK,EXIT,exposure_floor
2023-12-12,MARUTI,REDUCE,exposure_floor
2023-12-12,RELIANCE,EXIT,exposure_floor
2023-12-12,SBIN,EXIT,exposure_floor
2023-12-12,TCS,REDUCE,exposure_floor
2023-12-12,TATASTEEL,REDUCE,exposure_floor
2023-12-12,TECHM,REDUCE,exposure_floor
2023-12-12,WIPRO,EXIT,exposure_floor
2023-12-13,ASIANPAINT,EXIT,exposure_floor
2023-12-13,BAJFINANCE,REDUCE,exposure_floor
2023-12-13,CIPLA,REDUCE,exposure_floor
2023-12-13,DRREDDY,REDUCE,exposure_floor
2023-12-13,HDFCBANK,EXIT,exposure_floor
2023-12-13,HINDUNILVR,EXIT,exposure_floor
2023-12-13,ICICIBANK,EXIT,exposure_floor
2023-12-13,ITC,REDUCE,exposure_floor
2023-12-13,INFY,EXIT,exposure_floor
2023-12-13,KOTAKBANK,EXIT,exposure_floor
2023-12-13,MARUTI,REDUCE,exposure_floor
2023-12-13,RELIANCE,EXIT,exposure_floor
2023-12-13,SBIN,EXIT,exposure_floor
2023-12-13,TCS,REDUCE,exposure_floor
2023-12-13,TATASTEEL,REDUCE,exposure_floor
2023-12-13,TECHM,REDUCE,exposure_floor
2023-12-13,WIPRO,EXIT,exposure_floor
2023-12-14,ADANIENT,EXIT,exposure_floor
2023-12-14,ASIANPAINT,EXIT,exposure_floor
2023-12-14,BAJFINANCE,REDUCE,exposure_floor
2023-12-14,CIPLA,REDUCE,exposure_floor
2023-12-14,DRREDDY,REDUCE,exposure_floor
2023-12-14,HDFCBANK,EXIT,exposure_floor
2023-12-14,HINDUNILVR,EXIT,exposure_floor
2023-12-14,ICICIBANK,EXIT,exposure_floor
2023-12-14,ITC,REDUCE,exposure_floor
2023-12-14,INFY,EXIT,exposure_floor
2023-12-14,KOTAKBANK,EXIT,exposure_floor
2023-12-14,MARUTI,REDUCE,exposure_floor
2023-12-14,RELIANCE,EXIT,exposure_floor
2023-12-14,SBIN,EXIT,exposure_floor
2023-12-14,TCS,REDUCE,exposure_floor
2023-12-14,TATASTEEL,REDUCE,exposure_floor
2023-12-14,TECHM,REDUCE,exposure_floor
2023-12-14,WIPRO,EXIT,exposure_floor
2023-12-15,ASIANPAINT,EXIT,exposure_floor
2023-12-15,BAJFINANCE,REDUCE,exposure_floor
2023-12-15,CIPLA,REDUCE,exposure_floor
2023-12-15,DRREDDY,REDUCE,exposure_floor
2023-12-15,HDFCBANK,EXIT,exposure_floor
2023-12-15,HINDUNILVR,EXIT,exposure_floor
2023-12-15,ICICIBANK,EXIT,exposure_floor
2023-12-15,ITC,REDUCE,exposure_floor
2023-12-15,INFY,REDUCE,exposure_floor
2023-12-15,KOTAKBANK,EXIT,exposure_floor
2023-12-15,MARUTI,REDUCE,exposure_floor
2023-12-15,RELIANCE,EXIT,exposure_floor
2023-12-15,SBIN,EXIT,exposure_floor
2023-12-15,TCS,REDUCE,exposure_floor
2023-12-15,TATASTEEL,REDUCE,exposure_floor
2023-12-15,TECHM,REDUCE,exposure_floor
2023-12-15,WIPRO,EXIT,exposure_floor
2023-12-18,ADANIENT,EXIT,exposure_floor
2023-12-18,ASIANPAINT,EXIT,exposure_floor
2023-12-18,BAJFINANCE,REDUCE,exposure_floor
2023-12-18,CIPLA,REDUCE,exposure_floor
2023-12-18,DRREDDY,REDUCE,exposure_floor
2023-12-18,HDFCBANK,EXIT,exposure_floor
2023-12-18,HINDUNILVR,EXIT,exposure_floor
2023-12-18,ICICIBANK,EXIT,exposure_floor
2023-12-18,ITC,REDUCE,exposure_floor
2023-12-18,INFY,REDUCE,exposure_floor
2023-12-18,KOTAKBANK,EXIT,exposure_floor
2023-12-18,MARUTI,REDUCE,exposure_floor
2023-12-18,RELIANCE,EXIT,exposure_floor
2023-12-18,SBIN,EXIT,exposure_floor
2023-12-18,TCS,REDUCE,exposure_floor
2023-12-18,TATASTEEL,REDUCE,exposure_floor
2023-12-18,TECHM,REDUCE,exposure_floor
2023-12-18,WIPRO,EXIT,exposure_floor
2023-12-19,ASIANPAINT,EXIT,exposure_floor
2023-12-19,BAJFINANCE,REDUCE,exposure_floor
2023-12-19,CIPLA,REDUCE,exposure_floor
2023-12-19,DRREDDY,REDUCE,exposure_floor
2023-12-19,HDFCBANK,EXIT,exposure_floor
2023-12-19,HINDUNILVR,EXIT,exposure_floor
2023-12-19,ICICIBANK,EXIT,exposure_floor
2023-12-19,ITC,REDUCE,exposure_floor
2023-12-19,INFY,REDUCE,exposure_floor
2023-12-19,KOTAKBANK,EXIT,exposure_floor
2023-12-19,MARUTI,REDUCE,exposure_floor
2023-12-19,RELIANCE,EXIT,exposure_floor
2023-12-19,SBIN,EXIT,exposure_floor
2023-12-19,TCS,REDUCE,exposure_floor
2023-12-19,TATASTEEL,REDUCE,exposure_floor
2023-12-19,TECHM,REDUCE,exposure_floor
2023-12-19,WIPRO,EXIT,exposure_floor
2023-12-20,ADANIENT,EXIT,exposure_floor
2023-12-20,ASIANPAINT,EXIT,exposure_floor
2023-12-20,BAJFINANCE,REDUCE,exposure_floor
2023-12-20,CIPLA,REDUCE,exposure_floor
2023-12-20,DRREDDY,REDUCE,exposure_floor
2023-12-20,HDFCBANK,EXIT,exposure_floor
2023-12-20,HDFCLIFE,REDUCE,exposure_floor
2023-12-20,HINDUNILVR,EXIT,exposure_floor
2023-12-20,ICICIBANK,EXIT,exposure_floor
2023-12-20,ITC,REDUCE,exposure_floor
2023-12-20,INFY,REDUCE,exposure_floor
2023-12-20,KOTAKBANK,EXIT,exposure_floor
2023-12-20,MARUTI,REDUCE,exposure_floor
2023-12-20,RELIANCE,REDUCE,exposure_floor
2023-12-20,SBIN,EXIT,exposure_floor
2023-12-20,TCS,REDUCE,exposure_floor
2023-12-20,TATASTEEL,REDUCE,exposure_floor
2023-12-20,TECHM,REDUCE,exposure_floor
2023-12-20,WIPRO,EXIT,exposure_floor
2023-12-21,ASIANPAINT,EXIT,exposure_floor
2023-12-21,BAJFINANCE,REDUCE,exposure_floor
2023-12-21,CIPLA,REDUCE,exposure_floor
2023-12-21,DRREDDY,REDUCE,exposure_floor
2023-12-21,HDFCBANK,REDUCE,exposure_floor
2023-12-21,HDFCLIFE,REDUCE,exposure_floor
2023-12-21,HINDUNILVR,EXIT,exposure_floor
2023-12-21,ICICIBANK,EXIT,exposure_floor
2023-12-21,ITC,REDUCE,exposure_floor
2023-12-21,INFY,REDUCE,exposure_floor
2023-12-21,KOTAKBANK,EXIT,exposure_floor
2023-12-21,MARUTI,REDUCE,exposure_floor
2023-12-21,SBIN,EXIT,exposure_floor
2023-12-21,TCS,REDUCE,exposure_floor
2023-12-21,TATASTEEL,REDUCE,exposure_floor
2023-12-21,TECHM,REDUCE,exposure_floor
2023-12-21,WIPRO,EXIT,exposure_floor
2023-12-22,ADANIENT,EXIT,exposure_floor
2023-12-22,ASIANPAINT,EXIT,exposure_floor
2023-12-22,BAJFINANCE,REDUCE,exposure_floor
2023-12-22,CIPLA,REDUCE,exposure_floor
2023-12-22,DRREDDY,REDUCE,exposure_floor
2023-12-22,HDFCBANK,REDUCE,exposure_floor
2023-12-22,HDFCLIFE,REDUCE,exposure_floor
2023-12-22,HINDUNILVR,EXIT,exposure_floor
2023-12-22,ICICIBANK,EXIT,exposure_floor
2023-12-22,ITC,REDUCE,exposure_floor
2023-12-22,INFY,REDUCE,exposure_floor
2023-12-22,KOTAKBANK,EXIT,exposure_floor
2023-12-22,MARUTI,REDUCE,exposure_floor
2023-12-22,SBIN,EXIT,exposure_floor
2023-12-22,TCS,REDUCE,exposure_floor
2023-12-22,TATASTEEL,REDUCE,exposure_floor
2023-12-22,TECHM,REDUCE,exposure_floor
2023-12-22,WIPRO,REDUCE,exposure_floor
2023-12-26,ASIANPAINT,EXIT,exposure_floor
2023-12-26,BAJFINANCE,REDUCE,exposure_floor
2023-12-26,CIPLA,REDUCE,exposure_floor
2023-12-26,DRREDDY,REDUCE,exposure_floor
2023-12-26,HDFCBANK,REDUCE,exposure_floor
2023-12-26,HDFCLIFE,REDUCE,exposure_floor
2023-12-26,HINDUNILVR,EXIT,exposure_floor
2023-12-26,ICICIBANK,EXIT,exposure_floor
2023-12-26,ITC,REDUCE,exposure_floor
2023-12-26,INFY,REDUCE,exposure_floor
2023-12-26,KOTAKBANK,EXIT,exposure_floor
2023-12-26,MARUTI,REDUCE,exposure_floor
2023-12-26,SBIN,EXIT,exposure_floor
2023-12-26,TCS,REDUCE,exposure_floor
2023-12-26,TATASTEEL,REDUCE,exposure_floor
2023-12-26,TECHM,REDUCE,exposure_floor
2023-12-27,ADANIENT,EXIT,exposure_floor
2023-12-27,ASIANPAINT,EXIT,exposure_floor
2023-12-27,BAJFINANCE,REDUCE,exposure_floor
2023-12-27,CIPLA,REDUCE,exposure_floor
2023-12-27,DRREDDY,REDUCE,exposure_floor
2023-12-27,HDFCBANK,REDUCE,exposure_floor
2023-12-27,HDFCLIFE,REDUCE,exposure_floor
2023-12-27,HINDUNILVR,EXIT,exposure_floor
2023-12-27,ICICIBANK,EXIT,exposure_floor
2023-12-27,ITC,REDUCE,exposure_floor
2023-12-27,INFY,REDUCE,exposure_floor
2023-12-27,KOTAKBANK,EXIT,exposure_floor
2023-12-27,MARUTI,REDUCE,exposure_floor
2023-12-27,SBIN,EXIT,exposure_floor
2023-12-27,TCS,REDUCE,exposure_floor
2023-12-27,TATASTEEL,REDUCE,exposure_floor
2023-12-27,TECHM,REDUCE,exposure_floor
2023-12-28,ASIANPAINT,EXIT,exposure_floor
2023-12-28,BAJFINANCE,REDUCE,exposure_floor
2023-12-28,CIPLA,REDUCE,exposure_floor
2023-12-28,DRREDDY,REDUCE,exposure_floor
2023-12-28,HDFCBANK,REDUCE,exposure_floor
2023-12-28,HDFCLIFE,REDUCE,exposure_floor
2023-12-28,HINDUNILVR,EXIT,exposure_floor
2023-12-28,ICICIBANK,EXIT,exposure_floor
2023-12-28,ITC,REDUCE,exposure_floor
2023-12-28,INFY,REDUCE,exposure_floor
2023-12-28,KOTAKBANK,EXIT,exposure_floor
2023-12-28,MARUTI,REDUCE,exposure_floor
2023-12-28,SBIN,REDUCE,exposure_floor
2023-12-28,TCS,REDUCE,exposure_floor
2023-12-28,TATASTEEL,REDUCE,exposure_floor
2023-12-28,TECHM,REDUCE,exposure_floor
2023-12-29,ADANIENT,EXIT,exposure_floor
2023-12-29,ASIANPAINT,EXIT,exposure_floor
2023-12-29,BAJFINANCE,REDUCE,exposure_floor
2023-12-29,CIPLA,REDUCE,exposure_floor
2023-12-29,DRREDDY,REDUCE,exposure_floor
2023-12-29,HDFCBANK,REDUCE,exposure_floor
2023-12-29,HDFCLIFE,REDUCE,exposure_floor
2023-12-29,HINDUNILVR,EXIT,exposure_floor
2023-12-29,ICICIBANK,EXIT,exposure_floor
2023-12-29,ITC,REDUCE,exposure_floor
2023-12-29,INFY,REDUCE,exposure_floor
2023-12-29,KOTAKBANK,EXIT,exposure_floor
2023-12-29,MARUTI,REDUCE,exposure_floor
2023-12-29,SBIN,REDUCE,exposure_floor
2023-12-29,TCS,REDUCE,exposure_floor
2023-12-29,TATASTEEL,REDUCE,exposure_floor
2023-12-29,TECHM,REDUCE,exposure_floor
2024-01-02,ASIANPAINT,EXIT,exposure_floor
2024-01-02,BAJFINANCE,REDUCE,exposure_floor
2024-01-02,CIPLA,REDUCE,exposure_floor
2024-01-02,DRREDDY,REDUCE,exposure_floor
2024-01-02,HDFCBANK,REDUCE,exposure_floor
2024-01-02,HDFCLIFE,REDUCE,exposure_floor
2024-01-02,HINDUNILVR,EXIT,exposure_floor
2024-01-02,ICICIBANK,EXIT,exposure_floor
2024-01-02,ITC,REDUCE,exposure_floor
2024-01-02,INFY,REDUCE,exposure_floor
2024-01-02,KOTAKBANK,EXIT,exposure_floor
2024-01-02,MARUTI,REDUCE,exposure_floor
2024-01-02,SBIN,REDUCE,exposure_floor
2024-01-02,TCS,REDUCE,exposure_floor
2024-01-02,TATASTEEL,REDUCE,exposure_floor
2024-01-02,TECHM,REDUCE,exposure_floor
2024-01-03,ADANIENT,EXIT,exposure_floor
2024-01-03,ASIANPAINT,EXIT,exposure_floor
2024-01-03,BAJFINANCE,REDUCE,exposure_floor
2024-01-03,CIPLA,REDUCE,exposure_floor
2024-01-03,DRREDDY,REDUCE,exposure_floor
2024-01-03,HDFCBANK,REDUCE,exposure_floor
2024-01-03,HDFCLIFE,REDUCE,exposure_floor
2024-01-03,HINDUNILVR,EXIT,exposure_floor
2024-01-03,ICICIBANK,EXIT,exposure_floor
2024-01-03,ITC,REDUCE,exposure_floor
2024-01-03,INFY,REDUCE,exposure_floor
2024-01-03,KOTAKBANK,EXIT,exposure_floor
2024-01-03,MARUTI,REDUCE,exposure_floor
2024-01-03,TCS,REDUCE,exposure_floor
2024-01-03,TATASTEEL,REDUCE,exposure_floor
2024-01-03,TECHM,REDUCE,exposure_floor
2024-01-04,ASIANPAINT,EXIT,exposure_floor
2024-01-04,BAJFINANCE,REDUCE,exposure_floor
2024-01-04,CIPLA,REDUCE,exposure_floor
2024-01-04,DRREDDY,REDUCE,exposure_floor
2024-01-04,HDFCBANK,REDUCE,exposure_floor
2024-01-04,HDFCLIFE,REDUCE,exposure_floor
2024-01-04,HINDUNILVR,EXIT,exposure_floor
2024-01-04,ICICIBANK,EXIT,exposure_floor
2024-01-04,ITC,REDUCE,exposure_floor
2024-01-04,INFY,REDUCE,exposure_floor
2024-01-04,KOTAKBANK,EXIT,exposure_floor
2024-01-04,MARUTI,REDUCE,exposure_floor
2024-01-04,TCS,REDUCE,exposure_floor
2024-01-04,TATASTEEL,REDUCE,exposure_floor
2024-01-04,TECHM,REDUCE,exposure_floor
2024-01-05,ADANIENT,EXIT,exposure_floor
2024-01-05,ASIANPAINT,EXIT,exposure_floor
2024-01-05,BAJFINANCE,REDUCE,exposure_floor
2024-01-05,CIPLA,REDUCE,exposure_floor
2024-01-05,DRREDDY,REDUCE,exposure_floor
2024-01-05,HDFCBANK,REDUCE,exposure_floor
2024-01-05,HDFCLIFE,REDUCE,exposure_floor
2024-01-05,HINDUNILVR,EXIT,exposure_floor
2024-01-05,ICICIBANK,EXIT,exposure_floor
2024-01-05,ITC,REDUCE,exposure_floor
2024-01-05,INFY,REDUCE,exposure_floor
2024-01-05,KOTAKBANK,EXIT,exposure_floor
2024-01-05,MARUTI,REDUCE,exposure_floor
2024-01-05,TCS,REDUCE,exposure_floor
2024-01-05,TATASTEEL,REDUCE,exposure_floor
2024-01-05,TECHM,REDUCE,exposure_floor
2024-01-08,ASIANPAINT,EXIT,exposure_floor
2024-01-08,BAJFINANCE,REDUCE,exposure_floor
2024-01-08,CIPLA,REDUCE,exposure_floor
2024-01-08,DRREDDY,REDUCE,exposure_floor
2024-01-08,HDFCBANK,REDUCE,exposure_floor
2024-01-08,HDFCLIFE,REDUCE,exposure_floor
2024-01-08,HINDUNILVR,EXIT,exposure_floor
2024-01-08,ICICIBANK,EXIT,exposure_floor
2024-01-08,ITC,REDUCE,exposure_floor
2024-01-08,INFY,REDUCE,exposure_floor
2024-01-08,KOTAKBANK,EXIT,exposure_floor
2024-01-08,MARUTI,REDUCE,exposure_floor
2024-01-08,TCS,REDUCE,exposure_floor
2024-01-08,TATASTEEL,REDUCE,exposure_floor
2024-01-08,TECHM,REDUCE,exposure_floor
2024-01-09,ADANIENT,EXIT,exposure_floor
2024-01-09,ASIANPAINT,EXIT,exposure_floor
2024-01-09,BAJFINANCE,REDUCE,exposure_floor
2024-01-09,CIPLA,REDUCE,exposure_floor
2024-01-09,DRREDDY,REDUCE,exposure_floor
2024-01-09,HDFCBANK,REDUCE,exposure_floor
2024-01-09,HDFCLIFE,REDUCE,exposure_floor
2024-01-09,HINDUNILVR,EXIT,exposure_floor
2024-01-09,ICICIBANK,EXIT,exposure_floor
2024-01-09,ITC,REDUCE,exposure_floor
2024-01-09,INFY,REDUCE,exposure_floor
2024-01-09,KOTAKBANK,EXIT,exposure_floor
2024-01-09,MARUTI,REDUCE,exposure_floor
2024-01-09,TCS,REDUCE,exposure_floor
2024-01-09,TATASTEEL,REDUCE,exposure_floor
2024-01-09,TECHM,REDUCE,exposure_floor
2024-01-10,ASIANPAINT,EXIT,exposure_floor
2024-01-10,BAJFINANCE,REDUCE,exposure_floor
2024-01-10,CIPLA,REDUCE,exposure_floor
2024-01-10,DRREDDY,REDUCE,exposure_floor
2024-01-10,HDFCBANK,REDUCE,exposure_floor
2024-01-10,HDFCLIFE,REDUCE,exposure_floor
2024-01-10,HINDUNILVR,EXIT,exposure_floor
2024-01-10,ICICIBANK,EXIT,exposure_floor
2024-01-10,ITC,REDUCE,exposure_floor
2024-01-10,INFY,REDUCE,exposure_floor
2024-01-10,KOTAKBANK,EXIT,exposure_floor
2024-01-10,MARUTI,REDUCE,exposure_floor
2024-01-10,TCS,REDUCE,exposure_floor
2024-01-10,TATASTEEL,REDUCE,exposure_floor
2024-01-10,TECHM,REDUCE,exposure_floor
2024-01-11,ADANIENT,EXIT,exposure_floor
2024-01-11,ASIANPAINT,EXIT,exposure_floor
2024-01-11,BAJFINANCE,REDUCE,exposure_floor
2024-01-11,CIPLA,REDUCE,exposure_floor
2024-01-11,DRREDDY,REDUCE,exposure_floor
2024-01-11,HDFCBANK,REDUCE,exposure_floor
2024-01-11,HDFCLIFE,REDUCE,exposure_floor
2024-01-11,HINDUNILVR,EXIT,exposure_floor
2024-01-11,ICICIBANK,EXIT,exposure_floor
2024-01-11,ITC,REDUCE,exposure_floor
2024-01-11,INFY,REDUCE,exposure_floor
2024-01-11,KOTAKBANK,EXIT,exposure_floor
2024-01-11,MARUTI,REDUCE,exposure_floor
2024-01-11,TCS,REDUCE,exposure_floor
2024-01-11,TATASTEEL,REDUCE,exposure_floor
2024-01-11,TECHM,REDUCE,exposure_floor
2024-01-12,ASIANPAINT,EXIT,exposure_floor
2024-01-12,BAJFINANCE,REDUCE,exposure_floor
2024-01-12,BAJAJFINSV,REDUCE,exposure_floor
2024-01-12,CIPLA,REDUCE,exposure_floor
2024-01-12,DRREDDY,REDUCE,exposure_floor
2024-01-12,HDFCBANK,REDUCE,exposure_floor
2024-01-12,HDFCLIFE,REDUCE,exposure_floor
2024-01-12,HINDUNILVR,EXIT,exposure_floor
2024-01-12,ICICIBANK,EXIT,exposure_floor
2024-01-12,ITC,REDUCE,exposure_floor
2024-01-12,INFY,REDUCE,exposure_floor
2024-01-12,KOTAKBANK,EXIT,exposure_floor
2024-01-12,MARUTI,REDUCE,exposure_floor
2024-01-12,TCS,REDUCE,exposure_floor
2024-01-12,TATASTEEL,REDUCE,exposure_floor
2024-01-12,TECHM,REDUCE,exposure_floor
2024-01-15,ADANIENT,EXIT,exposure_floor
2024-01-15,ASIANPAINT,EXIT,exposure_floor
2024-01-15,BAJFINANCE,REDUCE,exposure_floor
2024-01-15,BAJAJFINSV,REDUCE,exposure_floor
2024-01-15,CIPLA,REDUCE,exposure_floor
2024-01-15,DRREDDY,REDUCE,exposure_floor
2024-01-15,EICHERMOT,REDUCE,exposure_floor
2024-01-15,HDFCBANK,REDUCE,exposure_floor
2024-01-15,HDFCLIFE,EXIT,exposure_floor
2024-01-15,HINDUNILVR,EXIT,exposure_floor
2024-01-15,ICICIBANK,EXIT,exposure_floor
2024-01-15,ITC,REDUCE,exposure_floor
2024-01-15,KOTAKBANK,EXIT,exposure_floor
2024-01-15,MARUTI,REDUCE,exposure_floor
2024-01-15,TCS,REDUCE,exposure_floor
2024-01-15,TATASTEEL,REDUCE,exposure_floor
2024-01-16,ASIANPAINT,EXIT,exposure_floor
2024-01-16,BAJFINANCE,REDUCE,exposure_floor
2024-01-16,BAJAJFINSV,REDUCE,exposure_floor
2024-01-16,CIPLA,REDUCE,exposure_floor
2024-01-16,DRREDDY,REDUCE,exposure_floor
2024-01-16,EICHERMOT,REDUCE,exposure_floor
2024-01-16,HDFCBANK,REDUCE,exposure_floor
2024-01-16,HDFCLIFE,EXIT,exposure_floor
2024-01-16,HINDUNILVR,EXIT,exposure_floor
2024-01-16,ICICIBANK,EXIT,exposure_floor
2024-01-16,ITC,REDUCE,exposure_floor
2024-01-16,KOTAKBANK,EXIT,exposure_floor
2024-01-16,MARUTI,REDUCE,exposure_floor
2024-01-16,SBILIFE,REDUCE,exposure_floor
2024-01-16,TCS,REDUCE,exposure_floor
2024-01-16,TATASTEEL,REDUCE,exposure_floor
2024-01-17,ADANIENT,EXIT,exposure_floor
2024-01-17,ASIANPAINT,EXIT,exposure_floor
2024-01-17,BAJFINANCE,REDUCE,exposure_floor
2024-01-17,BAJAJFINSV,REDUCE,exposure_floor
2024-01-17,CIPLA,REDUCE,exposure_floor
2024-01-17,DRREDDY,REDUCE,exposure_floor
2024-01-17,EICHERMOT,REDUCE,exposure_floor
2024-01-17,HDFCBANK,EXIT,exposure_floor
2024-01-17,HDFCLIFE,EXIT,exposure_floor
2024-01-17,HINDUNILVR,EXIT,exposure_floor
2024-01-17,ICICIBANK,EXIT,exposure_floor
2024-01-17,ITC,REDUCE,exposure_floor
2024-01-17,JSWSTEEL,REDUCE,exposure_floor
2024-01-17,KOTAKBANK,EXIT,exposure_floor
2024-01-17,M&M,REDUCE,exposure_floor
2024-01-17,MARUTI,REDUCE,exposure_floor
2024-01-17,SBILIFE,REDUCE,exposure_floor
2024-01-17,TATASTEEL,REDUCE,exposure_floor
2024-01-18,ASIANPAINT,EXIT,exposure_floor
2024-01-18,BAJFINANCE,REDUCE,exposure_floor
2024-01-18,BAJAJFINSV,REDUCE,exposure_floor
2024-01-18,CIPLA,REDUCE,exposure_floor
2024-01-18,DRREDDY,REDUCE,exposure_floor
2024-01-18,EICHERMOT,REDUCE,exposure_floor
2024-01-18,HDFCBANK,EXIT,exposure_floor
2024-01-18,HDFCLIFE,EXIT,exposure_floor
2024-01-18,HINDUNILVR,EXIT,exposure_floor
2024-01-18,ICICIBANK,EXIT,exposure_floor
2024-01-18,ITC,REDUCE,exposure_floor
2024-01-18,JSWSTEEL,REDUCE,exposure_floor
2024-01-18,KOTAKBANK,EXIT,exposure_floor
2024-01-18,M&M,REDUCE,exposure_floor
2024-01-18,MARUTI,REDUCE,exposure_floor
2024-01-18,NESTLEIND,REDUCE,exposure_floor
2024-01-18,SBILIFE,REDUCE,exposure_floor
2024-01-18,TATASTEEL,REDUCE,exposure_floor
2024-01-19,ADANIENT,EXIT,exposure_floor
2024-01-19,ASIANPAINT,EXIT,exposure_floor
2024-01-19,BAJFINANCE,REDUCE,exposure_floor
2024-01-19,BAJAJFINSV,REDUCE,exposure_floor
2024-01-19,CIPLA,REDUCE,exposure_floor
2024-01-19,DRREDDY,REDUCE,exposure_floor
2024-01-19,EICHERMOT,REDUCE,exposure_floor
2024-01-19,HDFCBANK,EXIT,exposure_floor
2024-01-19,HDFCLIFE,EXIT,exposure_floor
2024-01-19,HINDUNILVR,EXIT,exposure_floor
2024-01-19,ICICIBANK,EXIT,exposure_floor
2024-01-19,ITC,REDUCE,exposure_floor
2024-01-19,JSWSTEEL,REDUCE,exposure_floor
2024-01-19,KOTAKBANK,EXIT,exposure_floor
2024-01-19,M&M,REDUCE,exposure_floor
2024-01-19,MARUTI,REDUCE,exposure_floor
2024-01-19,NESTLEIND,REDUCE,exposure_floor
2024-01-19,SBILIFE,REDUCE,exposure_floor
2024-01-19,TATASTEEL,REDUCE,exposure_floor
2024-01-23,ASIANPAINT,EXIT,exposure_floor
2024-01-23,BAJFINANCE,EXIT,exposure_floor
2024-01-23,BAJAJFINSV,REDUCE,exposure_floor
2024-01-23,DRREDDY,REDUCE,exposure_floor
2024-01-23,EICHERMOT,REDUCE,exposure_floor
2024-01-23,HDFCBANK,EXIT,exposure_floor
2024-01-23,HDFCLIFE,EXIT,exposure_floor
2024-01-23,HINDALCO,REDUCE,exposure_floor
2024-01-23,HINDUNILVR,EXIT,exposure_floor
2024-01-23,ICICIBANK,EXIT,exposure_floor
2024-01-23,ITC,REDUCE,exposure_floor
2024-01-23,JSWSTEEL,REDUCE,exposure_floor
2024-01-23,KOTAKBANK,EXIT,exposure_floor
2024-01-23,M&M,REDUCE,exposure_floor
2024-01-23,MARUTI,REDUCE,exposure_floor
2024-01-23,NESTLEIND,REDUCE,exposure_floor
2024-01-23,SBILIFE,REDUCE,exposure_floor
2024-01-23,SBIN,REDUCE,exposure_floor
2024-01-23,TATASTEEL,REDUCE,exposure_floor
2024-01-24,ADANIENT,EXIT,exposure_floor
2024-01-24,ASIANPAINT,EXIT,exposure_floor
2024-01-24,AXISBANK,REDUCE,exposure_floor
2024-01-24,BAJFINANCE,EXIT,exposure_floor
2024-01-24,BAJAJFINSV,REDUCE,exposure_floor
2024-01-24,DRREDDY,REDUCE,exposure_floor
2024-01-24,EICHERMOT,REDUCE,exposure_floor
2024-01-24,HDFCBANK,EXIT,exposure_floor
2024-01-24,HDFCLIFE,EXIT,exposure_floor
2024-01-24,HINDUNILVR,EXIT,exposure_floor
2024-01-24,ICICIBANK,EXIT,exposure_floor
2024-01-24,ITC,REDUCE,exposure_floor
2024-01-24,JSWSTEEL,REDUCE,exposure_floor
2024-01-24,KOTAKBANK,EXIT,exposure_floor
2024-01-24,M&M,REDUCE,exposure_floor
2024-01-24,MARUTI,REDUCE,exposure_floor
2024-01-24,NESTLEIND,REDUCE,exposure_floor
2024-01-24,SBILIFE,REDUCE,exposure_floor
2024-01-24,SBIN,REDUCE,exposure_floor
2024-01-25,ASIANPAINT,EXIT,exposure_floor
2024-01-25,AXISBANK,REDUCE,exposure_floor
2024-01-25,BAJFINANCE,EXIT,exposure_floor
2024-01-25,BAJAJFINSV,REDUCE,exposure_floor
2024-01-25,DRREDDY,REDUCE,exposure_floor
2024-01-25,EICHERMOT,REDUCE,exposure_floor
2024-01-25,HDFCBANK,EXIT,exposure_floor
2024-01-25,HDFCLIFE,EXIT,exposure_floor
2024-01-25,HINDUNILVR,EXIT,exposure_floor
2024-01-25,ICICIBANK,EXIT,exposure_floor
2024-01-25,ITC,REDUCE,exposure_floor
2024-01-25,JSWSTEEL,REDUCE,exposure_floor
2024-01-25,KOTAKBANK,EXIT,exposure_floor
2024-01-25,M&M,REDUCE,exposure_floor
2024-01-25,MARUTI,REDUCE,exposure_floor
2024-01-25,NESTLEIND,REDUCE,exposure_floor
2024-01-25,SBILIFE,REDUCE,exposure_floor
2024-01-25,SBIN,REDUCE,exposure_floor
2024-01-29,ADANIENT,EXIT,exposure_floor
2024-01-29,ASIANPAINT,EXIT,exposure_floor
2024-01-29,AXISBANK,REDUCE,exposure_floor
2024-01-29,BAJFINANCE,EXIT,exposure_floor
2024-01-29,BAJAJFINSV,REDUCE,exposure_floor
2024-01-29,DRREDDY,REDUCE,exposure_floor
2024-01-29,EICHERMOT,REDUCE,exposure_floor
2024-01-29,HDFCBANK,EXIT,exposure_floor
2024-01-29,HDFCLIFE,EXIT,exposure_floor
2024-01-29,HINDUNILVR,EXIT,exposure_floor
2024-01-29,ICICIBANK,EXIT,exposure_floor
2024-01-29,ITC,REDUCE,exposure_floor
2024-01-29,JSWSTEEL,REDUCE,exposure_floor
2024-01-29,KOTAKBANK,EXIT,exposure_floor
2024-01-29,M&M,REDUCE,exposure_floor
2024-01-29,MARUTI,REDUCE,exposure_floor
2024-01-29,NESTLEIND,REDUCE,exposure_floor
2024-01-29,SBILIFE,REDUCE,exposure_floor
2024-01-29,SBIN,REDUCE,exposure_floor
2024-01-30,ASIANPAINT,EXIT,exposure_floor
2024-01-30,AXISBANK,REDUCE,exposure_floor
2024-01-30,BAJFINANCE,EXIT,exposure_floor
2024-01-30,BAJAJFINSV,REDUCE,exposure_floor
2024-01-30,DRREDDY,REDUCE,exposure_floor
2024-01-30,EICHERMOT,REDUCE,exposure_floor
2024-01-30,HDFCBANK,EXIT,exposure_floor
2024-01-30,HDFCLIFE,EXIT,exposure_floor
2024-01-30,HINDUNILVR,EXIT,exposure_floor
2024-01-30,ICICIBANK,EXIT,exposure_floor
2024-01-30,ITC,EXIT,exposure_floor
2024-01-30,JSWSTEEL,REDUCE,exposure_floor
2024-01-30,KOTAKBANK,EXIT,exposure_floor
2024-01-30,M&M,REDUCE,exposure_floor
2024-01-30,MARUTI,REDUCE,exposure_floor
2024-01-30,NESTLEIND,REDUCE,exposure_floor
2024-01-30,SBILIFE,REDUCE,exposure_floor
2024-01-30,SBIN,REDUCE,exposure_floor
2024-01-31,ASIANPAINT,EXIT,exposure_floor
2024-01-31,AXISBANK,REDUCE,exposure_floor
2024-01-31,BAJFINANCE,EXIT,exposure_floor
2024-01-31,BAJAJFINSV,REDUCE,exposure_floor
2024-01-31,DRREDDY,REDUCE,exposure_floor
2024-01-31,EICHERMOT,REDUCE,exposure_floor
2024-01-31,HDFCBANK,EXIT,exposure_floor
2024-01-31,HDFCLIFE,EXIT,exposure_floor
2024-01-31,HINDUNILVR,EXIT,exposure_floor
2024-01-31,ICICIBANK,EXIT,exposure_floor
2024-01-31,ITC,EXIT,exposure_floor
2024-01-31,JSWSTEEL,REDUCE,exposure_floor
2024-01-31,KOTAKBANK,EXIT,exposure_floor
2024-01-31,M&M,REDUCE,exposure_floor
2024-01-31,MARUTI,REDUCE,exposure_floor
2024-01-31,NESTLEIND,REDUCE,exposure_floor
2024-01-31,SBILIFE,REDUCE,exposure_floor
2024-01-31,SBIN,REDUCE,exposure_floor
2024-02-01,ASIANPAINT,EXIT,exposure_floor
2024-02-01,AXISBANK,REDUCE,exposure_floor
2024-02-01,BAJFINANCE,EXIT,exposure_floor
2024-02-01,BAJAJFINSV,REDUCE,exposure_floor
2024-02-01,DRREDDY,REDUCE,exposure_floor
2024-02-01,EICHERMOT,REDUCE,exposure_floor
2024-02-01,HDFCBANK,EXIT,exposure_floor
2024-02-01,HDFCLIFE,EXIT,exposure_floor
2024-02-01,HINDUNILVR,EXIT,exposure_floor
2024-02-01,ICICIBANK,EXIT,exposure_floor
2024-02-01,ITC,EXIT,exposure_floor
2024-02-01,JSWSTEEL,REDUCE,exposure_floor
2024-02-01,KOTAKBANK,EXIT,exposure_floor
2024-02-01,LT,REDUCE,exposure_floor
2024-02-01,M&M,REDUCE,exposure_floor
2024-02-01,MARUTI,REDUCE,exposure_floor
2024-02-01,NESTLEIND,REDUCE,exposure_floor
2024-02-01,SBILIFE,REDUCE,exposure_floor
2024-02-01,SBIN,REDUCE,exposure_floor
2024-02-02,ASIANPAINT,EXIT,exposure_floor
2024-02-02,AXISBANK,REDUCE,exposure_floor
2024-02-02,BAJFINANCE,EXIT,exposure_floor
2024-02-02,BAJAJFINSV,REDUCE,exposure_floor
2024-02-02,DRREDDY,REDUCE,exposure_floor
2024-02-02,EICHERMOT,REDUCE,exposure_floor
2024-02-02,HDFCBANK,EXIT,exposure_floor
2024-02-02,HDFCLIFE,EXIT,exposure_floor
2024-02-02,HINDUNILVR,EXIT,exposure_floor
2024-02-02,ICICIBANK,EXIT,exposure_floor
2024-02-02,ITC,EXIT,exposure_floor
2024-02-02,JSWSTEEL,REDUCE,exposure_floor
2024-02-02,KOTAKBANK,EXIT,exposure_floor
2024-02-02,LT,REDUCE,exposure_floor
2024-02-02,M&M,REDUCE,exposure_floor
2024-02-02,MARUTI,REDUCE,exposure_floor
2024-02-02,NESTLEIND,REDUCE,exposure_floor
2024-02-02,SBILIFE,REDUCE,exposure_floor
2024-02-02,TITAN,REDUCE,exposure_floor
2024-02-05,ASIANPAINT,EXIT,exposure_floor
2024-02-05,AXISBANK,REDUCE,exposure_floor
2024-02-05,BAJFINANCE,EXIT,exposure_floor
2024-02-05,BAJAJFINSV,REDUCE,exposure_floor
2024-02-05,DRREDDY,REDUCE,exposure_floor
2024-02-05,EICHERMOT,REDUCE,exposure_floor
2024-02-05,HDFCBANK,EXIT,exposure_floor
2024-02-05,HDFCLIFE,EXIT,exposure_floor
2024-02-05,HINDUNILVR,EXIT,exposure_floor
2024-02-05,ICICIBANK,EXIT,exposure_floor
2024-02-05,ITC,EXIT,exposure_floor
2024-02-05,JSWSTEEL,REDUCE,exposure_floor
2024-02-05,KOTAKBANK,EXIT,exposure_floor
2024-02-05,LT,REDUCE,exposure_floor
2024-02-05,M&M,REDUCE,exposure_floor
2024-02-05,MARUTI,REDUCE,exposure_floor
2024-02-05,NESTLEIND,REDUCE,exposure_floor
2024-02-05,SBILIFE,REDUCE,exposure_floor
2024-02-05,TITAN,REDUCE,exposure_floor
2024-02-06,ASIANPAINT,EXIT,exposure_floor
2024-02-06,AXISBANK,REDUCE,exposure_floor
2024-02-06,BAJFINANCE,EXIT,exposure_floor
2024-02-06,BAJAJFINSV,REDUCE,exposure_floor
2024-02-06,DRREDDY,REDUCE,exposure_floor
2024-02-06,EICHERMOT,REDUCE,exposure_floor
2024-02-06,GRASIM,REDUCE,exposure_floor
2024-02-06,HDFCBANK,EXIT,exposure_floor
2024-02-06,HDFCLIFE,EXIT,exposure_floor
2024-02-06,HINDUNILVR,EXIT,exposure_floor
2024-02-06,ICICIBANK,EXIT,exposure_floor
2024-02-06,ITC,EXIT,exposure_floor
2024-02-06,JSWSTEEL,REDUCE,exposure_floor
2024-02-06,KOTAKBANK,EXIT,exposure_floor
2024-02-06,LT,REDUCE,exposure_floor
2024-02-06,M&M,REDUCE,exposure_floor
2024-02-06,MARUTI,REDUCE,exposure_floor
2024-02-06,NESTLEIND,REDUCE,exposure_floor
2024-02-06,SBILIFE,REDUCE,exposure_floor
2024-02-06,TITAN,REDUCE,exposure_floor
2024-02-07,ASIANPAINT,EXIT,exposure_floor
2024-02-07,AXISBANK,REDUCE,exposure_floor
2024-02-07,BAJFINANCE,EXIT,exposure_floor
2024-02-07,BAJAJFINSV,REDUCE,exposure_floor
2024-02-07,DRREDDY,REDUCE,exposure_floor
2024-02-07,EICHERMOT,REDUCE,exposure_floor
2024-02-07,GRASIM,REDUCE,exposure_floor
2024-02-07,HDFCBANK,EXIT,exposure_floor
2024-02-07,HDFCLIFE,EXIT,exposure_floor
2024-02-07,HINDUNILVR,EXIT,exposure_floor
2024-02-07,ICICIBANK,EXIT,exposure_floor
2024-02-07,ITC,EXIT,exposure_floor
2024-02-07,JSWSTEEL,REDUCE,exposure_floor
2024-02-07,KOTAKBANK,EXIT,exposure_floor
2024-02-07,LT,REDUCE,exposure_floor
2024-02-07,M&M,REDUCE,exposure_floor
2024-02-07,MARUTI,REDUCE,exposure_floor
2024-02-07,NESTLEIND,REDUCE,exposure_floor
2024-02-07,SBILIFE,REDUCE,exposure_floor
2024-02-07,TITAN,REDUCE,exposure_floor
2024-02-08,ASIANPAINT,EXIT,exposure_floor
2024-02-08,AXISBANK,REDUCE,exposure_floor
2024-02-08,BAJFINANCE,EXIT,exposure_floor
2024-02-08,BAJAJFINSV,REDUCE,exposure_floor
2024-02-08,DRREDDY,REDUCE,exposure_floor
2024-02-08,EICHERMOT,REDUCE,exposure_floor
2024-02-08,GRASIM,REDUCE,exposure_floor
2024-02-08,HDFCBANK,EXIT,exposure_floor
2024-02-08,HDFCLIFE,EXIT,exposure_floor
2024-02-08,HINDUNILVR,EXIT,exposure_floor
2024-02-08,ICICIBANK,EXIT,exposure_floor
2024-02-08,ITC,EXIT,exposure_floor
2024-02-08,JSWSTEEL,REDUCE,exposure_floor
2024-02-08,KOTAKBANK,EXIT,exposure_floor
2024-02-08,LT,REDUCE,exposure_floor
2024-02-08,M&M,REDUCE,exposure_floor
2024-02-08,MARUTI,REDUCE,exposure_floor
2024-02-08,NESTLEIND,REDUCE,exposure_floor
2024-02-08,SBILIFE,REDUCE,exposure_floor
2024-02-08,TITAN,REDUCE,exposure_floor
2024-02-09,ASIANPAINT,EXIT,exposure_floor
2024-02-09,AXISBANK,REDUCE,exposure_floor
2024-02-09,BAJFINANCE,EXIT,exposure_floor
2024-02-09,BAJAJFINSV,REDUCE,exposure_floor
2024-02-09,DRREDDY,REDUCE,exposure_floor
2024-02-09,EICHERMOT,REDUCE,exposure_floor
2024-02-09,GRASIM,REDUCE,exposure_floor
2024-02-09,HDFCBANK,EXIT,exposure_floor
2024-02-09,HDFCLIFE,EXIT,exposure_floor
2024-02-09,HINDUNILVR,EXIT,exposure_floor
2024-02-09,ICICIBANK,EXIT,exposure_floor
2024-02-09,ITC,EXIT,exposure_floor
2024-02-09,JSWSTEEL,REDUCE,exposure_floor
2024-02-09,KOTAKBANK,EXIT,exposure_floor
2024-02-09,LT,REDUCE,exposure_floor
2024-02-09,M&M,REDUCE,exposure_floor
2024-02-09,MARUTI,REDUCE,exposure_floor
2024-02-09,NESTLEIND,REDUCE,exposure_floor
2024-02-09,SBILIFE,REDUCE,exposure_floor
2024-02-09,TITAN,REDUCE,exposure_floor
2024-02-12,ASIANPAINT,EXIT,exposure_floor
2024-02-12,AXISBANK,REDUCE,exposure_floor
2024-02-12,BAJFINANCE,EXIT,exposure_floor
2024-02-12,BAJAJFINSV,EXIT,exposure_floor
2024-02-12,EICHERMOT,REDUCE,exposure_floor
2024-02-12,GRASIM,REDUCE,exposure_floor
2024-02-12,HDFCBANK,EXIT,exposure_floor
2024-02-12,HDFCLIFE,EXIT,exposure_floor
2024-02-12,HINDUNILVR,EXIT,exposure_floor
2024-02-12,ICICIBANK,EXIT,exposure_floor
2024-02-12,ITC,EXIT,exposure_floor
2024-02-12,JSWSTEEL,REDUCE,exposure_floor
2024-02-12,KOTAKBANK,EXIT,exposure_floor
2024-02-12,LT,REDUCE,exposure_floor
2024-02-12,M&M,REDUCE,exposure_floor
2024-02-12,MARUTI,REDUCE,exposure_floor
2024-02-12,NESTLEIND,REDUCE,exposure_floor
2024-02-12,SBILIFE,REDUCE,exposure_floor
2024-02-12,TITAN,REDUCE,exposure_floor
2024-02-13,ASIANPAINT,EXIT,exposure_floor
2024-02-13,AXISBANK,REDUCE,exposure_floor
2024-02-13,BAJFINANCE,EXIT,exposure_floor
2024-02-13,BAJAJFINSV,EXIT,exposure_floor
2024-02-13,EICHERMOT,REDUCE,exposure_floor
2024-02-13,GRASIM,REDUCE,exposure_floor
2024-02-13,HDFCBANK,EXIT,exposure_floor
2024-02-13,HDFCLIFE,EXIT,exposure_floor
2024-02-13,HINDALCO,EXIT,exposure_floor
2024-02-13,HINDUNILVR,EXIT,exposure_floor
2024-02-13,ICICIBANK,EXIT,exposure_floor
2024-02-13,ITC,EXIT,exposure_floor
2024-02-13,JSWSTEEL,REDUCE,exposure_floor
2024-02-13,KOTAKBANK,EXIT,exposure_floor
2024-02-13,LT,REDUCE,exposure_floor
2024-02-13,M&M,REDUCE,exposure_floor
2024-02-13,MARUTI,REDUCE,exposure_floor
2024-02-13,NESTLEIND,REDUCE,exposure_floor
2024-02-13,SBILIFE,REDUCE,exposure_floor
2024-02-13,TITAN,REDUCE,exposure_floor
2024-02-14,ASIANPAINT,EXIT,exposure_floor
2024-02-14,AXISBANK,REDUCE,exposure_floor
2024-02-14,BAJFINANCE,EXIT,exposure_floor
2024-02-14,BAJAJFINSV,EXIT,exposure_floor
2024-02-14,EICHERMOT,REDUCE,exposure_floor
2024-02-14,GRASIM,REDUCE,exposure_floor
2024-02-14,HDFCBANK,EXIT,exposure_floor
2024-02-14,HDFCLIFE,EXIT,exposure_floor
2024-02-14,HINDALCO,EXIT,exposure_floor
2024-02-14,HINDUNILVR,EXIT,exposure_floor
2024-02-14,ICICIBANK,EXIT,exposure_floor
2024-02-14,ITC,EXIT,exposure_floor
2024-02-14,JSWSTEEL,REDUCE,exposure_floor
2024-02-14,KOTAKBANK,EXIT,exposure_floor
2024-02-14,LT,REDUCE,exposure_floor
2024-02-14,M&M,REDUCE,exposure_floor
2024-02-14,MARUTI,REDUCE,exposure_floor
2024-02-14,NESTLEIND,REDUCE,exposure_floor
2024-02-14,SBILIFE,REDUCE,exposure_floor
2024-02-14,TITAN,REDUCE,exposure_floor
2024-02-14,ULTRACEMCO,REDUCE,exposure_floor
2024-02-15,ASIANPAINT,EXIT,exposure_floor
2024-02-15,BAJFINANCE,EXIT,exposure_floor
2024-02-15,BAJAJFINSV,EXIT,exposure_floor
2024-02-15,EICHERMOT,REDUCE,exposure_floor
2024-02-15,GRASIM,REDUCE,exposure_floor
2024-02-15,HDFCBANK,EXIT,exposure_floor
2024-02-15,HDFCLIFE,EXIT,exposure_floor
2024-02-15,HINDALCO,EXIT,exposure_floor
2024-02-15,HINDUNILVR,EXIT,exposure_floor
2024-02-15,ICICIBANK,EXIT,exposure_floor
2024-02-15,ITC,EXIT,exposure_floor
2024-02-15,JSWSTEEL,REDUCE,exposure_floor
2024-02-15,KOTAKBANK,EXIT,exposure_floor
2024-02-15,LT,REDUCE,exposure_floor
2024-02-15,M&M,REDUCE,exposure_floor
2024-02-15,MARUTI,REDUCE,exposure_floor
2024-02-15,NESTLEIND,REDUCE,exposure_floor
2024-02-15,SBILIFE,REDUCE,exposure_floor
2024-02-15,TITAN,REDUCE,exposure_floor
2024-02-15,ULTRACEMCO,REDUCE,exposure_floor
2024-02-16,ASIANPAINT,EXIT,exposure_floor
2024-02-16,BAJFINANCE,EXIT,exposure_floor
2024-02-16,BAJAJFINSV,EXIT,exposure_floor
2024-02-16,EICHERMOT,REDUCE,exposure_floor
2024-02-16,GRASIM,REDUCE,exposure_floor
2024-02-16,HDFCBANK,EXIT,exposure_floor
2024-02-16,HDFCLIFE,EXIT,exposure_floor
2024-02-16,HINDALCO,EXIT,exposure_floor
2024-02-16,HINDUNILVR,EXIT,exposure_floor
2024-02-16,ICICIBANK,EXIT,exposure_floor
2024-02-16,ITC,EXIT,exposure_floor
2024-02-16,JSWSTEEL,REDUCE,exposure_floor
2024-02-16,KOTAKBANK,EXIT,exposure_floor
2024-02-16,LT,REDUCE,exposure_floor
2024-02-16,MARUTI,REDUCE,exposure_floor
2024-02-16,NESTLEIND,REDUCE,exposure_floor
2024-02-16,SBILIFE,REDUCE,exposure_floor
2024-02-16,TITAN,REDUCE,exposure_floor
2024-02-16,ULTRACEMCO,REDUCE,exposure_floor
2024-02-20,ASIANPAINT,EXIT,exposure_floor
2024-02-20,BAJFINANCE,EXIT,exposure_floor
2024-02-20,BAJAJFINSV,EXIT,exposure_floor
2024-02-20,EICHERMOT,REDUCE,exposure_floor
2024-02-20,GRASIM,REDUCE,exposure_floor
2024-02-20,HDFCBANK,EXIT,exposure_floor
2024-02-20,HDFCLIFE,EXIT,exposure_floor
2024-02-20,HINDALCO,EXIT,exposure_floor
2024-02-20,HINDUNILVR,EXIT,exposure_floor
2024-02-20,ICICIBANK,EXIT,exposure_floor
2024-02-20,ITC,EXIT,exposure_floor
2024-02-20,JSWSTEEL,REDUCE,exposure_floor
2024-02-20,KOTAKBANK,EXIT,exposure_floor
2024-02-20,LT,REDUCE,exposure_floor
2024-02-20,MARUTI,REDUCE,exposure_floor
2024-02-20,NESTLEIND,REDUCE,exposure_floor
2024-02-20,SBILIFE,REDUCE,exposure_floor
2024-02-20,ULTRACEMCO,REDUCE,exposure_floor
2024-02-21,ASIANPAINT,EXIT,exposure_floor
2024-02-21,BAJFINANCE,EXIT,exposure_floor
2024-02-21,BAJAJFINSV,EXIT,exposure_floor
2024-02-21,EICHERMOT,REDUCE,exposure_floor
2024-02-21,GRASIM,REDUCE,exposure_floor
2024-02-21,HDFCBANK,EXIT,exposure_floor
2024-02-21,HDFCLIFE,EXIT,exposure_floor
2024-02-21,HINDALCO,EXIT,exposure_floor
2024-02-21,HINDUNILVR,EXIT,exposure_floor
2024-02-21,ICICIBANK,EXIT,exposure_floor
2024-02-21,ITC,EXIT,exposure_floor
2024-02-21,JSWSTEEL,REDUCE,exposure_floor
2024-02-21,KOTAKBANK,EXIT,exposure_floor
2024-02-21,LT,REDUCE,exposure_floor
2024-02-21,NESTLEIND,REDUCE,exposure_floor
2024-02-21,SBILIFE,REDUCE,exposure_floor
2024-02-22,ASIANPAINT,EXIT,exposure_floor
2024-02-22,BAJFINANCE,EXIT,exposure_floor
2024-02-22,BAJAJFINSV,EXIT,exposure_floor
2024-02-22,EICHERMOT,REDUCE,exposure_floor
2024-02-22,GRASIM,REDUCE,exposure_floor
2024-02-22,HDFCBANK,EXIT,exposure_floor
2024-02-22,HDFCLIFE,EXIT,exposure_floor
2024-02-22,HINDALCO,EXIT,exposure_floor
2024-02-22,HINDUNILVR,EXIT,exposure_floor
2024-02-22,ICICIBANK,EXIT,exposure_floor
2024-02-22,ITC,EXIT,exposure_floor
2024-02-22,JSWSTEEL,REDUCE,exposure_floor
2024-02-22,KOTAKBANK,EXIT,exposure_floor
2024-02-22,LT,REDUCE,exposure_floor
2024-02-22,NESTLEIND,REDUCE,exposure_floor
2024-02-22,SBILIFE,REDUCE,exposure_floor
2024-02-22,ULTRACEMCO,REDUCE,exposure_floor
2024-02-23,ASIANPAINT,EXIT,exposure_floor
2024-02-23,BAJFINANCE,EXIT,exposure_floor
2024-02-23,BAJAJFINSV,EXIT,exposure_floor
2024-02-23,EICHERMOT,REDUCE,exposure_floor
2024-02-23,GRASIM,REDUCE,exposure_floor
2024-02-23,HDFCBANK,EXIT,exposure_floor
2024-02-23,HDFCLIFE,EXIT,exposure_floor
2024-02-23,HINDALCO,EXIT,exposure_floor
2024-02-23,HINDUNILVR,EXIT,exposure_floor
2024-02-23,ICICIBANK,EXIT,exposure_floor
2024-02-23,ITC,EXIT,exposure_floor
2024-02-23,JSWSTEEL,REDUCE,exposure_floor
2024-02-23,KOTAKBANK,EXIT,exposure_floor
2024-02-23,LT,REDUCE,exposure_floor
2024-02-23,NESTLEIND,REDUCE,exposure_floor
2024-02-23,SBILIFE,REDUCE,exposure_floor
2024-02-23,ULTRACEMCO,REDUCE,exposure_floor
2024-02-26,ASIANPAINT,EXIT,exposure_floor
2024-02-26,BAJFINANCE,EXIT,exposure_floor
2024-02-26,BAJAJFINSV,EXIT,exposure_floor
2024-02-26,EICHERMOT,REDUCE,exposure_floor
2024-02-26,GRASIM,REDUCE,exposure_floor
2024-02-26,HDFCBANK,EXIT,exposure_floor
2024-02-26,HDFCLIFE,EXIT,exposure_floor
2024-02-26,HINDALCO,EXIT,exposure_floor
2024-02-26,HINDUNILVR,EXIT,exposure_floor
2024-02-26,ICICIBANK,EXIT,exposure_floor
2024-02-26,ITC,EXIT,exposure_floor
2024-02-26,JSWSTEEL,REDUCE,exposure_floor
2024-02-26,KOTAKBANK,EXIT,exposure_floor
2024-02-26,LT,REDUCE,exposure_floor
2024-02-26,NESTLEIND,REDUCE,exposure_floor
2024-02-26,SBILIFE,REDUCE,exposure_floor
2024-02-26,TECHM,REDUCE,exposure_floor
2024-02-26,ULTRACEMCO,REDUCE,exposure_floor
2024-02-27,ASIANPAINT,EXIT,exposure_floor
2024-02-27,BAJFINANCE,EXIT,exposure_floor
2024-02-27,BAJAJFINSV,EXIT,exposure_floor
2024-02-27,EICHERMOT,REDUCE,exposure_floor
2024-02-27,GRASIM,REDUCE,exposure_floor
2024-02-27,HDFCBANK,EXIT,exposure_floor
2024-02-27,HDFCLIFE,EXIT,exposure_floor
2024-02-27,HINDALCO,EXIT,exposure_floor
2024-02-27,HINDUNILVR,EXIT,exposure_floor
2024-02-27,ICICIBANK,EXIT,exposure_floor
2024-02-27,ITC,EXIT,exposure_floor
2024-02-27,JSWSTEEL,REDUCE,exposure_floor
2024-02-27,KOTAKBANK,EXIT,exposure_floor
2024-02-27,LT,REDUCE,exposure_floor
2024-02-27,NESTLEIND,REDUCE,exposure_floor
2024-02-27,SBILIFE,REDUCE,exposure_floor
2024-02-27,TECHM,REDUCE,exposure_floor
2024-02-27,ULTRACEMCO,REDUCE,exposure_floor
2024-02-28,ASIANPAINT,EXIT,exposure_floor
2024-02-28,BAJFINANCE,EXIT,exposure_floor
2024-02-28,BAJAJFINSV,EXIT,exposure_floor
2024-02-28,EICHERMOT,REDUCE,exposure_floor
2024-02-28,GRASIM,REDUCE,exposure_floor
2024-02-28,HDFCBANK,EXIT,exposure_floor
2024-02-28,HDFCLIFE,EXIT,exposure_floor
2024-02-28,HINDALCO,EXIT,exposure_floor
2024-02-28,HINDUNILVR,EXIT,exposure_floor
2024-02-28,ICICIBANK,EXIT,exposure_floor
2024-02-28,ITC,EXIT,exposure_floor
2024-02-28,JSWSTEEL,REDUCE,exposure_floor
2024-02-28,KOTAKBANK,EXIT,exposure_floor
2024-02-28,LT,REDUCE,exposure_floor
2024-02-28,NESTLEIND,REDUCE,exposure_floor
2024-02-28,SBILIFE,REDUCE,exposure_floor
2024-02-28,TECHM,REDUCE,exposure_floor
2024-02-28,ULTRACEMCO,REDUCE,exposure_floor
2024-02-29,ASIANPAINT,EXIT,exposure_floor
2024-02-29,BAJFINANCE,EXIT,exposure_floor
2024-02-29,BAJAJFINSV,EXIT,exposure_floor
2024-02-29,EICHERMOT,REDUCE,exposure_floor
2024-02-29,GRASIM,REDUCE,exposure_floor
2024-02-29,HDFCBANK,EXIT,exposure_floor
2024-02-29,HDFCLIFE,EXIT,exposure_floor
2024-02-29,HINDALCO,EXIT,exposure_floor
2024-02-29,HINDUNILVR,EXIT,exposure_floor
2024-02-29,ICICIBANK,EXIT,exposure_floor
2024-02-29,ITC,EXIT,exposure_floor
2024-02-29,JSWSTEEL,REDUCE,exposure_floor
2024-02-29,KOTAKBANK,EXIT,exposure_floor
2024-02-29,LT,REDUCE,exposure_floor
2024-02-29,NESTLEIND,REDUCE,exposure_floor
2024-02-29,SBILIFE,REDUCE,exposure_floor
2024-02-29,TECHM,REDUCE,exposure_floor
2024-02-29,ULTRACEMCO,REDUCE,exposure_floor
2024-03-01,ASIANPAINT,EXIT,exposure_floor
2024-03-01,BAJFINANCE,EXIT,exposure_floor
2024-03-01,BAJAJFINSV,EXIT,exposure_floor
2024-03-01,EICHERMOT,REDUCE,exposure_floor
2024-03-01,HDFCBANK,EXIT,exposure_floor
2024-03-01,HDFCLIFE,EXIT,exposure_floor
2024-03-01,HINDALCO,EXIT,exposure_floor
2024-03-01,HINDUNILVR,EXIT,exposure_floor
2024-03-01,ICICIBANK,EXIT,exposure_floor
2024-03-01,ITC,EXIT,exposure_floor
2024-03-01,JSWSTEEL,REDUCE,exposure_floor
2024-03-01,KOTAKBANK,EXIT,exposure_floor
2024-03-01,LT,REDUCE,exposure_floor
2024-03-01,MAXHEALTH,EXIT,exposure_floor
2024-03-01,SBILIFE,REDUCE,exposure_floor
2024-03-01,TECHM,REDUCE,exposure_floor
2024-03-01,ULTRACEMCO,REDUCE,exposure_floor
2024-03-04,ASIANPAINT,EXIT,exposure_floor
2024-03-04,BAJFINANCE,EXIT,exposure_floor
2024-03-04,BAJAJFINSV,EXIT,exposure_floor
2024-03-04,EICHERMOT,REDUCE,exposure_floor
2024-03-04,HDFCBANK,EXIT,exposure_floor
2024-03-04,HDFCLIFE,EXIT,exposure_floor
2024-03-04,HINDALCO,EXIT,exposure_floor
2024-03-04,HINDUNILVR,EXIT,exposure_floor
2024-03-04,ICICIBANK,REDUCE,exposure_floor
2024-03-04,ITC,EXIT,exposure_floor
2024-03-04,JSWSTEEL,REDUCE,exposure_floor
2024-03-04,KOTAKBANK,EXIT,exposure_floor
2024-03-04,LT,REDUCE,exposure_floor
2024-03-04,MAXHEALTH,EXIT,exposure_floor
2024-03-04,SBILIFE,REDUCE,exposure_floor
2024-03-04,TECHM,REDUCE,exposure_floor
2024-03-04,ULTRACEMCO,REDUCE,exposure_floor
2024-03-05,ASIANPAINT,EXIT,exposure_floor
2024-03-05,BAJFINANCE,EXIT,exposure_floor
2024-03-05,BAJAJFINSV,EXIT,exposure_floor
2024-03-05,EICHERMOT,REDUCE,exposure_floor
2024-03-05,HDFCBANK,EXIT,exposure_floor
2024-03-05,HDFCLIFE,EXIT,exposure_floor
2024-03-05,HINDALCO,EXIT,exposure_floor
2024-03-05,HINDUNILVR,EXIT,exposure_floor
2024-03-05,ITC,EXIT,exposure_floor
2024-03-05,INFY,REDUCE,exposure_floor
2024-03-05,JSWSTEEL,REDUCE,exposure_floor
2024-03-05,KOTAKBANK,EXIT,exposure_floor
2024-03-05,LT,REDUCE,exposure_floor
2024-03-05,MAXHEALTH,EXIT,exposure_floor
2024-03-05,SBILIFE,REDUCE,exposure_floor
2024-03-05,TECHM,REDUCE,exposure_floor
2024-03-05,ULTRACEMCO,REDUCE,exposure_floor
2024-03-06,ASIANPAINT,EXIT,exposure_floor
2024-03-06,BAJFINANCE,EXIT,exposure_floor
2024-03-06,BAJAJFINSV,EXIT,exposure_floor
2024-03-06,EICHERMOT,REDUCE,exposure_floor
2024-03-06,HDFCBANK,EXIT,exposure_floor
2024-03-06,HDFCLIFE,EXIT,exposure_floor
2024-03-06,HINDALCO,EXIT,exposure_floor
2024-03-06,HINDUNILVR,EXIT,exposure_floor
2024-03-06,ITC,EXIT,exposure_floor
2024-03-06,INFY,REDUCE,exposure_floor
2024-03-06,JSWSTEEL,REDUCE,exposure_floor
2024-03-06,KOTAKBANK,EXIT,exposure_floor
2024-03-06,LT,REDUCE,exposure_floor
2024-03-06,MAXHEALTH,EXIT,exposure_floor
2024-03-06,NESTLEIND,REDUCE,exposure_floor
2024-03-06,SBILIFE,REDUCE,exposure_floor
2024-03-06,TECHM,REDUCE,exposure_floor
2024-03-06,ULTRACEMCO,REDUCE,exposure_floor
2024-03-07,ASIANPAINT,EXIT,exposure_floor
2024-03-07,BAJFINANCE,EXIT,exposure_floor
2024-03-07,BAJAJFINSV,EXIT,exposure_floor
2024-03-07,EICHERMOT,REDUCE,exposure_floor
2024-03-07,HDFCBANK,EXIT,exposure_floor
2024-03-07,HDFCLIFE,EXIT,exposure_floor
2024-03-07,HINDALCO,EXIT,exposure_floor
2024-03-07,HINDUNILVR,EXIT,exposure_floor
2024-03-07,ITC,EXIT,exposure_floor
2024-03-07,INFY,REDUCE,exposure_floor
2024-03-07,JSWSTEEL,REDUCE,exposure_floor
2024-03-07,KOTAKBANK,EXIT,exposure_floor
2024-03-07,LT,REDUCE,exposure_floor
2024-03-07,MAXHEALTH,EXIT,exposure_floor
2024-03-07,NESTLEIND,REDUCE,exposure_floor
2024-03-07,SBILIFE,REDUCE,exposure_floor
2024-03-07,TECHM,REDUCE,exposure_floor
2024-03-07,ULTRACEMCO,REDUCE,exposure_floor
2024-03-11,ASIANPAINT,EXIT,exposure_floor
2024-03-11,BAJFINANCE,EXIT,exposure_floor
2024-03-11,BAJAJFINSV,EXIT,exposure_floor
2024-03-11,EICHERMOT,REDUCE,exposure_floor
2024-03-11,HDFCBANK,EXIT,exposure_floor
2024-03-11,HDFCLIFE,EXIT,exposure_floor
2024-03-11,HINDALCO,EXIT,exposure_floor
2024-03-11,HINDUNILVR,EXIT,exposure_floor
2024-03-11,ITC,EXIT,exposure_floor
2024-03-11,INFY,REDUCE,exposure_floor
2024-03-11,JSWSTEEL,REDUCE,exposure_floor
2024-03-11,KOTAKBANK,EXIT,exposure_floor
2024-03-11,LT,REDUCE,exposure_floor
2024-03-11,MAXHEALTH,EXIT,exposure_floor
2024-03-11,NESTLEIND,REDUCE,exposure_floor
2024-03-11,TECHM,REDUCE,exposure_floor
2024-03-11,ULTRACEMCO,REDUCE,exposure_floor
2024-03-12,ASIANPAINT,EXIT,exposure_floor
2024-03-12,BAJFINANCE,EXIT,exposure_floor
2024-03-12,BAJAJFINSV,EXIT,exposure_floor
2024-03-12,EICHERMOT,REDUCE,exposure_floor
2024-03-12,HDFCBANK,EXIT,exposure_floor
2024-03-12,HDFCLIFE,EXIT,exposure_floor
2024-03-12,HINDALCO,EXIT,exposure_floor
2024-03-12,HINDUNILVR,EXIT,exposure_floor
2024-03-12,ITC,EXIT,exposure_floor
2024-03-12,INFY,REDUCE,exposure_floor
2024-03-12,JSWSTEEL,REDUCE,exposure_floor
2024-03-12,KOTAKBANK,EXIT,exposure_floor
2024-03-12,LT,REDUCE,exposure_floor
2024-03-12,MAXHEALTH,EXIT,exposure_floor
2024-03-12,NESTLEIND,REDUCE,exposure_floor
2024-03-12,TECHM,REDUCE,exposure_floor
2024-03-12,ULTRACEMCO,REDUCE,exposure_floor
2024-03-13,ASIANPAINT,EXIT,exposure_floor
2024-03-13,BAJFINANCE,EXIT,exposure_floor
2024-03-13,BAJAJFINSV,EXIT,exposure_floor
2024-03-13,EICHERMOT,REDUCE,exposure_floor
2024-03-13,HDFCBANK,EXIT,exposure_floor
2024-03-13,HDFCLIFE,EXIT,exposure_floor
2024-03-13,HINDALCO,EXIT,exposure_floor
2024-03-13,HINDUNILVR,EXIT,exposure_floor
2024-03-13,ITC,EXIT,exposure_floor
2024-03-13,INFY,REDUCE,exposure_floor
2024-03-13,JSWSTEEL,REDUCE,exposure_floor
2024-03-13,KOTAKBANK,EXIT,exposure_floor
2024-03-13,LT,REDUCE,exposure_floor
2024-03-13,MAXHEALTH,EXIT,exposure_floor
2024-03-13,NESTLEIND,REDUCE,exposure_floor
2024-03-13,TECHM,REDUCE,exposure_floor
2024-03-13,ULTRACEMCO,REDUCE,exposure_floor
2024-03-14,ASIANPAINT,EXIT,exposure_floor
2024-03-14,BAJFINANCE,EXIT,exposure_floor
2024-03-14,BAJAJFINSV,EXIT,exposure_floor
2024-03-14,EICHERMOT,REDUCE,exposure_floor
2024-03-14,HDFCBANK,EXIT,exposure_floor
2024-03-14,HDFCLIFE,EXIT,exposure_floor
2024-03-14,HINDALCO,EXIT,exposure_floor
2024-03-14,HINDUNILVR,EXIT,exposure_floor
2024-03-14,ITC,EXIT,exposure_floor
2024-03-14,JSWSTEEL,EXIT,exposure_floor
2024-03-14,KOTAKBANK,EXIT,exposure_floor
2024-03-14,LT,REDUCE,exposure_floor
2024-03-14,MAXHEALTH,EXIT,exposure_floor
2024-03-14,NESTLEIND,REDUCE,exposure_floor
2024-03-14,TECHM,REDUCE,exposure_floor
2024-03-14,ULTRACEMCO,REDUCE,exposure_floor
2024-03-15,ASIANPAINT,EXIT,exposure_floor
2024-03-15,BAJFINANCE,EXIT,exposure_floor
2024-03-15,BAJAJFINSV,EXIT,exposure_floor
2024-03-15,EICHERMOT,REDUCE,exposure_floor
2024-03-15,HDFCBANK,EXIT,exposure_floor
2024-03-15,HDFCLIFE,EXIT,exposure_floor
2024-03-15,HINDALCO,EXIT,exposure_floor
2024-03-15,HINDUNILVR,EXIT,exposure_floor
2024-03-15,ITC,EXIT,exposure_floor
2024-03-15,JSWSTEEL,EXIT,exposure_floor
2024-03-15,KOTAKBANK,EXIT,exposure_floor
2024-03-15,LT,REDUCE,exposure_floor
2024-03-15,MAXHEALTH,EXIT,exposure_floor
2024-03-15,NESTLEIND,REDUCE,exposure_floor
2024-03-15,TECHM,REDUCE,exposure_floor
2024-03-15,ULTRACEMCO,REDUCE,exposure_floor
2024-03-18,ASIANPAINT,EXIT,exposure_floor
2024-03-18,BAJFINANCE,EXIT,exposure_floor
2024-03-18,BAJAJFINSV,EXIT,exposure_floor
2024-03-18,EICHERMOT,REDUCE,exposure_floor
2024-03-18,HDFCBANK,EXIT,exposure_floor
2024-03-18,HDFCLIFE,EXIT,exposure_floor
2024-03-18,HINDALCO,EXIT,exposure_floor
2024-03-18,HINDUNILVR,EXIT,exposure_floor
2024-03-18,ITC,EXIT,exposure_floor
2024-03-18,JSWSTEEL,EXIT,exposure_floor
2024-03-18,KOTAKBANK,EXIT,exposure_floor
2024-03-18,MAXHEALTH,EXIT,exposure_floor
2024-03-18,NESTLEIND,REDUCE,exposure_floor
2024-03-18,TECHM,REDUCE,exposure_floor
2024-03-18,ULTRACEMCO,REDUCE,exposure_floor
2024-03-19,ASIANPAINT,EXIT,exposure_floor
2024-03-19,BAJFINANCE,EXIT,exposure_floor
2024-03-19,BAJAJFINSV,EXIT,exposure_floor
2024-03-19,EICHERMOT,REDUCE,exposure_floor
2024-03-19,HDFCBANK,EXIT,exposure_floor
2024-03-19,HDFCLIFE,EXIT,exposure_floor
2024-03-19,HINDALCO,EXIT,exposure_floor
2024-03-19,HINDUNILVR,EXIT,exposure_floor
2024-03-19,ITC,EXIT,exposure_floor
2024-03-19,JSWSTEEL,EXIT,exposure_floor
2024-03-19,KOTAKBANK,EXIT,exposure_floor
2024-03-19,MAXHEALTH,EXIT,exposure_floor
2024-03-19,NESTLEIND,REDUCE,exposure_floor
2024-03-19,TECHM,REDUCE,exposure_floor
2024-03-19,ULTRACEMCO,REDUCE,exposure_floor
2024-03-20,ASIANPAINT,EXIT,exposure_floor
2024-03-20,BAJFINANCE,EXIT,exposure_floor
2024-03-20,BAJAJFINSV,EXIT,exposure_floor
2024-03-20,EICHERMOT,REDUCE,exposure_floor
2024-03-20,HDFCBANK,EXIT,exposure_floor
2024-03-20,HDFCLIFE,EXIT,exposure_floor
2024-03-20,HINDALCO,EXIT,exposure_floor
2024-03-20,HINDUNILVR,EXIT,exposure_floor
2024-03-20,ITC,EXIT,exposure_floor
2024-03-20,JSWSTEEL,EXIT,exposure_floor
2024-03-20,KOTAKBANK,EXIT,exposure_floor
2024-03-20,MAXHEALTH,EXIT,exposure_floor
2024-03-20,NTPC,REDUCE,exposure_floor
2024-03-20,NESTLEIND,REDUCE,exposure_floor
2024-03-20,TATACONSUM,REDUCE,exposure_floor
2024-03-20,TECHM,REDUCE,exposure_floor
2024-03-20,ULTRACEMCO,REDUCE,exposure_floor
2024-03-21,ASIANPAINT,EXIT,exposure_floor
2024-03-21,BAJFINANCE,EXIT,exposure_floor
2024-03-21,BAJAJFINSV,EXIT,exposure_floor
2024-03-21,EICHERMOT,REDUCE,exposure_floor
2024-03-21,HDFCBANK,EXIT,exposure_floor
2024-03-21,HDFCLIFE,EXIT,exposure_floor
2024-03-21,HINDALCO,EXIT,exposure_floor
2024-03-21,HINDUNILVR,EXIT,exposure_floor
2024-03-21,ITC,EXIT,exposure_floor
2024-03-21,INFY,REDUCE,exposure_floor
2024-03-21,JSWSTEEL,EXIT,exposure_floor
2024-03-21,KOTAKBANK,EXIT,exposure_floor
2024-03-21,MAXHEALTH,EXIT,exposure_floor
2024-03-21,NTPC,REDUCE,exposure_floor
2024-03-21,NESTLEIND,REDUCE,exposure_floor
2024-03-21,TATACONSUM,REDUCE,exposure_floor
2024-03-21,TECHM,REDUCE,exposure_floor
2024-03-21,ULTRACEMCO,REDUCE,exposure_floor
2024-03-22,ASIANPAINT,EXIT,exposure_floor
2024-03-22,BAJFINANCE,EXIT,exposure_floor
2024-03-22,BAJAJFINSV,EXIT,exposure_floor
2024-03-22,EICHERMOT,REDUCE,exposure_floor
2024-03-22,HDFCBANK,EXIT,exposure_floor
2024-03-22,HDFCLIFE,EXIT,exposure_floor
2024-03-22,HINDALCO,EXIT,exposure_floor
2024-03-22,HINDUNILVR,EXIT,exposure_floor
2024-03-22,ITC,EXIT,exposure_floor
2024-03-22,INFY,REDUCE,exposure_floor
2024-03-22,JSWSTEEL,EXIT,exposure_floor
2024-03-22,KOTAKBANK,EXIT,exposure_floor
2024-03-22,MAXHEALTH,EXIT,exposure_floor
2024-03-22,NTPC,REDUCE,exposure_floor
2024-03-22,NESTLEIND,REDUCE,exposure_floor
2024-03-22,TATACONSUM,REDUCE,exposure_floor
2024-03-22,TECHM,REDUCE,exposure_floor
2024-03-22,ULTRACEMCO,REDUCE,exposure_floor
2024-03-26,ASIANPAINT,EXIT,exposure_floor
2024-03-26,BAJFINANCE,EXIT,exposure_floor
2024-03-26,BAJAJFINSV,EXIT,exposure_floor
2024-03-26,EICHERMOT,REDUCE,exposure_floor
2024-03-26,HDFCBANK,EXIT,exposure_floor
2024-03-26,HDFCLIFE,EXIT,exposure_floor
2024-03-26,HINDALCO,EXIT,exposure_floor
2024-03-26,HINDUNILVR,EXIT,exposure_floor
2024-03-26,ITC,EXIT,exposure_floor
2024-03-26,INFY,REDUCE,exposure_floor
2024-03-26,JSWSTEEL,EXIT,exposure_floor
2024-03-26,KOTAKBANK,EXIT,exposure_floor
2024-03-26,MAXHEALTH,EXIT,exposure_floor
2024-03-26,NESTLEIND,REDUCE,exposure_floor
2024-03-26,TATACONSUM,REDUCE,exposure_floor
2024-03-26,TECHM,REDUCE,exposure_floor
2024-03-26,ULTRACEMCO,REDUCE,exposure_floor
2024-03-27,ADANIENT,REDUCE,exposure_floor
2024-03-27,ASIANPAINT,EXIT,exposure_floor
2024-03-27,BAJFINANCE,EXIT,exposure_floor
2024-03-27,BAJAJFINSV,EXIT,exposure_floor
2024-03-27,EICHERMOT,REDUCE,exposure_floor
2024-03-27,HDFCBANK,EXIT,exposure_floor
2024-03-27,HDFCLIFE,EXIT,exposure_floor
2024-03-27,HINDALCO,EXIT,exposure_floor
2024-03-27,HINDUNILVR,EXIT,exposure_floor
2024-03-27,ITC,EXIT,exposure_floor
2024-03-27,INFY,REDUCE,exposure_floor
2024-03-27,JSWSTEEL,EXIT,exposure_floor
2024-03-27,KOTAKBANK,EXIT,exposure_floor
2024-03-27,MAXHEALTH,REDUCE,exposure_floor
2024-03-27,NESTLEIND,REDUCE,exposure_floor
2024-03-27,TATACONSUM,REDUCE,exposure_floor
2024-03-27,TECHM,REDUCE,exposure_floor
2024-03-27,ULTRACEMCO,REDUCE,exposure_floor
2024-03-28,ASIANPAINT,EXIT,exposure_floor
2024-03-28,BAJFINANCE,EXIT,exposure_floor
2024-03-28,BAJAJFINSV,EXIT,exposure_floor
2024-03-28,EICHERMOT,REDUCE,exposure_floor
2024-03-28,HDFCBANK,EXIT,exposure_floor
2024-03-28,HDFCLIFE,EXIT,exposure_floor
2024-03-28,HINDALCO,EXIT,exposure_floor
2024-03-28,HINDUNILVR,EXIT,exposure_floor
2024-03-28,ITC,EXIT,exposure_floor
2024-03-28,INFY,REDUCE,exposure_floor
2024-03-28,JSWSTEEL,EXIT,exposure_floor
2024-03-28,KOTAKBANK,EXIT,exposure_floor
2024-03-28,NESTLEIND,REDUCE,exposure_floor
2024-03-28,TATACONSUM,REDUCE,exposure_floor
2024-03-28,TECHM,REDUCE,exposure_floor
2024-03-28,ULTRACEMCO,REDUCE,exposure_floor
2024-04-01,ASIANPAINT,EXIT,exposure_floor
2024-04-01,BAJFINANCE,EXIT,exposure_floor
2024-04-01,BAJAJFINSV,EXIT,exposure_floor
2024-04-01,EICHERMOT,REDUCE,exposure_floor
2024-04-01,HCLTECH,REDUCE,exposure_floor
2024-04-01,HDFCBANK,EXIT,exposure_floor
2024-04-01,HDFCLIFE,EXIT,exposure_floor
2024-04-01,HINDALCO,EXIT,exposure_floor
2024-04-01,HINDUNILVR,EXIT,exposure_floor
2024-04-01,ITC,EXIT,exposure_floor
2024-04-01,JSWSTEEL,REDUCE,exposure_floor
2024-04-01,KOTAKBANK,EXIT,exposure_floor
2024-04-01,NESTLEIND,REDUCE,exposure_floor
2024-04-01,TCS,REDUCE,exposure_floor
2024-04-01,TATACONSUM,REDUCE,exposure_floor
2024-04-01,TECHM,REDUCE,exposure_floor
2024-04-01,ULTRACEMCO,REDUCE,exposure_floor
2024-04-02,ASIANPAINT,EXIT,exposure_floor
2024-04-02,BAJFINANCE,EXIT,exposure_floor
2024-04-02,BAJAJFINSV,EXIT,exposure_floor
2024-04-02,EICHERMOT,REDUCE,exposure_floor
2024-04-02,HCLTECH,REDUCE,exposure_floor
2024-04-02,HDFCBANK,EXIT,exposure_floor
2024-04-02,HDFCLIFE,EXIT,exposure_floor
2024-04-02,HINDALCO,EXIT,exposure_floor
2024-04-02,HINDUNILVR,EXIT,exposure_floor
2024-04-02,ITC,EXIT,exposure_floor
2024-04-02,KOTAKBANK,EXIT,exposure_floor
2024-04-02,NESTLEIND,REDUCE,exposure_floor
2024-04-02,SBILIFE,REDUCE,exposure_floor
2024-04-02,TCS,REDUCE,exposure_floor
2024-04-02,TATACONSUM,REDUCE,exposure_floor
2024-04-02,TECHM,REDUCE,exposure_floor
2024-04-02,ULTRACEMCO,REDUCE,exposure_floor
2024-04-02,WIPRO,REDUCE,exposure_floor
2024-04-03,ASIANPAINT,EXIT,exposure_floor
2024-04-03,BAJFINANCE,EXIT,exposure_floor
2024-04-03,BAJAJFINSV,EXIT,exposure_floor
2024-04-03,EICHERMOT,REDUCE,exposure_floor
2024-04-03,HCLTECH,REDUCE,exposure_floor
2024-04-03,HDFCBANK,EXIT,exposure_floor
2024-04-03,HDFCLIFE,EXIT,exposure_floor
2024-04-03,HINDALCO,EXIT,exposure_floor
2024-04-03,HINDUNILVR,EXIT,exposure_floor
2024-04-03,ITC,EXIT,exposure_floor
2024-04-03,KOTAKBANK,EXIT,exposure_floor
2024-04-03,NESTLEIND,REDUCE,exposure_floor
2024-04-03,SBILIFE,REDUCE,exposure_floor
2024-04-03,TCS,REDUCE,exposure_floor
2024-04-03,TATACONSUM,REDUCE,exposure_floor
2024-04-03,TECHM,REDUCE,exposure_floor
2024-04-03,ULTRACEMCO,REDUCE,exposure_floor
2024-04-03,WIPRO,REDUCE,exposure_floor
2024-04-04,ASIANPAINT,EXIT,exposure_floor
2024-04-04,BAJFINANCE,EXIT,exposure_floor
2024-04-04,BAJAJFINSV,EXIT,exposure_floor
2024-04-04,HCLTECH,REDUCE,exposure_floor
2024-04-04,HDFCBANK,EXIT,exposure_floor
2024-04-04,HDFCLIFE,EXIT,exposure_floor
2024-04-04,HINDALCO,EXIT,exposure_floor
2024-04-04,HINDUNILVR,EXIT,exposure_floor
2024-04-04,ITC,EXIT,exposure_floor
2024-04-04,KOTAKBANK,EXIT,exposure_floor
2024-04-04,NESTLEIND,REDUCE,exposure_floor
2024-04-04,SBILIFE,REDUCE,exposure_floor
2024-04-04,TCS,REDUCE,exposure_floor
2024-04-04,TATACONSUM,REDUCE,exposure_floor
2024-04-04,TECHM,REDUCE,exposure_floor
2024-04-04,ULTRACEMCO,REDUCE,exposure_floor
2024-04-04,WIPRO,REDUCE,exposure_floor
2024-04-05,ASIANPAINT,EXIT,exposure_floor
2024-04-05,BAJFINANCE,EXIT,exposure_floor
2024-04-05,BAJAJFINSV,EXIT,exposure_floor
2024-04-05,HCLTECH,REDUCE,exposure_floor
2024-04-05,HDFCBANK,EXIT,exposure_floor
2024-04-05,HDFCLIFE,EXIT,exposure_floor
2024-04-05,HINDALCO,EXIT,exposure_floor
2024-04-05,HINDUNILVR,EXIT,exposure_floor
2024-04-05,ITC,EXIT,exposure_floor
2024-04-05,KOTAKBANK,EXIT,exposure_floor
2024-04-05,NESTLEIND,REDUCE,exposure_floor
2024-04-05,SBILIFE,REDUCE,exposure_floor
2024-04-05,TCS,REDUCE,exposure_floor
2024-04-05,TATACONSUM,REDUCE,exposure_floor
2024-04-05,TECHM,REDUCE,exposure_floor
2024-04-05,ULTRACEMCO,REDUCE,exposure_floor
2024-04-05,WIPRO,REDUCE,exposure_floor
2024-04-08,APOLLOHOSP,REDUCE,exposure_floor
2024-04-08,ASIANPAINT,EXIT,exposure_floor
2024-04-08,BAJFINANCE,EXIT,exposure_floor
2024-04-08,BAJAJFINSV,EXIT,exposure_floor
2024-04-08,HCLTECH,REDUCE,exposure_floor
2024-04-08,HDFCBANK,EXIT,exposure_floor
2024-04-08,HDFCLIFE,EXIT,exposure_floor
2024-04-08,HINDALCO,EXIT,exposure_floor
2024-04-08,HINDUNILVR,EXIT,exposure_floor
2024-04-08,ITC,EXIT,exposure_floor
2024-04-08,KOTAKBANK,EXIT,exposure_floor
2024-04-08,NESTLEIND,REDUCE,exposure_floor
2024-04-08,SBILIFE,REDUCE,exposure_floor
2024-04-08,TCS,REDUCE,exposure_floor
2024-04-08,TATACONSUM,REDUCE,exposure_floor
2024-04-08,TECHM,REDUCE,exposure_floor
2024-04-08,ULTRACEMCO,REDUCE,exposure_floor
2024-04-08,WIPRO,REDUCE,exposure_floor
2024-04-09,APOLLOHOSP,REDUCE,exposure_floor
2024-04-09,ASIANPAINT,EXIT,exposure_floor
2024-04-09,BAJFINANCE,EXIT,exposure_floor
2024-04-09,BAJAJFINSV,EXIT,exposure_floor
2024-04-09,HCLTECH,REDUCE,exposure_floor
2024-04-09,HDFCBANK,EXIT,exposure_floor
2024-04-09,HDFCLIFE,EXIT,exposure_floor
2024-04-09,HINDALCO,REDUCE,exposure_floor
2024-04-09,HINDUNILVR,EXIT,exposure_floor
2024-04-09,ITC,EXIT,exposure_floor
2024-04-09,KOTAKBANK,EXIT,exposure_floor
2024-04-09,NESTLEIND,REDUCE,exposure_floor
2024-04-09,TCS,REDUCE,exposure_floor
2024-04-09,TATACONSUM,REDUCE,exposure_floor
2024-04-09,TECHM,REDUCE,exposure_floor
2024-04-09,ULTRACEMCO,REDUCE,exposure_floor
2024-04-09,WIPRO,REDUCE,exposure_floor
2024-04-10,APOLLOHOSP,REDUCE,exposure_floor
2024-04-10,ASIANPAINT,EXIT,exposure_floor
2024-04-10,BAJFINANCE,EXIT,exposure_floor
2024-04-10,BAJAJFINSV,EXIT,exposure_floor
2024-04-10,CIPLA,REDUCE,exposure_floor
2024-04-10,DRREDDY,REDUCE,exposure_floor
2024-04-10,HCLTECH,REDUCE,exposure_floor
2024-04-10,HDFCBANK,EXIT,exposure_floor
2024-04-10,HDFCLIFE,EXIT,exposure_floor
2024-04-10,HINDALCO,REDUCE,exposure_floor
2024-04-10,HINDUNILVR,EXIT,exposure_floor
2024-04-10,ITC,EXIT,exposure_floor
2024-04-10,KOTAKBANK,EXIT,exposure_floor
2024-04-10,NESTLEIND,REDUCE,exposure_floor
2024-04-10,TCS,REDUCE,exposure_floor
2024-04-10,TATACONSUM,REDUCE,exposure_floor
2024-04-10,TECHM,REDUCE,exposure_floor
2024-04-10,ULTRACEMCO,REDUCE,exposure_floor
2024-04-10,WIPRO,REDUCE,exposure_floor
2024-04-12,APOLLOHOSP,REDUCE,exposure_floor
2024-04-12,ASIANPAINT,EXIT,exposure_floor
2024-04-12,BAJFINANCE,EXIT,exposure_floor
2024-04-12,BAJAJFINSV,EXIT,exposure_floor
2024-04-12,CIPLA,REDUCE,exposure_floor
2024-04-12,DRREDDY,REDUCE,exposure_floor
2024-04-12,HCLTECH,REDUCE,exposure_floor
2024-04-12,HDFCBANK,EXIT,exposure_floor
2024-04-12,HDFCLIFE,EXIT,exposure_floor
2024-04-12,HINDALCO,REDUCE,exposure_floor
2024-04-12,HINDUNILVR,EXIT,exposure_floor
2024-04-12,ITC,EXIT,exposure_floor
2024-04-12,KOTAKBANK,EXIT,exposure_floor
2024-04-12,NESTLEIND,REDUCE,exposure_floor
2024-04-12,TCS,REDUCE,exposure_floor
2024-04-12,TATACONSUM,REDUCE,exposure_floor
2024-04-12,TECHM,REDUCE,exposure_floor
2024-04-12,ULTRACEMCO,REDUCE,exposure_floor
2024-04-12,WIPRO,REDUCE,exposure_floor
2024-04-15,ADANIENT,REDUCE,exposure_floor
2024-04-15,APOLLOHOSP,REDUCE,exposure_floor
2024-04-15,ASIANPAINT,EXIT,exposure_floor
2024-04-15,BAJFINANCE,EXIT,exposure_floor
2024-04-15,BAJAJFINSV,EXIT,exposure_floor
2024-04-15,CIPLA,REDUCE,exposure_floor
2024-04-15,DRREDDY,REDUCE,exposure_floor
2024-04-15,HCLTECH,REDUCE,exposure_floor
2024-04-15,HDFCBANK,EXIT,exposure_floor
2024-04-15,HDFCLIFE,EXIT,exposure_floor
2024-04-15,HINDUNILVR,EXIT,exposure_floor
2024-04-15,ITC,EXIT,exposure_floor
2024-04-15,INFY,EXIT,exposure_floor
2024-04-15,KOTAKBANK,EXIT,exposure_floor
2024-04-15,NESTLEIND,REDUCE,exposure_floor
2024-04-15,SBILIFE,REDUCE,exposure_floor
2024-04-15,TCS,REDUCE,exposure_floor
2024-04-15,TATACONSUM,REDUCE,exposure_floor
2024-04-15,TECHM,EXIT,exposure_floor
2024-04-15,ULTRACEMCO,REDUCE,exposure_floor
2024-04-15,WIPRO,EXIT,exposure_floor
2024-04-16,ADANIENT,REDUCE,exposure_floor
2024-04-16,APOLLOHOSP,REDUCE,exposure_floor
2024-04-16,ASIANPAINT,EXIT,exposure_floor
2024-04-16,BAJFINANCE,EXIT,exposure_floor
2024-04-16,BAJAJFINSV,EXIT,exposure_floor
2024-04-16,CIPLA,REDUCE,exposure_floor
2024-04-16,DRREDDY,REDUCE,exposure_floor
2024-04-16,HCLTECH,REDUCE,exposure_floor
2024-04-16,HDFCBANK,EXIT,exposure_floor
2024-04-16,HDFCLIFE,EXIT,exposure_floor
2024-04-16,HINDUNILVR,EXIT,exposure_floor
2024-04-16,ITC,EXIT,exposure_floor
2024-04-16,INFY,EXIT,exposure_floor
2024-04-16,KOTAKBANK,EXIT,exposure_floor
2024-04-16,LT,REDUCE,exposure_floor
2024-04-16,NESTLEIND,REDUCE,exposure_floor
2024-04-16,SBILIFE,REDUCE,exposure_floor
2024-04-16,SHRIRAMFIN,REDUCE,exposure_floor
2024-04-16,TCS,REDUCE,exposure_floor
2024-04-16,TATACONSUM,REDUCE,exposure_floor
2024-04-16,TECHM,EXIT,exposure_floor
2024-04-16,ULTRACEMCO,REDUCE,exposure_floor
2024-04-16,WIPRO,EXIT,exposure_floor
2024-04-18,ADANIENT,REDUCE,exposure_floor
2024-04-18,APOLLOHOSP,REDUCE,exposure_floor
2024-04-18,ASIANPAINT,EXIT,exposure_floor
2024-04-18,AXISBANK,EXIT,exposure_floor
2024-04-18,BAJFINANCE,EXIT,exposure_floor
2024-04-18,BAJAJFINSV,EXIT,exposure_floor
2024-04-18,CIPLA,REDUCE,exposure_floor
2024-04-18,DRREDDY,REDUCE,exposure_floor
2024-04-18,HCLTECH,REDUCE,exposure_floor
2024-04-18,HDFCBANK,EXIT,exposure_floor
2024-04-18,HDFCLIFE,EXIT,exposure_floor
2024-04-18,HINDUNILVR,EXIT,exposure_floor
2024-04-18,ITC,EXIT,exposure_floor
2024-04-18,INFY,EXIT,exposure_floor
2024-04-18,KOTAKBANK,EXIT,exposure_floor
2024-04-18,LT,REDUCE,exposure_floor
2024-04-18,MAXHEALTH,REDUCE,exposure_floor
2024-04-18,NESTLEIND,REDUCE,exposure_floor
2024-04-18,SBILIFE,REDUCE,exposure_floor
2024-04-18,SHRIRAMFIN,REDUCE,exposure_floor
2024-04-18,TCS,REDUCE,exposure_floor
2024-04-18,TATACONSUM,REDUCE,exposure_floor
2024-04-18,TECHM,EXIT,exposure_floor
2024-04-18,ULTRACEMCO,REDUCE,exposure_floor
2024-04-18,WIPRO,EXIT,exposure_floor
2024-04-19,ADANIENT,REDUCE,exposure_floor
2024-04-19,APOLLOHOSP,REDUCE,exposure_floor
2024-04-19,ASIANPAINT,EXIT,exposure_floor
2024-04-19,AXISBANK,EXIT,exposure_floor
2024-04-19,BAJFINANCE,EXIT,exposure_floor
2024-04-19,BAJAJFINSV,EXIT,exposure_floor
2024-04-19,CIPLA,REDUCE,exposure_floor
2024-04-19,DRREDDY,REDUCE,exposure_floor
2024-04-19,HCLTECH,REDUCE,exposure_floor
2024-04-19,HDFCBANK,EXIT,exposure_floor
2024-04-19,HDFCLIFE,EXIT,exposure_floor
2024-04-19,HINDUNILVR,EXIT,exposure_floor
2024-04-19,ITC,EXIT,exposure_floor
2024-04-19,INFY,EXIT,exposure_floor
2024-04-19,KOTAKBANK,EXIT,exposure_floor
2024-04-19,LT,REDUCE,exposure_floor
2024-04-19,MAXHEALTH,REDUCE,exposure_floor
2024-04-19,NESTLEIND,REDUCE,exposure_floor
2024-04-19,SBILIFE,REDUCE,exposure_floor
2024-04-19,SHRIRAMFIN,REDUCE,exposure_floor
2024-04-19,TCS,REDUCE,exposure_floor
2024-04-19,TATACONSUM,REDUCE,exposure_floor
2024-04-19,TECHM,EXIT,exposure_floor
2024-04-19,ULTRACEMCO,REDUCE,exposure_floor
2024-04-19,WIPRO,EXIT,exposure_floor
2024-04-22,ADANIENT,REDUCE,exposure_floor
2024-04-22,APOLLOHOSP,REDUCE,exposure_floor
2024-04-22,ASIANPAINT,EXIT,exposure_floor
2024-04-22,AXISBANK,EXIT,exposure_floor
2024-04-22,BAJFINANCE,REDUCE,exposure_floor
2024-04-22,BAJAJFINSV,EXIT,exposure_floor
2024-04-22,CIPLA,REDUCE,exposure_floor
2024-04-22,DRREDDY,REDUCE,exposure_floor
2024-04-22,HCLTECH,REDUCE,exposure_floor
2024-04-22,HDFCBANK,EXIT,exposure_floor
2024-04-22,HDFCLIFE,EXIT,exposure_floor
2024-04-22,HINDUNILVR,EXIT,exposure_floor
2024-04-22,ITC,EXIT,exposure_floor
2024-04-22,INFY,EXIT,exposure_floor
2024-04-22,KOTAKBANK,EXIT,exposure_floor
2024-04-22,MAXHEALTH,EXIT,exposure_floor
2024-04-22,NESTLEIND,REDUCE,exposure_floor
2024-04-22,SBILIFE,REDUCE,exposure_floor
2024-04-22,SHRIRAMFIN,REDUCE,exposure_floor
2024-04-22,TCS,REDUCE,exposure_floor
2024-04-22,TATACONSUM,REDUCE,exposure_floor
2024-04-22,TECHM,EXIT,exposure_floor
2024-04-22,ULTRACEMCO,REDUCE,exposure_floor
2024-04-22,WIPRO,EXIT,exposure_floor
2024-04-23,ADANIENT,REDUCE,exposure_floor
2024-04-23,APOLLOHOSP,REDUCE,exposure_floor
2024-04-23,ASIANPAINT,EXIT,exposure_floor
2024-04-23,AXISBANK,EXIT,exposure_floor
2024-04-23,BAJFINANCE,REDUCE,exposure_floor
2024-04-23,BAJAJFINSV,EXIT,exposure_floor
2024-04-23,CIPLA,REDUCE,exposure_floor
2024-04-23,COALINDIA,REDUCE,exposure_floor
2024-04-23,DRREDDY,REDUCE,exposure_floor
2024-04-23,HCLTECH,REDUCE,exposure_floor
2024-04-23,HDFCBANK,EXIT,exposure_floor
2024-04-23,HDFCLIFE,EXIT,exposure_floor
2024-04-23,HINDUNILVR,EXIT,exposure_floor
2024-04-23,ITC,EXIT,exposure_floor
2024-04-23,INFY,EXIT,exposure_floor
2024-04-23,KOTAKBANK,EXIT,exposure_floor
2024-04-23,MAXHEALTH,EXIT,exposure_floor
2024-04-23,NESTLEIND,REDUCE,exposure_floor
2024-04-23,RELIANCE,REDUCE,exposure_floor
2024-04-23,SBILIFE,REDUCE,exposure_floor
2024-04-23,SHRIRAMFIN,REDUCE,exposure_floor
2024-04-23,SUNPHARMA,REDUCE,exposure_floor
2024-04-23,TCS,REDUCE,exposure_floor
2024-04-23,TATACONSUM,REDUCE,exposure_floor
2024-04-23,TECHM,EXIT,exposure_floor
2024-04-23,ULTRACEMCO,REDUCE,exposure_floor
2024-04-23,WIPRO,EXIT,exposure_floor
2024-04-24,ADANIENT,REDUCE,exposure_floor
2024-04-24,APOLLOHOSP,REDUCE,exposure_floor
2024-04-24,ASIANPAINT,EXIT,exposure_floor
2024-04-24,AXISBANK,EXIT,exposure_floor
2024-04-24,BAJFINANCE,REDUCE,exposure_floor
2024-04-24,BAJAJFINSV,EXIT,exposure_floor
2024-04-24,CIPLA,REDUCE,exposure_floor
2024-04-24,COALINDIA,REDUCE,exposure_floor
2024-04-24,DRREDDY,REDUCE,exposure_floor
2024-04-24,HCLTECH,REDUCE,exposure_floor
2024-04-24,HDFCBANK,EXIT,exposure_floor
2024-04-24,HDFCLIFE,EXIT,exposure_floor
2024-04-24,HINDUNILVR,EXIT,exposure_floor
2024-04-24,ITC,EXIT,exposure_floor
2024-04-24,INFY,EXIT,exposure_floor
2024-04-24,KOTAKBANK,EXIT,exposure_floor
2024-04-24,MAXHEALTH,EXIT,exposure_floor
2024-04-24,NESTLEIND,REDUCE,exposure_floor
2024-04-24,RELIANCE,REDUCE,exposure_floor
2024-04-24,SBILIFE,REDUCE,exposure_floor
2024-04-24,SHRIRAMFIN,REDUCE,exposure_floor
2024-04-24,SUNPHARMA,REDUCE,exposure_floor
2024-04-24,TCS,REDUCE,exposure_floor
2024-04-24,TATACONSUM,REDUCE,exposure_floor
2024-04-24,TECHM,EXIT,exposure_floor
2024-04-24,ULTRACEMCO,REDUCE,exposure_floor
2024-04-24,WIPRO,EXIT,exposure_floor
2024-04-25,APOLLOHOSP,REDUCE,exposure_floor
2024-04-25,ASIANPAINT,EXIT,exposure_floor
2024-04-25,BAJFINANCE,REDUCE,exposure_floor
2024-04-25,BAJAJFINSV,EXIT,exposure_floor
2024-04-25,CIPLA,REDUCE,exposure_floor
2024-04-25,COALINDIA,REDUCE,exposure_floor
2024-04-25,DRREDDY,REDUCE,exposure_floor
2024-04-25,HCLTECH,REDUCE,exposure_floor
2024-04-25,HDFCBANK,EXIT,exposure_floor
2024-04-25,HDFCLIFE,EXIT,exposure_floor
2024-04-25,HINDUNILVR,EXIT,exposure_floor
2024-04-25,ITC,EXIT,exposure_floor
2024-04-25,INFY,EXIT,exposure_floor
2024-04-25,KOTAKBANK,EXIT,exposure_floor
2024-04-25,MAXHEALTH,EXIT,exposure_floor
2024-04-25,NESTLEIND,REDUCE,exposure_floor
2024-04-25,RELIANCE,REDUCE,exposure_floor
2024-04-25,SBILIFE,REDUCE,exposure_floor
2024-04-25,SHRIRAMFIN,REDUCE,exposure_floor
2024-04-25,SUNPHARMA,REDUCE,exposure_floor
2024-04-25,TCS,REDUCE,exposure_floor
2024-04-25,TATACONSUM,REDUCE,exposure_floor
2024-04-25,TECHM,EXIT,exposure_floor
2024-04-25,ULTRACEMCO,REDUCE,exposure_floor
2024-04-25,WIPRO,EXIT,exposure_floor
2024-04-26,APOLLOHOSP,REDUCE,exposure_floor
2024-04-26,ASIANPAINT,EXIT,exposure_floor
2024-04-26,BAJFINANCE,EXIT,exposure_floor
2024-04-26,BAJAJFINSV,EXIT,exposure_floor
2024-04-26,CIPLA,REDUCE,exposure_floor
2024-04-26,COALINDIA,REDUCE,exposure_floor
2024-04-26,DRREDDY,REDUCE,exposure_floor
2024-04-26,HCLTECH,REDUCE,exposure_floor
2024-04-26,HDFCBANK,EXIT,exposure_floor
2024-04-26,HDFCLIFE,EXIT,exposure_floor
2024-04-26,HINDUNILVR,EXIT,exposure_floor
2024-04-26,ITC,REDUCE,exposure_floor
2024-04-26,INFY,EXIT,exposure_floor
2024-04-26,KOTAKBANK,EXIT,exposure_floor
2024-04-26,MAXHEALTH,EXIT,exposure_floor
2024-04-26,NESTLEIND,REDUCE,exposure_floor
2024-04-26,RELIANCE,REDUCE,exposure_floor
2024-04-26,SBILIFE,REDUCE,exposure_floor
2024-04-26,SUNPHARMA,REDUCE,exposure_floor
2024-04-26,TCS,REDUCE,exposure_floor
2024-04-26,TATACONSUM,REDUCE,exposure_floor
2024-04-26,TECHM,EXIT,exposure_floor
2024-04-26,ULTRACEMCO,REDUCE,exposure_floor
2024-04-26,WIPRO,EXIT,exposure_floor
2024-04-29,APOLLOHOSP,REDUCE,exposure_floor
2024-04-29,ASIANPAINT,EXIT,exposure_floor
2024-04-29,BAJFINANCE,EXIT,exposure_floor
2024-04-29,BAJAJFINSV,EXIT,exposure_floor
2024-04-29,CIPLA,REDUCE,exposure_floor
2024-04-29,COALINDIA,REDUCE,exposure_floor
2024-04-29,DRREDDY,REDUCE,exposure_floor
2024-04-29,HCLTECH,EXIT,exposure_floor
2024-04-29,HDFCBANK,EXIT,exposure_floor
2024-04-29,HDFCLIFE,EXIT,exposure_floor
2024-04-29,HINDUNILVR,EXIT,exposure_floor
2024-04-29,ITC,REDUCE,exposure_floor
2024-04-29,INFY,EXIT,exposure_floor
2024-04-29,KOTAKBANK,EXIT,exposure_floor
2024-04-29,MAXHEALTH,EXIT,exposure_floor
2024-04-29,NESTLEIND,REDUCE,exposure_floor
2024-04-29,RELIANCE,REDUCE,exposure_floor
2024-04-29,SBILIFE,REDUCE,exposure_floor
2024-04-29,SUNPHARMA,REDUCE,exposure_floor
2024-04-29,TCS,REDUCE,exposure_floor
2024-04-29,TATACONSUM,REDUCE,exposure_floor
2024-04-29,TECHM,EXIT,exposure_floor
2024-04-29,ULTRACEMCO,REDUCE,exposure_floor
2024-04-29,WIPRO,EXIT,exposure_floor
2024-04-30,APOLLOHOSP,REDUCE,exposure_floor
2024-04-30,ASIANPAINT,EXIT,exposure_floor
2024-04-30,BAJFINANCE,EXIT,exposure_floor
2024-04-30,BAJAJFINSV,EXIT,exposure_floor
2024-04-30,CIPLA,REDUCE,exposure_floor
2024-04-30,COALINDIA,REDUCE,exposure_floor
2024-04-30,DRREDDY,REDUCE,exposure_floor
2024-04-30,HCLTECH,EXIT,exposure_floor
2024-04-30,HDFCBANK,EXIT,exposure_floor
2024-04-30,HDFCLIFE,EXIT,exposure_floor
2024-04-30,HINDUNILVR,EXIT,exposure_floor
2024-04-30,ITC,EXIT,exposure_floor
2024-04-30,INFY,EXIT,exposure_floor
2024-04-30,KOTAKBANK,EXIT,exposure_floor
2024-04-30,MAXHEALTH,EXIT,exposure_floor
2024-04-30,NESTLEIND,REDUCE,exposure_floor
2024-04-30,RELIANCE,REDUCE,exposure_floor
2024-04-30,SBILIFE,REDUCE,exposure_floor
2024-04-30,SUNPHARMA,REDUCE,exposure_floor
2024-04-30,TCS,REDUCE,exposure_floor
2024-04-30,TATACONSUM,REDUCE,exposure_floor
2024-04-30,TECHM,EXIT,exposure_floor
2024-04-30,ULTRACEMCO,REDUCE,exposure_floor
2024-04-30,WIPRO,EXIT,exposure_floor
2024-05-02,APOLLOHOSP,REDUCE,exposure_floor
2024-05-02,ASIANPAINT,EXIT,exposure_floor
2024-05-02,BAJFINANCE,EXIT,exposure_floor
2024-05-02,BAJAJFINSV,EXIT,exposure_floor
2024-05-02,CIPLA,REDUCE,exposure_floor
2024-05-02,COALINDIA,REDUCE,exposure_floor
2024-05-02,DRREDDY,REDUCE,exposure_floor
2024-05-02,HCLTECH,EXIT,exposure_floor
2024-05-02,HDFCBANK,EXIT,exposure_floor
2024-05-02,HDFCLIFE,EXIT,exposure_floor
2024-05-02,HINDUNILVR,EXIT,exposure_floor
2024-05-02,ITC,REDUCE,exposure_floor
2024-05-02,INFY,EXIT,exposure_floor
2024-05-02,KOTAKBANK,EXIT,exposure_floor
2024-05-02,MAXHEALTH,EXIT,exposure_floor
2024-05-02,NESTLEIND,REDUCE,exposure_floor
2024-05-02,RELIANCE,REDUCE,exposure_floor
2024-05-02,SBILIFE,REDUCE,exposure_floor
2024-05-02,TCS,REDUCE,exposure_floor
2024-05-02,TATACONSUM,REDUCE,exposure_floor
2024-05-02,TECHM,EXIT,exposure_floor
2024-05-02,ULTRACEMCO,REDUCE,exposure_floor
2024-05-02,WIPRO,EXIT,exposure_floor
2024-05-03,APOLLOHOSP,REDUCE,exposure_floor
2024-05-03,ASIANPAINT,EXIT,exposure_floor
2024-05-03,BAJFINANCE,EXIT,exposure_floor
2024-05-03,BAJAJFINSV,EXIT,exposure_floor
2024-05-03,CIPLA,REDUCE,exposure_floor
2024-05-03,COALINDIA,REDUCE,exposure_floor
2024-05-03,DRREDDY,REDUCE,exposure_floor
2024-05-03,HCLTECH,EXIT,exposure_floor
2024-05-03,HDFCBANK,EXIT,exposure_floor
2024-05-03,HDFCLIFE,EXIT,exposure_floor
2024-05-03,HINDUNILVR,EXIT,exposure_floor
2024-05-03,ITC,EXIT,exposure_floor
2024-05-03,INFY,EXIT,exposure_floor
2024-05-03,KOTAKBANK,EXIT,exposure_floor
2024-05-03,MAXHEALTH,EXIT,exposure_floor
2024-05-03,NESTLEIND,REDUCE,exposure_floor
2024-05-03,RELIANCE,REDUCE,exposure_floor
2024-05-03,SBILIFE,REDUCE,exposure_floor
2024-05-03,TCS,REDUCE,exposure_floor
2024-05-03,TATACONSUM,REDUCE,exposure_floor
2024-05-03,TECHM,EXIT,exposure_floor
2024-05-03,ULTRACEMCO,REDUCE,exposure_floor
2024-05-03,WIPRO,EXIT,exposure_floor
2024-05-06,ADANIPORTS,REDUCE,exposure_floor
2024-05-06,APOLLOHOSP,REDUCE,exposure_floor
2024-05-06,ASIANPAINT,EXIT,exposure_floor
2024-05-06,BAJFINANCE,EXIT,exposure_floor
2024-05-06,BAJAJFINSV,EXIT,exposure_floor
2024-05-06,CIPLA,REDUCE,exposure_floor
2024-05-06,COALINDIA,REDUCE,exposure_floor
2024-05-06,DRREDDY,REDUCE,exposure_floor
2024-05-06,HCLTECH,EXIT,exposure_floor
2024-05-06,HDFCBANK,EXIT,exposure_floor
2024-05-06,HDFCLIFE,EXIT,exposure_floor
2024-05-06,HINDUNILVR,EXIT,exposure_floor
2024-05-06,ITC,EXIT,exposure_floor
2024-05-06,INFY,EXIT,exposure_floor
2024-05-06,KOTAKBANK,EXIT,exposure_floor
2024-05-06,MAXHEALTH,EXIT,exposure_floor
2024-05-06,NESTLEIND,REDUCE,exposure_floor
2024-05-06,RELIANCE,REDUCE,exposure_floor
2024-05-06,SBILIFE,REDUCE,exposure_floor
2024-05-06,TCS,REDUCE,exposure_floor
2024-05-06,TATACONSUM,REDUCE,exposure_floor
2024-05-06,TECHM,EXIT,exposure_floor
2024-05-06,TITAN,EXIT,exposure_floor
2024-05-06,ULTRACEMCO,REDUCE,exposure_floor
2024-05-06,WIPRO,EXIT,exposure_floor
2024-05-07,ADANIPORTS,REDUCE,exposure_floor
2024-05-07,APOLLOHOSP,REDUCE,exposure_floor
2024-05-07,ASIANPAINT,EXIT,exposure_floor
2024-05-07,BAJFINANCE,EXIT,exposure_floor
2024-05-07,BAJAJFINSV,REDUCE,exposure_floor
2024-05-07,CIPLA,REDUCE,exposure_floor
2024-05-07,COALINDIA,REDUCE,exposure_floor
2024-05-07,DRREDDY,REDUCE,exposure_floor
2024-05-07,HCLTECH,EXIT,exposure_floor
2024-05-07,HDFCBANK,EXIT,exposure_floor
2024-05-07,HDFCLIFE,EXIT,exposure_floor
2024-05-07,HINDUNILVR,EXIT,exposure_floor
2024-05-07,ITC,REDUCE,exposure_floor
2024-05-07,INFY,EXIT,exposure_floor
2024-05-07,KOTAKBANK,EXIT,exposure_floor
2024-05-07,LT,REDUCE,exposure_floor
2024-05-07,MAXHEALTH,EXIT,exposure_floor
2024-05-07,NESTLEIND,REDUCE,exposure_floor
2024-05-07,RELIANCE,REDUCE,exposure_floor
2024-05-07,SBILIFE,REDUCE,exposure_floor
2024-05-07,TCS,REDUCE,exposure_floor
2024-05-07,TATACONSUM,REDUCE,exposure_floor
2024-05-07,TECHM,EXIT,exposure_floor
2024-05-07,TITAN,EXIT,exposure_floor
2024-05-07,ULTRACEMCO,REDUCE,exposure_floor
2024-05-07,WIPRO,EXIT,exposure_floor
2024-05-08,ADANIPORTS,REDUCE,exposure_floor
2024-05-08,APOLLOHOSP,REDUCE,exposure_floor
2024-05-08,ASIANPAINT,EXIT,exposure_floor
2024-05-08,BAJFINANCE,EXIT,exposure_floor
2024-05-08,BAJAJFINSV,REDUCE,exposure_floor
2024-05-08,CIPLA,REDUCE,exposure_floor
2024-05-08,DRREDDY,REDUCE,exposure_floor
2024-05-08,HCLTECH,EXIT,exposure_floor
2024-05-08,HDFCBANK,EXIT,exposure_floor
2024-05-08,HDFCLIFE,EXIT,exposure_floor
2024-05-08,HINDUNILVR,EXIT,exposure_floor
2024-05-08,ITC,REDUCE,exposure_floor
2024-05-08,INFY,EXIT,exposure_floor
2024-05-08,KOTAKBANK,EXIT,exposure_floor
2024-05-08,LT,REDUCE,exposure_floor
2024-05-08,MAXHEALTH,EXIT,exposure_floor
2024-05-08,NESTLEIND,REDUCE,exposure_floor
2024-05-08,RELIANCE,REDUCE,exposure_floor
2024-05-08,SBILIFE,REDUCE,exposure_floor
2024-05-08,TCS,REDUCE,exposure_floor
2024-05-08,TATACONSUM,REDUCE,exposure_floor
2024-05-08,TECHM,EXIT,exposure_floor
2024-05-08,TITAN,EXIT,exposure_floor
2024-05-08,ULTRACEMCO,REDUCE,exposure_floor
2024-05-08,WIPRO,EXIT,exposure_floor
2024-05-09,ADANIENT,EXIT,exposure_floor
2024-05-09,ADANIPORTS,REDUCE,exposure_floor
2024-05-09,APOLLOHOSP,REDUCE,exposure_floor
2024-05-09,ASIANPAINT,EXIT,exposure_floor
2024-05-09,BAJFINANCE,EXIT,exposure_floor
2024-05-09,BAJAJFINSV,EXIT,exposure_floor
2024-05-09,CIPLA,REDUCE,exposure_floor
2024-05-09,DRREDDY,REDUCE,exposure_floor
2024-05-09,HCLTECH,EXIT,exposure_floor
2024-05-09,HDFCBANK,EXIT,exposure_floor
2024-05-09,HDFCLIFE,EXIT,exposure_floor
2024-05-09,HINDUNILVR,EXIT,exposure_floor
2024-05-09,ITC,EXIT,exposure_floor
2024-05-09,INFY,EXIT,exposure_floor
2024-05-09,JSWSTEEL,REDUCE,exposure_floor
2024-05-09,KOTAKBANK,EXIT,exposure_floor
2024-05-09,LT,REDUCE,exposure_floor
2024-05-09,MAXHEALTH,EXIT,exposure_floor
2024-05-09,NESTLEIND,REDUCE,exposure_floor
2024-05-09,ONGC,REDUCE,exposure_floor
2024-05-09,RELIANCE,REDUCE,exposure_floor
2024-05-09,SBILIFE,REDUCE,exposure_floor
2024-05-09,SHRIRAMFIN,REDUCE,exposure_floor
2024-05-09,TCS,REDUCE,exposure_floor
2024-05-09,TATACONSUM,REDUCE,exposure_floor
2024-05-09,TECHM,EXIT,exposure_floor
2024-05-09,TITAN,EXIT,exposure_floor
2024-05-09,ULTRACEMCO,REDUCE,exposure_floor
2024-05-09,WIPRO,EXIT,exposure_floor
2024-05-10,ADANIENT,EXIT,exposure_floor
2024-05-10,ADANIPORTS,REDUCE,exposure_floor
2024-05-10,APOLLOHOSP,REDUCE,exposure_floor
2024-05-10,ASIANPAINT,EXIT,exposure_floor
2024-05-10,BAJFINANCE,EXIT,exposure_floor
2024-05-10,BAJAJFINSV,EXIT,exposure_floor
2024-05-10,CIPLA,REDUCE,exposure_floor
2024-05-10,DRREDDY,REDUCE,exposure_floor
2024-05-10,HCLTECH,EXIT,exposure_floor
2024-05-10,HDFCBANK,EXIT,exposure_floor
2024-05-10,HDFCLIFE,EXIT,exposure_floor
2024-05-10,HINDUNILVR,EXIT,exposure_floor
2024-05-10,ITC,EXIT,exposure_floor
2024-05-10,INFY,EXIT,exposure_floor
2024-05-10,KOTAKBANK,EXIT,exposure_floor
2024-05-10,LT,REDUCE,exposure_floor
2024-05-10,MAXHEALTH,EXIT,exposure_floor
2024-05-10,NESTLEIND,REDUCE,exposure_floor
2024-05-10,ONGC,REDUCE,exposure_floor
2024-05-10,RELIANCE,REDUCE,exposure_floor
2024-05-10,SBILIFE,REDUCE,exposure_floor
2024-05-10,SHRIRAMFIN,REDUCE,exposure_floor
2024-05-10,TCS,REDUCE,exposure_floor
2024-05-10,TATACONSUM,REDUCE,exposure_floor
2024-05-10,TECHM,EXIT,exposure_floor
2024-05-10,TITAN,EXIT,exposure_floor
2024-05-10,ULTRACEMCO,REDUCE,exposure_floor
2024-05-10,WIPRO,EXIT,exposure_floor
2024-05-13,ADANIENT,EXIT,exposure_floor
2024-05-13,ADANIPORTS,REDUCE,exposure_floor
2024-05-13,APOLLOHOSP,REDUCE,exposure_floor
2024-05-13,ASIANPAINT,EXIT,exposure_floor
2024-05-13,BAJFINANCE,EXIT,exposure_floor
2024-05-13,BAJAJFINSV,EXIT,exposure_floor
2024-05-13,CIPLA,REDUCE,exposure_floor
2024-05-13,COALINDIA,REDUCE,exposure_floor
2024-05-13,DRREDDY,REDUCE,exposure_floor
2024-05-13,HCLTECH,EXIT,exposure_floor
2024-05-13,HDFCBANK,EXIT,exposure_floor
2024-05-13,HDFCLIFE,EXIT,exposure_floor
2024-05-13,HINDUNILVR,EXIT,exposure_floor
2024-05-13,ITC,EXIT,exposure_floor
2024-05-13,INFY,EXIT,exposure_floor
2024-05-13,KOTAKBANK,EXIT,exposure_floor
2024-05-13,LT,REDUCE,exposure_floor
2024-05-13,MAXHEALTH,EXIT,exposure_floor
2024-05-13,NESTLEIND,REDUCE,exposure_floor
2024-05-13,ONGC,REDUCE,exposure_floor
2024-05-13,RELIANCE,REDUCE,exposure_floor
2024-05-13,SBILIFE,REDUCE,exposure_floor
2024-05-13,SHRIRAMFIN,REDUCE,exposure_floor
2024-05-13,TCS,REDUCE,exposure_floor
2024-05-13,TATACONSUM,REDUCE,exposure_floor
2024-05-13,TECHM,EXIT,exposure_floor
2024-05-13,TITAN,EXIT,exposure_floor
2024-05-13,ULTRACEMCO,REDUCE,exposure_floor
2024-05-13,WIPRO,EXIT,exposure_floor
2024-05-14,ADANIENT,EXIT,exposure_floor
2024-05-14,ADANIPORTS,REDUCE,exposure_floor
2024-05-14,APOLLOHOSP,REDUCE,exposure_floor
2024-05-14,ASIANPAINT,EXIT,exposure_floor
2024-05-14,BAJFINANCE,EXIT,exposure_floor
2024-05-14,BAJAJFINSV,EXIT,exposure_floor
2024-05-14,CIPLA,REDUCE,exposure_floor
2024-05-14,COALINDIA,REDUCE,exposure_floor
2024-05-14,DRREDDY,REDUCE,exposure_floor
2024-05-14,HCLTECH,EXIT,exposure_floor
2024-05-14,HDFCBANK,EXIT,exposure_floor
2024-05-14,HDFCLIFE,EXIT,exposure_floor
2024-05-14,HINDUNILVR,EXIT,exposure_floor
2024-05-14,ITC,EXIT,exposure_floor
2024-05-14,INFY,EXIT,exposure_floor
2024-05-14,KOTAKBANK,EXIT,exposure_floor
2024-05-14,LT,REDUCE,exposure_floor
2024-05-14,MAXHEALTH,EXIT,exposure_floor
2024-05-14,NESTLEIND,REDUCE,exposure_floor
2024-05-14,ONGC,REDUCE,exposure_floor
2024-05-14,RELIANCE,REDUCE,exposure_floor
2024-05-14,SBILIFE,REDUCE,exposure_floor
2024-05-14,SHRIRAMFIN,REDUCE,exposure_floor
2024-05-14,TCS,REDUCE,exposure_floor
2024-05-14,TATACONSUM,REDUCE,exposure_floor
2024-05-14,TECHM,EXIT,exposure_floor
2024-05-14,TITAN,EXIT,exposure_floor
2024-05-14,ULTRACEMCO,REDUCE,exposure_floor
2024-05-14,WIPRO,EXIT,exposure_floor
2024-05-15,ADANIENT,EXIT,exposure_floor
2024-05-15,ADANIPORTS,REDUCE,exposure_floor
2024-05-15,APOLLOHOSP,REDUCE,exposure_floor
2024-05-15,ASIANPAINT,EXIT,exposure_floor
2024-05-15,BAJFINANCE,EXIT,exposure_floor
2024-05-15,BAJAJFINSV,EXIT,exposure_floor
2024-05-15,CIPLA,REDUCE,exposure_floor
2024-05-15,DRREDDY,REDUCE,exposure_floor
2024-05-15,HCLTECH,EXIT,exposure_floor
2024-05-15,HDFCBANK,EXIT,exposure_floor
2024-05-15,HDFCLIFE,EXIT,exposure_floor
2024-05-15,HINDUNILVR,EXIT,exposure_floor
2024-05-15,ITC,EXIT,exposure_floor
2024-05-15,INFY,EXIT,exposure_floor
2024-05-15,KOTAKBANK,EXIT,exposure_floor
2024-05-15,LT,REDUCE,exposure_floor
2024-05-15,MAXHEALTH,EXIT,exposure_floor
2024-05-15,NESTLEIND,REDUCE,exposure_floor
2024-05-15,ONGC,REDUCE,exposure_floor
2024-05-15,RELIANCE,REDUCE,exposure_floor
2024-05-15,SBILIFE,REDUCE,exposure_floor
2024-05-15,SHRIRAMFIN,REDUCE,exposure_floor
2024-05-15,TCS,REDUCE,exposure_floor
2024-05-15,TATACONSUM,EXIT,exposure_floor
2024-05-15,TECHM,EXIT,exposure_floor
2024-05-15,TITAN,EXIT,exposure_floor
2024-05-15,ULTRACEMCO,REDUCE,exposure_floor
2024-05-15,WIPRO,EXIT,exposure_floor
2024-05-16,ADANIENT,EXIT,exposure_floor
2024-05-16,ADANIPORTS,REDUCE,exposure_floor
2024-05-16,APOLLOHOSP,REDUCE,exposure_floor
2024-05-16,ASIANPAINT,EXIT,exposure_floor
2024-05-16,BAJFINANCE,EXIT,exposure_floor
2024-05-16,BAJAJFINSV,EXIT,exposure_floor
2024-05-16,CIPLA,REDUCE,exposure_floor
2024-05-16,DRREDDY,REDUCE,exposure_floor
2024-05-16,HCLTECH,EXIT,exposure_floor
2024-05-16,HDFCBANK,EXIT,exposure_floor
2024-05-16,HDFCLIFE,EXIT,exposure_floor
2024-05-16,HINDUNILVR,EXIT,exposure_floor
2024-05-16,ITC,EXIT,exposure_floor
2024-05-16,INFY,EXIT,exposure_floor
2024-05-16,KOTAKBANK,EXIT,exposure_floor
2024-05-16,LT,REDUCE,exposure_floor
2024-05-16,MAXHEALTH,EXIT,exposure_floor
2024-05-16,NESTLEIND,REDUCE,exposure_floor
2024-05-16,ONGC,REDUCE,exposure_floor
2024-05-16,RELIANCE,REDUCE,exposure_floor
2024-05-16,SBILIFE,REDUCE,exposure_floor
2024-05-16,SHRIRAMFIN,REDUCE,exposure_floor
2024-05-16,TCS,REDUCE,exposure_floor
2024-05-16,TATACONSUM,EXIT,exposure_floor
2024-05-16,TECHM,EXIT,exposure_floor
2024-05-16,TITAN,EXIT,exposure_floor
2024-05-16,ULTRACEMCO,REDUCE,exposure_floor
2024-05-16,WIPRO,EXIT,exposure_floor
2024-05-17,ADANIENT,EXIT,exposure_floor
2024-05-17,ADANIPORTS,REDUCE,exposure_floor
2024-05-17,APOLLOHOSP,REDUCE,exposure_floor
2024-05-17,ASIANPAINT,EXIT,exposure_floor
2024-05-17,BAJFINANCE,EXIT,exposure_floor
2024-05-17,BAJAJFINSV,EXIT,exposure_floor
2024-05-17,CIPLA,REDUCE,exposure_floor
2024-05-17,DRREDDY,EXIT,exposure_floor
2024-05-17,HCLTECH,EXIT,exposure_floor
2024-05-17,HDFCBANK,EXIT,exposure_floor
2024-05-17,HDFCLIFE,EXIT,exposure_floor
2024-05-17,HINDUNILVR,EXIT,exposure_floor
2024-05-17,ITC,REDUCE,exposure_floor
2024-05-17,INFY,EXIT,exposure_floor
2024-05-17,KOTAKBANK,EXIT,exposure_floor
2024-05-17,LT,REDUCE,exposure_floor
2024-05-17,MAXHEALTH,REDUCE,exposure_floor
2024-05-17,NESTLEIND,REDUCE,exposure_floor
2024-05-17,RELIANCE,REDUCE,exposure_floor
2024-05-17,SBILIFE,REDUCE,exposure_floor
2024-05-17,SHRIRAMFIN,REDUCE,exposure_floor
2024-05-17,TCS,REDUCE,exposure_floor
2024-05-17,TATACONSUM,EXIT,exposure_floor
2024-05-17,TECHM,EXIT,exposure_floor
2024-05-17,TITAN,EXIT,exposure_floor
2024-05-17,ULTRACEMCO,REDUCE,exposure_floor
2024-05-17,WIPRO,EXIT,exposure_floor
2024-05-21,ADANIENT,EXIT,exposure_floor
2024-05-21,APOLLOHOSP,REDUCE,exposure_floor
2024-05-21,ASIANPAINT,EXIT,exposure_floor
2024-05-21,BAJFINANCE,EXIT,exposure_floor
2024-05-21,BAJAJFINSV,EXIT,exposure_floor
2024-05-21,CIPLA,REDUCE,exposure_floor
2024-05-21,DRREDDY,EXIT,exposure_floor
2024-05-21,HCLTECH,EXIT,exposure_floor
2024-05-21,HDFCBANK,EXIT,exposure_floor
2024-05-21,HDFCLIFE,EXIT,exposure_floor
2024-05-21,HINDUNILVR,EXIT,exposure_floor
2024-05-21,ITC,EXIT,exposure_floor
2024-05-21,INFY,EXIT,exposure_floor
2024-05-21,KOTAKBANK,EXIT,exposure_floor
2024-05-21,LT,REDUCE,exposure_floor
2024-05-21,NESTLEIND,REDUCE,exposure_floor
2024-05-21,RELIANCE,REDUCE,exposure_floor
2024-05-21,SBILIFE,REDUCE,exposure_floor
2024-05-21,SHRIRAMFIN,REDUCE,exposure_floor
2024-05-21,TCS,REDUCE,exposure_floor
2024-05-21,TATACONSUM,EXIT,exposure_floor
2024-05-21,TECHM,EXIT,exposure_floor
2024-05-21,TITAN,EXIT,exposure_floor
2024-05-21,ULTRACEMCO,REDUCE,exposure_floor
2024-05-21,WIPRO,EXIT,exposure_floor
2024-05-22,ADANIENT,EXIT,exposure_floor
2024-05-22,APOLLOHOSP,REDUCE,exposure_floor
2024-05-22,ASIANPAINT,EXIT,exposure_floor
2024-05-22,BAJFINANCE,EXIT,exposure_floor
2024-05-22,BAJAJFINSV,EXIT,exposure_floor
2024-05-22,CIPLA,REDUCE,exposure_floor
2024-05-22,DRREDDY,EXIT,exposure_floor
2024-05-22,HCLTECH,EXIT,exposure_floor
2024-05-22,HDFCBANK,EXIT,exposure_floor
2024-05-22,HDFCLIFE,EXIT,exposure_floor
2024-05-22,HINDUNILVR,EXIT,exposure_floor
2024-05-22,ITC,REDUCE,exposure_floor
2024-05-22,INFY,EXIT,exposure_floor
2024-05-22,KOTAKBANK,EXIT,exposure_floor
2024-05-22,LT,REDUCE,exposure_floor
2024-05-22,NESTLEIND,REDUCE,exposure_floor
2024-05-22,RELIANCE,REDUCE,exposure_floor
2024-05-22,SBILIFE,REDUCE,exposure_floor
2024-05-22,SHRIRAMFIN,REDUCE,exposure_floor
2024-05-22,TCS,REDUCE,exposure_floor
2024-05-22,TATACONSUM,EXIT,exposure_floor
2024-05-22,TECHM,EXIT,exposure_floor
2024-05-22,ULTRACEMCO,REDUCE,exposure_floor
2024-05-22,WIPRO,EXIT,exposure_floor
2024-05-23,ADANIENT,EXIT,exposure_floor
2024-05-23,APOLLOHOSP,REDUCE,exposure_floor
2024-05-23,ASIANPAINT,EXIT,exposure_floor
2024-05-23,BAJFINANCE,EXIT,exposure_floor
2024-05-23,BAJAJFINSV,EXIT,exposure_floor
2024-05-23,CIPLA,REDUCE,exposure_floor
2024-05-23,DRREDDY,EXIT,exposure_floor
2024-05-23,HCLTECH,EXIT,exposure_floor
2024-05-23,HDFCBANK,EXIT,exposure_floor
2024-05-23,HDFCLIFE,EXIT,exposure_floor
2024-05-23,HINDUNILVR,EXIT,exposure_floor
2024-05-23,ITC,REDUCE,exposure_floor
2024-05-23,INFY,EXIT,exposure_floor
2024-05-23,KOTAKBANK,EXIT,exposure_floor
2024-05-23,LT,REDUCE,exposure_floor
2024-05-23,NESTLEIND,REDUCE,exposure_floor
2024-05-23,RELIANCE,REDUCE,exposure_floor
2024-05-23,SBILIFE,REDUCE,exposure_floor
2024-05-23,SHRIRAMFIN,REDUCE,exposure_floor
2024-05-23,TCS,REDUCE,exposure_floor
2024-05-23,TATACONSUM,EXIT,exposure_floor
2024-05-23,TECHM,EXIT,exposure_floor
2024-05-23,ULTRACEMCO,REDUCE,exposure_floor
2024-05-23,WIPRO,EXIT,exposure_floor
2024-05-24,ADANIENT,EXIT,exposure_floor
2024-05-24,APOLLOHOSP,REDUCE,exposure_floor
2024-05-24,ASIANPAINT,EXIT,exposure_floor
2024-05-24,BAJFINANCE,EXIT,exposure_floor
2024-05-24,BAJAJFINSV,EXIT,exposure_floor
2024-05-24,CIPLA,REDUCE,exposure_floor
2024-05-24,DRREDDY,EXIT,exposure_floor
2024-05-24,HCLTECH,EXIT,exposure_floor
2024-05-24,HDFCBANK,REDUCE,exposure_floor
2024-05-24,HDFCLIFE,EXIT,exposure_floor
2024-05-24,HINDUNILVR,EXIT,exposure_floor
2024-05-24,ITC,REDUCE,exposure_floor
2024-05-24,INFY,EXIT,exposure_floor
2024-05-24,KOTAKBANK,EXIT,exposure_floor
2024-05-24,LT,REDUCE,exposure_floor
2024-05-24,MAXHEALTH,REDUCE,exposure_floor
2024-05-24,NESTLEIND,REDUCE,exposure_floor
2024-05-24,RELIANCE,REDUCE,exposure_floor
2024-05-24,SBILIFE,REDUCE,exposure_floor
2024-05-24,SHRIRAMFIN,REDUCE,exposure_floor
2024-05-24,TCS,REDUCE,exposure_floor
2024-05-24,TATACONSUM,EXIT,exposure_floor
2024-05-24,TECHM,EXIT,exposure_floor
2024-05-24,WIPRO,EXIT,exposure_floor
2024-05-27,ADANIENT,EXIT,exposure_floor
2024-05-27,APOLLOHOSP,REDUCE,exposure_floor
2024-05-27,ASIANPAINT,EXIT,exposure_floor
2024-05-27,BAJFINANCE,EXIT,exposure_floor
2024-05-27,BAJAJFINSV,EXIT,exposure_floor
2024-05-27,CIPLA,REDUCE,exposure_floor
2024-05-27,DRREDDY,EXIT,exposure_floor
2024-05-27,HCLTECH,EXIT,exposure_floor
2024-05-27,HDFCBANK,REDUCE,exposure_floor
2024-05-27,HDFCLIFE,EXIT,exposure_floor
2024-05-27,HINDUNILVR,EXIT,exposure_floor
2024-05-27,ITC,EXIT,exposure_floor
2024-05-27,INFY,EXIT,exposure_floor
2024-05-27,KOTAKBANK,EXIT,exposure_floor
2024-05-27,LT,REDUCE,exposure_floor
2024-05-27,NESTLEIND,REDUCE,exposure_floor
2024-05-27,RELIANCE,REDUCE,exposure_floor
2024-05-27,SBILIFE,REDUCE,exposure_floor
2024-05-27,SHRIRAMFIN,REDUCE,exposure_floor
2024-05-27,TCS,REDUCE,exposure_floor
2024-05-27,TATACONSUM,EXIT,exposure_floor
2024-05-27,TECHM,EXIT,exposure_floor
2024-05-27,WIPRO,EXIT,exposure_floor
2024-05-28,ADANIENT,EXIT,exposure_floor
2024-05-28,APOLLOHOSP,REDUCE,exposure_floor
2024-05-28,ASIANPAINT,EXIT,exposure_floor
2024-05-28,BAJFINANCE,EXIT,exposure_floor
2024-05-28,BAJAJFINSV,EXIT,exposure_floor
2024-05-28,CIPLA,REDUCE,exposure_floor
2024-05-28,DRREDDY,EXIT,exposure_floor
2024-05-28,HCLTECH,EXIT,exposure_floor
2024-05-28,HDFCBANK,REDUCE,exposure_floor
2024-05-28,HDFCLIFE,EXIT,exposure_floor
2024-05-28,HINDUNILVR,EXIT,exposure_floor
2024-05-28,ITC,EXIT,exposure_floor
2024-05-28,INFY,EXIT,exposure_floor
2024-05-28,KOTAKBANK,EXIT,exposure_floor
2024-05-28,LT,REDUCE,exposure_floor
2024-05-28,MAXHEALTH,REDUCE,exposure_floor
2024-05-28,NESTLEIND,REDUCE,exposure_floor
2024-05-28,RELIANCE,REDUCE,exposure_floor
2024-05-28,SBILIFE,REDUCE,exposure_floor
2024-05-28,SHRIRAMFIN,REDUCE,exposure_floor
2024-05-28,TCS,REDUCE,exposure_floor
2024-05-28,TATACONSUM,EXIT,exposure_floor
2024-05-28,TECHM,EXIT,exposure_floor
2024-05-28,WIPRO,EXIT,exposure_floor
2024-05-29,ADANIENT,EXIT,exposure_floor
2024-05-29,APOLLOHOSP,REDUCE,exposure_floor
2024-05-29,ASIANPAINT,EXIT,exposure_floor
2024-05-29,BAJFINANCE,EXIT,exposure_floor
2024-05-29,BAJAJFINSV,EXIT,exposure_floor
2024-05-29,CIPLA,REDUCE,exposure_floor
2024-05-29,DRREDDY,EXIT,exposure_floor
2024-05-29,HCLTECH,EXIT,exposure_floor
2024-05-29,HDFCBANK,EXIT,exposure_floor
2024-05-29,HDFCLIFE,EXIT,exposure_floor
2024-05-29,HINDUNILVR,EXIT,exposure_floor
2024-05-29,ICICIBANK,REDUCE,exposure_floor
2024-05-29,ITC,EXIT,exposure_floor
2024-05-29,INFY,EXIT,exposure_floor
2024-05-29,KOTAKBANK,EXIT,exposure_floor
2024-05-29,LT,REDUCE,exposure_floor
2024-05-29,MAXHEALTH,REDUCE,exposure_floor
2024-05-29,NESTLEIND,REDUCE,exposure_floor
2024-05-29,ONGC,REDUCE,exposure_floor
2024-05-29,RELIANCE,REDUCE,exposure_floor
2024-05-29,SBILIFE,REDUCE,exposure_floor
2024-05-29,SHRIRAMFIN,REDUCE,exposure_floor
2024-05-29,TCS,REDUCE,exposure_floor
2024-05-29,TATACONSUM,EXIT,exposure_floor
2024-05-29,TECHM,EXIT,exposure_floor
2024-05-29,WIPRO,EXIT,exposure_floor
2024-05-30,APOLLOHOSP,REDUCE,exposure_floor
2024-05-30,ASIANPAINT,EXIT,exposure_floor
2024-05-30,BAJFINANCE,EXIT,exposure_floor
2024-05-30,BAJAJFINSV,EXIT,exposure_floor
2024-05-30,CIPLA,REDUCE,exposure_floor
2024-05-30,DRREDDY,EXIT,exposure_floor
2024-05-30,HCLTECH,EXIT,exposure_floor
2024-05-30,HDFCBANK,EXIT,exposure_floor
2024-05-30,HDFCLIFE,EXIT,exposure_floor
2024-05-30,HINDUNILVR,EXIT,exposure_floor
2024-05-30,ICICIBANK,REDUCE,exposure_floor
2024-05-30,ITC,EXIT,exposure_floor
2024-05-30,INFY,EXIT,exposure_floor
2024-05-30,KOTAKBANK,EXIT,exposure_floor
2024-05-30,LT,REDUCE,exposure_floor
2024-05-30,MAXHEALTH,REDUCE,exposure_floor
2024-05-30,NESTLEIND,EXIT,exposure_floor
2024-05-30,ONGC,REDUCE,exposure_floor
2024-05-30,RELIANCE,REDUCE,exposure_floor
2024-05-30,SBILIFE,EXIT,exposure_floor
2024-05-30,SHRIRAMFIN,REDUCE,exposure_floor
2024-05-30,TCS,REDUCE,exposure_floor
2024-05-30,TATACONSUM,EXIT,exposure_floor
2024-05-30,TECHM,EXIT,exposure_floor
2024-05-30,WIPRO,EXIT,exposure_floor
2024-05-31,ASIANPAINT,EXIT,exposure_floor
2024-05-31,BAJFINANCE,EXIT,exposure_floor
2024-05-31,BAJAJFINSV,EXIT,exposure_floor
2024-05-31,CIPLA,REDUCE,exposure_floor
2024-05-31,DRREDDY,EXIT,exposure_floor
2024-05-31,GRASIM,REDUCE,exposure_floor
2024-05-31,HCLTECH,EXIT,exposure_floor
2024-05-31,HDFCBANK,REDUCE,exposure_floor
2024-05-31,HDFCLIFE,EXIT,exposure_floor
2024-05-31,HINDUNILVR,EXIT,exposure_floor
2024-05-31,ICICIBANK,REDUCE,exposure_floor
2024-05-31,ITC,EXIT,exposure_floor
2024-05-31,INFY,EXIT,exposure_floor
2024-05-31,KOTAKBANK,EXIT,exposure_floor
2024-05-31,LT,REDUCE,exposure_floor
2024-05-31,MAXHEALTH,EXIT,exposure_floor
2024-05-31,NESTLEIND,EXIT,exposure_floor
2024-05-31,ONGC,REDUCE,exposure_floor
2024-05-31,RELIANCE,REDUCE,exposure_floor
2024-05-31,SBILIFE,EXIT,exposure_floor
2024-05-31,SHRIRAMFIN,REDUCE,exposure_floor
2024-05-31,TCS,EXIT,exposure_floor
2024-05-31,TATACONSUM,EXIT,exposure_floor
2024-05-31,TECHM,EXIT,exposure_floor
2024-05-31,WIPRO,EXIT,exposure_floor
2024-06-03,ASIANPAINT,EXIT,exposure_floor
2024-06-03,BAJFINANCE,EXIT,exposure_floor
2024-06-03,BAJAJFINSV,EXIT,exposure_floor
2024-06-03,CIPLA,REDUCE,exposure_floor
2024-06-03,DRREDDY,EXIT,exposure_floor
2024-06-03,GRASIM,REDUCE,exposure_floor
2024-06-03,HCLTECH,EXIT,exposure_floor
2024-06-03,HDFCBANK,REDUCE,exposure_floor
2024-06-03,HDFCLIFE,EXIT,exposure_floor
2024-06-03,HINDUNILVR,EXIT,exposure_floor
2024-06-03,ICICIBANK,REDUCE,exposure_floor
2024-06-03,ITC,EXIT,exposure_floor
2024-06-03,INFY,EXIT,exposure_floor
2024-06-03,KOTAKBANK,EXIT,exposure_floor
2024-06-03,MARUTI,REDUCE,exposure_floor
2024-06-03,MAXHEALTH,EXIT,exposure_floor
2024-06-03,NESTLEIND,EXIT,exposure_floor
2024-06-03,ONGC,REDUCE,exposure_floor
2024-06-03,RELIANCE,REDUCE,exposure_floor
2024-06-03,SBILIFE,EXIT,exposure_floor
2024-06-03,TCS,EXIT,exposure_floor
2024-06-03,TATACONSUM,EXIT,exposure_floor
2024-06-03,TECHM,EXIT,exposure_floor
2024-06-03,WIPRO,EXIT,exposure_floor
2024-06-04,ADANIENT,EXIT,exposure_floor
2024-06-04,ADANIPORTS,EXIT,exposure_floor
2024-06-04,ASIANPAINT,EXIT,exposure_floor
2024-06-04,BAJFINANCE,EXIT,exposure_floor
2024-06-04,BAJAJFINSV,EXIT,exposure_floor
2024-06-04,BEL,EXIT,exposure_floor
2024-06-04,CIPLA,REDUCE,exposure_floor
2024-06-04,DRREDDY,EXIT,exposure_floor
2024-06-04,GRASIM,REDUCE,exposure_floor
2024-06-04,HCLTECH,EXIT,exposure_floor
2024-06-04,HDFCBANK,EXIT,exposure_floor
2024-06-04,HDFCLIFE,EXIT,exposure_floor
2024-06-04,HINDUNILVR,REDUCE,exposure_floor
2024-06-04,ICICIBANK,REDUCE,exposure_floor
2024-06-04,ITC,EXIT,exposure_floor
2024-06-04,INFY,EXIT,exposure_floor
2024-06-04,KOTAKBANK,EXIT,exposure_floor
2024-06-04,LT,REDUCE,exposure_floor
2024-06-04,MARUTI,REDUCE,exposure_floor
2024-06-04,MAXHEALTH,EXIT,exposure_floor
2024-06-04,NTPC,EXIT,exposure_floor
2024-06-04,NESTLEIND,EXIT,exposure_floor
2024-06-04,ONGC,EXIT,exposure_floor
2024-06-04,RELIANCE,REDUCE,exposure_floor
2024-06-04,SBILIFE,EXIT,exposure_floor
2024-06-04,SHRIRAMFIN,REDUCE,exposure_floor
2024-06-04,TCS,EXIT,exposure_floor
2024-06-04,TATACONSUM,EXIT,exposure_floor
2024-06-04,TECHM,EXIT,exposure_floor
2024-06-04,WIPRO,EXIT,exposure_floor
2024-06-05,ADANIENT,EXIT,exposure_floor
2024-06-05,ADANIPORTS,REDUCE,exposure_floor
2024-06-05,ASIANPAINT,EXIT,exposure_floor
2024-06-05,BAJFINANCE,EXIT,exposure_floor
2024-06-05,BAJAJFINSV,EXIT,exposure_floor
2024-06-05,BEL,REDUCE,exposure_floor
2024-06-05,CIPLA,REDUCE,exposure_floor
2024-06-05,DRREDDY,EXIT,exposure_floor
2024-06-05,GRASIM,REDUCE,exposure_floor
2024-06-05,HCLTECH,EXIT,exposure_floor
2024-06-05,HDFCBANK,REDUCE,exposure_floor
2024-06-05,HDFCLIFE,EXIT,exposure_floor
2024-06-05,HINDUNILVR,REDUCE,exposure_floor
2024-06-05,ICICIBANK,REDUCE,exposure_floor
2024-06-05,ITC,EXIT,exposure_floor
2024-06-05,INFY,EXIT,exposure_floor
2024-06-05,KOTAKBANK,EXIT,exposure_floor
2024-06-05,LT,REDUCE,exposure_floor
2024-06-05,MARUTI,REDUCE,exposure_floor
2024-06-05,MAXHEALTH,REDUCE,exposure_floor
2024-06-05,NTPC,EXIT,exposure_floor
2024-06-05,NESTLEIND,EXIT,exposure_floor
2024-06-05,ONGC,EXIT,exposure_floor
2024-06-05,RELIANCE,REDUCE,exposure_floor
2024-06-05,SBILIFE,EXIT,exposure_floor
2024-06-05,SHRIRAMFIN,REDUCE,exposure_floor
2024-06-05,TCS,EXIT,exposure_floor
2024-06-05,TATACONSUM,EXIT,exposure_floor
2024-06-05,TECHM,EXIT,exposure_floor
2024-06-05,WIPRO,EXIT,exposure_floor
2024-06-06,ADANIENT,EXIT,exposure_floor
2024-06-06,ADANIPORTS,REDUCE,exposure_floor
2024-06-06,ASIANPAINT,EXIT,exposure_floor
2024-06-06,BAJFINANCE,EXIT,exposure_floor
2024-06-06,BAJAJFINSV,EXIT,exposure_floor
2024-06-06,CIPLA,REDUCE,exposure_floor
2024-06-06,DRREDDY,EXIT,exposure_floor
2024-06-06,GRASIM,REDUCE,exposure_floor
2024-06-06,HCLTECH,EXIT,exposure_floor
2024-06-06,HDFCBANK,REDUCE,exposure_floor
2024-06-06,HDFCLIFE,EXIT,exposure_floor
2024-06-06,HINDUNILVR,REDUCE,exposure_floor
2024-06-06,ICICIBANK,REDUCE,exposure_floor
2024-06-06,ITC,EXIT,exposure_floor
2024-06-06,INFY,EXIT,exposure_floor
2024-06-06,KOTAKBANK,EXIT,exposure_floor
2024-06-06,LT,REDUCE,exposure_floor
2024-06-06,MARUTI,REDUCE,exposure_floor
2024-06-06,NTPC,EXIT,exposure_floor
2024-06-06,NESTLEIND,EXIT,exposure_floor
2024-06-06,ONGC,EXIT,exposure_floor
2024-06-06,RELIANCE,REDUCE,exposure_floor
2024-06-06,SBILIFE,EXIT,exposure_floor
2024-06-06,SHRIRAMFIN,REDUCE,exposure_floor
2024-06-06,TCS,EXIT,exposure_floor
2024-06-06,TATACONSUM,EXIT,exposure_floor
2024-06-06,TECHM,EXIT,exposure_floor
2024-06-06,WIPRO,EXIT,exposure_floor
2024-06-07,ADANIENT,EXIT,exposure_floor
2024-06-07,ADANIPORTS,REDUCE,exposure_floor
2024-06-07,ASIANPAINT,EXIT,exposure_floor
2024-06-07,BAJFINANCE,EXIT,exposure_floor
2024-06-07,BAJAJFINSV,EXIT,exposure_floor
2024-06-07,CIPLA,REDUCE,exposure_floor
2024-06-07,DRREDDY,EXIT,exposure_floor
2024-06-07,GRASIM,REDUCE,exposure_floor
2024-06-07,HCLTECH,EXIT,exposure_floor
2024-06-07,HDFCBANK,REDUCE,exposure_floor
2024-06-07,HDFCLIFE,EXIT,exposure_floor
2024-06-07,HINDUNILVR,REDUCE,exposure_floor
2024-06-07,ICICIBANK,REDUCE,exposure_floor
2024-06-07,ITC,EXIT,exposure_floor
2024-06-07,INFY,EXIT,exposure_floor
2024-06-07,KOTAKBANK,EXIT,exposure_floor
2024-06-07,LT,REDUCE,exposure_floor
2024-06-07,MARUTI,REDUCE,exposure_floor
2024-06-07,NTPC,REDUCE,exposure_floor
2024-06-07,NESTLEIND,EXIT,exposure_floor
2024-06-07,ONGC,EXIT,exposure_floor
2024-06-07,RELIANCE,REDUCE,exposure_floor
2024-06-07,SBILIFE,EXIT,exposure_floor
2024-06-07,SHRIRAMFIN,REDUCE,exposure_floor
2024-06-07,TCS,EXIT,exposure_floor
2024-06-07,TATACONSUM,EXIT,exposure_floor
2024-06-07,TECHM,EXIT,exposure_floor
2024-06-07,WIPRO,EXIT,exposure_floor
2024-06-10,ADANIENT,EXIT,exposure_floor
2024-06-10,ADANIPORTS,REDUCE,exposure_floor
2024-06-10,ASIANPAINT,EXIT,exposure_floor
2024-06-10,BAJFINANCE,EXIT,exposure_floor
2024-06-10,BAJAJFINSV,EXIT,exposure_floor
2024-06-10,CIPLA,REDUCE,exposure_floor
2024-06-10,DRREDDY,EXIT,exposure_floor
2024-06-10,HCLTECH,EXIT,exposure_floor
2024-06-10,HDFCBANK,REDUCE,exposure_floor
2024-06-10,HDFCLIFE,EXIT,exposure_floor
2024-06-10,HINDUNILVR,REDUCE,exposure_floor
2024-06-10,ICICIBANK,REDUCE,exposure_floor
2024-06-10,ITC,EXIT,exposure_floor
2024-06-10,INFY,EXIT,exposure_floor
2024-06-10,KOTAKBANK,EXIT,exposure_floor
2024-06-10,LT,REDUCE,exposure_floor
2024-06-10,MARUTI,REDUCE,exposure_floor
2024-06-10,NESTLEIND,EXIT,exposure_floor
2024-06-10,ONGC,EXIT,exposure_floor
2024-06-10,RELIANCE,REDUCE,exposure_floor
2024-06-10,SBILIFE,EXIT,exposure_floor
2024-06-10,SHRIRAMFIN,REDUCE,exposure_floor
2024-06-10,TCS,EXIT,exposure_floor
2024-06-10,TATACONSUM,EXIT,exposure_floor
2024-06-10,TECHM,EXIT,exposure_floor
2024-06-10,WIPRO,EXIT,exposure_floor
2024-06-11,ADANIENT,EXIT,exposure_floor
2024-06-11,ADANIPORTS,REDUCE,exposure_floor
2024-06-11,ASIANPAINT,EXIT,exposure_floor
2024-06-11,BAJFINANCE,EXIT,exposure_floor
2024-06-11,BAJAJFINSV,EXIT,exposure_floor
2024-06-11,CIPLA,REDUCE,exposure_floor
2024-06-11,DRREDDY,EXIT,exposure_floor
2024-06-11,HCLTECH,EXIT,exposure_floor
2024-06-11,HDFCBANK,REDUCE,exposure_floor
2024-06-11,HDFCLIFE,EXIT,exposure_floor
2024-06-11,HINDUNILVR,REDUCE,exposure_floor
2024-06-11,ICICIBANK,REDUCE,exposure_floor
2024-06-11,ITC,EXIT,exposure_floor
2024-06-11,INFY,EXIT,exposure_floor
2024-06-11,KOTAKBANK,EXIT,exposure_floor
2024-06-11,LT,REDUCE,exposure_floor
2024-06-11,MARUTI,REDUCE,exposure_floor
2024-06-11,MAXHEALTH,REDUCE,exposure_floor
2024-06-11,NESTLEIND,EXIT,exposure_floor
2024-06-11,ONGC,EXIT,exposure_floor
2024-06-11,RELIANCE,REDUCE,exposure_floor
2024-06-11,SBILIFE,EXIT,exposure_floor
2024-06-11,SHRIRAMFIN,REDUCE,exposure_floor
2024-06-11,TCS,EXIT,exposure_floor
2024-06-11,TATACONSUM,EXIT,exposure_floor
2024-06-11,TECHM,EXIT,exposure_floor
2024-06-11,WIPRO,EXIT,exposure_floor
2024-06-12,ADANIPORTS,REDUCE,exposure_floor
2024-06-12,ASIANPAINT,EXIT,exposure_floor
2024-06-12,BAJFINANCE,EXIT,exposure_floor
2024-06-12,BAJAJFINSV,EXIT,exposure_floor
2024-06-12,CIPLA,REDUCE,exposure_floor
2024-06-12,DRREDDY,EXIT,exposure_floor
2024-06-12,HCLTECH,EXIT,exposure_floor
2024-06-12,HDFCBANK,REDUCE,exposure_floor
2024-06-12,HDFCLIFE,EXIT,exposure_floor
2024-06-12,HINDUNILVR,REDUCE,exposure_floor
2024-06-12,ICICIBANK,REDUCE,exposure_floor
2024-06-12,ITC,EXIT,exposure_floor
2024-06-12,INFY,EXIT,exposure_floor
2024-06-12,KOTAKBANK,EXIT,exposure_floor
2024-06-12,LT,REDUCE,exposure_floor
2024-06-12,MARUTI,REDUCE,exposure_floor
2024-06-12,MAXHEALTH,REDUCE,exposure_floor
2024-06-12,NESTLEIND,EXIT,exposure_floor
2024-06-12,ONGC,EXIT,exposure_floor
2024-06-12,RELIANCE,REDUCE,exposure_floor
2024-06-12,SBILIFE,EXIT,exposure_floor
2024-06-12,SHRIRAMFIN,REDUCE,exposure_floor
2024-06-12,TCS,EXIT,exposure_floor
2024-06-12,TATACONSUM,EXIT,exposure_floor
2024-06-12,TECHM,EXIT,exposure_floor
2024-06-12,WIPRO,EXIT,exposure_floor
2024-06-13,ADANIPORTS,REDUCE,exposure_floor
2024-06-13,ASIANPAINT,EXIT,exposure_floor
2024-06-13,BAJFINANCE,EXIT,exposure_floor
2024-06-13,BAJAJFINSV,EXIT,exposure_floor
2024-06-13,CIPLA,REDUCE,exposure_floor
2024-06-13,DRREDDY,EXIT,exposure_floor
2024-06-13,HCLTECH,EXIT,exposure_floor
2024-06-13,HDFCBANK,REDUCE,exposure_floor
2024-06-13,HDFCLIFE,EXIT,exposure_floor
2024-06-13,HINDUNILVR,REDUCE,exposure_floor
2024-06-13,ICICIBANK,REDUCE,exposure_floor
2024-06-13,ITC,EXIT,exposure_floor
2024-06-13,INFY,EXIT,exposure_floor
2024-06-13,KOTAKBANK,EXIT,exposure_floor
2024-06-13,LT,REDUCE,exposure_floor
2024-06-13,MARUTI,REDUCE,exposure_floor
2024-06-13,MAXHEALTH,REDUCE,exposure_floor
2024-06-13,NESTLEIND,EXIT,exposure_floor
2024-06-13,ONGC,EXIT,exposure_floor
2024-06-13,RELIANCE,REDUCE,exposure_floor
2024-06-13,SBILIFE,EXIT,exposure_floor
2024-06-13,TCS,EXIT,exposure_floor
2024-06-13,TATACONSUM,EXIT,exposure_floor
2024-06-13,TECHM,REDUCE,exposure_floor
2024-06-13,WIPRO,EXIT,exposure_floor
2024-06-14,ADANIPORTS,REDUCE,exposure_floor
2024-06-14,ASIANPAINT,EXIT,exposure_floor
2024-06-14,BAJFINANCE,EXIT,exposure_floor
2024-06-14,BAJAJFINSV,EXIT,exposure_floor
2024-06-14,CIPLA,REDUCE,exposure_floor
2024-06-14,DRREDDY,EXIT,exposure_floor
2024-06-14,HCLTECH,EXIT,exposure_floor
2024-06-14,HDFCBANK,REDUCE,exposure_floor
2024-06-14,HDFCLIFE,EXIT,exposure_floor
2024-06-14,ICICIBANK,REDUCE,exposure_floor
2024-06-14,ITC,EXIT,exposure_floor
2024-06-14,INFY,EXIT,exposure_floor
2024-06-14,KOTAKBANK,EXIT,exposure_floor
2024-06-14,LT,REDUCE,exposure_floor
2024-06-14,MARUTI,REDUCE,exposure_floor
2024-06-14,NESTLEIND,EXIT,exposure_floor
2024-06-14,ONGC,EXIT,exposure_floor
2024-06-14,RELIANCE,REDUCE,exposure_floor
2024-06-14,SBILIFE,EXIT,exposure_floor
2024-06-14,TCS,EXIT,exposure_floor
2024-06-14,TATACONSUM,EXIT,exposure_floor
2024-06-14,WIPRO,EXIT,exposure_floor
2024-06-18,ADANIPORTS,REDUCE,exposure_floor
2024-06-18,ASIANPAINT,EXIT,exposure_floor
2024-06-18,BAJFINANCE,EXIT,exposure_floor
2024-06-18,BAJAJFINSV,EXIT,exposure_floor
2024-06-18,CIPLA,REDUCE,exposure_floor
2024-06-18,DRREDDY,EXIT,exposure_floor
2024-06-18,HCLTECH,EXIT,exposure_floor
2024-06-18,HDFCBANK,REDUCE,exposure_floor
2024-06-18,HDFCLIFE,EXIT,exposure_floor
2024-06-18,ICICIBANK,REDUCE,exposure_floor
2024-06-18,ITC,EXIT,exposure_floor
2024-06-18,INFY,EXIT,exposure_floor
2024-06-18,KOTAKBANK,EXIT,exposure_floor
2024-06-18,LT,REDUCE,exposure_floor
2024-06-18,MARUTI,REDUCE,exposure_floor
2024-06-18,NESTLEIND,EXIT,exposure_floor
2024-06-18,ONGC,EXIT,exposure_floor
2024-06-18,RELIANCE,REDUCE,exposure_floor
2024-06-18,SBILIFE,EXIT,exposure_floor
2024-06-18,TCS,EXIT,exposure_floor
2024-06-18,TATACONSUM,EXIT,exposure_floor
2024-06-18,WIPRO,EXIT,exposure_floor
2024-06-19,ADANIPORTS,REDUCE,exposure_floor
2024-06-19,ASIANPAINT,EXIT,exposure_floor
2024-06-19,BAJFINANCE,EXIT,exposure_floor
2024-06-19,BAJAJFINSV,EXIT,exposure_floor
2024-06-19,CIPLA,REDUCE,exposure_floor
2024-06-19,DRREDDY,EXIT,exposure_floor
2024-06-19,HCLTECH,EXIT,exposure_floor
2024-06-19,HDFCBANK,REDUCE,exposure_floor
2024-06-19,HDFCLIFE,EXIT,exposure_floor
2024-06-19,ICICIBANK,REDUCE,exposure_floor
2024-06-19,ITC,EXIT,exposure_floor
2024-06-19,INFY,EXIT,exposure_floor
2024-06-19,KOTAKBANK,EXIT,exposure_floor
2024-06-19,LT,REDUCE,exposure_floor
2024-06-19,MARUTI,REDUCE,exposure_floor
2024-06-19,NESTLEIND,EXIT,exposure_floor
2024-06-19,ONGC,EXIT,exposure_floor
2024-06-19,RELIANCE,REDUCE,exposure_floor
2024-06-19,SBILIFE,EXIT,exposure_floor
2024-06-19,TCS,EXIT,exposure_floor
2024-06-19,TATACONSUM,EXIT,exposure_floor
2024-06-19,WIPRO,EXIT,exposure_floor
2024-06-20,ASIANPAINT,EXIT,exposure_floor
2024-06-20,BAJFINANCE,EXIT,exposure_floor
2024-06-20,BAJAJFINSV,EXIT,exposure_floor
2024-06-20,CIPLA,REDUCE,exposure_floor
2024-06-20,DRREDDY,EXIT,exposure_floor
2024-06-20,HCLTECH,EXIT,exposure_floor
2024-06-20,HDFCLIFE,EXIT,exposure_floor
2024-06-20,ICICIBANK,REDUCE,exposure_floor
2024-06-20,ITC,EXIT,exposure_floor
2024-06-20,INFY,EXIT,exposure_floor
2024-06-20,KOTAKBANK,EXIT,exposure_floor
2024-06-20,LT,REDUCE,exposure_floor
2024-06-20,MARUTI,REDUCE,exposure_floor
2024-06-20,NTPC,REDUCE,exposure_floor
2024-06-20,NESTLEIND,EXIT,exposure_floor
2024-06-20,ONGC,EXIT,exposure_floor
2024-06-20,RELIANCE,REDUCE,exposure_floor
2024-06-20,SBILIFE,EXIT,exposure_floor
2024-06-20,TCS,EXIT,exposure_floor
2024-06-20,TATACONSUM,EXIT,exposure_floor
2024-06-20,WIPRO,EXIT,exposure_floor
2024-06-21,ASIANPAINT,EXIT,exposure_floor
2024-06-21,BAJFINANCE,EXIT,exposure_floor
2024-06-21,BAJAJFINSV,EXIT,exposure_floor
2024-06-21,CIPLA,REDUCE,exposure_floor
2024-06-21,DRREDDY,EXIT,exposure_floor
2024-06-21,HCLTECH,EXIT,exposure_floor
2024-06-21,HDFCLIFE,EXIT,exposure_floor
2024-06-21,ICICIBANK,REDUCE,exposure_floor
2024-06-21,ITC,EXIT,exposure_floor
2024-06-21,INFY,EXIT,exposure_floor
2024-06-21,KOTAKBANK,EXIT,exposure_floor
2024-06-21,LT,REDUCE,exposure_floor
2024-06-21,MARUTI,REDUCE,exposure_floor
2024-06-21,NTPC,REDUCE,exposure_floor
2024-06-21,NESTLEIND,EXIT,exposure_floor
2024-06-21,ONGC,EXIT,exposure_floor
2024-06-21,RELIANCE,REDUCE,exposure_floor
2024-06-21,SBILIFE,EXIT,exposure_floor
2024-06-21,TCS,EXIT,exposure_floor
2024-06-21,TATACONSUM,EXIT,exposure_floor
2024-06-21,WIPRO,EXIT,exposure_floor
2024-06-24,ASIANPAINT,EXIT,exposure_floor
2024-06-24,BAJFINANCE,EXIT,exposure_floor
2024-06-24,BAJAJFINSV,EXIT,exposure_floor
2024-06-24,CIPLA,REDUCE,exposure_floor
2024-06-24,DRREDDY,EXIT,exposure_floor
2024-06-24,HCLTECH,EXIT,exposure_floor
2024-06-24,HDFCLIFE,EXIT,exposure_floor
2024-06-24,ITC,EXIT,exposure_floor
2024-06-24,INFY,EXIT,exposure_floor
2024-06-24,KOTAKBANK,EXIT,exposure_floor
2024-06-24,LT,REDUCE,exposure_floor
2024-06-24,MARUTI,REDUCE,exposure_floor
2024-06-24,NTPC,REDUCE,exposure_floor
2024-06-24,NESTLEIND,EXIT,exposure_floor
2024-06-24,ONGC,EXIT,exposure_floor
2024-06-24,RELIANCE,REDUCE,exposure_floor
2024-06-24,SBILIFE,EXIT,exposure_floor
2024-06-24,TCS,EXIT,exposure_floor
2024-06-24,TATACONSUM,EXIT,exposure_floor
2024-06-24,WIPRO,EXIT,exposure_floor
2024-06-25,ASIANPAINT,EXIT,exposure_floor
2024-06-25,BAJFINANCE,EXIT,exposure_floor
2024-06-25,BAJAJFINSV,EXIT,exposure_floor
2024-06-25,CIPLA,REDUCE,exposure_floor
2024-06-25,DRREDDY,EXIT,exposure_floor
2024-06-25,HCLTECH,EXIT,exposure_floor
2024-06-25,HDFCLIFE,EXIT,exposure_floor
2024-06-25,ITC,EXIT,exposure_floor
2024-06-25,INFY,EXIT,exposure_floor
2024-06-25,KOTAKBANK,EXIT,exposure_floor
2024-06-25,LT,REDUCE,exposure_floor
2024-06-25,MARUTI,REDUCE,exposure_floor
2024-06-25,NTPC,REDUCE,exposure_floor
2024-06-25,NESTLEIND,EXIT,exposure_floor
2024-06-25,ONGC,EXIT,exposure_floor
2024-06-25,RELIANCE,REDUCE,exposure_floor
2024-06-25,SBILIFE,EXIT,exposure_floor
2024-06-25,TCS,EXIT,exposure_floor
2024-06-25,TATACONSUM,EXIT,exposure_floor
2024-06-25,WIPRO,EXIT,exposure_floor
2024-06-26,ASIANPAINT,EXIT,exposure_floor
2024-06-26,BAJFINANCE,EXIT,exposure_floor
2024-06-26,BAJAJFINSV,EXIT,exposure_floor
2024-06-26,CIPLA,REDUCE,exposure_floor
2024-06-26,COALINDIA,REDUCE,exposure_floor
2024-06-26,DRREDDY,EXIT,exposure_floor
2024-06-26,HCLTECH,EXIT,exposure_floor
2024-06-26,HDFCLIFE,EXIT,exposure_floor
2024-06-26,ITC,EXIT,exposure_floor
2024-06-26,INFY,EXIT,exposure_floor
2024-06-26,KOTAKBANK,EXIT,exposure_floor
2024-06-26,LT,REDUCE,exposure_floor
2024-06-26,MARUTI,REDUCE,exposure_floor
2024-06-26,NTPC,REDUCE,exposure_floor
2024-06-26,NESTLEIND,EXIT,exposure_floor
2024-06-26,ONGC,EXIT,exposure_floor
2024-06-26,RELIANCE,REDUCE,exposure_floor
2024-06-26,SBILIFE,EXIT,exposure_floor
2024-06-26,TCS,EXIT,exposure_floor
2024-06-26,TATACONSUM,EXIT,exposure_floor
2024-06-26,WIPRO,EXIT,exposure_floor
2024-06-27,ASIANPAINT,EXIT,exposure_floor
2024-06-27,BAJFINANCE,EXIT,exposure_floor
2024-06-27,BAJAJFINSV,EXIT,exposure_floor
2024-06-27,CIPLA,REDUCE,exposure_floor
2024-06-27,COALINDIA,REDUCE,exposure_floor
2024-06-27,DRREDDY,EXIT,exposure_floor
2024-06-27,HCLTECH,EXIT,exposure_floor
2024-06-27,HDFCLIFE,EXIT,exposure_floor
2024-06-27,ITC,EXIT,exposure_floor
2024-06-27,INFY,EXIT,exposure_floor
2024-06-27,KOTAKBANK,EXIT,exposure_floor
2024-06-27,LT,REDUCE,exposure_floor
2024-06-27,MARUTI,REDUCE,exposure_floor
2024-06-27,NTPC,REDUCE,exposure_floor
2024-06-27,NESTLEIND,EXIT,exposure_floor
2024-06-27,ONGC,EXIT,exposure_floor
2024-06-27,RELIANCE,REDUCE,exposure_floor
2024-06-27,SBILIFE,EXIT,exposure_floor
2024-06-27,TCS,EXIT,exposure_floor
2024-06-27,TATACONSUM,EXIT,exposure_floor
2024-06-27,WIPRO,EXIT,exposure_floor
2024-06-28,ASIANPAINT,EXIT,exposure_floor
2024-06-28,BAJFINANCE,EXIT,exposure_floor
2024-06-28,BAJAJFINSV,EXIT,exposure_floor
2024-06-28,CIPLA,REDUCE,exposure_floor
2024-06-28,COALINDIA,REDUCE,exposure_floor
2024-06-28,DRREDDY,EXIT,exposure_floor
2024-06-28,HCLTECH,EXIT,exposure_floor
2024-06-28,HDFCLIFE,EXIT,exposure_floor
2024-06-28,ITC,EXIT,exposure_floor
2024-06-28,INFY,EXIT,exposure_floor
2024-06-28,KOTAKBANK,EXIT,exposure_floor
2024-06-28,LT,REDUCE,exposure_floor
2024-06-28,MARUTI,REDUCE,exposure_floor
2024-06-28,NTPC,REDUCE,exposure_floor
2024-06-28,NESTLEIND,EXIT,exposure_floor
2024-06-28,ONGC,EXIT,exposure_floor
2024-06-28,RELIANCE,REDUCE,exposure_floor
2024-06-28,SBILIFE,EXIT,exposure_floor
2024-06-28,TCS,EXIT,exposure_floor
2024-06-28,TATACONSUM,EXIT,exposure_floor
2024-06-28,WIPRO,REDUCE,exposure_floor
2024-07-01,ASIANPAINT,EXIT,exposure_floor
2024-07-01,BAJFINANCE,EXIT,exposure_floor
2024-07-01,BAJAJFINSV,EXIT,exposure_floor
2024-07-01,CIPLA,REDUCE,exposure_floor
2024-07-01,COALINDIA,REDUCE,exposure_floor
2024-07-01,DRREDDY,EXIT,exposure_floor
2024-07-01,EICHERMOT,REDUCE,exposure_floor
2024-07-01,HCLTECH,EXIT,exposure_floor
2024-07-01,HDFCLIFE,EXIT,exposure_floor
2024-07-01,ITC,EXIT,exposure_floor
2024-07-01,KOTAKBANK,EXIT,exposure_floor
2024-07-01,LT,REDUCE,exposure_floor
2024-07-01,MARUTI,REDUCE,exposure_floor
2024-07-01,NTPC,REDUCE,exposure_floor
2024-07-01,NESTLEIND,EXIT,exposure_floor
2024-07-01,ONGC,EXIT,exposure_floor
2024-07-01,RELIANCE,REDUCE,exposure_floor
2024-07-01,SBILIFE,EXIT,exposure_floor
2024-07-01,TCS,EXIT,exposure_floor
2024-07-01,TATACONSUM,EXIT,exposure_floor
2024-07-02,ASIANPAINT,EXIT,exposure_floor
2024-07-02,BAJFINANCE,EXIT,exposure_floor
2024-07-02,BAJAJFINSV,EXIT,exposure_floor
2024-07-02,CIPLA,REDUCE,exposure_floor
2024-07-02,COALINDIA,REDUCE,exposure_floor
2024-07-02,DRREDDY,EXIT,exposure_floor
2024-07-02,EICHERMOT,REDUCE,exposure_floor
2024-07-02,HCLTECH,EXIT,exposure_floor
2024-07-02,HDFCLIFE,EXIT,exposure_floor
2024-07-02,ITC,EXIT,exposure_floor
2024-07-02,KOTAKBANK,EXIT,exposure_floor
2024-07-02,LT,REDUCE,exposure_floor
2024-07-02,MARUTI,REDUCE,exposure_floor
2024-07-02,NTPC,REDUCE,exposure_floor
2024-07-02,NESTLEIND,EXIT,exposure_floor
2024-07-02,ONGC,EXIT,exposure_floor
2024-07-02,RELIANCE,REDUCE,exposure_floor
2024-07-02,SBILIFE,EXIT,exposure_floor
2024-07-02,TCS,EXIT,exposure_floor
2024-07-02,TATACONSUM,EXIT,exposure_floor
2024-07-03,ASIANPAINT,EXIT,exposure_floor
2024-07-03,BAJFINANCE,EXIT,exposure_floor
2024-07-03,BAJAJFINSV,EXIT,exposure_floor
2024-07-03,CIPLA,REDUCE,exposure_floor
2024-07-03,COALINDIA,REDUCE,exposure_floor
2024-07-03,DRREDDY,EXIT,exposure_floor
2024-07-03,EICHERMOT,REDUCE,exposure_floor
2024-07-03,HCLTECH,EXIT,exposure_floor
2024-07-03,HDFCLIFE,EXIT,exposure_floor
2024-07-03,ITC,EXIT,exposure_floor
2024-07-03,KOTAKBANK,EXIT,exposure_floor
2024-07-03,LT,REDUCE,exposure_floor
2024-07-03,MARUTI,REDUCE,exposure_floor
2024-07-03,NTPC,REDUCE,exposure_floor
2024-07-03,NESTLEIND,EXIT,exposure_floor
2024-07-03,ONGC,EXIT,exposure_floor
2024-07-03,RELIANCE,REDUCE,exposure_floor
2024-07-03,SBILIFE,EXIT,exposure_floor
2024-07-03,TCS,EXIT,exposure_floor
2024-07-03,TATACONSUM,EXIT,exposure_floor
2024-07-04,ASIANPAINT,EXIT,exposure_floor
2024-07-04,BAJFINANCE,EXIT,exposure_floor
2024-07-04,BAJAJFINSV,EXIT,exposure_floor
2024-07-04,CIPLA,REDUCE,exposure_floor
2024-07-04,COALINDIA,REDUCE,exposure_floor
2024-07-04,DRREDDY,EXIT,exposure_floor
2024-07-04,EICHERMOT,REDUCE,exposure_floor
2024-07-04,HCLTECH,EXIT,exposure_floor
2024-07-04,HDFCLIFE,EXIT,exposure_floor
2024-07-04,ITC,EXIT,exposure_floor
2024-07-04,KOTAKBANK,EXIT,exposure_floor
2024-07-04,LT,REDUCE,exposure_floor
2024-07-04,MARUTI,REDUCE,exposure_floor
2024-07-04,NTPC,REDUCE,exposure_floor
2024-07-04,NESTLEIND,EXIT,exposure_floor
2024-07-04,ONGC,EXIT,exposure_floor
2024-07-04,RELIANCE,REDUCE,exposure_floor
2024-07-04,SBILIFE,EXIT,exposure_floor
2024-07-04,TCS,EXIT,exposure_floor
2024-07-04,TATACONSUM,EXIT,exposure_floor
2024-07-05,BAJFINANCE,EXIT,exposure_floor
2024-07-05,BAJAJFINSV,EXIT,exposure_floor
2024-07-05,DRREDDY,EXIT,exposure_floor
2024-07-05,EICHERMOT,REDUCE,exposure_floor
2024-07-05,HCLTECH,EXIT,exposure_floor
2024-07-05,HDFCLIFE,EXIT,exposure_floor
2024-07-05,ITC,EXIT,exposure_floor
2024-07-05,KOTAKBANK,EXIT,exposure_floor
2024-07-05,LT,REDUCE,exposure_floor
2024-07-05,MARUTI,REDUCE,exposure_floor
2024-07-05,NTPC,REDUCE,exposure_floor
2024-07-05,NESTLEIND,EXIT,exposure_floor
2024-07-05,ONGC,EXIT,exposure_floor
2024-07-05,RELIANCE,REDUCE,exposure_floor
2024-07-05,SBILIFE,EXIT,exposure_floor
2024-07-05,TCS,EXIT,exposure_floor
2024-07-05,TATACONSUM,EXIT,exposure_floor
2024-07-08,BAJFINANCE,EXIT,exposure_floor
2024-07-08,BAJAJFINSV,EXIT,exposure_floor
2024-07-08,DRREDDY,EXIT,exposure_floor
2024-07-08,EICHERMOT,REDUCE,exposure_floor
2024-07-08,HCLTECH,EXIT,exposure_floor
2024-07-08,HDFCLIFE,EXIT,exposure_floor
2024-07-08,ITC,EXIT,exposure_floor
2024-07-08,KOTAKBANK,EXIT,exposure_floor
2024-07-08,LT,REDUCE,exposure_floor
2024-07-08,MARUTI,REDUCE,exposure_floor
2024-07-08,NTPC,REDUCE,exposure_floor
2024-07-08,NESTLEIND,EXIT,exposure_floor
2024-07-08,ONGC,EXIT,exposure_floor
2024-07-08,RELIANCE,REDUCE,exposure_floor
2024-07-08,SBILIFE,EXIT,exposure_floor
2024-07-08,TCS,EXIT,exposure_floor
2024-07-08,TATACONSUM,EXIT,exposure_floor
2024-07-09,BAJFINANCE,EXIT,exposure_floor
2024-07-09,BAJAJFINSV,EXIT,exposure_floor
2024-07-09,DRREDDY,EXIT,exposure_floor
2024-07-09,EICHERMOT,REDUCE,exposure_floor
2024-07-09,HCLTECH,EXIT,exposure_floor
2024-07-09,HDFCLIFE,EXIT,exposure_floor
2024-07-09,ITC,EXIT,exposure_floor
2024-07-09,KOTAKBANK,REDUCE,exposure_floor
2024-07-09,LT,REDUCE,exposure_floor
2024-07-09,MARUTI,REDUCE,exposure_floor
2024-07-09,NTPC,REDUCE,exposure_floor
2024-07-09,NESTLEIND,EXIT,exposure_floor
2024-07-09,ONGC,EXIT,exposure_floor
2024-07-09,RELIANCE,REDUCE,exposure_floor
2024-07-09,SBILIFE,EXIT,exposure_floor
2024-07-09,TCS,EXIT,exposure_floor
2024-07-09,TATACONSUM,EXIT,exposure_floor
2024-07-10,BAJFINANCE,EXIT,exposure_floor
2024-07-10,BAJAJFINSV,EXIT,exposure_floor
2024-07-10,DRREDDY,EXIT,exposure_floor
2024-07-10,EICHERMOT,REDUCE,exposure_floor
2024-07-10,HCLTECH,EXIT,exposure_floor
2024-07-10,HDFCLIFE,EXIT,exposure_floor
2024-07-10,ITC,EXIT,exposure_floor
2024-07-10,KOTAKBANK,REDUCE,exposure_floor
2024-07-10,LT,REDUCE,exposure_floor
2024-07-10,MARUTI,REDUCE,exposure_floor
2024-07-10,NTPC,REDUCE,exposure_floor
2024-07-10,NESTLEIND,EXIT,exposure_floor
2024-07-10,ONGC,EXIT,exposure_floor
2024-07-10,RELIANCE,REDUCE,exposure_floor
2024-07-10,SBILIFE,EXIT,exposure_floor
2024-07-10,TCS,EXIT,exposure_floor
2024-07-10,TATACONSUM,EXIT,exposure_floor
2024-07-10,TATASTEEL,REDUCE,exposure_floor
2024-07-11,BAJFINANCE,EXIT,exposure_floor
2024-07-11,BAJAJFINSV,EXIT,exposure_floor
2024-07-11,DRREDDY,EXIT,exposure_floor
2024-07-11,EICHERMOT,REDUCE,exposure_floor
2024-07-11,HCLTECH,REDUCE,exposure_floor
2024-07-11,HDFCLIFE,REDUCE,exposure_floor
2024-07-11,ITC,EXIT,exposure_floor
2024-07-11,KOTAKBANK,REDUCE,exposure_floor
2024-07-11,LT,REDUCE,exposure_floor
2024-07-11,MARUTI,REDUCE,exposure_floor
2024-07-11,NTPC,REDUCE,exposure_floor
2024-07-11,NESTLEIND,EXIT,exposure_floor
2024-07-11,ONGC,EXIT,exposure_floor
2024-07-11,RELIANCE,REDUCE,exposure_floor
2024-07-11,SBILIFE,REDUCE,exposure_floor
2024-07-11,TCS,EXIT,exposure_floor
2024-07-11,TATACONSUM,EXIT,exposure_floor
2024-07-11,TATASTEEL,REDUCE,exposure_floor
2024-07-12,BAJFINANCE,EXIT,exposure_floor
2024-07-12,BAJAJFINSV,EXIT,exposure_floor
2024-07-12,DRREDDY,EXIT,exposure_floor
2024-07-12,EICHERMOT,REDUCE,exposure_floor
2024-07-12,HCLTECH,REDUCE,exposure_floor
2024-07-12,HDFCLIFE,REDUCE,exposure_floor
2024-07-12,ITC,EXIT,exposure_floor
2024-07-12,KOTAKBANK,REDUCE,exposure_floor
2024-07-12,LT,REDUCE,exposure_floor
2024-07-12,MARUTI,REDUCE,exposure_floor
2024-07-12,NTPC,REDUCE,exposure_floor
2024-07-12,NESTLEIND,EXIT,exposure_floor
2024-07-12,ONGC,EXIT,exposure_floor
2024-07-12,RELIANCE,REDUCE,exposure_floor
2024-07-12,SBILIFE,REDUCE,exposure_floor
2024-07-12,TCS,REDUCE,exposure_floor
2024-07-12,TATACONSUM,EXIT,exposure_floor
2024-07-12,TATASTEEL,REDUCE,exposure_floor
2024-07-15,BAJFINANCE,EXIT,exposure_floor
2024-07-15,BAJAJFINSV,EXIT,exposure_floor
2024-07-15,DRREDDY,EXIT,exposure_floor
2024-07-15,EICHERMOT,REDUCE,exposure_floor
2024-07-15,HCLTECH,REDUCE,exposure_floor
2024-07-15,HDFCLIFE,REDUCE,exposure_floor
2024-07-15,ITC,EXIT,exposure_floor
2024-07-15,LT,REDUCE,exposure_floor
2024-07-15,MARUTI,REDUCE,exposure_floor
2024-07-15,NTPC,REDUCE,exposure_floor
2024-07-15,NESTLEIND,EXIT,exposure_floor
2024-07-15,ONGC,REDUCE,exposure_floor
2024-07-15,RELIANCE,REDUCE,exposure_floor
2024-07-15,TCS,REDUCE,exposure_floor
2024-07-15,TATACONSUM,EXIT,exposure_floor
2024-07-15,TATASTEEL,REDUCE,exposure_floor
2024-07-16,BAJFINANCE,EXIT,exposure_floor
2024-07-16,BAJAJFINSV,EXIT,exposure_floor
2024-07-16,DRREDDY,EXIT,exposure_floor
2024-07-16,EICHERMOT,REDUCE,exposure_floor
2024-07-16,HCLTECH,REDUCE,exposure_floor
2024-07-16,HDFCLIFE,REDUCE,exposure_floor
2024-07-16,ITC,EXIT,exposure_floor
2024-07-16,LT,REDUCE,exposure_floor
2024-07-16,MARUTI,REDUCE,exposure_floor
2024-07-16,NTPC,REDUCE,exposure_floor
2024-07-16,NESTLEIND,EXIT,exposure_floor
2024-07-16,RELIANCE,REDUCE,exposure_floor
2024-07-16,TCS,REDUCE,exposure_floor
2024-07-16,TATACONSUM,EXIT,exposure_floor
2024-07-16,TATASTEEL,REDUCE,exposure_floor
2024-07-18,BAJFINANCE,EXIT,exposure_floor
2024-07-18,BAJAJFINSV,EXIT,exposure_floor
2024-07-18,DRREDDY,EXIT,exposure_floor
2024-07-18,EICHERMOT,REDUCE,exposure_floor
2024-07-18,HCLTECH,REDUCE,exposure_floor
2024-07-18,HDFCLIFE,REDUCE,exposure_floor
2024-07-18,ITC,EXIT,exposure_floor
2024-07-18,LT,REDUCE,exposure_floor
2024-07-18,MARUTI,REDUCE,exposure_floor
2024-07-18,NTPC,REDUCE,exposure_floor
2024-07-18,NESTLEIND,EXIT,exposure_floor
2024-07-18,TCS,REDUCE,exposure_floor
2024-07-18,TATACONSUM,EXIT,exposure_floor
2024-07-18,TATASTEEL,REDUCE,exposure_floor
2024-07-19,BAJFINANCE,EXIT,exposure_floor
2024-07-19,BAJAJFINSV,EXIT,exposure_floor
2024-07-19,DRREDDY,EXIT,exposure_floor
2024-07-19,EICHERMOT,REDUCE,exposure_floor
2024-07-19,HDFCLIFE,REDUCE,exposure_floor
2024-07-19,HINDALCO,REDUCE,exposure_floor
2024-07-19,ITC,EXIT,exposure_floor
2024-07-19,JSWSTEEL,REDUCE,exposure_floor
2024-07-19,LT,REDUCE,exposure_floor
2024-07-19,MARUTI,REDUCE,exposure_floor
2024-07-19,NTPC,REDUCE,exposure_floor
2024-07-19,NESTLEIND,EXIT,exposure_floor
2024-07-19,TCS,REDUCE,exposure_floor
2024-07-19,TATACONSUM,EXIT,exposure_floor
2024-07-19,TATASTEEL,REDUCE,exposure_floor
2024-07-22,BAJFINANCE,EXIT,exposure_floor
2024-07-22,BAJAJFINSV,EXIT,exposure_floor
2024-07-22,DRREDDY,REDUCE,exposure_floor
2024-07-22,EICHERMOT,REDUCE,exposure_floor
2024-07-22,HDFCLIFE,REDUCE,exposure_floor
2024-07-22,HINDALCO,REDUCE,exposure_floor
2024-07-22,ITC,EXIT,exposure_floor
2024-07-22,JSWSTEEL,REDUCE,exposure_floor
2024-07-22,KOTAKBANK,EXIT,exposure_floor
2024-07-22,LT,REDUCE,exposure_floor
2024-07-22,MARUTI,REDUCE,exposure_floor
2024-07-22,NTPC,REDUCE,exposure_floor
2024-07-22,NESTLEIND,EXIT,exposure_floor
2024-07-22,TCS,REDUCE,exposure_floor
2024-07-22,TATACONSUM,EXIT,exposure_floor
2024-07-22,TATASTEEL,REDUCE,exposure_floor
2024-07-23,BAJFINANCE,EXIT,exposure_floor
2024-07-23,BAJAJFINSV,EXIT,exposure_floor
2024-07-23,EICHERMOT,REDUCE,exposure_floor
2024-07-23,HDFCLIFE,REDUCE,exposure_floor
2024-07-23,HINDALCO,REDUCE,exposure_floor
2024-07-23,ITC,REDUCE,exposure_floor
2024-07-23,JSWSTEEL,REDUCE,exposure_floor
2024-07-23,KOTAKBANK,EXIT,exposure_floor
2024-07-23,LT,REDUCE,exposure_floor
2024-07-23,MARUTI,REDUCE,exposure_floor
2024-07-23,NTPC,REDUCE,exposure_floor
2024-07-23,NESTLEIND,EXIT,exposure_floor
2024-07-23,RELIANCE,REDUCE,exposure_floor
2024-07-23,TCS,REDUCE,exposure_floor
2024-07-23,TATACONSUM,REDUCE,exposure_floor
2024-07-23,TATASTEEL,REDUCE,exposure_floor
2024-07-24,BAJAJ-AUTO,REDUCE,exposure_floor
2024-07-24,BAJFINANCE,EXIT,exposure_floor
2024-07-24,BAJAJFINSV,EXIT,exposure_floor
2024-07-24,EICHERMOT,REDUCE,exposure_floor
2024-07-24,HDFCLIFE,REDUCE,exposure_floor
2024-07-24,HINDALCO,REDUCE,exposure_floor
2024-07-24,JSWSTEEL,REDUCE,exposure_floor
2024-07-24,KOTAKBANK,EXIT,exposure_floor
2024-07-24,LT,REDUCE,exposure_floor
2024-07-24,MARUTI,REDUCE,exposure_floor
2024-07-24,NTPC,REDUCE,exposure_floor
2024-07-24,NESTLEIND,EXIT,exposure_floor
2024-07-24,RELIANCE,REDUCE,exposure_floor
2024-07-24,TCS,REDUCE,exposure_floor
2024-07-24,TATASTEEL,REDUCE,exposure_floor
2024-07-25,AXISBANK,REDUCE,exposure_floor
2024-07-25,BAJAJ-AUTO,REDUCE,exposure_floor
2024-07-25,BAJFINANCE,EXIT,exposure_floor
2024-07-25,BAJAJFINSV,EXIT,exposure_floor
2024-07-25,EICHERMOT,REDUCE,exposure_floor
2024-07-25,HDFCLIFE,REDUCE,exposure_floor
2024-07-25,HINDALCO,REDUCE,exposure_floor
2024-07-25,JSWSTEEL,REDUCE,exposure_floor
2024-07-25,KOTAKBANK,EXIT,exposure_floor
2024-07-25,LT,REDUCE,exposure_floor
2024-07-25,MARUTI,REDUCE,exposure_floor
2024-07-25,NESTLEIND,EXIT,exposure_floor
2024-07-25,RELIANCE,REDUCE,exposure_floor
2024-07-25,TCS,REDUCE,exposure_floor
2024-07-25,TATASTEEL,REDUCE,exposure_floor
2024-07-26,BAJAJ-AUTO,REDUCE,exposure_floor
2024-07-26,BAJFINANCE,EXIT,exposure_floor
2024-07-26,BAJAJFINSV,EXIT,exposure_floor
2024-07-26,EICHERMOT,REDUCE,exposure_floor
2024-07-26,HDFCLIFE,REDUCE,exposure_floor
2024-07-26,HINDALCO,REDUCE,exposure_floor
2024-07-26,JSWSTEEL,REDUCE,exposure_floor
2024-07-26,KOTAKBANK,EXIT,exposure_floor
2024-07-26,LT,REDUCE,exposure_floor
2024-07-26,MARUTI,REDUCE,exposure_floor
2024-07-26,NESTLEIND,EXIT,exposure_floor
2024-07-26,RELIANCE,REDUCE,exposure_floor
2024-07-26,TATASTEEL,REDUCE,exposure_floor
2024-07-29,BAJAJ-AUTO,REDUCE,exposure_floor
2024-07-29,BAJFINANCE,EXIT,exposure_floor
2024-07-29,BAJAJFINSV,EXIT,exposure_floor
2024-07-29,EICHERMOT,REDUCE,exposure_floor
2024-07-29,HDFCLIFE,REDUCE,exposure_floor
2024-07-29,HINDALCO,REDUCE,exposure_floor
2024-07-29,JSWSTEEL,REDUCE,exposure_floor
2024-07-29,KOTAKBANK,EXIT,exposure_floor
2024-07-29,LT,REDUCE,exposure_floor
2024-07-29,MARUTI,REDUCE,exposure_floor
2024-07-29,NESTLEIND,EXIT,exposure_floor
2024-07-29,RELIANCE,REDUCE,exposure_floor
2024-07-29,TATASTEEL,REDUCE,exposure_floor
2024-07-30,BAJAJ-AUTO,REDUCE,exposure_floor
2024-07-30,BAJFINANCE,EXIT,exposure_floor
2024-07-30,BAJAJFINSV,EXIT,exposure_floor
2024-07-30,EICHERMOT,REDUCE,exposure_floor
2024-07-30,HDFCLIFE,REDUCE,exposure_floor
2024-07-30,HINDALCO,REDUCE,exposure_floor
2024-07-30,JSWSTEEL,REDUCE,exposure_floor
2024-07-30,KOTAKBANK,EXIT,exposure_floor
2024-07-30,LT,REDUCE,exposure_floor
2024-07-30,MARUTI,REDUCE,exposure_floor
2024-07-30,NESTLEIND,EXIT,exposure_floor
2024-07-30,RELIANCE,REDUCE,exposure_floor
2024-07-30,TATASTEEL,REDUCE,exposure_floor
2024-07-31,BAJAJ-AUTO,REDUCE,exposure_floor
2024-07-31,BAJFINANCE,EXIT,exposure_floor
2024-07-31,BAJAJFINSV,EXIT,exposure_floor
2024-07-31,EICHERMOT,REDUCE,exposure_floor
2024-07-31,HDFCLIFE,REDUCE,exposure_floor
2024-07-31,HINDALCO,REDUCE,exposure_floor
2024-07-31,JSWSTEEL,REDUCE,exposure_floor
2024-07-31,LT,REDUCE,exposure_floor
2024-07-31,MARUTI,REDUCE,exposure_floor
2024-07-31,NESTLEIND,EXIT,exposure_floor
2024-07-31,RELIANCE,REDUCE,exposure_floor
2024-07-31,TATASTEEL,REDUCE,exposure_floor
2024-08-01,BAJFINANCE,EXIT,exposure_floor
2024-08-01,BAJAJFINSV,EXIT,exposure_floor
2024-08-01,EICHERMOT,REDUCE,exposure_floor
2024-08-01,HDFCLIFE,REDUCE,exposure_floor
2024-08-01,HINDALCO,REDUCE,exposure_floor
2024-08-01,JSWSTEEL,REDUCE,exposure_floor
2024-08-01,LT,REDUCE,exposure_floor
2024-08-01,MARUTI,REDUCE,exposure_floor
2024-08-01,NESTLEIND,EXIT,exposure_floor
2024-08-01,RELIANCE,REDUCE,exposure_floor
2024-08-01,TATASTEEL,REDUCE,exposure_floor
2024-08-02,BAJFINANCE,EXIT,exposure_floor
2024-08-02,BAJAJFINSV,EXIT,exposure_floor
2024-08-02,BEL,REDUCE,exposure_floor
2024-08-02,EICHERMOT,REDUCE,exposure_floor
2024-08-02,HDFCLIFE,REDUCE,exposure_floor
2024-08-02,HINDALCO,REDUCE,exposure_floor
2024-08-02,JSWSTEEL,REDUCE,exposure_floor
2024-08-02,LT,REDUCE,exposure_floor
2024-08-02,MARUTI,REDUCE,exposure_floor
2024-08-02,NESTLEIND,EXIT,exposure_floor
2024-08-02,RELIANCE,REDUCE,exposure_floor
2024-08-02,TATASTEEL,REDUCE,exposure_floor
2024-08-05,BAJFINANCE,EXIT,exposure_floor
2024-08-05,BAJAJFINSV,EXIT,exposure_floor
2024-08-05,BEL,REDUCE,exposure_floor
2024-08-05,EICHERMOT,REDUCE,exposure_floor
2024-08-05,HDFCLIFE,REDUCE,exposure_floor
2024-08-05,HINDALCO,REDUCE,exposure_floor
2024-08-05,ICICIBANK,REDUCE,exposure_floor
2024-08-05,INDIGO,REDUCE,exposure_floor
2024-08-05,JSWSTEEL,REDUCE,exposure_floor
2024-08-05,LT,REDUCE,exposure_floor
2024-08-05,M&M,REDUCE,exposure_floor
2024-08-05,MARUTI,REDUCE,exposure_floor
2024-08-05,NESTLEIND,EXIT,exposure_floor
2024-08-05,RELIANCE,REDUCE,exposure_floor
2024-08-05,SBIN,REDUCE,exposure_floor
2024-08-05,TATASTEEL,EXIT,exposure_floor
2024-08-05,WIPRO,EXIT,exposure_floor
2024-08-06,BAJFINANCE,EXIT,exposure_floor
2024-08-06,BAJAJFINSV,EXIT,exposure_floor
2024-08-06,BEL,REDUCE,exposure_floor
2024-08-06,EICHERMOT,REDUCE,exposure_floor
2024-08-06,HDFCLIFE,REDUCE,exposure_floor
2024-08-06,HINDALCO,REDUCE,exposure_floor
2024-08-06,ICICIBANK,REDUCE,exposure_floor
2024-08-06,INDIGO,REDUCE,exposure_floor
2024-08-06,JSWSTEEL,REDUCE,exposure_floor
2024-08-06,LT,REDUCE,exposure_floor
2024-08-06,M&M,REDUCE,exposure_floor
2024-08-06,MARUTI,REDUCE,exposure_floor
2024-08-06,NESTLEIND,EXIT,exposure_floor
2024-08-06,RELIANCE,REDUCE,exposure_floor
2024-08-06,SBIN,REDUCE,exposure_floor
2024-08-06,TATASTEEL,EXIT,exposure_floor
2024-08-06,WIPRO,EXIT,exposure_floor
2024-08-07,BAJFINANCE,EXIT,exposure_floor
2024-08-07,BAJAJFINSV,EXIT,exposure_floor
2024-08-07,BEL,REDUCE,exposure_floor
2024-08-07,EICHERMOT,REDUCE,exposure_floor
2024-08-07,HINDALCO,REDUCE,exposure_floor
2024-08-07,ICICIBANK,REDUCE,exposure_floor
2024-08-07,INDIGO,REDUCE,exposure_floor
2024-08-07,JSWSTEEL,REDUCE,exposure_floor
2024-08-07,LT,REDUCE,exposure_floor
2024-08-07,M&M,REDUCE,exposure_floor
2024-08-07,MARUTI,REDUCE,exposure_floor
2024-08-07,MAXHEALTH,REDUCE,exposure_floor
2024-08-07,NESTLEIND,EXIT,exposure_floor
2024-08-07,RELIANCE,REDUCE,exposure_floor
2024-08-07,SBIN,REDUCE,exposure_floor
2024-08-07,TATASTEEL,EXIT,exposure_floor
2024-08-07,WIPRO,EXIT,exposure_floor
2024-08-08,BAJFINANCE,EXIT,exposure_floor
2024-08-08,BAJAJFINSV,EXIT,exposure_floor
2024-08-08,BEL,REDUCE,exposure_floor
2024-08-08,EICHERMOT,REDUCE,exposure_floor
2024-08-08,GRASIM,REDUCE,exposure_floor
2024-08-08,HINDALCO,REDUCE,exposure_floor
2024-08-08,ICICIBANK,REDUCE,exposure_floor
2024-08-08,INDIGO,REDUCE,exposure_floor
2024-08-08,JSWSTEEL,REDUCE,exposure_floor
2024-08-08,LT,REDUCE,exposure_floor
2024-08-08,M&M,REDUCE,exposure_floor
2024-08-08,MARUTI,REDUCE,exposure_floor
2024-08-08,MAXHEALTH,REDUCE,exposure_floor
2024-08-08,NESTLEIND,EXIT,exposure_floor
2024-08-08,RELIANCE,REDUCE,exposure_floor
2024-08-08,SBIN,REDUCE,exposure_floor
2024-08-08,TATASTEEL,EXIT,exposure_floor
2024-08-08,WIPRO,EXIT,exposure_floor
2024-08-09,BAJFINANCE,EXIT,exposure_floor
2024-08-09,BAJAJFINSV,EXIT,exposure_floor
2024-08-09,BEL,REDUCE,exposure_floor
2024-08-09,EICHERMOT,REDUCE,exposure_floor
2024-08-09,GRASIM,REDUCE,exposure_floor
2024-08-09,HINDALCO,REDUCE,exposure_floor
2024-08-09,ICICIBANK,REDUCE,exposure_floor
2024-08-09,INDIGO,REDUCE,exposure_floor
2024-08-09,JSWSTEEL,REDUCE,exposure_floor
2024-08-09,LT,REDUCE,exposure_floor
2024-08-09,M&M,REDUCE,exposure_floor
2024-08-09,MARUTI,REDUCE,exposure_floor
2024-08-09,MAXHEALTH,REDUCE,exposure_floor
2024-08-09,NESTLEIND,EXIT,exposure_floor
2024-08-09,RELIANCE,REDUCE,exposure_floor
2024-08-09,SBIN,REDUCE,exposure_floor
2024-08-09,TATASTEEL,EXIT,exposure_floor
2024-08-09,WIPRO,EXIT,exposure_floor
2024-08-12,BAJFINANCE,EXIT,exposure_floor
2024-08-12,BAJAJFINSV,EXIT,exposure_floor
2024-08-12,BEL,REDUCE,exposure_floor
2024-08-12,EICHERMOT,REDUCE,exposure_floor
2024-08-12,GRASIM,REDUCE,exposure_floor
2024-08-12,HINDALCO,REDUCE,exposure_floor
2024-08-12,ICICIBANK,REDUCE,exposure_floor
2024-08-12,INDIGO,REDUCE,exposure_floor
2024-08-12,JSWSTEEL,REDUCE,exposure_floor
2024-08-12,LT,REDUCE,exposure_floor
2024-08-12,M&M,REDUCE,exposure_floor
2024-08-12,MARUTI,REDUCE,exposure_floor
2024-08-12,MAXHEALTH,REDUCE,exposure_floor
2024-08-12,NESTLEIND,EXIT,exposure_floor
2024-08-12,RELIANCE,REDUCE,exposure_floor
2024-08-12,SBIN,REDUCE,exposure_floor
2024-08-12,TATASTEEL,EXIT,exposure_floor
2024-08-12,WIPRO,EXIT,exposure_floor
2024-08-13,BAJFINANCE,EXIT,exposure_floor
2024-08-13,BAJAJFINSV,EXIT,exposure_floor
2024-08-13,BEL,REDUCE,exposure_floor
2024-08-13,EICHERMOT,REDUCE,exposure_floor
2024-08-13,GRASIM,REDUCE,exposure_floor
2024-08-13,HDFCBANK,REDUCE,exposure_floor
2024-08-13,HINDALCO,REDUCE,exposure_floor
2024-08-13,ICICIBANK,REDUCE,exposure_floor
2024-08-13,INDIGO,REDUCE,exposure_floor
2024-08-13,JSWSTEEL,REDUCE,exposure_floor
2024-08-13,LT,REDUCE,exposure_floor
2024-08-13,M&M,REDUCE,exposure_floor
2024-08-13,MARUTI,REDUCE,exposure_floor
2024-08-13,MAXHEALTH,REDUCE,exposure_floor
2024-08-13,NESTLEIND,EXIT,exposure_floor
2024-08-13,RELIANCE,REDUCE,exposure_floor
2024-08-13,SBIN,REDUCE,exposure_floor
2024-08-13,TATASTEEL,EXIT,exposure_floor
2024-08-13,WIPRO,EXIT,exposure_floor
2024-08-14,ADANIPORTS,REDUCE,exposure_floor
2024-08-14,BAJFINANCE,EXIT,exposure_floor
2024-08-14,BAJAJFINSV,EXIT,exposure_floor
2024-08-14,BEL,REDUCE,exposure_floor
2024-08-14,EICHERMOT,REDUCE,exposure_floor
2024-08-14,GRASIM,REDUCE,exposure_floor
2024-08-14,HDFCBANK,REDUCE,exposure_floor
2024-08-14,HINDALCO,REDUCE,exposure_floor
2024-08-14,ICICIBANK,REDUCE,exposure_floor
2024-08-14,INDIGO,REDUCE,exposure_floor
2024-08-14,JSWSTEEL,REDUCE,exposure_floor
2024-08-14,LT,REDUCE,exposure_floor
2024-08-14,M&M,REDUCE,exposure_floor
2024-08-14,MARUTI,REDUCE,exposure_floor
2024-08-14,MAXHEALTH,REDUCE,exposure_floor
2024-08-14,NESTLEIND,EXIT,exposure_floor
2024-08-14,POWERGRID,REDUCE,exposure_floor
2024-08-14,RELIANCE,REDUCE,exposure_floor
2024-08-14,SBIN,REDUCE,exposure_floor
2024-08-14,TATASTEEL,EXIT,exposure_floor
2024-08-14,WIPRO,EXIT,exposure_floor
2024-08-16,BAJFINANCE,EXIT,exposure_floor
2024-08-16,BAJAJFINSV,EXIT,exposure_floor
2024-08-16,BEL,REDUCE,exposure_floor
2024-08-16,EICHERMOT,REDUCE,exposure_floor
2024-08-16,GRASIM,REDUCE,exposure_floor
2024-08-16,HINDALCO,REDUCE,exposure_floor
2024-08-16,ICICIBANK,REDUCE,exposure_floor
2024-08-16,INDIGO,REDUCE,exposure_floor
2024-08-16,JSWSTEEL,REDUCE,exposure_floor
2024-08-16,LT,REDUCE,exposure_floor
2024-08-16,M&M,REDUCE,exposure_floor
2024-08-16,MARUTI,REDUCE,exposure_floor
2024-08-16,MAXHEALTH,REDUCE,exposure_floor
2024-08-16,NESTLEIND,EXIT,exposure_floor
2024-08-16,RELIANCE,REDUCE,exposure_floor
2024-08-16,SBIN,REDUCE,exposure_floor
2024-08-16,TATASTEEL,EXIT,exposure_floor
2024-08-16,WIPRO,REDUCE,exposure_floor
2024-08-19,BAJFINANCE,EXIT,exposure_floor
2024-08-19,BAJAJFINSV,EXIT,exposure_floor
2024-08-19,BEL,REDUCE,exposure_floor
2024-08-19,EICHERMOT,REDUCE,exposure_floor
2024-08-19,GRASIM,REDUCE,exposure_floor
2024-08-19,HINDALCO,REDUCE,exposure_floor
2024-08-19,ICICIBANK,REDUCE,exposure_floor
2024-08-19,INDIGO,REDUCE,exposure_floor
2024-08-19,JSWSTEEL,REDUCE,exposure_floor
2024-08-19,LT,REDUCE,exposure_floor
2024-08-19,M&M,REDUCE,exposure_floor
2024-08-19,MARUTI,REDUCE,exposure_floor
2024-08-19,MAXHEALTH,REDUCE,exposure_floor
2024-08-19,NESTLEIND,EXIT,exposure_floor
2024-08-19,RELIANCE,REDUCE,exposure_floor
2024-08-19,SBIN,REDUCE,exposure_floor
2024-08-19,TATASTEEL,EXIT,exposure_floor
2024-08-20,BAJFINANCE,EXIT,exposure_floor
2024-08-20,BAJAJFINSV,EXIT,exposure_floor
2024-08-20,BEL,REDUCE,exposure_floor
2024-08-20,EICHERMOT,REDUCE,exposure_floor
2024-08-20,GRASIM,REDUCE,exposure_floor
2024-08-20,HINDALCO,REDUCE,exposure_floor
2024-08-20,ICICIBANK,REDUCE,exposure_floor
2024-08-20,INDIGO,REDUCE,exposure_floor
2024-08-20,JSWSTEEL,REDUCE,exposure_floor
2024-08-20,LT,REDUCE,exposure_floor
2024-08-20,M&M,REDUCE,exposure_floor
2024-08-20,MARUTI,REDUCE,exposure_floor
2024-08-20,MAXHEALTH,REDUCE,exposure_floor
2024-08-20,NESTLEIND,EXIT,exposure_floor
2024-08-20,RELIANCE,REDUCE,exposure_floor
2024-08-20,SBIN,REDUCE,exposure_floor
2024-08-20,TATASTEEL,EXIT,exposure_floor
2024-08-21,BAJFINANCE,EXIT,exposure_floor
2024-08-21,BAJAJFINSV,EXIT,exposure_floor
2024-08-21,BEL,REDUCE,exposure_floor
2024-08-21,EICHERMOT,REDUCE,exposure_floor
2024-08-21,HINDALCO,REDUCE,exposure_floor
2024-08-21,ICICIBANK,REDUCE,exposure_floor
2024-08-21,INDIGO,REDUCE,exposure_floor
2024-08-21,JSWSTEEL,REDUCE,exposure_floor
2024-08-21,LT,REDUCE,exposure_floor
2024-08-21,M&M,REDUCE,exposure_floor
2024-08-21,MARUTI,REDUCE,exposure_floor
2024-08-21,MAXHEALTH,REDUCE,exposure_floor
2024-08-21,NESTLEIND,EXIT,exposure_floor
2024-08-21,RELIANCE,REDUCE,exposure_floor
2024-08-21,SBIN,REDUCE,exposure_floor
2024-08-21,TATASTEEL,EXIT,exposure_floor
2024-08-22,BAJFINANCE,EXIT,exposure_floor
2024-08-22,BAJAJFINSV,EXIT,exposure_floor
2024-08-22,BEL,REDUCE,exposure_floor
2024-08-22,EICHERMOT,REDUCE,exposure_floor
2024-08-22,HINDALCO,REDUCE,exposure_floor
2024-08-22,ICICIBANK,REDUCE,exposure_floor
2024-08-22,INDIGO,REDUCE,exposure_floor
2024-08-22,JSWSTEEL,REDUCE,exposure_floor
2024-08-22,LT,REDUCE,exposure_floor
2024-08-22,M&M,REDUCE,exposure_floor
2024-08-22,MARUTI,REDUCE,exposure_floor
2024-08-22,MAXHEALTH,REDUCE,exposure_floor
2024-08-22,NESTLEIND,EXIT,exposure_floor
2024-08-22,POWERGRID,REDUCE,exposure_floor
2024-08-22,RELIANCE,REDUCE,exposure_floor
2024-08-22,SBIN,REDUCE,exposure_floor
2024-08-22,TATASTEEL,EXIT,exposure_floor
2024-08-22,ULTRACEMCO,REDUCE,exposure_floor
2024-08-23,ADANIPORTS,REDUCE,exposure_floor
2024-08-23,BAJFINANCE,EXIT,exposure_floor
2024-08-23,BAJAJFINSV,EXIT,exposure_floor
2024-08-23,BEL,REDUCE,exposure_floor
2024-08-23,HINDALCO,REDUCE,exposure_floor
2024-08-23,JSWSTEEL,REDUCE,exposure_floor
2024-08-23,LT,REDUCE,exposure_floor
2024-08-23,M&M,REDUCE,exposure_floor
2024-08-23,MARUTI,REDUCE,exposure_floor
2024-08-23,MAXHEALTH,REDUCE,exposure_floor
2024-08-23,NESTLEIND,EXIT,exposure_floor
2024-08-23,POWERGRID,REDUCE,exposure_floor
2024-08-23,RELIANCE,REDUCE,exposure_floor
2024-08-23,SBIN,REDUCE,exposure_floor
2024-08-23,TATASTEEL,EXIT,exposure_floor
2024-08-23,ULTRACEMCO,REDUCE,exposure_floor
2024-08-26,ADANIPORTS,REDUCE,exposure_floor
2024-08-26,BAJFINANCE,EXIT,exposure_floor
2024-08-26,BAJAJFINSV,EXIT,exposure_floor
2024-08-26,BEL,REDUCE,exposure_floor
2024-08-26,HINDALCO,REDUCE,exposure_floor
2024-08-26,JSWSTEEL,REDUCE,exposure_floor
2024-08-26,LT,REDUCE,exposure_floor
2024-08-26,M&M,REDUCE,exposure_floor
2024-08-26,MARUTI,REDUCE,exposure_floor
2024-08-26,MAXHEALTH,REDUCE,exposure_floor
2024-08-26,NESTLEIND,EXIT,exposure_floor
2024-08-26,POWERGRID,REDUCE,exposure_floor
2024-08-26,RELIANCE,REDUCE,exposure_floor
2024-08-26,SBIN,REDUCE,exposure_floor
2024-08-26,TATASTEEL,EXIT,exposure_floor
2024-08-27,ADANIPORTS,REDUCE,exposure_floor
2024-08-27,BAJFINANCE,EXIT,exposure_floor
2024-08-27,BAJAJFINSV,REDUCE,exposure_floor
2024-08-27,BEL,REDUCE,exposure_floor
2024-08-27,HINDALCO,REDUCE,exposure_floor
2024-08-27,JSWSTEEL,REDUCE,exposure_floor
2024-08-27,LT,REDUCE,exposure_floor
2024-08-27,M&M,REDUCE,exposure_floor
2024-08-27,MARUTI,REDUCE,exposure_floor
2024-08-27,MAXHEALTH,REDUCE,exposure_floor
2024-08-27,NESTLEIND,EXIT,exposure_floor
2024-08-27,POWERGRID,REDUCE,exposure_floor
2024-08-27,RELIANCE,REDUCE,exposure_floor
2024-08-27,SBIN,REDUCE,exposure_floor
2024-08-27,TATASTEEL,EXIT,exposure_floor
2024-08-28,ADANIPORTS,REDUCE,exposure_floor
2024-08-28,BAJFINANCE,EXIT,exposure_floor
2024-08-28,BAJAJFINSV,REDUCE,exposure_floor
2024-08-28,BEL,REDUCE,exposure_floor
2024-08-28,HINDALCO,REDUCE,exposure_floor
2024-08-28,JSWSTEEL,REDUCE,exposure_floor
2024-08-28,LT,REDUCE,exposure_floor
2024-08-28,M&M,REDUCE,exposure_floor
2024-08-28,MARUTI,REDUCE,exposure_floor
2024-08-28,MAXHEALTH,REDUCE,exposure_floor
2024-08-28,NESTLEIND,EXIT,exposure_floor
2024-08-28,POWERGRID,REDUCE,exposure_floor
2024-08-28,RELIANCE,REDUCE,exposure_floor
2024-08-28,SBIN,REDUCE,exposure_floor
2024-08-28,TATASTEEL,EXIT,exposure_floor
2024-08-29,ADANIPORTS,REDUCE,exposure_floor
2024-08-29,BAJFINANCE,EXIT,exposure_floor
2024-08-29,BEL,REDUCE,exposure_floor
2024-08-29,HINDALCO,REDUCE,exposure_floor
2024-08-29,JSWSTEEL,REDUCE,exposure_floor
2024-08-29,LT,REDUCE,exposure_floor
2024-08-29,M&M,REDUCE,exposure_floor
2024-08-29,MARUTI,REDUCE,exposure_floor
2024-08-29,MAXHEALTH,REDUCE,exposure_floor
2024-08-29,NESTLEIND,EXIT,exposure_floor
2024-08-29,POWERGRID,REDUCE,exposure_floor
2024-08-29,RELIANCE,REDUCE,exposure_floor
2024-08-29,SBIN,REDUCE,exposure_floor
2024-08-29,TATASTEEL,EXIT,exposure_floor
2024-08-30,ADANIPORTS,REDUCE,exposure_floor
2024-08-30,BAJFINANCE,EXIT,exposure_floor
2024-08-30,BEL,REDUCE,exposure_floor
2024-08-30,HINDALCO,REDUCE,exposure_floor
2024-08-30,JSWSTEEL,REDUCE,exposure_floor
2024-08-30,LT,REDUCE,exposure_floor
2024-08-30,M&M,REDUCE,exposure_floor
2024-08-30,MARUTI,REDUCE,exposure_floor
2024-08-30,MAXHEALTH,REDUCE,exposure_floor
2024-08-30,NESTLEIND,EXIT,exposure_floor
2024-08-30,POWERGRID,REDUCE,exposure_floor
2024-08-30,RELIANCE,REDUCE,exposure_floor
2024-08-30,SBIN,REDUCE,exposure_floor
2024-08-30,TATASTEEL,EXIT,exposure_floor
2024-09-02,ADANIPORTS,REDUCE,exposure_floor
2024-09-02,BAJFINANCE,EXIT,exposure_floor
2024-09-02,BEL,REDUCE,exposure_floor
2024-09-02,HINDALCO,REDUCE,exposure_floor
2024-09-02,JSWSTEEL,REDUCE,exposure_floor
2024-09-02,LT,REDUCE,exposure_floor
2024-09-02,M&M,REDUCE,exposure_floor
2024-09-02,MARUTI,REDUCE,exposure_floor
2024-09-02,MAXHEALTH,REDUCE,exposure_floor
2024-09-02,NESTLEIND,EXIT,exposure_floor
2024-09-02,POWERGRID,REDUCE,exposure_floor
2024-09-02,RELIANCE,REDUCE,exposure_floor
2024-09-02,SBIN,REDUCE,exposure_floor
2024-09-02,TATASTEEL,EXIT,exposure_floor
2024-09-03,ADANIPORTS,REDUCE,exposure_floor
2024-09-03,BAJFINANCE,EXIT,exposure_floor
2024-09-03,BEL,REDUCE,exposure_floor
2024-09-03,HINDALCO,REDUCE,exposure_floor
2024-09-03,JSWSTEEL,REDUCE,exposure_floor
2024-09-03,LT,REDUCE,exposure_floor
2024-09-03,M&M,REDUCE,exposure_floor
2024-09-03,MARUTI,REDUCE,exposure_floor
2024-09-03,MAXHEALTH,REDUCE,exposure_floor
2024-09-03,NESTLEIND,EXIT,exposure_floor
2024-09-03,POWERGRID,REDUCE,exposure_floor
2024-09-03,RELIANCE,REDUCE,exposure_floor
2024-09-03,SBIN,REDUCE,exposure_floor
2024-09-03,TATASTEEL,EXIT,exposure_floor
2024-09-04,ADANIPORTS,REDUCE,exposure_floor
2024-09-04,BAJFINANCE,EXIT,exposure_floor
2024-09-04,BEL,REDUCE,exposure_floor
2024-09-04,HINDALCO,REDUCE,exposure_floor
2024-09-04,JSWSTEEL,REDUCE,exposure_floor
2024-09-04,LT,REDUCE,exposure_floor
2024-09-04,M&M,REDUCE,exposure_floor
2024-09-04,MARUTI,REDUCE,exposure_floor
2024-09-04,MAXHEALTH,REDUCE,exposure_floor
2024-09-04,NESTLEIND,EXIT,exposure_floor
2024-09-04,POWERGRID,REDUCE,exposure_floor
2024-09-04,RELIANCE,REDUCE,exposure_floor
2024-09-04,SBIN,REDUCE,exposure_floor
2024-09-04,TATASTEEL,EXIT,exposure_floor
2024-09-04,WIPRO,REDUCE,exposure_floor
2024-09-05,ADANIPORTS,REDUCE,exposure_floor
2024-09-05,BAJFINANCE,EXIT,exposure_floor
2024-09-05,BEL,REDUCE,exposure_floor
2024-09-05,HINDALCO,REDUCE,exposure_floor
2024-09-05,JSWSTEEL,REDUCE,exposure_floor
2024-09-05,LT,REDUCE,exposure_floor
2024-09-05,M&M,REDUCE,exposure_floor
2024-09-05,MARUTI,REDUCE,exposure_floor
2024-09-05,MAXHEALTH,REDUCE,exposure_floor
2024-09-05,NESTLEIND,EXIT,exposure_floor
2024-09-05,POWERGRID,REDUCE,exposure_floor
2024-09-05,RELIANCE,REDUCE,exposure_floor
2024-09-05,SBIN,REDUCE,exposure_floor
2024-09-05,TATASTEEL,EXIT,exposure_floor
2024-09-05,WIPRO,REDUCE,exposure_floor
2024-09-06,ADANIPORTS,REDUCE,exposure_floor
2024-09-06,BAJFINANCE,EXIT,exposure_floor
2024-09-06,BEL,EXIT,exposure_floor
2024-09-06,HINDALCO,REDUCE,exposure_floor
2024-09-06,JSWSTEEL,REDUCE,exposure_floor
2024-09-06,LT,REDUCE,exposure_floor
2024-09-06,M&M,REDUCE,exposure_floor
2024-09-06,MARUTI,REDUCE,exposure_floor
2024-09-06,MAXHEALTH,REDUCE,exposure_floor
2024-09-06,NESTLEIND,EXIT,exposure_floor
2024-09-06,POWERGRID,REDUCE,exposure_floor
2024-09-06,RELIANCE,REDUCE,exposure_floor
2024-09-06,SBIN,REDUCE,exposure_floor
2024-09-06,TATASTEEL,EXIT,exposure_floor
2024-09-06,ULTRACEMCO,REDUCE,exposure_floor
2024-09-06,WIPRO,REDUCE,exposure_floor
2024-09-09,ADANIPORTS,REDUCE,exposure_floor
2024-09-09,BAJFINANCE,EXIT,exposure_floor
2024-09-09,BEL,EXIT,exposure_floor
2024-09-09,GRASIM,REDUCE,exposure_floor
2024-09-09,HINDALCO,REDUCE,exposure_floor
2024-09-09,JSWSTEEL,REDUCE,exposure_floor
2024-09-09,LT,REDUCE,exposure_floor
2024-09-09,M&M,REDUCE,exposure_floor
2024-09-09,MARUTI,REDUCE,exposure_floor
2024-09-09,MAXHEALTH,REDUCE,exposure_floor
2024-09-09,NTPC,REDUCE,exposure_floor
2024-09-09,NESTLEIND,EXIT,exposure_floor
2024-09-09,POWERGRID,REDUCE,exposure_floor
2024-09-09,RELIANCE,REDUCE,exposure_floor
2024-09-09,SBIN,REDUCE,exposure_floor
2024-09-09,TATASTEEL,EXIT,exposure_floor
2024-09-09,ULTRACEMCO,REDUCE,exposure_floor
2024-09-09,WIPRO,REDUCE,exposure_floor
2024-09-10,ADANIPORTS,REDUCE,exposure_floor
2024-09-10,BAJFINANCE,EXIT,exposure_floor
2024-09-10,BEL,EXIT,exposure_floor
2024-09-10,DRREDDY,REDUCE,exposure_floor
2024-09-10,GRASIM,REDUCE,exposure_floor
2024-09-10,HINDALCO,REDUCE,exposure_floor
2024-09-10,JSWSTEEL,REDUCE,exposure_floor
2024-09-10,LT,REDUCE,exposure_floor
2024-09-10,M&M,REDUCE,exposure_floor
2024-09-10,MARUTI,REDUCE,exposure_floor
2024-09-10,MAXHEALTH,REDUCE,exposure_floor
2024-09-10,NESTLEIND,EXIT,exposure_floor
2024-09-10,POWERGRID,REDUCE,exposure_floor
2024-09-10,RELIANCE,REDUCE,exposure_floor
2024-09-10,SBIN,REDUCE,exposure_floor
2024-09-10,TATASTEEL,EXIT,exposure_floor
2024-09-10,ULTRACEMCO,REDUCE,exposure_floor
2024-09-10,WIPRO,REDUCE,exposure_floor
2024-09-11,ADANIPORTS,REDUCE,exposure_floor
2024-09-11,BAJFINANCE,EXIT,exposure_floor
2024-09-11,BEL,EXIT,exposure_floor
2024-09-11,COALINDIA,REDUCE,exposure_floor
2024-09-11,DRREDDY,REDUCE,exposure_floor
2024-09-11,GRASIM,REDUCE,exposure_floor
2024-09-11,HINDALCO,REDUCE,exposure_floor
2024-09-11,JSWSTEEL,REDUCE,exposure_floor
2024-09-11,LT,REDUCE,exposure_floor
2024-09-11,M&M,REDUCE,exposure_floor
2024-09-11,MARUTI,REDUCE,exposure_floor
2024-09-11,MAXHEALTH,REDUCE,exposure_floor
2024-09-11,NESTLEIND,EXIT,exposure_floor
2024-09-11,ONGC,EXIT,exposure_floor
2024-09-11,POWERGRID,REDUCE,exposure_floor
2024-09-11,RELIANCE,REDUCE,exposure_floor
2024-09-11,SBIN,EXIT,exposure_floor
2024-09-11,TATASTEEL,EXIT,exposure_floor
2024-09-11,ULTRACEMCO,REDUCE,exposure_floor
2024-09-11,WIPRO,REDUCE,exposure_floor
2024-09-12,ADANIPORTS,REDUCE,exposure_floor
2024-09-12,BAJFINANCE,EXIT,exposure_floor
2024-09-12,BEL,EXIT,exposure_floor
2024-09-12,COALINDIA,REDUCE,exposure_floor
2024-09-12,DRREDDY,REDUCE,exposure_floor
2024-09-12,GRASIM,REDUCE,exposure_floor
2024-09-12,HINDALCO,REDUCE,exposure_floor
2024-09-12,JSWSTEEL,REDUCE,exposure_floor
2024-09-12,LT,REDUCE,exposure_floor
2024-09-12,M&M,REDUCE,exposure_floor
2024-09-12,MARUTI,REDUCE,exposure_floor
2024-09-12,MAXHEALTH,REDUCE,exposure_floor
2024-09-12,NESTLEIND,EXIT,exposure_floor
2024-09-12,ONGC,EXIT,exposure_floor
2024-09-12,POWERGRID,REDUCE,exposure_floor
2024-09-12,RELIANCE,REDUCE,exposure_floor
2024-09-12,SBIN,EXIT,exposure_floor
2024-09-12,TATASTEEL,EXIT,exposure_floor
2024-09-12,ULTRACEMCO,REDUCE,exposure_floor
2024-09-12,WIPRO,REDUCE,exposure_floor
2024-09-13,ADANIPORTS,REDUCE,exposure_floor
2024-09-13,BAJFINANCE,EXIT,exposure_floor
2024-09-13,BEL,EXIT,exposure_floor
2024-09-13,COALINDIA,REDUCE,exposure_floor
2024-09-13,DRREDDY,REDUCE,exposure_floor
2024-09-13,GRASIM,REDUCE,exposure_floor
2024-09-13,HINDALCO,REDUCE,exposure_floor
2024-09-13,JSWSTEEL,REDUCE,exposure_floor
2024-09-13,LT,REDUCE,exposure_floor
2024-09-13,M&M,REDUCE,exposure_floor
2024-09-13,MARUTI,REDUCE,exposure_floor
2024-09-13,MAXHEALTH,REDUCE,exposure_floor
2024-09-13,NESTLEIND,EXIT,exposure_floor
2024-09-13,ONGC,EXIT,exposure_floor
2024-09-13,POWERGRID,REDUCE,exposure_floor
2024-09-13,RELIANCE,REDUCE,exposure_floor
2024-09-13,SBIN,EXIT,exposure_floor
2024-09-13,TATASTEEL,EXIT,exposure_floor
2024-09-13,ULTRACEMCO,REDUCE,exposure_floor
2024-09-13,WIPRO,REDUCE,exposure_floor
2024-09-16,ADANIPORTS,REDUCE,exposure_floor
2024-09-16,BAJFINANCE,EXIT,exposure_floor
2024-09-16,BEL,EXIT,exposure_floor
2024-09-16,COALINDIA,REDUCE,exposure_floor
2024-09-16,DRREDDY,REDUCE,exposure_floor
2024-09-16,GRASIM,REDUCE,exposure_floor
2024-09-16,HINDALCO,REDUCE,exposure_floor
2024-09-16,JSWSTEEL,REDUCE,exposure_floor
2024-09-16,LT,REDUCE,exposure_floor
2024-09-16,M&M,REDUCE,exposure_floor
2024-09-16,MARUTI,REDUCE,exposure_floor
2024-09-16,MAXHEALTH,REDUCE,exposure_floor
2024-09-16,NESTLEIND,EXIT,exposure_floor
2024-09-16,ONGC,EXIT,exposure_floor
2024-09-16,POWERGRID,REDUCE,exposure_floor
2024-09-16,RELIANCE,REDUCE,exposure_floor
2024-09-16,SBIN,EXIT,exposure_floor
2024-09-16,TATASTEEL,EXIT,exposure_floor
2024-09-16,ULTRACEMCO,REDUCE,exposure_floor
2024-09-16,WIPRO,REDUCE,exposure_floor
2024-09-17,ADANIPORTS,REDUCE,exposure_floor
2024-09-17,BAJFINANCE,EXIT,exposure_floor
2024-09-17,BEL,EXIT,exposure_floor
2024-09-17,COALINDIA,REDUCE,exposure_floor
2024-09-17,DRREDDY,REDUCE,exposure_floor
2024-09-17,GRASIM,REDUCE,exposure_floor
2024-09-17,HINDALCO,REDUCE,exposure_floor
2024-09-17,JSWSTEEL,REDUCE,exposure_floor
2024-09-17,LT,REDUCE,exposure_floor
2024-09-17,M&M,REDUCE,exposure_floor
2024-09-17,MARUTI,REDUCE,exposure_floor
2024-09-17,NESTLEIND,EXIT,exposure_floor
2024-09-17,ONGC,EXIT,exposure_floor
2024-09-17,POWERGRID,REDUCE,exposure_floor
2024-09-17,RELIANCE,REDUCE,exposure_floor
2024-09-17,SBIN,EXIT,exposure_floor
2024-09-17,TATASTEEL,EXIT,exposure_floor
2024-09-17,WIPRO,REDUCE,exposure_floor
2024-09-18,ADANIPORTS,REDUCE,exposure_floor
2024-09-18,BAJFINANCE,REDUCE,exposure_floor
2024-09-18,BEL,EXIT,exposure_floor
2024-09-18,COALINDIA,REDUCE,exposure_floor
2024-09-18,DRREDDY,REDUCE,exposure_floor
2024-09-18,GRASIM,REDUCE,exposure_floor
2024-09-18,HINDALCO,REDUCE,exposure_floor
2024-09-18,JSWSTEEL,REDUCE,exposure_floor
2024-09-18,LT,REDUCE,exposure_floor
2024-09-18,M&M,REDUCE,exposure_floor
2024-09-18,MARUTI,REDUCE,exposure_floor
2024-09-18,NESTLEIND,EXIT,exposure_floor
2024-09-18,ONGC,EXIT,exposure_floor
2024-09-18,POWERGRID,REDUCE,exposure_floor
2024-09-18,RELIANCE,REDUCE,exposure_floor
2024-09-18,SBIN,EXIT,exposure_floor
2024-09-18,TATASTEEL,EXIT,exposure_floor
2024-09-18,WIPRO,REDUCE,exposure_floor
2024-09-19,ADANIPORTS,REDUCE,exposure_floor
2024-09-19,BAJFINANCE,REDUCE,exposure_floor
2024-09-19,BEL,EXIT,exposure_floor
2024-09-19,COALINDIA,REDUCE,exposure_floor
2024-09-19,DRREDDY,REDUCE,exposure_floor
2024-09-19,GRASIM,REDUCE,exposure_floor
2024-09-19,HINDALCO,REDUCE,exposure_floor
2024-09-19,JSWSTEEL,REDUCE,exposure_floor
2024-09-19,LT,REDUCE,exposure_floor
2024-09-19,M&M,REDUCE,exposure_floor
2024-09-19,MARUTI,REDUCE,exposure_floor
2024-09-19,NESTLEIND,EXIT,exposure_floor
2024-09-19,ONGC,EXIT,exposure_floor
2024-09-19,POWERGRID,REDUCE,exposure_floor
2024-09-19,RELIANCE,REDUCE,exposure_floor
2024-09-19,SBIN,EXIT,exposure_floor
2024-09-19,TATASTEEL,EXIT,exposure_floor
2024-09-19,WIPRO,REDUCE,exposure_floor
2024-09-20,ADANIPORTS,REDUCE,exposure_floor
2024-09-20,BAJFINANCE,REDUCE,exposure_floor
2024-09-20,BEL,EXIT,exposure_floor
2024-09-20,COALINDIA,REDUCE,exposure_floor
2024-09-20,DRREDDY,REDUCE,exposure_floor
2024-09-20,GRASIM,REDUCE,exposure_floor
2024-09-20,HINDALCO,REDUCE,exposure_floor
2024-09-20,LT,REDUCE,exposure_floor
2024-09-20,MARUTI,REDUCE,exposure_floor
2024-09-20,NESTLEIND,EXIT,exposure_floor
2024-09-20,ONGC,EXIT,exposure_floor
2024-09-20,POWERGRID,REDUCE,exposure_floor
2024-09-20,RELIANCE,REDUCE,exposure_floor
2024-09-20,SBIN,EXIT,exposure_floor
2024-09-20,TATASTEEL,EXIT,exposure_floor
2024-09-20,WIPRO,REDUCE,exposure_floor
2024-09-23,ADANIPORTS,REDUCE,exposure_floor
2024-09-23,BEL,EXIT,exposure_floor
2024-09-23,COALINDIA,REDUCE,exposure_floor
2024-09-23,DRREDDY,REDUCE,exposure_floor
2024-09-23,GRASIM,REDUCE,exposure_floor
2024-09-23,HINDALCO,REDUCE,exposure_floor
2024-09-23,LT,REDUCE,exposure_floor
2024-09-23,MARUTI,REDUCE,exposure_floor
2024-09-23,NESTLEIND,EXIT,exposure_floor
2024-09-23,ONGC,EXIT,exposure_floor
2024-09-23,POWERGRID,REDUCE,exposure_floor
2024-09-23,RELIANCE,REDUCE,exposure_floor
2024-09-23,SBIN,EXIT,exposure_floor
2024-09-23,TATASTEEL,EXIT,exposure_floor
2024-09-23,WIPRO,REDUCE,exposure_floor
2024-09-24,ADANIPORTS,REDUCE,exposure_floor
2024-09-24,BEL,EXIT,exposure_floor
2024-09-24,COALINDIA,REDUCE,exposure_floor
2024-09-24,DRREDDY,REDUCE,exposure_floor
2024-09-24,GRASIM,REDUCE,exposure_floor
2024-09-24,HINDALCO,REDUCE,exposure_floor
2024-09-24,LT,REDUCE,exposure_floor
2024-09-24,MARUTI,REDUCE,exposure_floor
2024-09-24,NESTLEIND,EXIT,exposure_floor
2024-09-24,ONGC,EXIT,exposure_floor
2024-09-24,POWERGRID,REDUCE,exposure_floor
2024-09-24,RELIANCE,REDUCE,exposure_floor
2024-09-24,SBIN,EXIT,exposure_floor
2024-09-24,TCS,REDUCE,exposure_floor
2024-09-24,TATASTEEL,EXIT,exposure_floor
2024-09-24,WIPRO,REDUCE,exposure_floor
2024-09-25,ADANIPORTS,REDUCE,exposure_floor
2024-09-25,BEL,EXIT,exposure_floor
2024-09-25,COALINDIA,REDUCE,exposure_floor
2024-09-25,DRREDDY,REDUCE,exposure_floor
2024-09-25,GRASIM,REDUCE,exposure_floor
2024-09-25,HINDALCO,REDUCE,exposure_floor
2024-09-25,LT,REDUCE,exposure_floor
2024-09-25,MARUTI,REDUCE,exposure_floor
2024-09-25,NESTLEIND,EXIT,exposure_floor
2024-09-25,ONGC,EXIT,exposure_floor
2024-09-25,RELIANCE,REDUCE,exposure_floor
2024-09-25,SBIN,EXIT,exposure_floor
2024-09-25,TCS,REDUCE,exposure_floor
2024-09-25,TATACONSUM,REDUCE,exposure_floor
2024-09-25,TATASTEEL,EXIT,exposure_floor
2024-09-25,WIPRO,REDUCE,exposure_floor
2024-09-26,ADANIPORTS,REDUCE,exposure_floor
2024-09-26,BEL,EXIT,exposure_floor
2024-09-26,COALINDIA,REDUCE,exposure_floor
2024-09-26,DRREDDY,REDUCE,exposure_floor
2024-09-26,GRASIM,REDUCE,exposure_floor
2024-09-26,LT,REDUCE,exposure_floor
2024-09-26,ONGC,EXIT,exposure_floor
2024-09-26,RELIANCE,REDUCE,exposure_floor
2024-09-26,SBIN,EXIT,exposure_floor
2024-09-26,TCS,REDUCE,exposure_floor
2024-09-26,TATACONSUM,REDUCE,exposure_floor
2024-09-26,TATASTEEL,EXIT,exposure_floor
2024-09-26,WIPRO,REDUCE,exposure_floor
2024-09-27,ADANIPORTS,REDUCE,exposure_floor
2024-09-27,BEL,EXIT,exposure_floor
2024-09-27,COALINDIA,REDUCE,exposure_floor
2024-09-27,DRREDDY,REDUCE,exposure_floor
2024-09-27,GRASIM,REDUCE,exposure_floor
2024-09-27,LT,REDUCE,exposure_floor
2024-09-27,ONGC,EXIT,exposure_floor
2024-09-27,RELIANCE,REDUCE,exposure_floor
2024-09-27,SBIN,EXIT,exposure_floor
2024-09-27,TCS,REDUCE,exposure_floor
2024-09-27,TATACONSUM,REDUCE,exposure_floor
2024-09-27,TATASTEEL,EXIT,exposure_floor
2024-09-27,WIPRO,REDUCE,exposure_floor
2024-09-30,ADANIPORTS,REDUCE,exposure_floor
2024-09-30,BEL,EXIT,exposure_floor
2024-09-30,COALINDIA,REDUCE,exposure_floor
2024-09-30,DRREDDY,REDUCE,exposure_floor
2024-09-30,GRASIM,REDUCE,exposure_floor
2024-09-30,LT,REDUCE,exposure_floor
2024-09-30,ONGC,EXIT,exposure_floor
2024-09-30,RELIANCE,REDUCE,exposure_floor
2024-09-30,SBIN,EXIT,exposure_floor
2024-09-30,TCS,REDUCE,exposure_floor
2024-09-30,TATACONSUM,REDUCE,exposure_floor
2024-09-30,TATASTEEL,REDUCE,exposure_floor
2024-09-30,TECHM,REDUCE,exposure_floor
2024-09-30,WIPRO,REDUCE,exposure_floor
2024-10-01,ADANIPORTS,REDUCE,exposure_floor
2024-10-01,BEL,EXIT,exposure_floor
2024-10-01,COALINDIA,REDUCE,exposure_floor
2024-10-01,DRREDDY,REDUCE,exposure_floor
2024-10-01,GRASIM,REDUCE,exposure_floor
2024-10-01,ONGC,EXIT,exposure_floor
2024-10-01,RELIANCE,REDUCE,exposure_floor
2024-10-01,SBIN,EXIT,exposure_floor
2024-10-01,TCS,REDUCE,exposure_floor
2024-10-01,TATACONSUM,REDUCE,exposure_floor
2024-10-01,TATASTEEL,REDUCE,exposure_floor
2024-10-03,ADANIPORTS,REDUCE,exposure_floor
2024-10-03,BEL,EXIT,exposure_floor
2024-10-03,COALINDIA,REDUCE,exposure_floor
2024-10-03,DRREDDY,REDUCE,exposure_floor
2024-10-03,EICHERMOT,REDUCE,exposure_floor
2024-10-03,GRASIM,REDUCE,exposure_floor
2024-10-03,LT,EXIT,exposure_floor
2024-10-03,ONGC,EXIT,exposure_floor
2024-10-03,RELIANCE,EXIT,exposure_floor
2024-10-03,SBIN,EXIT,exposure_floor
2024-10-03,TCS,REDUCE,exposure_floor
2024-10-03,TATACONSUM,REDUCE,exposure_floor
2024-10-04,ADANIPORTS,REDUCE,exposure_floor
2024-10-04,BEL,EXIT,exposure_floor
2024-10-04,COALINDIA,REDUCE,exposure_floor
2024-10-04,DRREDDY,REDUCE,exposure_floor
2024-10-04,EICHERMOT,REDUCE,exposure_floor
2024-10-04,GRASIM,REDUCE,exposure_floor
2024-10-04,ITC,REDUCE,exposure_floor
2024-10-04,LT,EXIT,exposure_floor
2024-10-04,ONGC,EXIT,exposure_floor
2024-10-04,POWERGRID,REDUCE,exposure_floor
2024-10-04,RELIANCE,EXIT,exposure_floor
2024-10-04,SBIN,EXIT,exposure_floor
2024-10-04,TCS,REDUCE,exposure_floor
2024-10-04,TATACONSUM,EXIT,exposure_floor
2024-10-07,ADANIENT,EXIT,exposure_floor
2024-10-07,ADANIPORTS,REDUCE,exposure_floor
2024-10-07,AXISBANK,EXIT,exposure_floor
2024-10-07,BEL,EXIT,exposure_floor
2024-10-07,COALINDIA,REDUCE,exposure_floor
2024-10-07,DRREDDY,REDUCE,exposure_floor
2024-10-07,EICHERMOT,REDUCE,exposure_floor
2024-10-07,GRASIM,REDUCE,exposure_floor
2024-10-07,HDFCBANK,REDUCE,exposure_floor
2024-10-07,LT,EXIT,exposure_floor
2024-10-07,ONGC,EXIT,exposure_floor
2024-10-07,POWERGRID,REDUCE,exposure_floor
2024-10-07,RELIANCE,EXIT,exposure_floor
2024-10-07,SBIN,EXIT,exposure_floor
2024-10-07,TCS,REDUCE,exposure_floor
2024-10-07,TATACONSUM,EXIT,exposure_floor
2024-10-08,ADANIPORTS,REDUCE,exposure_floor
2024-10-08,AXISBANK,EXIT,exposure_floor
2024-10-08,BEL,EXIT,exposure_floor
2024-10-08,COALINDIA,REDUCE,exposure_floor
2024-10-08,DRREDDY,REDUCE,exposure_floor
2024-10-08,EICHERMOT,REDUCE,exposure_floor
2024-10-08,GRASIM,REDUCE,exposure_floor
2024-10-08,HDFCBANK,REDUCE,exposure_floor
2024-10-08,LT,EXIT,exposure_floor
2024-10-08,ONGC,EXIT,exposure_floor
2024-10-08,POWERGRID,REDUCE,exposure_floor
2024-10-08,RELIANCE,EXIT,exposure_floor
2024-10-08,SBILIFE,REDUCE,exposure_floor
2024-10-08,SBIN,EXIT,exposure_floor
2024-10-08,TCS,REDUCE,exposure_floor
2024-10-08,TATACONSUM,EXIT,exposure_floor
2024-10-08,TITAN,EXIT,exposure_floor
2024-10-09,ADANIPORTS,REDUCE,exposure_floor
2024-10-09,AXISBANK,EXIT,exposure_floor
2024-10-09,BEL,EXIT,exposure_floor
2024-10-09,COALINDIA,REDUCE,exposure_floor
2024-10-09,DRREDDY,REDUCE,exposure_floor
2024-10-09,EICHERMOT,REDUCE,exposure_floor
2024-10-09,GRASIM,REDUCE,exposure_floor
2024-10-09,HDFCBANK,REDUCE,exposure_floor
2024-10-09,ITC,REDUCE,exposure_floor
2024-10-09,LT,EXIT,exposure_floor
2024-10-09,NESTLEIND,EXIT,exposure_floor
2024-10-09,ONGC,EXIT,exposure_floor
2024-10-09,POWERGRID,REDUCE,exposure_floor
2024-10-09,RELIANCE,EXIT,exposure_floor
2024-10-09,SBILIFE,REDUCE,exposure_floor
2024-10-09,SBIN,EXIT,exposure_floor
2024-10-09,TCS,REDUCE,exposure_floor
2024-10-09,TATACONSUM,EXIT,exposure_floor
2024-10-09,TITAN,EXIT,exposure_floor
2024-10-10,ADANIPORTS,REDUCE,exposure_floor
2024-10-10,AXISBANK,EXIT,exposure_floor
2024-10-10,BEL,EXIT,exposure_floor
2024-10-10,COALINDIA,REDUCE,exposure_floor
2024-10-10,DRREDDY,REDUCE,exposure_floor
2024-10-10,EICHERMOT,REDUCE,exposure_floor
2024-10-10,GRASIM,REDUCE,exposure_floor
2024-10-10,ITC,REDUCE,exposure_floor
2024-10-10,LT,EXIT,exposure_floor
2024-10-10,NESTLEIND,EXIT,exposure_floor
2024-10-10,ONGC,EXIT,exposure_floor
2024-10-10,POWERGRID,REDUCE,exposure_floor
2024-10-10,RELIANCE,EXIT,exposure_floor
2024-10-10,SBILIFE,REDUCE,exposure_floor
2024-10-10,SBIN,EXIT,exposure_floor
2024-10-10,TCS,REDUCE,exposure_floor
2024-10-10,TATACONSUM,EXIT,exposure_floor
2024-10-10,TITAN,EXIT,exposure_floor
2024-10-11,ADANIPORTS,REDUCE,exposure_floor
2024-10-11,ASIANPAINT,REDUCE,exposure_floor
2024-10-11,AXISBANK,EXIT,exposure_floor
2024-10-11,BEL,EXIT,exposure_floor
2024-10-11,COALINDIA,REDUCE,exposure_floor
2024-10-11,DRREDDY,REDUCE,exposure_floor
2024-10-11,EICHERMOT,REDUCE,exposure_floor
2024-10-11,GRASIM,REDUCE,exposure_floor
2024-10-11,ITC,REDUCE,exposure_floor
2024-10-11,LT,EXIT,exposure_floor
2024-10-11,NESTLEIND,EXIT,exposure_floor
2024-10-11,ONGC,EXIT,exposure_floor
2024-10-11,POWERGRID,REDUCE,exposure_floor
2024-10-11,RELIANCE,EXIT,exposure_floor
2024-10-11,SBILIFE,REDUCE,exposure_floor
2024-10-11,SBIN,EXIT,exposure_floor
2024-10-11,TCS,REDUCE,exposure_floor
2024-10-11,TATACONSUM,EXIT,exposure_floor
2024-10-11,TITAN,EXIT,exposure_floor
2024-10-14,ADANIPORTS,REDUCE,exposure_floor
2024-10-14,ASIANPAINT,REDUCE,exposure_floor
2024-10-14,AXISBANK,EXIT,exposure_floor
2024-10-14,BEL,EXIT,exposure_floor
2024-10-14,COALINDIA,REDUCE,exposure_floor
2024-10-14,DRREDDY,REDUCE,exposure_floor
2024-10-14,EICHERMOT,REDUCE,exposure_floor
2024-10-14,GRASIM,REDUCE,exposure_floor
2024-10-14,ITC,REDUCE,exposure_floor
2024-10-14,LT,EXIT,exposure_floor
2024-10-14,NESTLEIND,EXIT,exposure_floor
2024-10-14,ONGC,EXIT,exposure_floor
2024-10-14,POWERGRID,REDUCE,exposure_floor
2024-10-14,RELIANCE,EXIT,exposure_floor
2024-10-14,SBILIFE,REDUCE,exposure_floor
2024-10-14,SBIN,EXIT,exposure_floor
2024-10-14,TCS,REDUCE,exposure_floor
2024-10-14,TATACONSUM,EXIT,exposure_floor
2024-10-14,TITAN,EXIT,exposure_floor
2024-10-15,ADANIPORTS,REDUCE,exposure_floor
2024-10-15,ASIANPAINT,REDUCE,exposure_floor
2024-10-15,AXISBANK,EXIT,exposure_floor
2024-10-15,BEL,EXIT,exposure_floor
2024-10-15,COALINDIA,REDUCE,exposure_floor
2024-10-15,DRREDDY,REDUCE,exposure_floor
2024-10-15,EICHERMOT,REDUCE,exposure_floor
2024-10-15,GRASIM,REDUCE,exposure_floor
2024-10-15,HDFCLIFE,REDUCE,exposure_floor
2024-10-15,ITC,REDUCE,exposure_floor
2024-10-15,LT,EXIT,exposure_floor
2024-10-15,MARUTI,REDUCE,exposure_floor
2024-10-15,NESTLEIND,EXIT,exposure_floor
2024-10-15,ONGC,EXIT,exposure_floor
2024-10-15,POWERGRID,REDUCE,exposure_floor
2024-10-15,RELIANCE,EXIT,exposure_floor
2024-10-15,SBILIFE,REDUCE,exposure_floor
2024-10-15,SBIN,EXIT,exposure_floor
2024-10-15,TCS,REDUCE,exposure_floor
2024-10-15,TATACONSUM,EXIT,exposure_floor
2024-10-15,TITAN,EXIT,exposure_floor
2024-10-16,ADANIENT,EXIT,exposure_floor
2024-10-16,ADANIPORTS,REDUCE,exposure_floor
2024-10-16,ASIANPAINT,REDUCE,exposure_floor
2024-10-16,AXISBANK,EXIT,exposure_floor
2024-10-16,BAJFINANCE,EXIT,exposure_floor
2024-10-16,BEL,EXIT,exposure_floor
2024-10-16,CIPLA,REDUCE,exposure_floor
2024-10-16,COALINDIA,REDUCE,exposure_floor
2024-10-16,DRREDDY,REDUCE,exposure_floor
2024-10-16,EICHERMOT,REDUCE,exposure_floor
2024-10-16,HDFCLIFE,REDUCE,exposure_floor
2024-10-16,HINDUNILVR,REDUCE,exposure_floor
2024-10-16,ITC,REDUCE,exposure_floor
2024-10-16,LT,EXIT,exposure_floor
2024-10-16,MARUTI,REDUCE,exposure_floor
2024-10-16,NESTLEIND,EXIT,exposure_floor
2024-10-16,ONGC,EXIT,exposure_floor
2024-10-16,POWERGRID,REDUCE,exposure_floor
2024-10-16,RELIANCE,EXIT,exposure_floor
2024-10-16,SBILIFE,REDUCE,exposure_floor
2024-10-16,SBIN,EXIT,exposure_floor
2024-10-16,TCS,REDUCE,exposure_floor
2024-10-16,TATACONSUM,EXIT,exposure_floor
2024-10-16,TITAN,EXIT,exposure_floor
2024-10-17,ADANIENT,EXIT,exposure_floor
2024-10-17,ADANIPORTS,REDUCE,exposure_floor
2024-10-17,ASIANPAINT,REDUCE,exposure_floor
2024-10-17,AXISBANK,EXIT,exposure_floor
2024-10-17,BAJAJ-AUTO,EXIT,exposure_floor
2024-10-17,BAJFINANCE,EXIT,exposure_floor
2024-10-17,BEL,EXIT,exposure_floor
2024-10-17,CIPLA,REDUCE,exposure_floor
2024-10-17,COALINDIA,REDUCE,exposure_floor
2024-10-17,DRREDDY,REDUCE,exposure_floor
2024-10-17,EICHERMOT,REDUCE,exposure_floor
2024-10-17,HINDUNILVR,REDUCE,exposure_floor
2024-10-17,ITC,REDUCE,exposure_floor
2024-10-17,LT,EXIT,exposure_floor
2024-10-17,MARUTI,REDUCE,exposure_floor
2024-10-17,NESTLEIND,EXIT,exposure_floor
2024-10-17,ONGC,EXIT,exposure_floor
2024-10-17,POWERGRID,REDUCE,exposure_floor
2024-10-17,RELIANCE,EXIT,exposure_floor
2024-10-17,SBILIFE,REDUCE,exposure_floor
2024-10-17,SBIN,EXIT,exposure_floor
2024-10-17,TCS,REDUCE,exposure_floor
2024-10-17,TATACONSUM,EXIT,exposure_floor
2024-10-17,TATASTEEL,EXIT,exposure_floor
2024-10-17,TITAN,EXIT,exposure_floor
2024-10-18,ADANIENT,EXIT,exposure_floor
2024-10-18,ADANIPORTS,REDUCE,exposure_floor
2024-10-18,ASIANPAINT,EXIT,exposure_floor
2024-10-18,BAJAJ-AUTO,EXIT,exposure_floor
2024-10-18,BAJFINANCE,EXIT,exposure_floor
2024-10-18,BEL,EXIT,exposure_floor
2024-10-18,CIPLA,REDUCE,exposure_floor
2024-10-18,COALINDIA,REDUCE,exposure_floor
2024-10-18,DRREDDY,REDUCE,exposure_floor
2024-10-18,EICHERMOT,REDUCE,exposure_floor
2024-10-18,HINDUNILVR,REDUCE,exposure_floor
2024-10-18,ITC,REDUCE,exposure_floor
2024-10-18,LT,EXIT,exposure_floor
2024-10-18,MARUTI,REDUCE,exposure_floor
2024-10-18,NESTLEIND,EXIT,exposure_floor
2024-10-18,ONGC,EXIT,exposure_floor
2024-10-18,POWERGRID,REDUCE,exposure_floor
2024-10-18,RELIANCE,EXIT,exposure_floor
2024-10-18,SBILIFE,REDUCE,exposure_floor
2024-10-18,SBIN,EXIT,exposure_floor
2024-10-18,TCS,REDUCE,exposure_floor
2024-10-18,TATACONSUM,EXIT,exposure_floor
2024-10-18,TATASTEEL,EXIT,exposure_floor
2024-10-18,TITAN,EXIT,exposure_floor
2024-10-21,ADANIENT,EXIT,exposure_floor
2024-10-21,ADANIPORTS,REDUCE,exposure_floor
2024-10-21,ASIANPAINT,EXIT,exposure_floor
2024-10-21,BAJAJ-AUTO,EXIT,exposure_floor
2024-10-21,BAJFINANCE,EXIT,exposure_floor
2024-10-21,BEL,EXIT,exposure_floor
2024-10-21,CIPLA,REDUCE,exposure_floor
2024-10-21,COALINDIA,REDUCE,exposure_floor
2024-10-21,DRREDDY,REDUCE,exposure_floor
2024-10-21,EICHERMOT,REDUCE,exposure_floor
2024-10-21,HINDUNILVR,REDUCE,exposure_floor
2024-10-21,ITC,REDUCE,exposure_floor
2024-10-21,KOTAKBANK,REDUCE,exposure_floor
2024-10-21,LT,EXIT,exposure_floor
2024-10-21,MARUTI,REDUCE,exposure_floor
2024-10-21,NESTLEIND,EXIT,exposure_floor
2024-10-21,ONGC,EXIT,exposure_floor
2024-10-21,POWERGRID,REDUCE,exposure_floor
2024-10-21,RELIANCE,EXIT,exposure_floor
2024-10-21,SBILIFE,REDUCE,exposure_floor
2024-10-21,SBIN,EXIT,exposure_floor
2024-10-21,TCS,REDUCE,exposure_floor
2024-10-21,TATACONSUM,EXIT,exposure_floor
2024-10-21,TATASTEEL,EXIT,exposure_floor
2024-10-21,TITAN,EXIT,exposure_floor
2024-10-22,ADANIENT,EXIT,exposure_floor
2024-10-22,ADANIPORTS,EXIT,exposure_floor
2024-10-22,ASIANPAINT,EXIT,exposure_floor
2024-10-22,BAJAJ-AUTO,EXIT,exposure_floor
2024-10-22,BAJFINANCE,EXIT,exposure_floor
2024-10-22,BEL,EXIT,exposure_floor
2024-10-22,CIPLA,REDUCE,exposure_floor
2024-10-22,COALINDIA,REDUCE,exposure_floor
2024-10-22,DRREDDY,REDUCE,exposure_floor
2024-10-22,EICHERMOT,REDUCE,exposure_floor
2024-10-22,HINDUNILVR,REDUCE,exposure_floor
2024-10-22,ITC,REDUCE,exposure_floor
2024-10-22,KOTAKBANK,EXIT,exposure_floor
2024-10-22,LT,EXIT,exposure_floor
2024-10-22,MARUTI,EXIT,exposure_floor
2024-10-22,NESTLEIND,EXIT,exposure_floor
2024-10-22,ONGC,EXIT,exposure_floor
2024-10-22,POWERGRID,REDUCE,exposure_floor
2024-10-22,RELIANCE,EXIT,exposure_floor
2024-10-22,SBILIFE,REDUCE,exposure_floor
2024-10-22,SBIN,EXIT,exposure_floor
2024-10-22,TCS,EXIT,exposure_floor
2024-10-22,TATACONSUM,EXIT,exposure_floor
2024-10-22,TATASTEEL,EXIT,exposure_floor
2024-10-22,TITAN,EXIT,exposure_floor
2024-10-23,ADANIENT,EXIT,exposure_floor
2024-10-23,ADANIPORTS,EXIT,exposure_floor
2024-10-23,ASIANPAINT,EXIT,exposure_floor
2024-10-23,AXISBANK,REDUCE,exposure_floor
2024-10-23,BAJAJ-AUTO,EXIT,exposure_floor
2024-10-23,BAJFINANCE,EXIT,exposure_floor
2024-10-23,BEL,EXIT,exposure_floor
2024-10-23,CIPLA,REDUCE,exposure_floor
2024-10-23,COALINDIA,REDUCE,exposure_floor
2024-10-23,DRREDDY,REDUCE,exposure_floor
2024-10-23,EICHERMOT,REDUCE,exposure_floor
2024-10-23,HINDUNILVR,REDUCE,exposure_floor
2024-10-23,ITC,REDUCE,exposure_floor
2024-10-23,KOTAKBANK,EXIT,exposure_floor
2024-10-23,LT,EXIT,exposure_floor
2024-10-23,MARUTI,EXIT,exposure_floor
2024-10-23,NESTLEIND,EXIT,exposure_floor
2024-10-23,ONGC,EXIT,exposure_floor
2024-10-23,POWERGRID,REDUCE,exposure_floor
2024-10-23,RELIANCE,EXIT,exposure_floor
2024-10-23,SBILIFE,REDUCE,exposure_floor
2024-10-23,SBIN,EXIT,exposure_floor
2024-10-23,TCS,EXIT,exposure_floor
2024-10-23,TATACONSUM,EXIT,exposure_floor
2024-10-23,TATASTEEL,EXIT,exposure_floor
2024-10-23,TITAN,EXIT,exposure_floor
2024-10-24,ADANIENT,EXIT,exposure_floor
2024-10-24,ADANIPORTS,EXIT,exposure_floor
2024-10-24,ASIANPAINT,EXIT,exposure_floor
2024-10-24,AXISBANK,REDUCE,exposure_floor
2024-10-24,BAJAJ-AUTO,EXIT,exposure_floor
2024-10-24,BAJFINANCE,EXIT,exposure_floor
2024-10-24,BEL,EXIT,exposure_floor
2024-10-24,CIPLA,REDUCE,exposure_floor
2024-10-24,COALINDIA,REDUCE,exposure_floor
2024-10-24,DRREDDY,REDUCE,exposure_floor
2024-10-24,EICHERMOT,REDUCE,exposure_floor
2024-10-24,HINDUNILVR,EXIT,exposure_floor
2024-10-24,ITC,REDUCE,exposure_floor
2024-10-24,KOTAKBANK,EXIT,exposure_floor
2024-10-24,LT,EXIT,exposure_floor
2024-10-24,MARUTI,EXIT,exposure_floor
2024-10-24,MAXHEALTH,EXIT,exposure_floor
2024-10-24,NESTLEIND,EXIT,exposure_floor
2024-10-24,ONGC,EXIT,exposure_floor
2024-10-24,POWERGRID,REDUCE,exposure_floor
2024-10-24,RELIANCE,EXIT,exposure_floor
2024-10-24,SBILIFE,EXIT,exposure_floor
2024-10-24,SBIN,EXIT,exposure_floor
2024-10-24,TCS,EXIT,exposure_floor
2024-10-24,TATACONSUM,EXIT,exposure_floor
2024-10-24,TATASTEEL,EXIT,exposure_floor
2024-10-24,TITAN,EXIT,exposure_floor
2024-10-25,ADANIENT,EXIT,exposure_floor
2024-10-25,ADANIPORTS,EXIT,exposure_floor
2024-10-25,ASIANPAINT,EXIT,exposure_floor
2024-10-25,AXISBANK,REDUCE,exposure_floor
2024-10-25,BAJAJ-AUTO,EXIT,exposure_floor
2024-10-25,BAJFINANCE,EXIT,exposure_floor
2024-10-25,BAJAJFINSV,EXIT,exposure_floor
2024-10-25,BEL,EXIT,exposure_floor
2024-10-25,CIPLA,REDUCE,exposure_floor
2024-10-25,COALINDIA,EXIT,exposure_floor
2024-10-25,DRREDDY,REDUCE,exposure_floor
2024-10-25,EICHERMOT,REDUCE,exposure_floor
2024-10-25,HINDUNILVR,EXIT,exposure_floor
2024-10-25,ITC,REDUCE,exposure_floor
2024-10-25,KOTAKBANK,EXIT,exposure_floor
2024-10-25,LT,EXIT,exposure_floor
2024-10-25,M&M,REDUCE,exposure_floor
2024-10-25,MARUTI,EXIT,exposure_floor
2024-10-25,MAXHEALTH,REDUCE,exposure_floor
2024-10-25,NESTLEIND,EXIT,exposure_floor
2024-10-25,ONGC,EXIT,exposure_floor
2024-10-25,POWERGRID,REDUCE,exposure_floor
2024-10-25,RELIANCE,EXIT,exposure_floor
2024-10-25,SBILIFE,EXIT,exposure_floor
2024-10-25,SBIN,EXIT,exposure_floor
2024-10-25,TCS,EXIT,exposure_floor
2024-10-25,TATACONSUM,EXIT,exposure_floor
2024-10-25,TATASTEEL,EXIT,exposure_floor
2024-10-25,TITAN,EXIT,exposure_floor
2024-10-28,ADANIENT,EXIT,exposure_floor
2024-10-28,ADANIPORTS,EXIT,exposure_floor
2024-10-28,ASIANPAINT,EXIT,exposure_floor
2024-10-28,AXISBANK,REDUCE,exposure_floor
2024-10-28,BAJAJ-AUTO,EXIT,exposure_floor
2024-10-28,BAJFINANCE,EXIT,exposure_floor
2024-10-28,BAJAJFINSV,EXIT,exposure_floor
2024-10-28,BEL,EXIT,exposure_floor
2024-10-28,CIPLA,REDUCE,exposure_floor
2024-10-28,COALINDIA,EXIT,exposure_floor
2024-10-28,DRREDDY,REDUCE,exposure_floor
2024-10-28,EICHERMOT,REDUCE,exposure_floor
2024-10-28,HINDUNILVR,EXIT,exposure_floor
2024-10-28,ITC,REDUCE,exposure_floor
2024-10-28,INDIGO,EXIT,exposure_floor
2024-10-28,KOTAKBANK,EXIT,exposure_floor
2024-10-28,LT,EXIT,exposure_floor
2024-10-28,M&M,REDUCE,exposure_floor
2024-10-28,MARUTI,EXIT,exposure_floor
2024-10-28,NESTLEIND,EXIT,exposure_floor
2024-10-28,ONGC,EXIT,exposure_floor
2024-10-28,POWERGRID,REDUCE,exposure_floor
2024-10-28,RELIANCE,EXIT,exposure_floor
2024-10-28,SBILIFE,EXIT,exposure_floor
2024-10-28,SBIN,EXIT,exposure_floor
2024-10-28,TCS,EXIT,exposure_floor
2024-10-28,TATACONSUM,EXIT,exposure_floor
2024-10-28,TATASTEEL,EXIT,exposure_floor
2024-10-28,TITAN,EXIT,exposure_floor
2024-10-29,ADANIENT,EXIT,exposure_floor
2024-10-29,ADANIPORTS,EXIT,exposure_floor
2024-10-29,ASIANPAINT,EXIT,exposure_floor
2024-10-29,AXISBANK,REDUCE,exposure_floor
2024-10-29,BAJAJ-AUTO,EXIT,exposure_floor
2024-10-29,BAJFINANCE,EXIT,exposure_floor
2024-10-29,BAJAJFINSV,EXIT,exposure_floor
2024-10-29,BEL,EXIT,exposure_floor
2024-10-29,CIPLA,EXIT,exposure_floor
2024-10-29,COALINDIA,EXIT,exposure_floor
2024-10-29,DRREDDY,REDUCE,exposure_floor
2024-10-29,HINDUNILVR,EXIT,exposure_floor
2024-10-29,ITC,REDUCE,exposure_floor
2024-10-29,INDIGO,EXIT,exposure_floor
2024-10-29,KOTAKBANK,EXIT,exposure_floor
2024-10-29,LT,EXIT,exposure_floor
2024-10-29,M&M,REDUCE,exposure_floor
2024-10-29,MARUTI,EXIT,exposure_floor
2024-10-29,NESTLEIND,EXIT,exposure_floor
2024-10-29,ONGC,EXIT,exposure_floor
2024-10-29,POWERGRID,REDUCE,exposure_floor
2024-10-29,RELIANCE,EXIT,exposure_floor
2024-10-29,SBILIFE,EXIT,exposure_floor
2024-10-29,SBIN,REDUCE,exposure_floor
2024-10-29,TCS,EXIT,exposure_floor
2024-10-29,TATACONSUM,EXIT,exposure_floor
2024-10-29,TATASTEEL,EXIT,exposure_floor
2024-10-29,TITAN,EXIT,exposure_floor
2024-10-30,ADANIENT,EXIT,exposure_floor
2024-10-30,ADANIPORTS,EXIT,exposure_floor
2024-10-30,ASIANPAINT,EXIT,exposure_floor
2024-10-30,AXISBANK,REDUCE,exposure_floor
2024-10-30,BAJAJ-AUTO,EXIT,exposure_floor
2024-10-30,BAJFINANCE,EXIT,exposure_floor
2024-10-30,BAJAJFINSV,EXIT,exposure_floor
2024-10-30,BEL,EXIT,exposure_floor
2024-10-30,CIPLA,EXIT,exposure_floor
2024-10-30,COALINDIA,EXIT,exposure_floor
2024-10-30,DRREDDY,EXIT,exposure_floor
2024-10-30,HINDUNILVR,EXIT,exposure_floor
2024-10-30,ITC,REDUCE,exposure_floor
2024-10-30,INFY,REDUCE,exposure_floor
2024-10-30,INDIGO,EXIT,exposure_floor
2024-10-30,KOTAKBANK,EXIT,exposure_floor
2024-10-30,LT,EXIT,exposure_floor
2024-10-30,M&M,EXIT,exposure_floor
2024-10-30,MARUTI,EXIT,exposure_floor
2024-10-30,NESTLEIND,EXIT,exposure_floor
2024-10-30,ONGC,EXIT,exposure_floor
2024-10-30,POWERGRID,REDUCE,exposure_floor
2024-10-30,RELIANCE,EXIT,exposure_floor
2024-10-30,SBILIFE,EXIT,exposure_floor
2024-10-30,TCS,EXIT,exposure_floor
2024-10-30,TATACONSUM,EXIT,exposure_floor
2024-10-30,TATASTEEL,EXIT,exposure_floor
2024-10-30,TITAN,EXIT,exposure_floor
2024-10-31,ADANIENT,EXIT,exposure_floor
2024-10-31,ADANIPORTS,EXIT,exposure_floor
2024-10-31,ASIANPAINT,EXIT,exposure_floor
2024-10-31,AXISBANK,REDUCE,exposure_floor
2024-10-31,BAJAJ-AUTO,EXIT,exposure_floor
2024-10-31,BAJFINANCE,EXIT,exposure_floor
2024-10-31,BAJAJFINSV,EXIT,exposure_floor
2024-10-31,BEL,EXIT,exposure_floor
2024-10-31,CIPLA,EXIT,exposure_floor
2024-10-31,COALINDIA,EXIT,exposure_floor
2024-10-31,DRREDDY,EXIT,exposure_floor
2024-10-31,HINDUNILVR,EXIT,exposure_floor
2024-10-31,ITC,REDUCE,exposure_floor
2024-10-31,INFY,REDUCE,exposure_floor
2024-10-31,INDIGO,EXIT,exposure_floor
2024-10-31,KOTAKBANK,EXIT,exposure_floor
2024-10-31,M&M,EXIT,exposure_floor
2024-10-31,MARUTI,EXIT,exposure_floor
2024-10-31,NESTLEIND,EXIT,exposure_floor
2024-10-31,ONGC,EXIT,exposure_floor
2024-10-31,POWERGRID,REDUCE,exposure_floor
2024-10-31,RELIANCE,EXIT,exposure_floor
2024-10-31,SBILIFE,EXIT,exposure_floor
2024-10-31,TCS,EXIT,exposure_floor
2024-10-31,TATACONSUM,EXIT,exposure_floor
2024-10-31,TATASTEEL,EXIT,exposure_floor
2024-10-31,TITAN,EXIT,exposure_floor
2024-11-01,ADANIENT,EXIT,exposure_floor
2024-11-01,ADANIPORTS,EXIT,exposure_floor
2024-11-01,ASIANPAINT,EXIT,exposure_floor
2024-11-01,AXISBANK,REDUCE,exposure_floor
2024-11-01,BAJAJ-AUTO,EXIT,exposure_floor
2024-11-01,BAJFINANCE,EXIT,exposure_floor
2024-11-01,BAJAJFINSV,EXIT,exposure_floor
2024-11-01,BEL,EXIT,exposure_floor
2024-11-01,CIPLA,EXIT,exposure_floor
2024-11-01,COALINDIA,EXIT,exposure_floor
2024-11-01,DRREDDY,EXIT,exposure_floor
2024-11-01,HINDUNILVR,EXIT,exposure_floor
2024-11-01,ITC,REDUCE,exposure_floor
2024-11-01,INFY,REDUCE,exposure_floor
2024-11-01,INDIGO,EXIT,exposure_floor
2024-11-01,KOTAKBANK,EXIT,exposure_floor
2024-11-01,M&M,EXIT,exposure_floor
2024-11-01,MARUTI,EXIT,exposure_floor
2024-11-01,NESTLEIND,EXIT,exposure_floor
2024-11-01,ONGC,EXIT,exposure_floor
2024-11-01,POWERGRID,REDUCE,exposure_floor
2024-11-01,RELIANCE,EXIT,exposure_floor
2024-11-01,SBILIFE,EXIT,exposure_floor
2024-11-01,TCS,EXIT,exposure_floor
2024-11-01,TATACONSUM,EXIT,exposure_floor
2024-11-01,TATASTEEL,EXIT,exposure_floor
2024-11-01,TITAN,EXIT,exposure_floor
2024-11-04,ADANIENT,EXIT,exposure_floor
2024-11-04,ADANIPORTS,EXIT,exposure_floor
2024-11-04,ASIANPAINT,EXIT,exposure_floor
2024-11-04,AXISBANK,EXIT,exposure_floor
2024-11-04,BAJAJ-AUTO,EXIT,exposure_floor
2024-11-04,BAJFINANCE,EXIT,exposure_floor
2024-11-04,BAJAJFINSV,EXIT,exposure_floor
2024-11-04,BEL,EXIT,exposure_floor
2024-11-04,CIPLA,EXIT,exposure_floor
2024-11-04,COALINDIA,EXIT,exposure_floor
2024-11-04,DRREDDY,EXIT,exposure_floor
2024-11-04,GRASIM,REDUCE,exposure_floor
2024-11-04,HINDUNILVR,EXIT,exposure_floor
2024-11-04,ITC,REDUCE,exposure_floor
2024-11-04,INFY,REDUCE,exposure_floor
2024-11-04,INDIGO,EXIT,exposure_floor
2024-11-04,KOTAKBANK,EXIT,exposure_floor
2024-11-04,M&M,EXIT,exposure_floor
2024-11-04,MARUTI,EXIT,exposure_floor
2024-11-04,NESTLEIND,EXIT,exposure_floor
2024-11-04,ONGC,EXIT,exposure_floor
2024-11-04,POWERGRID,REDUCE,exposure_floor
2024-11-04,RELIANCE,EXIT,exposure_floor
2024-11-04,SBILIFE,EXIT,exposure_floor
2024-11-04,TCS,EXIT,exposure_floor
2024-11-04,TATACONSUM,EXIT,exposure_floor
2024-11-04,TATASTEEL,EXIT,exposure_floor
2024-11-04,TITAN,EXIT,exposure_floor
2024-11-05,ADANIENT,EXIT,exposure_floor
2024-11-05,ADANIPORTS,EXIT,exposure_floor
2024-11-05,ASIANPAINT,EXIT,exposure_floor
2024-11-05,AXISBANK,EXIT,exposure_floor
2024-11-05,BAJAJ-AUTO,EXIT,exposure_floor
2024-11-05,BAJFINANCE,EXIT,exposure_floor
2024-11-05,BAJAJFINSV,EXIT,exposure_floor
2024-11-05,BEL,EXIT,exposure_floor
2024-11-05,CIPLA,EXIT,exposure_floor
2024-11-05,COALINDIA,EXIT,exposure_floor
2024-11-05,DRREDDY,EXIT,exposure_floor
2024-11-05,GRASIM,REDUCE,exposure_floor
2024-11-05,HINDUNILVR,EXIT,exposure_floor
2024-11-05,ITC,REDUCE,exposure_floor
2024-11-05,INFY,REDUCE,exposure_floor
2024-11-05,INDIGO,EXIT,exposure_floor
2024-11-05,KOTAKBANK,EXIT,exposure_floor
2024-11-05,M&M,EXIT,exposure_floor
2024-11-05,MARUTI,EXIT,exposure_floor
2024-11-05,NESTLEIND,EXIT,exposure_floor
2024-11-05,ONGC,EXIT,exposure_floor
2024-11-05,POWERGRID,REDUCE,exposure_floor
2024-11-05,RELIANCE,EXIT,exposure_floor
2024-11-05,SBILIFE,EXIT,exposure_floor
2024-11-05,TCS,EXIT,exposure_floor
2024-11-05,TATACONSUM,EXIT,exposure_floor
2024-11-05,TATASTEEL,EXIT,exposure_floor
2024-11-05,TITAN,EXIT,exposure_floor
2024-11-05,TRENT,EXIT,exposure_floor
2024-11-06,ADANIENT,EXIT,exposure_floor
2024-11-06,ADANIPORTS,EXIT,exposure_floor
2024-11-06,ASIANPAINT,EXIT,exposure_floor
2024-11-06,AXISBANK,EXIT,exposure_floor
2024-11-06,BAJAJ-AUTO,EXIT,exposure_floor
2024-11-06,BAJFINANCE,EXIT,exposure_floor
2024-11-06,BAJAJFINSV,EXIT,exposure_floor
2024-11-06,BEL,REDUCE,exposure_floor
2024-11-06,CIPLA,EXIT,exposure_floor
2024-11-06,COALINDIA,EXIT,exposure_floor
2024-11-06,DRREDDY,EXIT,exposure_floor
2024-11-06,GRASIM,REDUCE,exposure_floor
2024-11-06,HDFCLIFE,REDUCE,exposure_floor
2024-11-06,HINDUNILVR,EXIT,exposure_floor
2024-11-06,ITC,REDUCE,exposure_floor
2024-11-06,INFY,REDUCE,exposure_floor
2024-11-06,INDIGO,EXIT,exposure_floor
2024-11-06,KOTAKBANK,EXIT,exposure_floor
2024-11-06,M&M,REDUCE,exposure_floor
2024-11-06,MARUTI,EXIT,exposure_floor
2024-11-06,NESTLEIND,EXIT,exposure_floor
2024-11-06,ONGC,EXIT,exposure_floor
2024-11-06,POWERGRID,REDUCE,exposure_floor
2024-11-06,RELIANCE,EXIT,exposure_floor
2024-11-06,SBILIFE,EXIT,exposure_floor
2024-11-06,TCS,EXIT,exposure_floor
2024-11-06,TATACONSUM,EXIT,exposure_floor
2024-11-06,TATASTEEL,EXIT,exposure_floor
2024-11-06,TITAN,EXIT,exposure_floor
2024-11-06,TRENT,EXIT,exposure_floor
2024-11-07,ADANIENT,EXIT,exposure_floor
2024-11-07,ADANIPORTS,EXIT,exposure_floor
2024-11-07,ASIANPAINT,EXIT,exposure_floor
2024-11-07,AXISBANK,EXIT,exposure_floor
2024-11-07,BAJAJ-AUTO,EXIT,exposure_floor
2024-11-07,BAJFINANCE,EXIT,exposure_floor
2024-11-07,BAJAJFINSV,EXIT,exposure_floor
2024-11-07,CIPLA,EXIT,exposure_floor
2024-11-07,COALINDIA,EXIT,exposure_floor
2024-11-07,DRREDDY,EXIT,exposure_floor
2024-11-07,GRASIM,REDUCE,exposure_floor
2024-11-07,HDFCLIFE,REDUCE,exposure_floor
2024-11-07,HINDALCO,REDUCE,exposure_floor
2024-11-07,HINDUNILVR,EXIT,exposure_floor
2024-11-07,ITC,REDUCE,exposure_floor
2024-11-07,INFY,REDUCE,exposure_floor
2024-11-07,INDIGO,EXIT,exposure_floor
2024-11-07,KOTAKBANK,EXIT,exposure_floor
2024-11-07,M&M,REDUCE,exposure_floor
2024-11-07,MARUTI,EXIT,exposure_floor
2024-11-07,NESTLEIND,EXIT,exposure_floor
2024-11-07,ONGC,EXIT,exposure_floor
2024-11-07,POWERGRID,REDUCE,exposure_floor
2024-11-07,RELIANCE,EXIT,exposure_floor
2024-11-07,SBILIFE,EXIT,exposure_floor
2024-11-07,SHRIRAMFIN,REDUCE,exposure_floor
2024-11-07,TCS,EXIT,exposure_floor
2024-11-07,TATACONSUM,EXIT,exposure_floor
2024-11-07,TATASTEEL,EXIT,exposure_floor
2024-11-07,TITAN,EXIT,exposure_floor
2024-11-07,TRENT,EXIT,exposure_floor
2024-11-08,ADANIENT,EXIT,exposure_floor
2024-11-08,ADANIPORTS,EXIT,exposure_floor
2024-11-08,ASIANPAINT,EXIT,exposure_floor
2024-11-08,AXISBANK,EXIT,exposure_floor
2024-11-08,BAJAJ-AUTO,EXIT,exposure_floor
2024-11-08,BAJFINANCE,EXIT,exposure_floor
2024-11-08,BAJAJFINSV,EXIT,exposure_floor
2024-11-08,CIPLA,EXIT,exposure_floor
2024-11-08,COALINDIA,EXIT,exposure_floor
2024-11-08,DRREDDY,EXIT,exposure_floor
2024-11-08,GRASIM,REDUCE,exposure_floor
2024-11-08,HDFCLIFE,REDUCE,exposure_floor
2024-11-08,HINDALCO,REDUCE,exposure_floor
2024-11-08,HINDUNILVR,EXIT,exposure_floor
2024-11-08,ITC,REDUCE,exposure_floor
2024-11-08,INFY,REDUCE,exposure_floor
2024-11-08,INDIGO,EXIT,exposure_floor
2024-11-08,KOTAKBANK,EXIT,exposure_floor
2024-11-08,MARUTI,EXIT,exposure_floor
2024-11-08,NESTLEIND,EXIT,exposure_floor
2024-11-08,ONGC,EXIT,exposure_floor
2024-11-08,POWERGRID,REDUCE,exposure_floor
2024-11-08,RELIANCE,EXIT,exposure_floor
2024-11-08,SBILIFE,EXIT,exposure_floor
2024-11-08,SHRIRAMFIN,EXIT,exposure_floor
2024-11-08,TCS,EXIT,exposure_floor
2024-11-08,TATACONSUM,EXIT,exposure_floor
2024-11-08,TATASTEEL,EXIT,exposure_floor
2024-11-08,TITAN,EXIT,exposure_floor
2024-11-08,TRENT,EXIT,exposure_floor
2024-11-11,ADANIENT,EXIT,exposure_floor
2024-11-11,ADANIPORTS,EXIT,exposure_floor
2024-11-11,ASIANPAINT,EXIT,exposure_floor
2024-11-11,AXISBANK,EXIT,exposure_floor
2024-11-11,BAJAJ-AUTO,EXIT,exposure_floor
2024-11-11,BAJFINANCE,EXIT,exposure_floor
2024-11-11,BAJAJFINSV,EXIT,exposure_floor
2024-11-11,CIPLA,EXIT,exposure_floor
2024-11-11,COALINDIA,EXIT,exposure_floor
2024-11-11,DRREDDY,EXIT,exposure_floor
2024-11-11,GRASIM,REDUCE,exposure_floor
2024-11-11,HDFCLIFE,REDUCE,exposure_floor
2024-11-11,HINDALCO,REDUCE,exposure_floor
2024-11-11,HINDUNILVR,EXIT,exposure_floor
2024-11-11,ITC,REDUCE,exposure_floor
2024-11-11,INFY,REDUCE,exposure_floor
2024-11-11,INDIGO,EXIT,exposure_floor
2024-11-11,KOTAKBANK,EXIT,exposure_floor
2024-11-11,MARUTI,EXIT,exposure_floor
2024-11-11,NTPC,REDUCE,exposure_floor
2024-11-11,NESTLEIND,EXIT,exposure_floor
2024-11-11,ONGC,EXIT,exposure_floor
2024-11-11,POWERGRID,REDUCE,exposure_floor
2024-11-11,RELIANCE,EXIT,exposure_floor
2024-11-11,SBILIFE,EXIT,exposure_floor
2024-11-11,SHRIRAMFIN,EXIT,exposure_floor
2024-11-11,TCS,EXIT,exposure_floor
2024-11-11,TATACONSUM,EXIT,exposure_floor
2024-11-11,TATASTEEL,EXIT,exposure_floor
2024-11-11,TITAN,EXIT,exposure_floor
2024-11-11,TRENT,EXIT,exposure_floor
2024-11-12,ADANIENT,EXIT,exposure_floor
2024-11-12,ADANIPORTS,EXIT,exposure_floor
2024-11-12,ASIANPAINT,EXIT,exposure_floor
2024-11-12,AXISBANK,EXIT,exposure_floor
2024-11-12,BAJAJ-AUTO,EXIT,exposure_floor
2024-11-12,BAJFINANCE,EXIT,exposure_floor
2024-11-12,BAJAJFINSV,EXIT,exposure_floor
2024-11-12,CIPLA,EXIT,exposure_floor
2024-11-12,COALINDIA,EXIT,exposure_floor
2024-11-12,DRREDDY,EXIT,exposure_floor
2024-11-12,GRASIM,REDUCE,exposure_floor
2024-11-12,HDFCLIFE,REDUCE,exposure_floor
2024-11-12,HINDALCO,REDUCE,exposure_floor
2024-11-12,HINDUNILVR,EXIT,exposure_floor
2024-11-12,ITC,REDUCE,exposure_floor
2024-11-12,INFY,REDUCE,exposure_floor
2024-11-12,INDIGO,EXIT,exposure_floor
2024-11-12,KOTAKBANK,EXIT,exposure_floor
2024-11-12,MARUTI,EXIT,exposure_floor
2024-11-12,NTPC,REDUCE,exposure_floor
2024-11-12,NESTLEIND,EXIT,exposure_floor
2024-11-12,ONGC,EXIT,exposure_floor
2024-11-12,POWERGRID,REDUCE,exposure_floor
2024-11-12,RELIANCE,EXIT,exposure_floor
2024-11-12,SBILIFE,EXIT,exposure_floor
2024-11-12,SHRIRAMFIN,EXIT,exposure_floor
2024-11-12,TCS,EXIT,exposure_floor
2024-11-12,TATACONSUM,EXIT,exposure_floor
2024-11-12,TATASTEEL,EXIT,exposure_floor
2024-11-12,TITAN,EXIT,exposure_floor
2024-11-12,TRENT,EXIT,exposure_floor
2024-11-13,ADANIENT,EXIT,exposure_floor
2024-11-13,ADANIPORTS,EXIT,exposure_floor
2024-11-13,ASIANPAINT,EXIT,exposure_floor
2024-11-13,AXISBANK,EXIT,exposure_floor
2024-11-13,BAJAJ-AUTO,EXIT,exposure_floor
2024-11-13,BAJFINANCE,EXIT,exposure_floor
2024-11-13,BAJAJFINSV,EXIT,exposure_floor
2024-11-13,BEL,EXIT,exposure_floor
2024-11-13,CIPLA,EXIT,exposure_floor
2024-11-13,COALINDIA,EXIT,exposure_floor
2024-11-13,DRREDDY,EXIT,exposure_floor
2024-11-13,GRASIM,REDUCE,exposure_floor
2024-11-13,HDFCLIFE,REDUCE,exposure_floor
2024-11-13,HINDALCO,EXIT,exposure_floor
2024-11-13,HINDUNILVR,EXIT,exposure_floor
2024-11-13,ITC,REDUCE,exposure_floor
2024-11-13,INFY,REDUCE,exposure_floor
2024-11-13,INDIGO,EXIT,exposure_floor
2024-11-13,KOTAKBANK,EXIT,exposure_floor
2024-11-13,LT,EXIT,exposure_floor
2024-11-13,MARUTI,EXIT,exposure_floor
2024-11-13,NTPC,REDUCE,exposure_floor
2024-11-13,NESTLEIND,EXIT,exposure_floor
2024-11-13,ONGC,EXIT,exposure_floor
2024-11-13,POWERGRID,REDUCE,exposure_floor
2024-11-13,RELIANCE,EXIT,exposure_floor
2024-11-13,SBILIFE,EXIT,exposure_floor
2024-11-13,SHRIRAMFIN,EXIT,exposure_floor
2024-11-13,TCS,EXIT,exposure_floor
2024-11-13,TATACONSUM,EXIT,exposure_floor
2024-11-13,TATASTEEL,EXIT,exposure_floor
2024-11-13,TITAN,EXIT,exposure_floor
2024-11-13,TRENT,EXIT,exposure_floor
2024-11-14,ADANIENT,EXIT,exposure_floor
2024-11-14,ADANIPORTS,EXIT,exposure_floor
2024-11-14,ASIANPAINT,EXIT,exposure_floor
2024-11-14,AXISBANK,EXIT,exposure_floor
2024-11-14,BAJAJ-AUTO,EXIT,exposure_floor
2024-11-14,BAJFINANCE,EXIT,exposure_floor
2024-11-14,BAJAJFINSV,EXIT,exposure_floor
2024-11-14,BEL,EXIT,exposure_floor
2024-11-14,CIPLA,EXIT,exposure_floor
2024-11-14,COALINDIA,EXIT,exposure_floor
2024-11-14,DRREDDY,EXIT,exposure_floor
2024-11-14,GRASIM,REDUCE,exposure_floor
2024-11-14,HDFCLIFE,REDUCE,exposure_floor
2024-11-14,HINDALCO,EXIT,exposure_floor
2024-11-14,HINDUNILVR,EXIT,exposure_floor
2024-11-14,ITC,REDUCE,exposure_floor
2024-11-14,INFY,REDUCE,exposure_floor
2024-11-14,INDIGO,EXIT,exposure_floor
2024-11-14,KOTAKBANK,EXIT,exposure_floor
2024-11-14,LT,EXIT,exposure_floor
2024-11-14,MARUTI,EXIT,exposure_floor
2024-11-14,NTPC,EXIT,exposure_floor
2024-11-14,NESTLEIND,EXIT,exposure_floor
2024-11-14,ONGC,EXIT,exposure_floor
2024-11-14,POWERGRID,REDUCE,exposure_floor
2024-11-14,RELIANCE,EXIT,exposure_floor
2024-11-14,SBILIFE,EXIT,exposure_floor
2024-11-14,SHRIRAMFIN,EXIT,exposure_floor
2024-11-14,TCS,EXIT,exposure_floor
2024-11-14,TATACONSUM,EXIT,exposure_floor
2024-11-14,TATASTEEL,EXIT,exposure_floor
2024-11-14,TITAN,EXIT,exposure_floor
2024-11-14,TRENT,EXIT,exposure_floor
2024-11-18,ADANIENT,EXIT,exposure_floor
2024-11-18,ADANIPORTS,EXIT,exposure_floor
2024-11-18,ASIANPAINT,EXIT,exposure_floor
2024-11-18,AXISBANK,EXIT,exposure_floor
2024-11-18,BAJAJ-AUTO,EXIT,exposure_floor
2024-11-18,BAJFINANCE,EXIT,exposure_floor
2024-11-18,BAJAJFINSV,EXIT,exposure_floor
2024-11-18,BEL,EXIT,exposure_floor
2024-11-18,CIPLA,EXIT,exposure_floor
2024-11-18,COALINDIA,EXIT,exposure_floor
2024-11-18,DRREDDY,EXIT,exposure_floor
2024-11-18,GRASIM,REDUCE,exposure_floor
2024-11-18,HDFCLIFE,REDUCE,exposure_floor
2024-11-18,HINDALCO,EXIT,exposure_floor
2024-11-18,HINDUNILVR,EXIT,exposure_floor
2024-11-18,ITC,REDUCE,exposure_floor
2024-11-18,INFY,REDUCE,exposure_floor
2024-11-18,INDIGO,EXIT,exposure_floor
2024-11-18,KOTAKBANK,EXIT,exposure_floor
2024-11-18,LT,EXIT,exposure_floor
2024-11-18,MARUTI,EXIT,exposure_floor
2024-11-18,NTPC,EXIT,exposure_floor
2024-11-18,NESTLEIND,EXIT,exposure_floor
2024-11-18,ONGC,EXIT,exposure_floor
2024-11-18,POWERGRID,REDUCE,exposure_floor
2024-11-18,RELIANCE,EXIT,exposure_floor
2024-11-18,SBILIFE,EXIT,exposure_floor
2024-11-18,SHRIRAMFIN,EXIT,exposure_floor
2024-11-18,TCS,EXIT,exposure_floor
2024-11-18,TATACONSUM,EXIT,exposure_floor
2024-11-18,TATASTEEL,EXIT,exposure_floor
2024-11-18,TITAN,EXIT,exposure_floor
2024-11-18,TRENT,EXIT,exposure_floor
2024-11-18,ULTRACEMCO,EXIT,exposure_floor
2024-11-19,ADANIENT,EXIT,exposure_floor
2024-11-19,ADANIPORTS,EXIT,exposure_floor
2024-11-19,ASIANPAINT,EXIT,exposure_floor
2024-11-19,AXISBANK,EXIT,exposure_floor
2024-11-19,BAJAJ-AUTO,EXIT,exposure_floor
2024-11-19,BAJFINANCE,EXIT,exposure_floor
2024-11-19,BAJAJFINSV,EXIT,exposure_floor
2024-11-19,BEL,EXIT,exposure_floor
2024-11-19,CIPLA,EXIT,exposure_floor
2024-11-19,COALINDIA,EXIT,exposure_floor
2024-11-19,DRREDDY,EXIT,exposure_floor
2024-11-19,GRASIM,REDUCE,exposure_floor
2024-11-19,HDFCLIFE,REDUCE,exposure_floor
2024-11-19,HINDALCO,EXIT,exposure_floor
2024-11-19,HINDUNILVR,EXIT,exposure_floor
2024-11-19,ITC,REDUCE,exposure_floor
2024-11-19,INFY,REDUCE,exposure_floor
2024-11-19,INDIGO,EXIT,exposure_floor
2024-11-19,KOTAKBANK,EXIT,exposure_floor
2024-11-19,LT,EXIT,exposure_floor
2024-11-19,MARUTI,EXIT,exposure_floor
2024-11-19,NTPC,EXIT,exposure_floor
2024-11-19,NESTLEIND,EXIT,exposure_floor
2024-11-19,ONGC,EXIT,exposure_floor
2024-11-19,POWERGRID,REDUCE,exposure_floor
2024-11-19,RELIANCE,EXIT,exposure_floor
2024-11-19,SBILIFE,EXIT,exposure_floor
2024-11-19,SHRIRAMFIN,EXIT,exposure_floor
2024-11-19,TCS,EXIT,exposure_floor
2024-11-19,TATACONSUM,EXIT,exposure_floor
2024-11-19,TATASTEEL,EXIT,exposure_floor
2024-11-19,TITAN,EXIT,exposure_floor
2024-11-19,TRENT,EXIT,exposure_floor
2024-11-19,ULTRACEMCO,EXIT,exposure_floor
2024-11-21,ADANIENT,EXIT,exposure_floor
2024-11-21,ADANIPORTS,EXIT,exposure_floor
2024-11-21,ASIANPAINT,EXIT,exposure_floor
2024-11-21,AXISBANK,EXIT,exposure_floor
2024-11-21,BAJAJ-AUTO,EXIT,exposure_floor
2024-11-21,BAJFINANCE,EXIT,exposure_floor
2024-11-21,BAJAJFINSV,EXIT,exposure_floor
2024-11-21,BEL,EXIT,exposure_floor
2024-11-21,CIPLA,EXIT,exposure_floor
2024-11-21,COALINDIA,EXIT,exposure_floor
2024-11-21,DRREDDY,EXIT,exposure_floor
2024-11-21,GRASIM,REDUCE,exposure_floor
2024-11-21,HDFCLIFE,REDUCE,exposure_floor
2024-11-21,HINDALCO,EXIT,exposure_floor
2024-11-21,HINDUNILVR,EXIT,exposure_floor
2024-11-21,ITC,REDUCE,exposure_floor
2024-11-21,INFY,REDUCE,exposure_floor
2024-11-21,INDIGO,EXIT,exposure_floor
2024-11-21,KOTAKBANK,EXIT,exposure_floor
2024-11-21,LT,EXIT,exposure_floor
2024-11-21,MARUTI,EXIT,exposure_floor
2024-11-21,NTPC,EXIT,exposure_floor
2024-11-21,NESTLEIND,EXIT,exposure_floor
2024-11-21,ONGC,EXIT,exposure_floor
2024-11-21,POWERGRID,REDUCE,exposure_floor
2024-11-21,RELIANCE,EXIT,exposure_floor
2024-11-21,SBILIFE,EXIT,exposure_floor
2024-11-21,SHRIRAMFIN,EXIT,exposure_floor
2024-11-21,SBIN,EXIT,exposure_floor
2024-11-21,TCS,EXIT,exposure_floor
2024-11-21,TATACONSUM,EXIT,exposure_floor
2024-11-21,TATASTEEL,EXIT,exposure_floor
2024-11-21,TITAN,EXIT,exposure_floor
2024-11-21,TRENT,EXIT,exposure_floor
2024-11-21,ULTRACEMCO,EXIT,exposure_floor
2024-11-22,ADANIENT,EXIT,exposure_floor
2024-11-22,ADANIPORTS,EXIT,exposure_floor
2024-11-22,ASIANPAINT,EXIT,exposure_floor
2024-11-22,AXISBANK,EXIT,exposure_floor
2024-11-22,BAJAJ-AUTO,EXIT,exposure_floor
2024-11-22,BAJFINANCE,EXIT,exposure_floor
2024-11-22,BAJAJFINSV,EXIT,exposure_floor
2024-11-22,BEL,EXIT,exposure_floor
2024-11-22,CIPLA,EXIT,exposure_floor
2024-11-22,COALINDIA,EXIT,exposure_floor
2024-11-22,DRREDDY,EXIT,exposure_floor
2024-11-22,GRASIM,REDUCE,exposure_floor
2024-11-22,HDFCLIFE,REDUCE,exposure_floor
2024-11-22,HINDALCO,EXIT,exposure_floor
2024-11-22,HINDUNILVR,EXIT,exposure_floor
2024-11-22,ITC,REDUCE,exposure_floor
2024-11-22,INDIGO,EXIT,exposure_floor
2024-11-22,KOTAKBANK,EXIT,exposure_floor
2024-11-22,LT,REDUCE,exposure_floor
2024-11-22,MARUTI,EXIT,exposure_floor
2024-11-22,NTPC,EXIT,exposure_floor
2024-11-22,NESTLEIND,EXIT,exposure_floor
2024-11-22,ONGC,EXIT,exposure_floor
2024-11-22,RELIANCE,EXIT,exposure_floor
2024-11-22,SBILIFE,EXIT,exposure_floor
2024-11-22,SHRIRAMFIN,EXIT,exposure_floor
2024-11-22,SBIN,REDUCE,exposure_floor
2024-11-22,TCS,REDUCE,exposure_floor
2024-11-22,TATACONSUM,EXIT,exposure_floor
2024-11-22,TATASTEEL,EXIT,exposure_floor
2024-11-22,TITAN,EXIT,exposure_floor
2024-11-22,TRENT,EXIT,exposure_floor
2024-11-25,ADANIENT,EXIT,exposure_floor
2024-11-25,ADANIPORTS,EXIT,exposure_floor
2024-11-25,ASIANPAINT,EXIT,exposure_floor
2024-11-25,AXISBANK,EXIT,exposure_floor
2024-11-25,BAJAJ-AUTO,EXIT,exposure_floor
2024-11-25,BAJFINANCE,EXIT,exposure_floor
2024-11-25,BAJAJFINSV,EXIT,exposure_floor
2024-11-25,BEL,REDUCE,exposure_floor
2024-11-25,CIPLA,EXIT,exposure_floor
2024-11-25,COALINDIA,EXIT,exposure_floor
2024-11-25,DRREDDY,EXIT,exposure_floor
2024-11-25,GRASIM,REDUCE,exposure_floor
2024-11-25,HDFCLIFE,REDUCE,exposure_floor
2024-11-25,HINDALCO,EXIT,exposure_floor
2024-11-25,HINDUNILVR,EXIT,exposure_floor
2024-11-25,ITC,REDUCE,exposure_floor
2024-11-25,INDIGO,EXIT,exposure_floor
2024-11-25,KOTAKBANK,EXIT,exposure_floor
2024-11-25,MARUTI,EXIT,exposure_floor
2024-11-25,NTPC,EXIT,exposure_floor
2024-11-25,NESTLEIND,EXIT,exposure_floor
2024-11-25,ONGC,EXIT,exposure_floor
2024-11-25,RELIANCE,EXIT,exposure_floor
2024-11-25,SBILIFE,EXIT,exposure_floor
2024-11-25,SHRIRAMFIN,EXIT,exposure_floor
2024-11-25,TATACONSUM,EXIT,exposure_floor
2024-11-25,TATASTEEL,EXIT,exposure_floor
2024-11-25,TITAN,EXIT,exposure_floor
2024-11-25,TRENT,EXIT,exposure_floor
2024-11-26,ADANIENT,EXIT,exposure_floor
2024-11-26,ADANIPORTS,EXIT,exposure_floor
2024-11-26,ASIANPAINT,EXIT,exposure_floor
2024-11-26,AXISBANK,EXIT,exposure_floor
2024-11-26,BAJAJ-AUTO,EXIT,exposure_floor
2024-11-26,BAJFINANCE,EXIT,exposure_floor
2024-11-26,BAJAJFINSV,EXIT,exposure_floor
2024-11-26,CIPLA,EXIT,exposure_floor
2024-11-26,COALINDIA,EXIT,exposure_floor
2024-11-26,DRREDDY,EXIT,exposure_floor
2024-11-26,GRASIM,REDUCE,exposure_floor
2024-11-26,HDFCLIFE,REDUCE,exposure_floor
2024-11-26,HINDALCO,EXIT,exposure_floor
2024-11-26,HINDUNILVR,EXIT,exposure_floor
2024-11-26,ITC,REDUCE,exposure_floor
2024-11-26,INDIGO,EXIT,exposure_floor
2024-11-26,KOTAKBANK,EXIT,exposure_floor
2024-11-26,MARUTI,EXIT,exposure_floor
2024-11-26,NTPC,EXIT,exposure_floor
2024-11-26,NESTLEIND,EXIT,exposure_floor
2024-11-26,ONGC,EXIT,exposure_floor
2024-11-26,RELIANCE,EXIT,exposure_floor
2024-11-26,SBILIFE,EXIT,exposure_floor
2024-11-26,SHRIRAMFIN,EXIT,exposure_floor
2024-11-26,TATACONSUM,EXIT,exposure_floor
2024-11-26,TATASTEEL,EXIT,exposure_floor
2024-11-26,TITAN,EXIT,exposure_floor
2024-11-26,TRENT,EXIT,exposure_floor
2024-11-27,ADANIENT,EXIT,exposure_floor
2024-11-27,ADANIPORTS,EXIT,exposure_floor
2024-11-27,ASIANPAINT,EXIT,exposure_floor
2024-11-27,AXISBANK,EXIT,exposure_floor
2024-11-27,BAJAJ-AUTO,EXIT,exposure_floor
2024-11-27,BAJFINANCE,EXIT,exposure_floor
2024-11-27,BAJAJFINSV,EXIT,exposure_floor
2024-11-27,CIPLA,EXIT,exposure_floor
2024-11-27,COALINDIA,EXIT,exposure_floor
2024-11-27,DRREDDY,EXIT,exposure_floor
2024-11-27,GRASIM,REDUCE,exposure_floor
2024-11-27,HDFCLIFE,REDUCE,exposure_floor
2024-11-27,HINDALCO,EXIT,exposure_floor
2024-11-27,HINDUNILVR,EXIT,exposure_floor
2024-11-27,ITC,REDUCE,exposure_floor
2024-11-27,INDIGO,EXIT,exposure_floor
2024-11-27,KOTAKBANK,EXIT,exposure_floor
2024-11-27,MARUTI,EXIT,exposure_floor
2024-11-27,NTPC,EXIT,exposure_floor
2024-11-27,NESTLEIND,EXIT,exposure_floor
2024-11-27,ONGC,EXIT,exposure_floor
2024-11-27,RELIANCE,EXIT,exposure_floor
2024-11-27,SBILIFE,EXIT,exposure_floor
2024-11-27,SHRIRAMFIN,EXIT,exposure_floor
2024-11-27,SUNPHARMA,REDUCE,exposure_floor
2024-11-27,TATACONSUM,EXIT,exposure_floor
2024-11-27,TATASTEEL,EXIT,exposure_floor
2024-11-27,TITAN,EXIT,exposure_floor
2024-11-27,TRENT,EXIT,exposure_floor
2024-11-28,ADANIENT,EXIT,exposure_floor
2024-11-28,ADANIPORTS,EXIT,exposure_floor
2024-11-28,ASIANPAINT,EXIT,exposure_floor
2024-11-28,AXISBANK,EXIT,exposure_floor
2024-11-28,BAJAJ-AUTO,EXIT,exposure_floor
2024-11-28,BAJFINANCE,EXIT,exposure_floor
2024-11-28,BAJAJFINSV,EXIT,exposure_floor
2024-11-28,CIPLA,EXIT,exposure_floor
2024-11-28,COALINDIA,EXIT,exposure_floor
2024-11-28,DRREDDY,EXIT,exposure_floor
2024-11-28,GRASIM,REDUCE,exposure_floor
2024-11-28,HDFCLIFE,REDUCE,exposure_floor
2024-11-28,HINDALCO,EXIT,exposure_floor
2024-11-28,HINDUNILVR,EXIT,exposure_floor
2024-11-28,ITC,REDUCE,exposure_floor
2024-11-28,INDIGO,EXIT,exposure_floor
2024-11-28,KOTAKBANK,EXIT,exposure_floor
2024-11-28,MARUTI,EXIT,exposure_floor
2024-11-28,NTPC,EXIT,exposure_floor
2024-11-28,NESTLEIND,EXIT,exposure_floor
2024-11-28,ONGC,EXIT,exposure_floor
2024-11-28,RELIANCE,EXIT,exposure_floor
2024-11-28,SBILIFE,EXIT,exposure_floor
2024-11-28,SHRIRAMFIN,EXIT,exposure_floor
2024-11-28,SUNPHARMA,REDUCE,exposure_floor
2024-11-28,TATACONSUM,EXIT,exposure_floor
2024-11-28,TATASTEEL,EXIT,exposure_floor
2024-11-28,TITAN,EXIT,exposure_floor
2024-11-28,TRENT,EXIT,exposure_floor
2024-11-29,ADANIENT,EXIT,exposure_floor
2024-11-29,ADANIPORTS,EXIT,exposure_floor
2024-11-29,ASIANPAINT,EXIT,exposure_floor
2024-11-29,AXISBANK,EXIT,exposure_floor
2024-11-29,BAJAJ-AUTO,EXIT,exposure_floor
2024-11-29,BAJFINANCE,EXIT,exposure_floor
2024-11-29,BAJAJFINSV,EXIT,exposure_floor
2024-11-29,CIPLA,EXIT,exposure_floor
2024-11-29,COALINDIA,EXIT,exposure_floor
2024-11-29,DRREDDY,EXIT,exposure_floor
2024-11-29,GRASIM,REDUCE,exposure_floor
2024-11-29,HDFCLIFE,REDUCE,exposure_floor
2024-11-29,HINDALCO,EXIT,exposure_floor
2024-11-29,HINDUNILVR,EXIT,exposure_floor
2024-11-29,ITC,REDUCE,exposure_floor
2024-11-29,INDIGO,EXIT,exposure_floor
2024-11-29,KOTAKBANK,EXIT,exposure_floor
2024-11-29,MARUTI,EXIT,exposure_floor
2024-11-29,NTPC,EXIT,exposure_floor
2024-11-29,NESTLEIND,EXIT,exposure_floor
2024-11-29,ONGC,EXIT,exposure_floor
2024-11-29,RELIANCE,EXIT,exposure_floor
2024-11-29,SBILIFE,EXIT,exposure_floor
2024-11-29,SHRIRAMFIN,EXIT,exposure_floor
2024-11-29,SUNPHARMA,REDUCE,exposure_floor
2024-11-29,TATACONSUM,EXIT,exposure_floor
2024-11-29,TATASTEEL,EXIT,exposure_floor
2024-11-29,TITAN,EXIT,exposure_floor
2024-11-29,TRENT,EXIT,exposure_floor
2024-12-02,ADANIENT,EXIT,exposure_floor
2024-12-02,ADANIPORTS,EXIT,exposure_floor
2024-12-02,ASIANPAINT,EXIT,exposure_floor
2024-12-02,AXISBANK,EXIT,exposure_floor
2024-12-02,BAJAJ-AUTO,EXIT,exposure_floor
2024-12-02,BAJFINANCE,EXIT,exposure_floor
2024-12-02,BAJAJFINSV,EXIT,exposure_floor
2024-12-02,CIPLA,EXIT,exposure_floor
2024-12-02,COALINDIA,EXIT,exposure_floor
2024-12-02,DRREDDY,EXIT,exposure_floor
2024-12-02,HDFCLIFE,EXIT,exposure_floor
2024-12-02,HINDALCO,EXIT,exposure_floor
2024-12-02,HINDUNILVR,EXIT,exposure_floor
2024-12-02,ITC,REDUCE,exposure_floor
2024-12-02,INDIGO,EXIT,exposure_floor
2024-12-02,KOTAKBANK,EXIT,exposure_floor
2024-12-02,MARUTI,EXIT,exposure_floor
2024-12-02,NTPC,EXIT,exposure_floor
2024-12-02,NESTLEIND,EXIT,exposure_floor
2024-12-02,ONGC,EXIT,exposure_floor
2024-12-02,RELIANCE,EXIT,exposure_floor
2024-12-02,SBILIFE,EXIT,exposure_floor
2024-12-02,SHRIRAMFIN,EXIT,exposure_floor
2024-12-02,SUNPHARMA,REDUCE,exposure_floor
2024-12-02,TATACONSUM,EXIT,exposure_floor
2024-12-02,TATASTEEL,EXIT,exposure_floor
2024-12-02,TITAN,EXIT,exposure_floor
2024-12-02,TRENT,EXIT,exposure_floor
2024-12-03,ADANIENT,EXIT,exposure_floor
2024-12-03,ADANIPORTS,EXIT,exposure_floor
2024-12-03,ASIANPAINT,EXIT,exposure_floor
2024-12-03,AXISBANK,EXIT,exposure_floor
2024-12-03,BAJAJ-AUTO,EXIT,exposure_floor
2024-12-03,BAJFINANCE,EXIT,exposure_floor
2024-12-03,BAJAJFINSV,EXIT,exposure_floor
2024-12-03,CIPLA,EXIT,exposure_floor
2024-12-03,COALINDIA,EXIT,exposure_floor
2024-12-03,DRREDDY,EXIT,exposure_floor
2024-12-03,HDFCLIFE,EXIT,exposure_floor
2024-12-03,HINDALCO,EXIT,exposure_floor
2024-12-03,HINDUNILVR,EXIT,exposure_floor
2024-12-03,ITC,REDUCE,exposure_floor
2024-12-03,INDIGO,EXIT,exposure_floor
2024-12-03,KOTAKBANK,EXIT,exposure_floor
2024-12-03,MARUTI,EXIT,exposure_floor
2024-12-03,NTPC,EXIT,exposure_floor
2024-12-03,NESTLEIND,EXIT,exposure_floor
2024-12-03,ONGC,EXIT,exposure_floor
2024-12-03,RELIANCE,EXIT,exposure_floor
2024-12-03,SBILIFE,EXIT,exposure_floor
2024-12-03,SHRIRAMFIN,EXIT,exposure_floor
2024-12-03,SUNPHARMA,REDUCE,exposure_floor
2024-12-03,TATACONSUM,EXIT,exposure_floor
2024-12-03,TATASTEEL,EXIT,exposure_floor
2024-12-03,TITAN,EXIT,exposure_floor
2024-12-03,TRENT,EXIT,exposure_floor
2024-12-04,ADANIENT,EXIT,exposure_floor
2024-12-04,ADANIPORTS,EXIT,exposure_floor
2024-12-04,ASIANPAINT,EXIT,exposure_floor
2024-12-04,AXISBANK,EXIT,exposure_floor
2024-12-04,BAJAJ-AUTO,EXIT,exposure_floor
2024-12-04,BAJFINANCE,EXIT,exposure_floor
2024-12-04,BAJAJFINSV,EXIT,exposure_floor
2024-12-04,BHARTIARTL,REDUCE,exposure_floor
2024-12-04,CIPLA,EXIT,exposure_floor
2024-12-04,COALINDIA,EXIT,exposure_floor
2024-12-04,DRREDDY,EXIT,exposure_floor
2024-12-04,HDFCLIFE,EXIT,exposure_floor
2024-12-04,HINDALCO,EXIT,exposure_floor
2024-12-04,HINDUNILVR,EXIT,exposure_floor
2024-12-04,ITC,REDUCE,exposure_floor
2024-12-04,INDIGO,EXIT,exposure_floor
2024-12-04,KOTAKBANK,EXIT,exposure_floor
2024-12-04,MARUTI,EXIT,exposure_floor
2024-12-04,NTPC,EXIT,exposure_floor
2024-12-04,NESTLEIND,EXIT,exposure_floor
2024-12-04,ONGC,EXIT,exposure_floor
2024-12-04,RELIANCE,EXIT,exposure_floor
2024-12-04,SBILIFE,EXIT,exposure_floor
2024-12-04,SHRIRAMFIN,EXIT,exposure_floor
2024-12-04,SUNPHARMA,REDUCE,exposure_floor
2024-12-04,TATACONSUM,EXIT,exposure_floor
2024-12-04,TATASTEEL,EXIT,exposure_floor
2024-12-04,TITAN,EXIT,exposure_floor
2024-12-04,TRENT,EXIT,exposure_floor
2024-12-05,ADANIENT,EXIT,exposure_floor
2024-12-05,ADANIPORTS,EXIT,exposure_floor
2024-12-05,ASIANPAINT,EXIT,exposure_floor
2024-12-05,AXISBANK,EXIT,exposure_floor
2024-12-05,BAJAJ-AUTO,EXIT,exposure_floor
2024-12-05,BAJFINANCE,EXIT,exposure_floor
2024-12-05,BAJAJFINSV,EXIT,exposure_floor
2024-12-05,BHARTIARTL,REDUCE,exposure_floor
2024-12-05,CIPLA,EXIT,exposure_floor
2024-12-05,COALINDIA,EXIT,exposure_floor
2024-12-05,DRREDDY,EXIT,exposure_floor
2024-12-05,HDFCLIFE,EXIT,exposure_floor
2024-12-05,HINDALCO,EXIT,exposure_floor
2024-12-05,HINDUNILVR,EXIT,exposure_floor
2024-12-05,ITC,REDUCE,exposure_floor
2024-12-05,INDIGO,EXIT,exposure_floor
2024-12-05,KOTAKBANK,EXIT,exposure_floor
2024-12-05,MARUTI,EXIT,exposure_floor
2024-12-05,NTPC,EXIT,exposure_floor
2024-12-05,NESTLEIND,EXIT,exposure_floor
2024-12-05,ONGC,EXIT,exposure_floor
2024-12-05,RELIANCE,EXIT,exposure_floor
2024-12-05,SBILIFE,EXIT,exposure_floor
2024-12-05,SHRIRAMFIN,EXIT,exposure_floor
2024-12-05,SUNPHARMA,REDUCE,exposure_floor
2024-12-05,TATACONSUM,EXIT,exposure_floor
2024-12-05,TATASTEEL,EXIT,exposure_floor
2024-12-05,TITAN,EXIT,exposure_floor
2024-12-05,TRENT,EXIT,exposure_floor
2024-12-06,ADANIENT,EXIT,exposure_floor
2024-12-06,ADANIPORTS,EXIT,exposure_floor
2024-12-06,ASIANPAINT,EXIT,exposure_floor
2024-12-06,AXISBANK,EXIT,exposure_floor
2024-12-06,BAJAJ-AUTO,EXIT,exposure_floor
2024-12-06,BAJFINANCE,EXIT,exposure_floor
2024-12-06,BAJAJFINSV,EXIT,exposure_floor
2024-12-06,BHARTIARTL,REDUCE,exposure_floor
2024-12-06,CIPLA,EXIT,exposure_floor
2024-12-06,COALINDIA,EXIT,exposure_floor
2024-12-06,DRREDDY,EXIT,exposure_floor
2024-12-06,HDFCLIFE,EXIT,exposure_floor
2024-12-06,HINDALCO,EXIT,exposure_floor
2024-12-06,HINDUNILVR,EXIT,exposure_floor
2024-12-06,ITC,REDUCE,exposure_floor
2024-12-06,INDIGO,EXIT,exposure_floor
2024-12-06,KOTAKBANK,EXIT,exposure_floor
2024-12-06,MARUTI,EXIT,exposure_floor
2024-12-06,NTPC,EXIT,exposure_floor
2024-12-06,NESTLEIND,EXIT,exposure_floor
2024-12-06,ONGC,EXIT,exposure_floor
2024-12-06,RELIANCE,EXIT,exposure_floor
2024-12-06,SBILIFE,EXIT,exposure_floor
2024-12-06,SHRIRAMFIN,EXIT,exposure_floor
2024-12-06,SUNPHARMA,REDUCE,exposure_floor
2024-12-06,TATACONSUM,EXIT,exposure_floor
2024-12-06,TATASTEEL,EXIT,exposure_floor
2024-12-06,TITAN,EXIT,exposure_floor
2024-12-06,TRENT,EXIT,exposure_floor
2024-12-09,ADANIENT,EXIT,exposure_floor
2024-12-09,ADANIPORTS,EXIT,exposure_floor
2024-12-09,ASIANPAINT,EXIT,exposure_floor
2024-12-09,AXISBANK,EXIT,exposure_floor
2024-12-09,BAJAJ-AUTO,EXIT,exposure_floor
2024-12-09,BAJFINANCE,EXIT,exposure_floor
2024-12-09,BAJAJFINSV,EXIT,exposure_floor
2024-12-09,BHARTIARTL,REDUCE,exposure_floor
2024-12-09,CIPLA,EXIT,exposure_floor
2024-12-09,COALINDIA,EXIT,exposure_floor
2024-12-09,DRREDDY,EXIT,exposure_floor
2024-12-09,HDFCLIFE,EXIT,exposure_floor
2024-12-09,HINDALCO,EXIT,exposure_floor
2024-12-09,HINDUNILVR,EXIT,exposure_floor
2024-12-09,ITC,REDUCE,exposure_floor
2024-12-09,INDIGO,EXIT,exposure_floor
2024-12-09,KOTAKBANK,EXIT,exposure_floor
2024-12-09,MARUTI,EXIT,exposure_floor
2024-12-09,NTPC,EXIT,exposure_floor
2024-12-09,NESTLEIND,EXIT,exposure_floor
2024-12-09,ONGC,EXIT,exposure_floor
2024-12-09,RELIANCE,EXIT,exposure_floor
2024-12-09,SBILIFE,EXIT,exposure_floor
2024-12-09,SHRIRAMFIN,EXIT,exposure_floor
2024-12-09,SUNPHARMA,REDUCE,exposure_floor
2024-12-09,TATACONSUM,EXIT,exposure_floor
2024-12-09,TATASTEEL,EXIT,exposure_floor
2024-12-09,TITAN,EXIT,exposure_floor
2024-12-09,TRENT,EXIT,exposure_floor
2024-12-10,ADANIENT,EXIT,exposure_floor
2024-12-10,ADANIPORTS,EXIT,exposure_floor
2024-12-10,ASIANPAINT,EXIT,exposure_floor
2024-12-10,AXISBANK,EXIT,exposure_floor
2024-12-10,BAJAJ-AUTO,EXIT,exposure_floor
2024-12-10,BAJFINANCE,EXIT,exposure_floor
2024-12-10,BAJAJFINSV,EXIT,exposure_floor
2024-12-10,BHARTIARTL,REDUCE,exposure_floor
2024-12-10,CIPLA,EXIT,exposure_floor
2024-12-10,COALINDIA,EXIT,exposure_floor
2024-12-10,DRREDDY,EXIT,exposure_floor
2024-12-10,HDFCLIFE,EXIT,exposure_floor
2024-12-10,HINDALCO,EXIT,exposure_floor
2024-12-10,HINDUNILVR,EXIT,exposure_floor
2024-12-10,ITC,REDUCE,exposure_floor
2024-12-10,INDIGO,EXIT,exposure_floor
2024-12-10,KOTAKBANK,EXIT,exposure_floor
2024-12-10,MARUTI,EXIT,exposure_floor
2024-12-10,NTPC,EXIT,exposure_floor
2024-12-10,NESTLEIND,EXIT,exposure_floor
2024-12-10,ONGC,EXIT,exposure_floor
2024-12-10,RELIANCE,EXIT,exposure_floor
2024-12-10,SBILIFE,EXIT,exposure_floor
2024-12-10,SHRIRAMFIN,EXIT,exposure_floor
2024-12-10,SUNPHARMA,REDUCE,exposure_floor
2024-12-10,TATACONSUM,EXIT,exposure_floor
2024-12-10,TATASTEEL,EXIT,exposure_floor
2024-12-10,TITAN,EXIT,exposure_floor
2024-12-10,TRENT,EXIT,exposure_floor
2024-12-11,ADANIENT,EXIT,exposure_floor
2024-12-11,ADANIPORTS,EXIT,exposure_floor
2024-12-11,ASIANPAINT,EXIT,exposure_floor
2024-12-11,AXISBANK,EXIT,exposure_floor
2024-12-11,BAJAJ-AUTO,EXIT,exposure_floor
2024-12-11,BAJFINANCE,EXIT,exposure_floor
2024-12-11,BAJAJFINSV,EXIT,exposure_floor
2024-12-11,BHARTIARTL,REDUCE,exposure_floor
2024-12-11,CIPLA,EXIT,exposure_floor
2024-12-11,COALINDIA,EXIT,exposure_floor
2024-12-11,DRREDDY,EXIT,exposure_floor
2024-12-11,EICHERMOT,REDUCE,exposure_floor
2024-12-11,HDFCLIFE,EXIT,exposure_floor
2024-12-11,HINDALCO,EXIT,exposure_floor
2024-12-11,HINDUNILVR,EXIT,exposure_floor
2024-12-11,ITC,REDUCE,exposure_floor
2024-12-11,INDIGO,EXIT,exposure_floor
2024-12-11,KOTAKBANK,REDUCE,exposure_floor
2024-12-11,MARUTI,EXIT,exposure_floor
2024-12-11,NTPC,EXIT,exposure_floor
2024-12-11,NESTLEIND,EXIT,exposure_floor
2024-12-11,ONGC,EXIT,exposure_floor
2024-12-11,RELIANCE,EXIT,exposure_floor
2024-12-11,SBILIFE,EXIT,exposure_floor
2024-12-11,SHRIRAMFIN,EXIT,exposure_floor
2024-12-11,SUNPHARMA,REDUCE,exposure_floor
2024-12-11,TATACONSUM,EXIT,exposure_floor
2024-12-11,TATASTEEL,EXIT,exposure_floor
2024-12-11,TITAN,EXIT,exposure_floor
2024-12-11,TRENT,EXIT,exposure_floor
2024-12-12,ADANIENT,EXIT,exposure_floor
2024-12-12,ADANIPORTS,EXIT,exposure_floor
2024-12-12,ASIANPAINT,EXIT,exposure_floor
2024-12-12,AXISBANK,EXIT,exposure_floor
2024-12-12,BAJAJ-AUTO,EXIT,exposure_floor
2024-12-12,BAJFINANCE,EXIT,exposure_floor
2024-12-12,BAJAJFINSV,EXIT,exposure_floor
2024-12-12,BHARTIARTL,REDUCE,exposure_floor
2024-12-12,CIPLA,EXIT,exposure_floor
2024-12-12,COALINDIA,EXIT,exposure_floor
2024-12-12,DRREDDY,EXIT,exposure_floor
2024-12-12,EICHERMOT,REDUCE,exposure_floor
2024-12-12,HDFCLIFE,EXIT,exposure_floor
2024-12-12,HINDALCO,EXIT,exposure_floor
2024-12-12,HINDUNILVR,EXIT,exposure_floor
2024-12-12,ITC,REDUCE,exposure_floor
2024-12-12,INDIGO,EXIT,exposure_floor
2024-12-12,KOTAKBANK,REDUCE,exposure_floor
2024-12-12,MARUTI,EXIT,exposure_floor
2024-12-12,NTPC,EXIT,exposure_floor
2024-12-12,NESTLEIND,EXIT,exposure_floor
2024-12-12,ONGC,EXIT,exposure_floor
2024-12-12,RELIANCE,EXIT,exposure_floor
2024-12-12,SBILIFE,EXIT,exposure_floor
2024-12-12,SHRIRAMFIN,EXIT,exposure_floor
2024-12-12,SUNPHARMA,REDUCE,exposure_floor
2024-12-12,TATACONSUM,EXIT,exposure_floor
2024-12-12,TATASTEEL,EXIT,exposure_floor
2024-12-12,TITAN,EXIT,exposure_floor
2024-12-12,TRENT,EXIT,exposure_floor
2024-12-13,ADANIENT,EXIT,exposure_floor
2024-12-13,ADANIPORTS,EXIT,exposure_floor
2024-12-13,ASIANPAINT,EXIT,exposure_floor
2024-12-13,AXISBANK,EXIT,exposure_floor
2024-12-13,BAJAJ-AUTO,EXIT,exposure_floor
2024-12-13,BAJFINANCE,EXIT,exposure_floor
2024-12-13,BAJAJFINSV,EXIT,exposure_floor
2024-12-13,CIPLA,EXIT,exposure_floor
2024-12-13,COALINDIA,EXIT,exposure_floor
2024-12-13,DRREDDY,EXIT,exposure_floor
2024-12-13,HDFCLIFE,EXIT,exposure_floor
2024-12-13,HINDALCO,EXIT,exposure_floor
2024-12-13,HINDUNILVR,EXIT,exposure_floor
2024-12-13,ITC,REDUCE,exposure_floor
2024-12-13,INDIGO,EXIT,exposure_floor
2024-12-13,KOTAKBANK,REDUCE,exposure_floor
2024-12-13,MARUTI,EXIT,exposure_floor
2024-12-13,NTPC,EXIT,exposure_floor
2024-12-13,NESTLEIND,EXIT,exposure_floor
2024-12-13,ONGC,EXIT,exposure_floor
2024-12-13,RELIANCE,EXIT,exposure_floor
2024-12-13,SBILIFE,EXIT,exposure_floor
2024-12-13,SHRIRAMFIN,EXIT,exposure_floor
2024-12-13,SUNPHARMA,REDUCE,exposure_floor
2024-12-13,TATACONSUM,EXIT,exposure_floor
2024-12-13,TATASTEEL,EXIT,exposure_floor
2024-12-13,TITAN,EXIT,exposure_floor
2024-12-13,TRENT,EXIT,exposure_floor
2024-12-16,ADANIENT,EXIT,exposure_floor
2024-12-16,ADANIPORTS,EXIT,exposure_floor
2024-12-16,ASIANPAINT,EXIT,exposure_floor
2024-12-16,AXISBANK,EXIT,exposure_floor
2024-12-16,BAJAJ-AUTO,EXIT,exposure_floor
2024-12-16,BAJFINANCE,EXIT,exposure_floor
2024-12-16,BAJAJFINSV,EXIT,exposure_floor
2024-12-16,CIPLA,EXIT,exposure_floor
2024-12-16,COALINDIA,EXIT,exposure_floor
2024-12-16,DRREDDY,EXIT,exposure_floor
2024-12-16,HDFCLIFE,EXIT,exposure_floor
2024-12-16,HINDALCO,EXIT,exposure_floor
2024-12-16,HINDUNILVR,EXIT,exposure_floor
2024-12-16,ITC,REDUCE,exposure_floor
2024-12-16,INDIGO,EXIT,exposure_floor
2024-12-16,MARUTI,EXIT,exposure_floor
2024-12-16,NTPC,EXIT,exposure_floor
2024-12-16,NESTLEIND,EXIT,exposure_floor
2024-12-16,ONGC,EXIT,exposure_floor
2024-12-16,RELIANCE,EXIT,exposure_floor
2024-12-16,SBILIFE,EXIT,exposure_floor
2024-12-16,SHRIRAMFIN,EXIT,exposure_floor
2024-12-16,SUNPHARMA,REDUCE,exposure_floor
2024-12-16,TATACONSUM,EXIT,exposure_floor
2024-12-16,TATASTEEL,EXIT,exposure_floor
2024-12-16,TITAN,EXIT,exposure_floor
2024-12-16,TRENT,EXIT,exposure_floor
2024-12-17,ADANIENT,EXIT,exposure_floor
2024-12-17,ADANIPORTS,EXIT,exposure_floor
2024-12-17,ASIANPAINT,EXIT,exposure_floor
2024-12-17,AXISBANK,EXIT,exposure_floor
2024-12-17,BAJAJ-AUTO,EXIT,exposure_floor
2024-12-17,BAJFINANCE,REDUCE,exposure_floor
2024-12-17,BAJAJFINSV,EXIT,exposure_floor
2024-12-17,CIPLA,EXIT,exposure_floor
2024-12-17,COALINDIA,EXIT,exposure_floor
2024-12-17,DRREDDY,EXIT,exposure_floor
2024-12-17,GRASIM,REDUCE,exposure_floor
2024-12-17,HDFCLIFE,EXIT,exposure_floor
2024-12-17,HINDALCO,EXIT,exposure_floor
2024-12-17,HINDUNILVR,EXIT,exposure_floor
2024-12-17,ITC,REDUCE,exposure_floor
2024-12-17,INDIGO,EXIT,exposure_floor
2024-12-17,JSWSTEEL,REDUCE,exposure_floor
2024-12-17,MARUTI,EXIT,exposure_floor
2024-12-17,NTPC,EXIT,exposure_floor
2024-12-17,NESTLEIND,EXIT,exposure_floor
2024-12-17,ONGC,EXIT,exposure_floor
2024-12-17,RELIANCE,EXIT,exposure_floor
2024-12-17,SBILIFE,EXIT,exposure_floor
2024-12-17,SHRIRAMFIN,EXIT,exposure_floor
2024-12-17,SUNPHARMA,REDUCE,exposure_floor
2024-12-17,TATACONSUM,EXIT,exposure_floor
2024-12-17,TATASTEEL,EXIT,exposure_floor
2024-12-17,TITAN,EXIT,exposure_floor
2024-12-17,TRENT,EXIT,exposure_floor
2024-12-18,ADANIENT,EXIT,exposure_floor
2024-12-18,ADANIPORTS,EXIT,exposure_floor
2024-12-18,ASIANPAINT,EXIT,exposure_floor
2024-12-18,AXISBANK,EXIT,exposure_floor
2024-12-18,BAJAJ-AUTO,EXIT,exposure_floor
2024-12-18,BAJFINANCE,REDUCE,exposure_floor
2024-12-18,BAJAJFINSV,EXIT,exposure_floor
2024-12-18,BHARTIARTL,REDUCE,exposure_floor
2024-12-18,CIPLA,EXIT,exposure_floor
2024-12-18,COALINDIA,EXIT,exposure_floor
2024-12-18,DRREDDY,EXIT,exposure_floor
2024-12-18,GRASIM,REDUCE,exposure_floor
2024-12-18,HDFCLIFE,EXIT,exposure_floor
2024-12-18,HINDALCO,EXIT,exposure_floor
2024-12-18,HINDUNILVR,EXIT,exposure_floor
2024-12-18,ITC,REDUCE,exposure_floor
2024-12-18,INDIGO,EXIT,exposure_floor
2024-12-18,JSWSTEEL,REDUCE,exposure_floor
2024-12-18,MARUTI,EXIT,exposure_floor
2024-12-18,NTPC,EXIT,exposure_floor
2024-12-18,NESTLEIND,EXIT,exposure_floor
2024-12-18,ONGC,EXIT,exposure_floor
2024-12-18,RELIANCE,EXIT,exposure_floor
2024-12-18,SBILIFE,EXIT,exposure_floor
2024-12-18,SHRIRAMFIN,EXIT,exposure_floor
2024-12-18,SUNPHARMA,REDUCE,exposure_floor
2024-12-18,TATACONSUM,EXIT,exposure_floor
2024-12-18,TATASTEEL,EXIT,exposure_floor
2024-12-18,TITAN,EXIT,exposure_floor
2024-12-18,TRENT,EXIT,exposure_floor
2024-12-19,ADANIENT,EXIT,exposure_floor
2024-12-19,ADANIPORTS,EXIT,exposure_floor
2024-12-19,ASIANPAINT,EXIT,exposure_floor
2024-12-19,AXISBANK,EXIT,exposure_floor
2024-12-19,BAJAJ-AUTO,EXIT,exposure_floor
2024-12-19,BAJFINANCE,EXIT,exposure_floor
2024-12-19,BAJAJFINSV,EXIT,exposure_floor
2024-12-19,BHARTIARTL,REDUCE,exposure_floor
2024-12-19,CIPLA,EXIT,exposure_floor
2024-12-19,COALINDIA,EXIT,exposure_floor
2024-12-19,DRREDDY,REDUCE,exposure_floor
2024-12-19,GRASIM,EXIT,exposure_floor
2024-12-19,HDFCLIFE,EXIT,exposure_floor
2024-12-19,HINDALCO,EXIT,exposure_floor
2024-12-19,HINDUNILVR,EXIT,exposure_floor
2024-12-19,ITC,REDUCE,exposure_floor
2024-12-19,INDIGO,EXIT,exposure_floor
2024-12-19,JSWSTEEL,REDUCE,exposure_floor
2024-12-19,KOTAKBANK,EXIT,exposure_floor
2024-12-19,MARUTI,EXIT,exposure_floor
2024-12-19,NTPC,EXIT,exposure_floor
2024-12-19,NESTLEIND,EXIT,exposure_floor
2024-12-19,ONGC,EXIT,exposure_floor
2024-12-19,RELIANCE,EXIT,exposure_floor
2024-12-19,SBILIFE,EXIT,exposure_floor
2024-12-19,SHRIRAMFIN,EXIT,exposure_floor
2024-12-19,SUNPHARMA,REDUCE,exposure_floor
2024-12-19,TATACONSUM,EXIT,exposure_floor
2024-12-19,TATASTEEL,EXIT,exposure_floor
2024-12-19,TITAN,EXIT,exposure_floor
2024-12-19,TRENT,EXIT,exposure_floor
2024-12-20,ADANIENT,EXIT,exposure_floor
2024-12-20,ADANIPORTS,EXIT,exposure_floor
2024-12-20,ASIANPAINT,EXIT,exposure_floor
2024-12-20,AXISBANK,EXIT,exposure_floor
2024-12-20,BAJAJ-AUTO,EXIT,exposure_floor
2024-12-20,BAJFINANCE,EXIT,exposure_floor
2024-12-20,BAJAJFINSV,EXIT,exposure_floor
2024-12-20,BHARTIARTL,REDUCE,exposure_floor
2024-12-20,CIPLA,EXIT,exposure_floor
2024-12-20,COALINDIA,EXIT,exposure_floor
2024-12-20,DRREDDY,REDUCE,exposure_floor
2024-12-20,GRASIM,EXIT,exposure_floor
2024-12-20,HDFCLIFE,EXIT,exposure_floor
2024-12-20,HINDALCO,EXIT,exposure_floor
2024-12-20,HINDUNILVR,EXIT,exposure_floor
2024-12-20,ITC,REDUCE,exposure_floor
2024-12-20,INDIGO,EXIT,exposure_floor
2024-12-20,JSWSTEEL,EXIT,exposure_floor
2024-12-20,KOTAKBANK,EXIT,exposure_floor
2024-12-20,M&M,REDUCE,exposure_floor
2024-12-20,MARUTI,EXIT,exposure_floor
2024-12-20,NTPC,EXIT,exposure_floor
2024-12-20,NESTLEIND,EXIT,exposure_floor
2024-12-20,ONGC,EXIT,exposure_floor
2024-12-20,RELIANCE,EXIT,exposure_floor
2024-12-20,SBILIFE,EXIT,exposure_floor
2024-12-20,SHRIRAMFIN,EXIT,exposure_floor
2024-12-20,SUNPHARMA,REDUCE,exposure_floor
2024-12-20,TATACONSUM,EXIT,exposure_floor
2024-12-20,TATASTEEL,EXIT,exposure_floor
2024-12-20,TITAN,EXIT,exposure_floor
2024-12-20,TRENT,EXIT,exposure_floor
2024-12-23,ADANIENT,EXIT,exposure_floor
2024-12-23,ADANIPORTS,EXIT,exposure_floor
2024-12-23,ASIANPAINT,EXIT,exposure_floor
2024-12-23,AXISBANK,EXIT,exposure_floor
2024-12-23,BAJAJ-AUTO,EXIT,exposure_floor
2024-12-23,BAJFINANCE,EXIT,exposure_floor
2024-12-23,BAJAJFINSV,EXIT,exposure_floor
2024-12-23,BHARTIARTL,REDUCE,exposure_floor
2024-12-23,CIPLA,EXIT,exposure_floor
2024-12-23,COALINDIA,EXIT,exposure_floor
2024-12-23,DRREDDY,REDUCE,exposure_floor
2024-12-23,GRASIM,EXIT,exposure_floor
2024-12-23,HDFCLIFE,EXIT,exposure_floor
2024-12-23,HINDALCO,EXIT,exposure_floor
2024-12-23,HINDUNILVR,EXIT,exposure_floor
2024-12-23,ITC,REDUCE,exposure_floor
2024-12-23,INDIGO,REDUCE,exposure_floor
2024-12-23,JSWSTEEL,EXIT,exposure_floor
2024-12-23,KOTAKBANK,EXIT,exposure_floor
2024-12-23,M&M,REDUCE,exposure_floor
2024-12-23,MARUTI,EXIT,exposure_floor
2024-12-23,NTPC,EXIT,exposure_floor
2024-12-23,NESTLEIND,EXIT,exposure_floor
2024-12-23,ONGC,EXIT,exposure_floor
2024-12-23,RELIANCE,EXIT,exposure_floor
2024-12-23,SBILIFE,EXIT,exposure_floor
2024-12-23,SHRIRAMFIN,EXIT,exposure_floor
2024-12-23,SUNPHARMA,REDUCE,exposure_floor
2024-12-23,TATACONSUM,EXIT,exposure_floor
2024-12-23,TATASTEEL,EXIT,exposure_floor
2024-12-23,TITAN,EXIT,exposure_floor
2024-12-23,TRENT,EXIT,exposure_floor
2024-12-24,ADANIENT,EXIT,exposure_floor
2024-12-24,ADANIPORTS,EXIT,exposure_floor
2024-12-24,ASIANPAINT,EXIT,exposure_floor
2024-12-24,AXISBANK,EXIT,exposure_floor
2024-12-24,BAJAJ-AUTO,EXIT,exposure_floor
2024-12-24,BAJFINANCE,EXIT,exposure_floor
2024-12-24,BAJAJFINSV,EXIT,exposure_floor
2024-12-24,BHARTIARTL,REDUCE,exposure_floor
2024-12-24,CIPLA,EXIT,exposure_floor
2024-12-24,COALINDIA,EXIT,exposure_floor
2024-12-24,DRREDDY,REDUCE,exposure_floor
2024-12-24,GRASIM,EXIT,exposure_floor
2024-12-24,HDFCLIFE,EXIT,exposure_floor
2024-12-24,HINDALCO,EXIT,exposure_floor
2024-12-24,HINDUNILVR,EXIT,exposure_floor
2024-12-24,JSWSTEEL,EXIT,exposure_floor
2024-12-24,KOTAKBANK,EXIT,exposure_floor
2024-12-24,M&M,REDUCE,exposure_floor
2024-12-24,MARUTI,EXIT,exposure_floor
2024-12-24,NTPC,EXIT,exposure_floor
2024-12-24,NESTLEIND,EXIT,exposure_floor
2024-12-24,ONGC,EXIT,exposure_floor
2024-12-24,POWERGRID,EXIT,exposure_floor
2024-12-24,RELIANCE,EXIT,exposure_floor
2024-12-24,SBILIFE,EXIT,exposure_floor
2024-12-24,SHRIRAMFIN,EXIT,exposure_floor
2024-12-24,SUNPHARMA,REDUCE,exposure_floor
2024-12-24,TATACONSUM,EXIT,exposure_floor
2024-12-24,TATASTEEL,EXIT,exposure_floor
2024-12-24,TITAN,EXIT,exposure_floor
2024-12-24,TRENT,EXIT,exposure_floor
2024-12-26,ADANIENT,EXIT,exposure_floor
2024-12-26,ADANIPORTS,EXIT,exposure_floor
2024-12-26,ASIANPAINT,EXIT,exposure_floor
2024-12-26,AXISBANK,EXIT,exposure_floor
2024-12-26,BAJAJ-AUTO,EXIT,exposure_floor
2024-12-26,BAJFINANCE,EXIT,exposure_floor
2024-12-26,BAJAJFINSV,EXIT,exposure_floor
2024-12-26,BHARTIARTL,REDUCE,exposure_floor
2024-12-26,CIPLA,EXIT,exposure_floor
2024-12-26,COALINDIA,EXIT,exposure_floor
2024-12-26,DRREDDY,REDUCE,exposure_floor
2024-12-26,GRASIM,EXIT,exposure_floor
2024-12-26,HDFCLIFE,EXIT,exposure_floor
2024-12-26,HINDALCO,EXIT,exposure_floor
2024-12-26,HINDUNILVR,EXIT,exposure_floor
2024-12-26,JSWSTEEL,EXIT,exposure_floor
2024-12-26,KOTAKBANK,EXIT,exposure_floor
2024-12-26,M&M,REDUCE,exposure_floor
2024-12-26,MARUTI,EXIT,exposure_floor
2024-12-26,NTPC,EXIT,exposure_floor
2024-12-26,NESTLEIND,EXIT,exposure_floor
2024-12-26,ONGC,EXIT,exposure_floor
2024-12-26,POWERGRID,EXIT,exposure_floor
2024-12-26,RELIANCE,EXIT,exposure_floor
2024-12-26,SBILIFE,EXIT,exposure_floor
2024-12-26,SHRIRAMFIN,EXIT,exposure_floor
2024-12-26,TATACONSUM,EXIT,exposure_floor
2024-12-26,TATASTEEL,EXIT,exposure_floor
2024-12-26,TITAN,EXIT,exposure_floor
2024-12-26,TRENT,EXIT,exposure_floor
2024-12-27,ADANIENT,EXIT,exposure_floor
2024-12-27,ADANIPORTS,EXIT,exposure_floor
2024-12-27,ASIANPAINT,EXIT,exposure_floor
2024-12-27,AXISBANK,EXIT,exposure_floor
2024-12-27,BAJAJ-AUTO,EXIT,exposure_floor
2024-12-27,BAJFINANCE,EXIT,exposure_floor
2024-12-27,BAJAJFINSV,EXIT,exposure_floor
2024-12-27,BHARTIARTL,REDUCE,exposure_floor
2024-12-27,CIPLA,EXIT,exposure_floor
2024-12-27,COALINDIA,EXIT,exposure_floor
2024-12-27,DRREDDY,REDUCE,exposure_floor
2024-12-27,GRASIM,EXIT,exposure_floor
2024-12-27,HDFCLIFE,EXIT,exposure_floor
2024-12-27,HINDALCO,EXIT,exposure_floor
2024-12-27,HINDUNILVR,EXIT,exposure_floor
2024-12-27,JSWSTEEL,EXIT,exposure_floor
2024-12-27,KOTAKBANK,EXIT,exposure_floor
2024-12-27,LT,EXIT,exposure_floor
2024-12-27,MARUTI,EXIT,exposure_floor
2024-12-27,NTPC,EXIT,exposure_floor
2024-12-27,NESTLEIND,EXIT,exposure_floor
2024-12-27,ONGC,EXIT,exposure_floor
2024-12-27,POWERGRID,EXIT,exposure_floor
2024-12-27,RELIANCE,EXIT,exposure_floor
2024-12-27,SBILIFE,EXIT,exposure_floor
2024-12-27,SHRIRAMFIN,EXIT,exposure_floor
2024-12-27,SBIN,EXIT,exposure_floor
2024-12-27,TATACONSUM,EXIT,exposure_floor
2024-12-27,TATASTEEL,EXIT,exposure_floor
2024-12-27,TITAN,EXIT,exposure_floor
2024-12-27,TRENT,EXIT,exposure_floor
2024-12-30,ADANIENT,EXIT,exposure_floor
2024-12-30,ADANIPORTS,EXIT,exposure_floor
2024-12-30,ASIANPAINT,EXIT,exposure_floor
2024-12-30,AXISBANK,EXIT,exposure_floor
2024-12-30,BAJAJ-AUTO,EXIT,exposure_floor
2024-12-30,BAJFINANCE,EXIT,exposure_floor
2024-12-30,BAJAJFINSV,EXIT,exposure_floor
2024-12-30,BHARTIARTL,REDUCE,exposure_floor
2024-12-30,CIPLA,REDUCE,exposure_floor
2024-12-30,COALINDIA,EXIT,exposure_floor
2024-12-30,DRREDDY,REDUCE,exposure_floor
2024-12-30,GRASIM,EXIT,exposure_floor
2024-12-30,HDFCLIFE,EXIT,exposure_floor
2024-12-30,HINDALCO,EXIT,exposure_floor
2024-12-30,HINDUNILVR,EXIT,exposure_floor
2024-12-30,JSWSTEEL,EXIT,exposure_floor
2024-12-30,KOTAKBANK,EXIT,exposure_floor
2024-12-30,LT,EXIT,exposure_floor
2024-12-30,MARUTI,EXIT,exposure_floor
2024-12-30,NTPC,EXIT,exposure_floor
2024-12-30,NESTLEIND,EXIT,exposure_floor
2024-12-30,ONGC,EXIT,exposure_floor
2024-12-30,POWERGRID,EXIT,exposure_floor
2024-12-30,RELIANCE,EXIT,exposure_floor
2024-12-30,SBILIFE,EXIT,exposure_floor
2024-12-30,SHRIRAMFIN,EXIT,exposure_floor
2024-12-30,SBIN,EXIT,exposure_floor
2024-12-30,TATACONSUM,EXIT,exposure_floor
2024-12-30,TATASTEEL,EXIT,exposure_floor
2024-12-30,TITAN,EXIT,exposure_floor
2024-12-30,TRENT,EXIT,exposure_floor
2024-12-31,ADANIENT,EXIT,exposure_floor
2024-12-31,ADANIPORTS,EXIT,exposure_floor
2024-12-31,ASIANPAINT,EXIT,exposure_floor
2024-12-31,AXISBANK,EXIT,exposure_floor
2024-12-31,BAJAJ-AUTO,EXIT,exposure_floor
2024-12-31,BAJFINANCE,EXIT,exposure_floor
2024-12-31,BAJAJFINSV,EXIT,exposure_floor
2024-12-31,BHARTIARTL,REDUCE,exposure_floor
2024-12-31,CIPLA,REDUCE,exposure_floor
2024-12-31,COALINDIA,EXIT,exposure_floor
2024-12-31,DRREDDY,REDUCE,exposure_floor
2024-12-31,GRASIM,EXIT,exposure_floor
2024-12-31,HDFCLIFE,EXIT,exposure_floor
2024-12-31,HINDALCO,EXIT,exposure_floor
2024-12-31,HINDUNILVR,EXIT,exposure_floor
2024-12-31,JSWSTEEL,EXIT,exposure_floor
2024-12-31,KOTAKBANK,REDUCE,exposure_floor
2024-12-31,LT,EXIT,exposure_floor
2024-12-31,MARUTI,EXIT,exposure_floor
2024-12-31,NTPC,EXIT,exposure_floor
2024-12-31,NESTLEIND,EXIT,exposure_floor
2024-12-31,ONGC,EXIT,exposure_floor
2024-12-31,POWERGRID,EXIT,exposure_floor
2024-12-31,RELIANCE,EXIT,exposure_floor
2024-12-31,SBILIFE,EXIT,exposure_floor
2024-12-31,SHRIRAMFIN,EXIT,exposure_floor
2024-12-31,SBIN,EXIT,exposure_floor
2024-12-31,TCS,EXIT,exposure_floor
2024-12-31,TATACONSUM,EXIT,exposure_floor
2024-12-31,TATASTEEL,EXIT,exposure_floor
2024-12-31,TITAN,EXIT,exposure_floor
2024-12-31,TRENT,EXIT,exposure_floor
2025-01-02,ADANIENT,EXIT,exposure_floor
2025-01-02,ADANIPORTS,EXIT,exposure_floor
2025-01-02,ASIANPAINT,EXIT,exposure_floor
2025-01-02,AXISBANK,EXIT,exposure_floor
2025-01-02,BAJAJ-AUTO,EXIT,exposure_floor
2025-01-02,BAJFINANCE,REDUCE,exposure_floor
2025-01-02,BAJAJFINSV,EXIT,exposure_floor
2025-01-02,BHARTIARTL,REDUCE,exposure_floor
2025-01-02,CIPLA,REDUCE,exposure_floor
2025-01-02,COALINDIA,EXIT,exposure_floor
2025-01-02,DRREDDY,REDUCE,exposure_floor
2025-01-02,GRASIM,EXIT,exposure_floor
2025-01-02,HDFCLIFE,EXIT,exposure_floor
2025-01-02,HINDALCO,EXIT,exposure_floor
2025-01-02,HINDUNILVR,EXIT,exposure_floor
2025-01-02,JSWSTEEL,EXIT,exposure_floor
2025-01-02,KOTAKBANK,REDUCE,exposure_floor
2025-01-02,LT,REDUCE,exposure_floor
2025-01-02,MARUTI,EXIT,exposure_floor
2025-01-02,NTPC,EXIT,exposure_floor
2025-01-02,NESTLEIND,EXIT,exposure_floor
2025-01-02,ONGC,EXIT,exposure_floor
2025-01-02,POWERGRID,EXIT,exposure_floor
2025-01-02,RELIANCE,EXIT,exposure_floor
2025-01-02,SBILIFE,EXIT,exposure_floor
2025-01-02,SHRIRAMFIN,EXIT,exposure_floor
2025-01-02,SBIN,EXIT,exposure_floor
2025-01-02,TCS,EXIT,exposure_floor
2025-01-02,TATACONSUM,EXIT,exposure_floor
2025-01-02,TATASTEEL,EXIT,exposure_floor
2025-01-02,TITAN,EXIT,exposure_floor
2025-01-02,TRENT,EXIT,exposure_floor
2025-01-03,ADANIENT,EXIT,exposure_floor
2025-01-03,ADANIPORTS,EXIT,exposure_floor
2025-01-03,ASIANPAINT,EXIT,exposure_floor
2025-01-03,AXISBANK,EXIT,exposure_floor
2025-01-03,BAJAJ-AUTO,EXIT,exposure_floor
2025-01-03,BAJFINANCE,REDUCE,exposure_floor
2025-01-03,BAJAJFINSV,EXIT,exposure_floor
2025-01-03,BHARTIARTL,REDUCE,exposure_floor
2025-01-03,CIPLA,REDUCE,exposure_floor
2025-01-03,COALINDIA,EXIT,exposure_floor
2025-01-03,DRREDDY,REDUCE,exposure_floor
2025-01-03,GRASIM,EXIT,exposure_floor
2025-01-03,HDFCLIFE,EXIT,exposure_floor
2025-01-03,HINDALCO,EXIT,exposure_floor
2025-01-03,HINDUNILVR,EXIT,exposure_floor
2025-01-03,JSWSTEEL,EXIT,exposure_floor
2025-01-03,KOTAKBANK,REDUCE,exposure_floor
2025-01-03,MARUTI,EXIT,exposure_floor
2025-01-03,NTPC,EXIT,exposure_floor
2025-01-03,NESTLEIND,EXIT,exposure_floor
2025-01-03,ONGC,EXIT,exposure_floor
2025-01-03,POWERGRID,EXIT,exposure_floor
2025-01-03,RELIANCE,EXIT,exposure_floor
2025-01-03,SBILIFE,EXIT,exposure_floor
2025-01-03,SHRIRAMFIN,EXIT,exposure_floor
2025-01-03,SBIN,EXIT,exposure_floor
2025-01-03,TCS,EXIT,exposure_floor
2025-01-03,TATACONSUM,EXIT,exposure_floor
2025-01-03,TATASTEEL,EXIT,exposure_floor
2025-01-03,TITAN,EXIT,exposure_floor
2025-01-03,TRENT,EXIT,exposure_floor
2025-01-06,ADANIENT,EXIT,exposure_floor
2025-01-06,ADANIPORTS,EXIT,exposure_floor
2025-01-06,ASIANPAINT,EXIT,exposure_floor
2025-01-06,AXISBANK,EXIT,exposure_floor
2025-01-06,BAJAJ-AUTO,EXIT,exposure_floor
2025-01-06,BAJFINANCE,REDUCE,exposure_floor
2025-01-06,BAJAJFINSV,REDUCE,exposure_floor
2025-01-06,BEL,EXIT,exposure_floor
2025-01-06,BHARTIARTL,REDUCE,exposure_floor
2025-01-06,CIPLA,EXIT,exposure_floor
2025-01-06,COALINDIA,EXIT,exposure_floor
2025-01-06,DRREDDY,REDUCE,exposure_floor
2025-01-06,GRASIM,EXIT,exposure_floor
2025-01-06,HDFCLIFE,EXIT,exposure_floor
2025-01-06,HINDALCO,EXIT,exposure_floor
2025-01-06,HINDUNILVR,EXIT,exposure_floor
2025-01-06,ITC,EXIT,exposure_floor
2025-01-06,INDIGO,EXIT,exposure_floor
2025-01-06,JSWSTEEL,EXIT,exposure_floor
2025-01-06,KOTAKBANK,REDUCE,exposure_floor
2025-01-06,LT,EXIT,exposure_floor
2025-01-06,MARUTI,EXIT,exposure_floor
2025-01-06,NTPC,EXIT,exposure_floor
2025-01-06,NESTLEIND,EXIT,exposure_floor
2025-01-06,ONGC,EXIT,exposure_floor
2025-01-06,POWERGRID,EXIT,exposure_floor
2025-01-06,RELIANCE,EXIT,exposure_floor
2025-01-06,SBILIFE,EXIT,exposure_floor
2025-01-06,SHRIRAMFIN,EXIT,exposure_floor
2025-01-06,SBIN,EXIT,exposure_floor
2025-01-06,TCS,EXIT,exposure_floor
2025-01-06,TATACONSUM,EXIT,exposure_floor
2025-01-06,TATASTEEL,EXIT,exposure_floor
2025-01-06,TITAN,REDUCE,exposure_floor
2025-01-06,TRENT,EXIT,exposure_floor
2025-01-07,ADANIENT,EXIT,exposure_floor
2025-01-07,ADANIPORTS,EXIT,exposure_floor
2025-01-07,ASIANPAINT,EXIT,exposure_floor
2025-01-07,AXISBANK,EXIT,exposure_floor
2025-01-07,BAJAJ-AUTO,EXIT,exposure_floor
2025-01-07,BAJFINANCE,REDUCE,exposure_floor
2025-01-07,BAJAJFINSV,EXIT,exposure_floor
2025-01-07,BEL,EXIT,exposure_floor
2025-01-07,BHARTIARTL,REDUCE,exposure_floor
2025-01-07,CIPLA,EXIT,exposure_floor
2025-01-07,COALINDIA,EXIT,exposure_floor
2025-01-07,DRREDDY,REDUCE,exposure_floor
2025-01-07,GRASIM,EXIT,exposure_floor
2025-01-07,HDFCLIFE,EXIT,exposure_floor
2025-01-07,HINDALCO,EXIT,exposure_floor
2025-01-07,HINDUNILVR,EXIT,exposure_floor
2025-01-07,ITC,EXIT,exposure_floor
2025-01-07,INDIGO,EXIT,exposure_floor
2025-01-07,JSWSTEEL,EXIT,exposure_floor
2025-01-07,KOTAKBANK,REDUCE,exposure_floor
2025-01-07,LT,EXIT,exposure_floor
2025-01-07,MARUTI,EXIT,exposure_floor
2025-01-07,NTPC,EXIT,exposure_floor
2025-01-07,NESTLEIND,EXIT,exposure_floor
2025-01-07,ONGC,EXIT,exposure_floor
2025-01-07,POWERGRID,EXIT,exposure_floor
2025-01-07,RELIANCE,EXIT,exposure_floor
2025-01-07,SBILIFE,EXIT,exposure_floor
2025-01-07,SHRIRAMFIN,EXIT,exposure_floor
2025-01-07,SBIN,EXIT,exposure_floor
2025-01-07,TCS,EXIT,exposure_floor
2025-01-07,TATACONSUM,EXIT,exposure_floor
2025-01-07,TATASTEEL,EXIT,exposure_floor
2025-01-07,TECHM,REDUCE,exposure_floor
2025-01-07,TITAN,REDUCE,exposure_floor
2025-01-07,TRENT,EXIT,exposure_floor
2025-01-08,ADANIENT,EXIT,exposure_floor
2025-01-08,ADANIPORTS,EXIT,exposure_floor
2025-01-08,ASIANPAINT,EXIT,exposure_floor
2025-01-08,AXISBANK,EXIT,exposure_floor
2025-01-08,BAJAJ-AUTO,EXIT,exposure_floor
2025-01-08,BAJFINANCE,REDUCE,exposure_floor
2025-01-08,BAJAJFINSV,EXIT,exposure_floor
2025-01-08,BEL,EXIT,exposure_floor
2025-01-08,BHARTIARTL,REDUCE,exposure_floor
2025-01-08,CIPLA,EXIT,exposure_floor
2025-01-08,COALINDIA,EXIT,exposure_floor
2025-01-08,DRREDDY,REDUCE,exposure_floor
2025-01-08,GRASIM,EXIT,exposure_floor
2025-01-08,HDFCBANK,REDUCE,exposure_floor
2025-01-08,HDFCLIFE,EXIT,exposure_floor
2025-01-08,HINDALCO,EXIT,exposure_floor
2025-01-08,HINDUNILVR,EXIT,exposure_floor
2025-01-08,ITC,EXIT,exposure_floor
2025-01-08,INDIGO,EXIT,exposure_floor
2025-01-08,JSWSTEEL,EXIT,exposure_floor
2025-01-08,KOTAKBANK,EXIT,exposure_floor
2025-01-08,LT,EXIT,exposure_floor
2025-01-08,MARUTI,EXIT,exposure_floor
2025-01-08,NTPC,EXIT,exposure_floor
2025-01-08,NESTLEIND,EXIT,exposure_floor
2025-01-08,ONGC,EXIT,exposure_floor
2025-01-08,POWERGRID,EXIT,exposure_floor
2025-01-08,RELIANCE,EXIT,exposure_floor
2025-01-08,SBILIFE,EXIT,exposure_floor
2025-01-08,SHRIRAMFIN,EXIT,exposure_floor
2025-01-08,SBIN,EXIT,exposure_floor
2025-01-08,TCS,EXIT,exposure_floor
2025-01-08,TATACONSUM,EXIT,exposure_floor
2025-01-08,TATASTEEL,EXIT,exposure_floor
2025-01-08,TECHM,REDUCE,exposure_floor
2025-01-08,TITAN,REDUCE,exposure_floor
2025-01-08,TRENT,EXIT,exposure_floor
2025-01-09,ADANIENT,EXIT,exposure_floor
2025-01-09,ADANIPORTS,EXIT,exposure_floor
2025-01-09,ASIANPAINT,EXIT,exposure_floor
2025-01-09,AXISBANK,EXIT,exposure_floor
2025-01-09,BAJAJ-AUTO,EXIT,exposure_floor
2025-01-09,BAJFINANCE,REDUCE,exposure_floor
2025-01-09,BAJAJFINSV,REDUCE,exposure_floor
2025-01-09,BEL,EXIT,exposure_floor
2025-01-09,BHARTIARTL,REDUCE,exposure_floor
2025-01-09,CIPLA,EXIT,exposure_floor
2025-01-09,COALINDIA,EXIT,exposure_floor
2025-01-09,DRREDDY,REDUCE,exposure_floor
2025-01-09,GRASIM,EXIT,exposure_floor
2025-01-09,HDFCBANK,REDUCE,exposure_floor
2025-01-09,HDFCLIFE,EXIT,exposure_floor
2025-01-09,HINDALCO,EXIT,exposure_floor
2025-01-09,HINDUNILVR,EXIT,exposure_floor
2025-01-09,ITC,EXIT,exposure_floor
2025-01-09,INDIGO,EXIT,exposure_floor
2025-01-09,JSWSTEEL,EXIT,exposure_floor
2025-01-09,KOTAKBANK,REDUCE,exposure_floor
2025-01-09,LT,EXIT,exposure_floor
2025-01-09,MARUTI,EXIT,exposure_floor
2025-01-09,NTPC,EXIT,exposure_floor
2025-01-09,NESTLEIND,EXIT,exposure_floor
2025-01-09,ONGC,EXIT,exposure_floor
2025-01-09,POWERGRID,EXIT,exposure_floor
2025-01-09,RELIANCE,EXIT,exposure_floor
2025-01-09,SBILIFE,EXIT,exposure_floor
2025-01-09,SHRIRAMFIN,EXIT,exposure_floor
2025-01-09,SBIN,EXIT,exposure_floor
2025-01-09,TCS,EXIT,exposure_floor
2025-01-09,TATACONSUM,EXIT,exposure_floor
2025-01-09,TATASTEEL,EXIT,exposure_floor
2025-01-09,TECHM,REDUCE,exposure_floor
2025-01-09,TITAN,REDUCE,exposure_floor
2025-01-09,TRENT,EXIT,exposure_floor
2025-01-10,ADANIENT,EXIT,exposure_floor
2025-01-10,ADANIPORTS,EXIT,exposure_floor
2025-01-10,ASIANPAINT,EXIT,exposure_floor
2025-01-10,AXISBANK,EXIT,exposure_floor
2025-01-10,BAJAJ-AUTO,EXIT,exposure_floor
2025-01-10,BAJFINANCE,REDUCE,exposure_floor
2025-01-10,BAJAJFINSV,EXIT,exposure_floor
2025-01-10,BEL,EXIT,exposure_floor
2025-01-10,CIPLA,EXIT,exposure_floor
2025-01-10,COALINDIA,EXIT,exposure_floor
2025-01-10,DRREDDY,REDUCE,exposure_floor
2025-01-10,GRASIM,EXIT,exposure_floor
2025-01-10,HDFCBANK,REDUCE,exposure_floor
2025-01-10,HDFCLIFE,EXIT,exposure_floor
2025-01-10,HINDALCO,EXIT,exposure_floor
2025-01-10,HINDUNILVR,EXIT,exposure_floor
2025-01-10,ITC,EXIT,exposure_floor
2025-01-10,INDIGO,EXIT,exposure_floor
2025-01-10,JSWSTEEL,EXIT,exposure_floor
2025-01-10,KOTAKBANK,EXIT,exposure_floor
2025-01-10,LT,EXIT,exposure_floor
2025-01-10,MARUTI,EXIT,exposure_floor
2025-01-10,NTPC,EXIT,exposure_floor
2025-01-10,NESTLEIND,EXIT,exposure_floor
2025-01-10,ONGC,EXIT,exposure_floor
2025-01-10,POWERGRID,EXIT,exposure_floor
2025-01-10,RELIANCE,EXIT,exposure_floor
2025-01-10,SBILIFE,EXIT,exposure_floor
2025-01-10,SHRIRAMFIN,EXIT,exposure_floor
2025-01-10,SBIN,EXIT,exposure_floor
2025-01-10,SUNPHARMA,REDUCE,exposure_floor
2025-01-10,TCS,REDUCE,exposure_floor
2025-01-10,TATACONSUM,EXIT,exposure_floor
2025-01-10,TATASTEEL,EXIT,exposure_floor
2025-01-10,TECHM,REDUCE,exposure_floor
2025-01-10,TITAN,EXIT,exposure_floor
2025-01-10,TRENT,EXIT,exposure_floor
2025-01-10,ULTRACEMCO,EXIT,exposure_floor
2025-01-13,ADANIENT,EXIT,exposure_floor
2025-01-13,ADANIPORTS,EXIT,exposure_floor
2025-01-13,ASIANPAINT,EXIT,exposure_floor
2025-01-13,AXISBANK,EXIT,exposure_floor
2025-01-13,BAJAJ-AUTO,EXIT,exposure_floor
2025-01-13,BAJFINANCE,REDUCE,exposure_floor
2025-01-13,BAJAJFINSV,REDUCE,exposure_floor
2025-01-13,BEL,EXIT,exposure_floor
2025-01-13,CIPLA,EXIT,exposure_floor
2025-01-13,COALINDIA,EXIT,exposure_floor
2025-01-13,DRREDDY,REDUCE,exposure_floor
2025-01-13,GRASIM,EXIT,exposure_floor
2025-01-13,HDFCBANK,EXIT,exposure_floor
2025-01-13,HDFCLIFE,EXIT,exposure_floor
2025-01-13,HINDALCO,EXIT,exposure_floor
2025-01-13,HINDUNILVR,EXIT,exposure_floor
2025-01-13,ICICIBANK,REDUCE,exposure_floor
2025-01-13,ITC,EXIT,exposure_floor
2025-01-13,INDIGO,EXIT,exposure_floor
2025-01-13,JSWSTEEL,EXIT,exposure_floor
2025-01-13,KOTAKBANK,EXIT,exposure_floor
2025-01-13,LT,EXIT,exposure_floor
2025-01-13,MARUTI,EXIT,exposure_floor
2025-01-13,NTPC,EXIT,exposure_floor
2025-01-13,NESTLEIND,EXIT,exposure_floor
2025-01-13,ONGC,EXIT,exposure_floor
2025-01-13,POWERGRID,EXIT,exposure_floor
2025-01-13,RELIANCE,EXIT,exposure_floor
2025-01-13,SBILIFE,EXIT,exposure_floor
2025-01-13,SHRIRAMFIN,EXIT,exposure_floor
2025-01-13,SBIN,EXIT,exposure_floor
2025-01-13,SUNPHARMA,REDUCE,exposure_floor
2025-01-13,TATACONSUM,EXIT,exposure_floor
2025-01-13,TATASTEEL,EXIT,exposure_floor
2025-01-13,TECHM,REDUCE,exposure_floor
2025-01-13,TITAN,EXIT,exposure_floor
2025-01-13,TRENT,EXIT,exposure_floor
2025-01-13,ULTRACEMCO,EXIT,exposure_floor
2025-01-14,ADANIENT,EXIT,exposure_floor
2025-01-14,ADANIPORTS,EXIT,exposure_floor
2025-01-14,ASIANPAINT,EXIT,exposure_floor
2025-01-14,AXISBANK,EXIT,exposure_floor
2025-01-14,BAJAJ-AUTO,EXIT,exposure_floor
2025-01-14,BAJFINANCE,REDUCE,exposure_floor
2025-01-14,BAJAJFINSV,REDUCE,exposure_floor
2025-01-14,BEL,EXIT,exposure_floor
2025-01-14,CIPLA,EXIT,exposure_floor
2025-01-14,COALINDIA,EXIT,exposure_floor
2025-01-14,DRREDDY,REDUCE,exposure_floor
2025-01-14,GRASIM,EXIT,exposure_floor
2025-01-14,HDFCBANK,EXIT,exposure_floor
2025-01-14,HDFCLIFE,EXIT,exposure_floor
2025-01-14,HINDALCO,EXIT,exposure_floor
2025-01-14,HINDUNILVR,EXIT,exposure_floor
2025-01-14,ICICIBANK,REDUCE,exposure_floor
2025-01-14,ITC,EXIT,exposure_floor
2025-01-14,INDIGO,EXIT,exposure_floor
2025-01-14,JSWSTEEL,EXIT,exposure_floor
2025-01-14,KOTAKBANK,EXIT,exposure_floor
2025-01-14,LT,EXIT,exposure_floor
2025-01-14,MARUTI,EXIT,exposure_floor
2025-01-14,NTPC,EXIT,exposure_floor
2025-01-14,NESTLEIND,EXIT,exposure_floor
2025-01-14,ONGC,EXIT,exposure_floor
2025-01-14,POWERGRID,EXIT,exposure_floor
2025-01-14,RELIANCE,EXIT,exposure_floor
2025-01-14,SBILIFE,EXIT,exposure_floor
2025-01-14,SHRIRAMFIN,EXIT,exposure_floor
2025-01-14,SBIN,EXIT,exposure_floor
2025-01-14,SUNPHARMA,REDUCE,exposure_floor
2025-01-14,TATACONSUM,EXIT,exposure_floor
2025-01-14,TATASTEEL,EXIT,exposure_floor
2025-01-14,TECHM,REDUCE,exposure_floor
2025-01-14,TITAN,EXIT,exposure_floor
2025-01-14,TRENT,EXIT,exposure_floor
2025-01-14,ULTRACEMCO,EXIT,exposure_floor
2025-01-15,ADANIENT,EXIT,exposure_floor
2025-01-15,ADANIPORTS,EXIT,exposure_floor
2025-01-15,ASIANPAINT,EXIT,exposure_floor
2025-01-15,AXISBANK,EXIT,exposure_floor
2025-01-15,BAJAJ-AUTO,EXIT,exposure_floor
2025-01-15,BAJFINANCE,REDUCE,exposure_floor
2025-01-15,BAJAJFINSV,EXIT,exposure_floor
2025-01-15,BEL,EXIT,exposure_floor
2025-01-15,CIPLA,EXIT,exposure_floor
2025-01-15,COALINDIA,EXIT,exposure_floor
2025-01-15,GRASIM,EXIT,exposure_floor
2025-01-15,HDFCBANK,EXIT,exposure_floor
2025-01-15,HDFCLIFE,EXIT,exposure_floor
2025-01-15,HINDALCO,EXIT,exposure_floor
2025-01-15,HINDUNILVR,EXIT,exposure_floor
2025-01-15,ICICIBANK,REDUCE,exposure_floor
2025-01-15,ITC,EXIT,exposure_floor
2025-01-15,INDIGO,EXIT,exposure_floor
2025-01-15,JSWSTEEL,EXIT,exposure_floor
2025-01-15,KOTAKBANK,REDUCE,exposure_floor
2025-01-15,LT,EXIT,exposure_floor
2025-01-15,MARUTI,EXIT,exposure_floor
2025-01-15,NTPC,EXIT,exposure_floor
2025-01-15,NESTLEIND,EXIT,exposure_floor
2025-01-15,ONGC,EXIT,exposure_floor
2025-01-15,POWERGRID,EXIT,exposure_floor
2025-01-15,RELIANCE,EXIT,exposure_floor
2025-01-15,SBILIFE,EXIT,exposure_floor
2025-01-15,SHRIRAMFIN,EXIT,exposure_floor
2025-01-15,SBIN,EXIT,exposure_floor
2025-01-15,SUNPHARMA,REDUCE,exposure_floor
2025-01-15,TATACONSUM,EXIT,exposure_floor
2025-01-15,TATASTEEL,EXIT,exposure_floor
2025-01-15,TECHM,REDUCE,exposure_floor
2025-01-15,TITAN,EXIT,exposure_floor
2025-01-15,TRENT,EXIT,exposure_floor
2025-01-15,ULTRACEMCO,EXIT,exposure_floor
2025-01-16,ADANIENT,EXIT,exposure_floor
2025-01-16,ADANIPORTS,EXIT,exposure_floor
2025-01-16,ASIANPAINT,EXIT,exposure_floor
2025-01-16,AXISBANK,EXIT,exposure_floor
2025-01-16,BAJAJ-AUTO,EXIT,exposure_floor
2025-01-16,BAJFINANCE,REDUCE,exposure_floor
2025-01-16,BAJAJFINSV,REDUCE,exposure_floor
2025-01-16,BEL,EXIT,exposure_floor
2025-01-16,CIPLA,EXIT,exposure_floor
2025-01-16,COALINDIA,EXIT,exposure_floor
2025-01-16,GRASIM,EXIT,exposure_floor
2025-01-16,HDFCBANK,EXIT,exposure_floor
2025-01-16,HDFCLIFE,EXIT,exposure_floor
2025-01-16,HINDALCO,EXIT,exposure_floor
2025-01-16,HINDUNILVR,EXIT,exposure_floor
2025-01-16,ICICIBANK,REDUCE,exposure_floor
2025-01-16,ITC,EXIT,exposure_floor
2025-01-16,INDIGO,EXIT,exposure_floor
2025-01-16,JSWSTEEL,EXIT,exposure_floor
2025-01-16,KOTAKBANK,REDUCE,exposure_floor
2025-01-16,LT,EXIT,exposure_floor
2025-01-16,MARUTI,EXIT,exposure_floor
2025-01-16,NTPC,EXIT,exposure_floor
2025-01-16,NESTLEIND,EXIT,exposure_floor
2025-01-16,ONGC,EXIT,exposure_floor
2025-01-16,POWERGRID,EXIT,exposure_floor
2025-01-16,RELIANCE,EXIT,exposure_floor
2025-01-16,SBILIFE,EXIT,exposure_floor
2025-01-16,SHRIRAMFIN,EXIT,exposure_floor
2025-01-16,SBIN,EXIT,exposure_floor
2025-01-16,SUNPHARMA,REDUCE,exposure_floor
2025-01-16,TATACONSUM,EXIT,exposure_floor
2025-01-16,TATASTEEL,EXIT,exposure_floor
2025-01-16,TECHM,REDUCE,exposure_floor
2025-01-16,TITAN,EXIT,exposure_floor
2025-01-16,TRENT,EXIT,exposure_floor
2025-01-16,ULTRACEMCO,EXIT,exposure_floor
2025-01-17,ADANIENT,EXIT,exposure_floor
2025-01-17,ADANIPORTS,EXIT,exposure_floor
2025-01-17,ASIANPAINT,EXIT,exposure_floor
2025-01-17,AXISBANK,EXIT,exposure_floor
2025-01-17,BAJAJ-AUTO,EXIT,exposure_floor
2025-01-17,BAJFINANCE,REDUCE,exposure_floor
2025-01-17,BAJAJFINSV,EXIT,exposure_floor
2025-01-17,BEL,EXIT,exposure_floor
2025-01-17,CIPLA,EXIT,exposure_floor
2025-01-17,COALINDIA,EXIT,exposure_floor
2025-01-17,GRASIM,EXIT,exposure_floor
2025-01-17,HDFCBANK,EXIT,exposure_floor
2025-01-17,HDFCLIFE,EXIT,exposure_floor
2025-01-17,HINDALCO,EXIT,exposure_floor
2025-01-17,HINDUNILVR,EXIT,exposure_floor
2025-01-17,ICICIBANK,REDUCE,exposure_floor
2025-01-17,ITC,EXIT,exposure_floor
2025-01-17,INDIGO,EXIT,exposure_floor
2025-01-17,JSWSTEEL,EXIT,exposure_floor
2025-01-17,KOTAKBANK,EXIT,exposure_floor
2025-01-17,LT,EXIT,exposure_floor
2025-01-17,MARUTI,REDUCE,exposure_floor
2025-01-17,MAXHEALTH,EXIT,exposure_floor
2025-01-17,NTPC,EXIT,exposure_floor
2025-01-17,NESTLEIND,EXIT,exposure_floor
2025-01-17,ONGC,EXIT,exposure_floor
2025-01-17,POWERGRID,EXIT,exposure_floor
2025-01-17,RELIANCE,EXIT,exposure_floor
2025-01-17,SBILIFE,EXIT,exposure_floor
2025-01-17,SHRIRAMFIN,EXIT,exposure_floor
2025-01-17,SBIN,EXIT,exposure_floor
2025-01-17,SUNPHARMA,REDUCE,exposure_floor
2025-01-17,TATACONSUM,EXIT,exposure_floor
2025-01-17,TATASTEEL,EXIT,exposure_floor
2025-01-17,TECHM,REDUCE,exposure_floor
2025-01-17,TITAN,EXIT,exposure_floor
2025-01-17,TRENT,EXIT,exposure_floor
2025-01-17,ULTRACEMCO,EXIT,exposure_floor
2025-01-20,ADANIENT,EXIT,exposure_floor
2025-01-20,ADANIPORTS,EXIT,exposure_floor
2025-01-20,ASIANPAINT,EXIT,exposure_floor
2025-01-20,AXISBANK,EXIT,exposure_floor
2025-01-20,BAJAJ-AUTO,EXIT,exposure_floor
2025-01-20,BAJFINANCE,REDUCE,exposure_floor
2025-01-20,BAJAJFINSV,REDUCE,exposure_floor
2025-01-20,BEL,EXIT,exposure_floor
2025-01-20,CIPLA,EXIT,exposure_floor
2025-01-20,COALINDIA,EXIT,exposure_floor
2025-01-20,GRASIM,EXIT,exposure_floor
2025-01-20,HDFCBANK,EXIT,exposure_floor
2025-01-20,HDFCLIFE,EXIT,exposure_floor
2025-01-20,HINDALCO,EXIT,exposure_floor
2025-01-20,HINDUNILVR,EXIT,exposure_floor
2025-01-20,ICICIBANK,REDUCE,exposure_floor
2025-01-20,ITC,EXIT,exposure_floor
2025-01-20,INDIGO,EXIT,exposure_floor
2025-01-20,JSWSTEEL,EXIT,exposure_floor
2025-01-20,KOTAKBANK,REDUCE,exposure_floor
2025-01-20,LT,EXIT,exposure_floor
2025-01-20,MARUTI,EXIT,exposure_floor
2025-01-20,MAXHEALTH,EXIT,exposure_floor
2025-01-20,NTPC,EXIT,exposure_floor
2025-01-20,NESTLEIND,EXIT,exposure_floor
2025-01-20,ONGC,EXIT,exposure_floor
2025-01-20,POWERGRID,EXIT,exposure_floor
2025-01-20,RELIANCE,EXIT,exposure_floor
2025-01-20,SBILIFE,EXIT,exposure_floor
2025-01-20,SHRIRAMFIN,EXIT,exposure_floor
2025-01-20,SBIN,EXIT,exposure_floor
2025-01-20,SUNPHARMA,REDUCE,exposure_floor
2025-01-20,TATACONSUM,EXIT,exposure_floor
2025-01-20,TATASTEEL,EXIT,exposure_floor
2025-01-20,TECHM,REDUCE,exposure_floor
2025-01-20,TITAN,EXIT,exposure_floor
2025-01-20,TRENT,EXIT,exposure_floor
2025-01-20,ULTRACEMCO,EXIT,exposure_floor
2025-03-25,CIPLA,EXIT,exposure_floor
2025-03-25,NTPC,EXIT,exposure_floor
2025-03-26,CIPLA,EXIT,exposure_floor
2025-03-26,NTPC,EXIT,exposure_floor
2025-03-27,CIPLA,EXIT,exposure_floor
2025-03-27,NTPC,EXIT,exposure_floor
2025-03-27,SUNPHARMA,EXIT,exposure_floor
2025-03-28,CIPLA,EXIT,exposure_floor
2025-03-28,NTPC,EXIT,exposure_floor
2025-03-28,SUNPHARMA,EXIT,exposure_floor
2025-04-01,CIPLA,EXIT,exposure_floor
2025-04-01,NTPC,EXIT,exposure_floor
2025-04-01,SUNPHARMA,EXIT,exposure_floor
2025-04-02,BEL,EXIT,exposure_floor
2025-04-02,CIPLA,EXIT,exposure_floor
2025-04-02,HINDALCO,EXIT,exposure_floor
2025-04-02,NTPC,EXIT,exposure_floor
2025-04-02,SUNPHARMA,EXIT,exposure_floor
2025-04-02,ULTRACEMCO,EXIT,exposure_floor
2025-04-03,BEL,EXIT,exposure_floor
2025-04-03,CIPLA,EXIT,exposure_floor
2025-04-03,HINDALCO,EXIT,exposure_floor
2025-04-03,NTPC,EXIT,exposure_floor
2025-04-21,SBILIFE,EXIT,exposure_floor
2025-04-23,SBILIFE,EXIT,exposure_floor
2025-04-25,POWERGRID,EXIT,exposure_floor
2025-04-28,POWERGRID,EXIT,exposure_floor
2025-04-29,POWERGRID,EXIT,exposure_floor
2025-04-30,POWERGRID,EXIT,exposure_floor
2025-04-30,SBIN,EXIT,exposure_floor
2025-05-02,CIPLA,EXIT,exposure_floor
2025-05-02,JSWSTEEL,REDUCE,exposure_floor
2025-05-02,NESTLEIND,EXIT,exposure_floor
2025-05-02,POWERGRID,EXIT,exposure_floor
2025-05-02,SHRIRAMFIN,EXIT,exposure_floor
2025-05-05,CIPLA,EXIT,exposure_floor
2025-05-05,JSWSTEEL,EXIT,exposure_floor
2025-05-05,NESTLEIND,EXIT,exposure_floor
2025-05-05,POWERGRID,EXIT,exposure_floor
2025-05-05,SHRIRAMFIN,EXIT,exposure_floor
2025-05-05,SBIN,EXIT,exposure_floor
2025-05-06,ADANIPORTS,EXIT,exposure_floor
2025-05-06,CIPLA,EXIT,exposure_floor
2025-05-06,JSWSTEEL,EXIT,exposure_floor
2025-05-06,POWERGRID,EXIT,exposure_floor
2025-05-06,SHRIRAMFIN,EXIT,exposure_floor
2025-05-06,SBIN,EXIT,exposure_floor
2025-05-07,CIPLA,EXIT,exposure_floor
2025-05-07,JSWSTEEL,EXIT,exposure_floor
2025-05-07,NESTLEIND,EXIT,exposure_floor
2025-05-07,SHRIRAMFIN,EXIT,exposure_floor
2025-05-07,SBIN,EXIT,exposure_floor
2025-05-08,ADANIPORTS,EXIT,exposure_floor
2025-05-08,CIPLA,EXIT,exposure_floor
2025-05-08,JSWSTEEL,EXIT,exposure_floor
2025-05-08,NESTLEIND,EXIT,exposure_floor
2025-05-08,POWERGRID,EXIT,exposure_floor
2025-05-08,SHRIRAMFIN,EXIT,exposure_floor
2025-05-08,SBIN,EXIT,exposure_floor
2025-05-08,SUNPHARMA,EXIT,exposure_floor
2025-05-09,APOLLOHOSP,EXIT,exposure_floor
2025-05-09,BAJFINANCE,REDUCE,exposure_floor
2025-05-09,CIPLA,EXIT,exposure_floor
2025-05-09,JSWSTEEL,EXIT,exposure_floor
2025-05-09,NESTLEIND,EXIT,exposure_floor
2025-05-09,POWERGRID,EXIT,exposure_floor
2025-05-09,SHRIRAMFIN,EXIT,exposure_floor
2025-05-09,SBIN,EXIT,exposure_floor
2025-05-09,SUNPHARMA,EXIT,exposure_floor
2025-05-12,BAJFINANCE,REDUCE,exposure_floor
2025-05-12,CIPLA,EXIT,exposure_floor
2025-05-12,JSWSTEEL,EXIT,exposure_floor
2025-05-12,NESTLEIND,EXIT,exposure_floor
2025-05-12,SHRIRAMFIN,REDUCE,exposure_floor
2025-05-12,SUNPHARMA,EXIT,exposure_floor
2025-05-13,BAJFINANCE,REDUCE,exposure_floor
2025-05-13,CIPLA,EXIT,exposure_floor
2025-05-13,JSWSTEEL,EXIT,exposure_floor
2025-05-13,NESTLEIND,EXIT,exposure_floor
2025-05-13,POWERGRID,EXIT,exposure_floor
2025-05-13,SHRIRAMFIN,REDUCE,exposure_floor
2025-05-13,SUNPHARMA,EXIT,exposure_floor
2025-05-13,TATASTEEL,EXIT,exposure_floor
2025-05-14,BAJFINANCE,REDUCE,exposure_floor
2025-05-14,CIPLA,EXIT,exposure_floor
2025-05-14,JSWSTEEL,EXIT,exposure_floor
2025-05-14,NESTLEIND,EXIT,exposure_floor
2025-05-14,POWERGRID,EXIT,exposure_floor
2025-05-14,SUNPHARMA,EXIT,exposure_floor
2025-05-15,BAJFINANCE,REDUCE,exposure_floor
2025-05-15,CIPLA,EXIT,exposure_floor
2025-05-15,JSWSTEEL,EXIT,exposure_floor
2025-05-15,NESTLEIND,EXIT,exposure_floor
2025-05-15,POWERGRID,EXIT,exposure_floor
2025-05-15,SUNPHARMA,EXIT,exposure_floor
2025-05-16,BAJFINANCE,REDUCE,exposure_floor
2025-05-16,CIPLA,EXIT,exposure_floor
2025-05-16,JSWSTEEL,EXIT,exposure_floor
2025-05-16,NESTLEIND,EXIT,exposure_floor
2025-05-16,POWERGRID,EXIT,exposure_floor
2025-05-16,SUNPHARMA,EXIT,exposure_floor
2025-05-19,BAJFINANCE,REDUCE,exposure_floor
2025-05-19,CIPLA,EXIT,exposure_floor
2025-05-19,JSWSTEEL,EXIT,exposure_floor
2025-05-19,NESTLEIND,EXIT,exposure_floor
2025-05-19,POWERGRID,EXIT,exposure_floor
2025-05-19,SUNPHARMA,EXIT,exposure_floor
2025-05-20,BAJFINANCE,REDUCE,exposure_floor
2025-05-20,CIPLA,EXIT,exposure_floor
2025-05-20,JSWSTEEL,EXIT,exposure_floor
2025-05-20,KOTAKBANK,REDUCE,exposure_floor
2025-05-20,NESTLEIND,EXIT,exposure_floor
2025-05-20,POWERGRID,EXIT,exposure_floor
2025-05-20,SUNPHARMA,EXIT,exposure_floor
2025-05-21,BAJFINANCE,REDUCE,exposure_floor
2025-05-21,CIPLA,EXIT,exposure_floor
2025-05-21,JSWSTEEL,EXIT,exposure_floor
2025-05-21,KOTAKBANK,REDUCE,exposure_floor
2025-05-21,NESTLEIND,EXIT,exposure_floor
2025-05-21,POWERGRID,EXIT,exposure_floor
2025-05-21,SUNPHARMA,EXIT,exposure_floor
2025-05-22,BAJFINANCE,REDUCE,exposure_floor
2025-05-22,CIPLA,EXIT,exposure_floor
2025-05-22,JSWSTEEL,EXIT,exposure_floor
2025-05-22,KOTAKBANK,REDUCE,exposure_floor
2025-05-22,NESTLEIND,EXIT,exposure_floor
2025-05-22,POWERGRID,EXIT,exposure_floor
2025-05-22,SHRIRAMFIN,REDUCE,exposure_floor
2025-05-22,SUNPHARMA,EXIT,exposure_floor
2025-05-23,BAJFINANCE,REDUCE,exposure_floor
2025-05-23,CIPLA,EXIT,exposure_floor
2025-05-23,JSWSTEEL,EXIT,exposure_floor
2025-05-23,KOTAKBANK,REDUCE,exposure_floor
2025-05-23,NESTLEIND,EXIT,exposure_floor
2025-05-23,POWERGRID,EXIT,exposure_floor
2025-05-23,SHRIRAMFIN,REDUCE,exposure_floor
2025-05-23,SUNPHARMA,EXIT,exposure_floor
2025-05-26,BAJFINANCE,REDUCE,exposure_floor
2025-05-26,CIPLA,EXIT,exposure_floor
2025-05-26,JSWSTEEL,EXIT,exposure_floor
2025-05-26,KOTAKBANK,REDUCE,exposure_floor
2025-05-26,NESTLEIND,EXIT,exposure_floor
2025-05-26,POWERGRID,EXIT,exposure_floor
2025-05-26,SHRIRAMFIN,REDUCE,exposure_floor
2025-05-26,SUNPHARMA,EXIT,exposure_floor
2025-05-27,BAJFINANCE,REDUCE,exposure_floor
2025-05-27,CIPLA,EXIT,exposure_floor
2025-05-27,EICHERMOT,REDUCE,exposure_floor
2025-05-27,GRASIM,REDUCE,exposure_floor
2025-05-27,JSWSTEEL,EXIT,exposure_floor
2025-05-27,KOTAKBANK,REDUCE,exposure_floor
2025-05-27,NESTLEIND,EXIT,exposure_floor
2025-05-27,POWERGRID,EXIT,exposure_floor
2025-05-27,SHRIRAMFIN,REDUCE,exposure_floor
2025-05-27,SUNPHARMA,EXIT,exposure_floor
2025-05-27,ULTRACEMCO,REDUCE,exposure_floor
2025-05-28,BAJFINANCE,REDUCE,exposure_floor
2025-05-28,CIPLA,EXIT,exposure_floor
2025-05-28,EICHERMOT,REDUCE,exposure_floor
2025-05-28,GRASIM,EXIT,exposure_floor
2025-05-28,JSWSTEEL,EXIT,exposure_floor
2025-05-28,KOTAKBANK,REDUCE,exposure_floor
2025-05-28,NESTLEIND,EXIT,exposure_floor
2025-05-28,POWERGRID,EXIT,exposure_floor
2025-05-28,SHRIRAMFIN,REDUCE,exposure_floor
2025-05-28,SUNPHARMA,EXIT,exposure_floor
2025-05-28,ULTRACEMCO,EXIT,exposure_floor
2025-05-29,BAJFINANCE,REDUCE,exposure_floor
2025-05-29,CIPLA,EXIT,exposure_floor
2025-05-29,EICHERMOT,REDUCE,exposure_floor
2025-05-29,GRASIM,EXIT,exposure_floor
2025-05-29,JSWSTEEL,EXIT,exposure_floor
2025-05-29,KOTAKBANK,REDUCE,exposure_floor
2025-05-29,NESTLEIND,EXIT,exposure_floor
2025-05-29,POWERGRID,EXIT,exposure_floor
2025-05-29,SHRIRAMFIN,REDUCE,exposure_floor
2025-05-29,SUNPHARMA,EXIT,exposure_floor
2025-05-29,ULTRACEMCO,EXIT,exposure_floor
2025-05-30,BAJFINANCE,REDUCE,exposure_floor
2025-05-30,CIPLA,EXIT,exposure_floor
2025-05-30,EICHERMOT,REDUCE,exposure_floor
2025-05-30,GRASIM,EXIT,exposure_floor
2025-05-30,JSWSTEEL,EXIT,exposure_floor
2025-05-30,KOTAKBANK,REDUCE,exposure_floor
2025-05-30,NESTLEIND,EXIT,exposure_floor
2025-05-30,POWERGRID,EXIT,exposure_floor
2025-05-30,SHRIRAMFIN,REDUCE,exposure_floor
2025-05-30,SUNPHARMA,EXIT,exposure_floor
2025-05-30,ULTRACEMCO,EXIT,exposure_floor
2025-06-02,BAJFINANCE,REDUCE,exposure_floor
2025-06-02,CIPLA,EXIT,exposure_floor
2025-06-02,EICHERMOT,REDUCE,exposure_floor
2025-06-02,GRASIM,EXIT,exposure_floor
2025-06-02,JSWSTEEL,EXIT,exposure_floor
2025-06-02,KOTAKBANK,REDUCE,exposure_floor
2025-06-02,NESTLEIND,EXIT,exposure_floor
2025-06-02,POWERGRID,EXIT,exposure_floor
2025-06-02,SHRIRAMFIN,REDUCE,exposure_floor
2025-06-02,SUNPHARMA,EXIT,exposure_floor
2025-06-02,ULTRACEMCO,EXIT,exposure_floor
2025-06-03,APOLLOHOSP,EXIT,exposure_floor
2025-06-03,BAJFINANCE,REDUCE,exposure_floor
2025-06-03,CIPLA,EXIT,exposure_floor
2025-06-03,EICHERMOT,REDUCE,exposure_floor
2025-06-03,GRASIM,EXIT,exposure_floor
2025-06-03,JSWSTEEL,EXIT,exposure_floor
2025-06-03,KOTAKBANK,REDUCE,exposure_floor
2025-06-03,POWERGRID,EXIT,exposure_floor
2025-06-03,SHRIRAMFIN,REDUCE,exposure_floor
2025-06-03,SUNPHARMA,EXIT,exposure_floor
2025-06-03,ULTRACEMCO,EXIT,exposure_floor
2025-06-04,APOLLOHOSP,EXIT,exposure_floor
2025-06-04,BAJFINANCE,REDUCE,exposure_floor
2025-06-04,BAJAJFINSV,REDUCE,exposure_floor
2025-06-04,CIPLA,EXIT,exposure_floor
2025-06-04,EICHERMOT,REDUCE,exposure_floor
2025-06-04,GRASIM,EXIT,exposure_floor
2025-06-04,JSWSTEEL,EXIT,exposure_floor
2025-06-04,KOTAKBANK,REDUCE,exposure_floor
2025-06-04,POWERGRID,EXIT,exposure_floor
2025-06-04,SHRIRAMFIN,REDUCE,exposure_floor
2025-06-04,SUNPHARMA,EXIT,exposure_floor
2025-06-04,ULTRACEMCO,EXIT,exposure_floor
2025-06-05,APOLLOHOSP,EXIT,exposure_floor
2025-06-05,BAJFINANCE,REDUCE,exposure_floor
2025-06-05,BAJAJFINSV,REDUCE,exposure_floor
2025-06-05,CIPLA,EXIT,exposure_floor
2025-06-05,EICHERMOT,REDUCE,exposure_floor
2025-06-05,GRASIM,EXIT,exposure_floor
2025-06-05,JSWSTEEL,EXIT,exposure_floor
2025-06-05,KOTAKBANK,REDUCE,exposure_floor
2025-06-05,POWERGRID,EXIT,exposure_floor
2025-06-05,SHRIRAMFIN,REDUCE,exposure_floor
2025-06-05,SUNPHARMA,EXIT,exposure_floor
2025-06-05,ULTRACEMCO,EXIT,exposure_floor
2025-06-06,APOLLOHOSP,EXIT,exposure_floor
2025-06-06,BAJFINANCE,REDUCE,exposure_floor
2025-06-06,BAJAJFINSV,REDUCE,exposure_floor
2025-06-06,CIPLA,EXIT,exposure_floor
2025-06-06,EICHERMOT,REDUCE,exposure_floor
2025-06-06,GRASIM,EXIT,exposure_floor
2025-06-06,JSWSTEEL,EXIT,exposure_floor
2025-06-06,KOTAKBANK,REDUCE,exposure_floor
2025-06-06,POWERGRID,EXIT,exposure_floor
2025-06-06,SHRIRAMFIN,REDUCE,exposure_floor
2025-06-06,SUNPHARMA,EXIT,exposure_floor
2025-06-06,ULTRACEMCO,EXIT,exposure_floor
2025-06-09,APOLLOHOSP,EXIT,exposure_floor
2025-06-09,BAJFINANCE,REDUCE,exposure_floor
2025-06-09,BAJAJFINSV,REDUCE,exposure_floor
2025-06-09,CIPLA,EXIT,exposure_floor
2025-06-09,EICHERMOT,REDUCE,exposure_floor
2025-06-09,GRASIM,EXIT,exposure_floor
2025-06-09,JSWSTEEL,EXIT,exposure_floor
2025-06-09,KOTAKBANK,REDUCE,exposure_floor
2025-06-09,POWERGRID,EXIT,exposure_floor
2025-06-09,SHRIRAMFIN,REDUCE,exposure_floor
2025-06-09,SUNPHARMA,EXIT,exposure_floor
2025-06-09,ULTRACEMCO,EXIT,exposure_floor
2025-06-10,ADANIENT,EXIT,exposure_floor
2025-06-10,APOLLOHOSP,EXIT,exposure_floor
2025-06-10,BAJFINANCE,REDUCE,exposure_floor
2025-06-10,BAJAJFINSV,REDUCE,exposure_floor
2025-06-10,CIPLA,EXIT,exposure_floor
2025-06-10,EICHERMOT,REDUCE,exposure_floor
2025-06-10,GRASIM,EXIT,exposure_floor
2025-06-10,JSWSTEEL,EXIT,exposure_floor
2025-06-10,KOTAKBANK,REDUCE,exposure_floor
2025-06-10,POWERGRID,EXIT,exposure_floor
2025-06-10,SHRIRAMFIN,REDUCE,exposure_floor
2025-06-10,SUNPHARMA,EXIT,exposure_floor
2025-06-10,ULTRACEMCO,EXIT,exposure_floor
2025-06-11,APOLLOHOSP,EXIT,exposure_floor
2025-06-11,BAJFINANCE,REDUCE,exposure_floor
2025-06-11,BAJAJFINSV,REDUCE,exposure_floor
2025-06-11,CIPLA,EXIT,exposure_floor
2025-06-11,EICHERMOT,REDUCE,exposure_floor
2025-06-11,GRASIM,EXIT,exposure_floor
2025-06-11,JSWSTEEL,EXIT,exposure_floor
2025-06-11,KOTAKBANK,REDUCE,exposure_floor
2025-06-11,POWERGRID,EXIT,exposure_floor
2025-06-11,SHRIRAMFIN,REDUCE,exposure_floor
2025-06-11,SUNPHARMA,EXIT,exposure_floor
2025-06-11,ULTRACEMCO,EXIT,exposure_floor
2025-06-12,ADANIENT,EXIT,exposure_floor
2025-06-12,BAJFINANCE,REDUCE,exposure_floor
2025-06-12,BAJAJFINSV,REDUCE,exposure_floor
2025-06-12,CIPLA,EXIT,exposure_floor
2025-06-12,EICHERMOT,REDUCE,exposure_floor
2025-06-12,GRASIM,EXIT,exposure_floor
2025-06-12,JSWSTEEL,EXIT,exposure_floor
2025-06-12,KOTAKBANK,REDUCE,exposure_floor
2025-06-12,POWERGRID,EXIT,exposure_floor
2025-06-12,SHRIRAMFIN,REDUCE,exposure_floor
2025-06-12,SUNPHARMA,EXIT,exposure_floor
2025-06-12,ULTRACEMCO,EXIT,exposure_floor
2025-06-13,ADANIENT,EXIT,exposure_floor
2025-06-13,BAJFINANCE,REDUCE,exposure_floor
2025-06-13,BAJAJFINSV,REDUCE,exposure_floor
2025-06-13,CIPLA,EXIT,exposure_floor
2025-06-13,EICHERMOT,REDUCE,exposure_floor
2025-06-13,GRASIM,EXIT,exposure_floor
2025-06-13,INDIGO,REDUCE,exposure_floor
2025-06-13,JSWSTEEL,EXIT,exposure_floor
2025-06-13,KOTAKBANK,REDUCE,exposure_floor
2025-06-13,POWERGRID,EXIT,exposure_floor
2025-06-13,SHRIRAMFIN,REDUCE,exposure_floor
2025-06-13,SUNPHARMA,EXIT,exposure_floor
2025-06-13,ULTRACEMCO,EXIT,exposure_floor
2025-06-16,ADANIENT,EXIT,exposure_floor
2025-06-16,BAJFINANCE,REDUCE,exposure_floor
2025-06-16,BAJAJFINSV,REDUCE,exposure_floor
2025-06-16,CIPLA,EXIT,exposure_floor
2025-06-16,EICHERMOT,REDUCE,exposure_floor
2025-06-16,GRASIM,EXIT,exposure_floor
2025-06-16,INDIGO,REDUCE,exposure_floor
2025-06-16,JSWSTEEL,EXIT,exposure_floor
2025-06-16,KOTAKBANK,REDUCE,exposure_floor
2025-06-16,POWERGRID,EXIT,exposure_floor
2025-06-16,SHRIRAMFIN,REDUCE,exposure_floor
2025-06-16,SUNPHARMA,EXIT,exposure_floor
2025-06-16,ULTRACEMCO,EXIT,exposure_floor
2025-06-17,ADANIENT,EXIT,exposure_floor
2025-06-17,BAJFINANCE,REDUCE,exposure_floor
2025-06-17,BAJAJFINSV,REDUCE,exposure_floor
2025-06-17,CIPLA,EXIT,exposure_floor
2025-06-17,EICHERMOT,REDUCE,exposure_floor
2025-06-17,GRASIM,EXIT,exposure_floor
2025-06-17,INDIGO,REDUCE,exposure_floor
2025-06-17,JSWSTEEL,EXIT,exposure_floor
2025-06-17,KOTAKBANK,REDUCE,exposure_floor
2025-06-17,NESTLEIND,REDUCE,exposure_floor
2025-06-17,POWERGRID,EXIT,exposure_floor
2025-06-17,SHRIRAMFIN,REDUCE,exposure_floor
2025-06-17,SUNPHARMA,EXIT,exposure_floor
2025-06-17,TATACONSUM,REDUCE,exposure_floor
2025-06-17,ULTRACEMCO,EXIT,exposure_floor
2025-06-18,ADANIENT,EXIT,exposure_floor
2025-06-18,BAJFINANCE,REDUCE,exposure_floor
2025-06-18,BAJAJFINSV,REDUCE,exposure_floor
2025-06-18,CIPLA,EXIT,exposure_floor
2025-06-18,EICHERMOT,REDUCE,exposure_floor
2025-06-18,GRASIM,EXIT,exposure_floor
2025-06-18,ICICIBANK,REDUCE,exposure_floor
2025-06-18,INDIGO,REDUCE,exposure_floor
2025-06-18,JSWSTEEL,EXIT,exposure_floor
2025-06-18,KOTAKBANK,REDUCE,exposure_floor
2025-06-18,NESTLEIND,REDUCE,exposure_floor
2025-06-18,POWERGRID,EXIT,exposure_floor
2025-06-18,SHRIRAMFIN,REDUCE,exposure_floor
2025-06-18,SUNPHARMA,EXIT,exposure_floor
2025-06-18,TATACONSUM,REDUCE,exposure_floor
2025-06-18,ULTRACEMCO,EXIT,exposure_floor
2025-06-19,ADANIENT,EXIT,exposure_floor
2025-06-19,ADANIPORTS,EXIT,exposure_floor
2025-06-19,BAJFINANCE,REDUCE,exposure_floor
2025-06-19,BAJAJFINSV,REDUCE,exposure_floor
2025-06-19,CIPLA,EXIT,exposure_floor
2025-06-19,EICHERMOT,REDUCE,exposure_floor
2025-06-19,GRASIM,EXIT,exposure_floor
2025-06-19,ICICIBANK,REDUCE,exposure_floor
2025-06-19,INDIGO,REDUCE,exposure_floor
2025-06-19,JSWSTEEL,EXIT,exposure_floor
2025-06-19,KOTAKBANK,REDUCE,exposure_floor
2025-06-19,NESTLEIND,EXIT,exposure_floor
2025-06-19,POWERGRID,EXIT,exposure_floor
2025-06-19,SHRIRAMFIN,REDUCE,exposure_floor
2025-06-19,SBIN,REDUCE,exposure_floor
2025-06-19,SUNPHARMA,EXIT,exposure_floor
2025-06-19,TATACONSUM,REDUCE,exposure_floor
2025-06-19,ULTRACEMCO,EXIT,exposure_floor
2025-06-20,ADANIENT,EXIT,exposure_floor
2025-06-20,ADANIPORTS,REDUCE,exposure_floor
2025-06-20,BAJFINANCE,REDUCE,exposure_floor
2025-06-20,BAJAJFINSV,REDUCE,exposure_floor
2025-06-20,CIPLA,EXIT,exposure_floor
2025-06-20,EICHERMOT,REDUCE,exposure_floor
2025-06-20,GRASIM,EXIT,exposure_floor
2025-06-20,ICICIBANK,REDUCE,exposure_floor
2025-06-20,INDIGO,REDUCE,exposure_floor
2025-06-20,JSWSTEEL,EXIT,exposure_floor
2025-06-20,KOTAKBANK,REDUCE,exposure_floor
2025-06-20,NESTLEIND,EXIT,exposure_floor
2025-06-20,POWERGRID,EXIT,exposure_floor
2025-06-20,SHRIRAMFIN,REDUCE,exposure_floor
2025-06-20,SBIN,REDUCE,exposure_floor
2025-06-20,SUNPHARMA,EXIT,exposure_floor
2025-06-20,TATACONSUM,REDUCE,exposure_floor
2025-06-20,ULTRACEMCO,EXIT,exposure_floor
2025-06-23,ADANIENT,EXIT,exposure_floor
2025-06-23,BAJFINANCE,REDUCE,exposure_floor
2025-06-23,BAJAJFINSV,REDUCE,exposure_floor
2025-06-23,CIPLA,EXIT,exposure_floor
2025-06-23,EICHERMOT,REDUCE,exposure_floor
2025-06-23,GRASIM,EXIT,exposure_floor
2025-06-23,HCLTECH,EXIT,exposure_floor
2025-06-23,ICICIBANK,REDUCE,exposure_floor
2025-06-23,INDIGO,REDUCE,exposure_floor
2025-06-23,JSWSTEEL,EXIT,exposure_floor
2025-06-23,KOTAKBANK,REDUCE,exposure_floor
2025-06-23,NESTLEIND,EXIT,exposure_floor
2025-06-23,POWERGRID,EXIT,exposure_floor
2025-06-23,SHRIRAMFIN,REDUCE,exposure_floor
2025-06-23,SBIN,REDUCE,exposure_floor
2025-06-23,SUNPHARMA,EXIT,exposure_floor
2025-06-23,TATACONSUM,REDUCE,exposure_floor
2025-06-23,ULTRACEMCO,EXIT,exposure_floor
2025-06-24,ADANIENT,EXIT,exposure_floor
2025-06-24,BAJFINANCE,REDUCE,exposure_floor
2025-06-24,BAJAJFINSV,REDUCE,exposure_floor
2025-06-24,CIPLA,EXIT,exposure_floor
2025-06-24,EICHERMOT,REDUCE,exposure_floor
2025-06-24,GRASIM,EXIT,exposure_floor
2025-06-24,HCLTECH,EXIT,exposure_floor
2025-06-24,ICICIBANK,REDUCE,exposure_floor
2025-06-24,INDIGO,REDUCE,exposure_floor
2025-06-24,JSWSTEEL,EXIT,exposure_floor
2025-06-24,KOTAKBANK,REDUCE,exposure_floor
2025-06-24,NESTLEIND,EXIT,exposure_floor
2025-06-24,POWERGRID,EXIT,exposure_floor
2025-06-24,SHRIRAMFIN,REDUCE,exposure_floor
2025-06-24,SBIN,REDUCE,exposure_floor
2025-06-24,SUNPHARMA,EXIT,exposure_floor
2025-06-24,TATACONSUM,REDUCE,exposure_floor
2025-06-24,ULTRACEMCO,EXIT,exposure_floor
2025-06-25,ADANIENT,EXIT,exposure_floor
2025-06-25,BAJFINANCE,REDUCE,exposure_floor
2025-06-25,BAJAJFINSV,REDUCE,exposure_floor
2025-06-25,CIPLA,EXIT,exposure_floor
2025-06-25,EICHERMOT,REDUCE,exposure_floor
2025-06-25,GRASIM,EXIT,exposure_floor
2025-06-25,ICICIBANK,REDUCE,exposure_floor
2025-06-25,INDIGO,REDUCE,exposure_floor
2025-06-25,JSWSTEEL,EXIT,exposure_floor
2025-06-25,KOTAKBANK,REDUCE,exposure_floor
2025-06-25,NESTLEIND,EXIT,exposure_floor
2025-06-25,POWERGRID,EXIT,exposure_floor
2025-06-25,SHRIRAMFIN,REDUCE,exposure_floor
2025-06-25,SBIN,REDUCE,exposure_floor
2025-06-25,SUNPHARMA,EXIT,exposure_floor
2025-06-25,TATACONSUM,REDUCE,exposure_floor
2025-06-25,ULTRACEMCO,EXIT,exposure_floor
2025-06-26,ADANIENT,EXIT,exposure_floor
2025-06-26,BAJFINANCE,REDUCE,exposure_floor
2025-06-26,BAJAJFINSV,REDUCE,exposure_floor
2025-06-26,CIPLA,EXIT,exposure_floor
2025-06-26,EICHERMOT,REDUCE,exposure_floor
2025-06-26,GRASIM,EXIT,exposure_floor
2025-06-26,ICICIBANK,REDUCE,exposure_floor
2025-06-26,INDIGO,REDUCE,exposure_floor
2025-06-26,JSWSTEEL,EXIT,exposure_floor
2025-06-26,KOTAKBANK,REDUCE,exposure_floor
2025-06-26,NESTLEIND,EXIT,exposure_floor
2025-06-26,POWERGRID,EXIT,exposure_floor
2025-06-26,SHRIRAMFIN,REDUCE,exposure_floor
2025-06-26,SBIN,REDUCE,exposure_floor
2025-06-26,SUNPHARMA,EXIT,exposure_floor
2025-06-26,TATACONSUM,REDUCE,exposure_floor
2025-06-26,ULTRACEMCO,EXIT,exposure_floor
2025-06-27,ADANIENT,EXIT,exposure_floor
2025-06-27,BAJFINANCE,REDUCE,exposure_floor
2025-06-27,BAJAJFINSV,REDUCE,exposure_floor
2025-06-27,CIPLA,EXIT,exposure_floor
2025-06-27,EICHERMOT,REDUCE,exposure_floor
2025-06-27,GRASIM,EXIT,exposure_floor
2025-06-27,ICICIBANK,REDUCE,exposure_floor
2025-06-27,JSWSTEEL,EXIT,exposure_floor
2025-06-27,KOTAKBANK,REDUCE,exposure_floor
2025-06-27,NESTLEIND,EXIT,exposure_floor
2025-06-27,POWERGRID,EXIT,exposure_floor
2025-06-27,SHRIRAMFIN,REDUCE,exposure_floor
2025-06-27,SBIN,REDUCE,exposure_floor
2025-06-27,SUNPHARMA,EXIT,exposure_floor
2025-06-27,TATACONSUM,REDUCE,exposure_floor
2025-06-27,ULTRACEMCO,EXIT,exposure_floor
2025-06-30,ADANIENT,EXIT,exposure_floor
2025-06-30,AXISBANK,REDUCE,exposure_floor
2025-06-30,BAJFINANCE,REDUCE,exposure_floor
2025-06-30,BAJAJFINSV,REDUCE,exposure_floor
2025-06-30,CIPLA,EXIT,exposure_floor
2025-06-30,EICHERMOT,REDUCE,exposure_floor
2025-06-30,GRASIM,EXIT,exposure_floor
2025-06-30,ICICIBANK,REDUCE,exposure_floor
2025-06-30,JSWSTEEL,EXIT,exposure_floor
2025-06-30,KOTAKBANK,REDUCE,exposure_floor
2025-06-30,MARUTI,REDUCE,exposure_floor
2025-06-30,NESTLEIND,EXIT,exposure_floor
2025-06-30,POWERGRID,EXIT,exposure_floor
2025-06-30,SHRIRAMFIN,REDUCE,exposure_floor
2025-06-30,SBIN,REDUCE,exposure_floor
2025-06-30,SUNPHARMA,EXIT,exposure_floor
2025-06-30,TATACONSUM,REDUCE,exposure_floor
2025-06-30,ULTRACEMCO,EXIT,exposure_floor
2025-07-01,AXISBANK,REDUCE,exposure_floor
2025-07-01,BAJFINANCE,REDUCE,exposure_floor
2025-07-01,BAJAJFINSV,REDUCE,exposure_floor
2025-07-01,CIPLA,EXIT,exposure_floor
2025-07-01,EICHERMOT,REDUCE,exposure_floor
2025-07-01,GRASIM,EXIT,exposure_floor
2025-07-01,ICICIBANK,REDUCE,exposure_floor
2025-07-01,JSWSTEEL,EXIT,exposure_floor
2025-07-01,KOTAKBANK,REDUCE,exposure_floor
2025-07-01,MARUTI,REDUCE,exposure_floor
2025-07-01,NESTLEIND,EXIT,exposure_floor
2025-07-01,POWERGRID,EXIT,exposure_floor
2025-07-01,SHRIRAMFIN,REDUCE,exposure_floor
2025-07-01,SBIN,REDUCE,exposure_floor
2025-07-01,SUNPHARMA,EXIT,exposure_floor
2025-07-01,TATACONSUM,REDUCE,exposure_floor
2025-07-01,TRENT,EXIT,exposure_floor
2025-07-01,ULTRACEMCO,EXIT,exposure_floor
2025-07-02,ADANIENT,EXIT,exposure_floor
2025-07-02,AXISBANK,REDUCE,exposure_floor
2025-07-02,BAJFINANCE,REDUCE,exposure_floor
2025-07-02,BAJAJFINSV,REDUCE,exposure_floor
2025-07-02,CIPLA,EXIT,exposure_floor
2025-07-02,EICHERMOT,REDUCE,exposure_floor
2025-07-02,GRASIM,EXIT,exposure_floor
2025-07-02,ICICIBANK,REDUCE,exposure_floor
2025-07-02,JSWSTEEL,EXIT,exposure_floor
2025-07-02,KOTAKBANK,REDUCE,exposure_floor
2025-07-02,NESTLEIND,EXIT,exposure_floor
2025-07-02,POWERGRID,EXIT,exposure_floor
2025-07-02,SHRIRAMFIN,REDUCE,exposure_floor
2025-07-02,SBIN,REDUCE,exposure_floor
2025-07-02,SUNPHARMA,EXIT,exposure_floor
2025-07-02,TATACONSUM,REDUCE,exposure_floor
2025-07-02,ULTRACEMCO,EXIT,exposure_floor
2025-07-03,AXISBANK,REDUCE,exposure_floor
2025-07-03,BAJFINANCE,REDUCE,exposure_floor
2025-07-03,BAJAJFINSV,REDUCE,exposure_floor
2025-07-03,CIPLA,EXIT,exposure_floor
2025-07-03,EICHERMOT,REDUCE,exposure_floor
2025-07-03,GRASIM,EXIT,exposure_floor
2025-07-03,ICICIBANK,REDUCE,exposure_floor
2025-07-03,JSWSTEEL,EXIT,exposure_floor
2025-07-03,KOTAKBANK,REDUCE,exposure_floor
2025-07-03,NESTLEIND,EXIT,exposure_floor
2025-07-03,POWERGRID,EXIT,exposure_floor
2025-07-03,SHRIRAMFIN,REDUCE,exposure_floor
2025-07-03,SBIN,REDUCE,exposure_floor
2025-07-03,SUNPHARMA,EXIT,exposure_floor
2025-07-03,TATACONSUM,REDUCE,exposure_floor
2025-07-03,TRENT,EXIT,exposure_floor
2025-07-03,ULTRACEMCO,EXIT,exposure_floor
2025-07-04,ADANIENT,EXIT,exposure_floor
2025-07-04,AXISBANK,REDUCE,exposure_floor
2025-07-04,BAJFINANCE,REDUCE,exposure_floor
2025-07-04,BAJAJFINSV,REDUCE,exposure_floor
2025-07-04,CIPLA,EXIT,exposure_floor
2025-07-04,EICHERMOT,REDUCE,exposure_floor
2025-07-04,GRASIM,EXIT,exposure_floor
2025-07-04,ICICIBANK,REDUCE,exposure_floor
2025-07-04,JSWSTEEL,EXIT,exposure_floor
2025-07-04,KOTAKBANK,REDUCE,exposure_floor
2025-07-04,NESTLEIND,EXIT,exposure_floor
2025-07-04,POWERGRID,EXIT,exposure_floor
2025-07-04,SHRIRAMFIN,REDUCE,exposure_floor
2025-07-04,SBIN,REDUCE,exposure_floor
2025-07-04,SUNPHARMA,EXIT,exposure_floor
2025-07-04,TATACONSUM,REDUCE,exposure_floor
2025-07-04,TRENT,EXIT,exposure_floor
2025-07-04,ULTRACEMCO,EXIT,exposure_floor
2025-07-07,AXISBANK,REDUCE,exposure_floor
2025-07-07,BAJFINANCE,REDUCE,exposure_floor
2025-07-07,BAJAJFINSV,REDUCE,exposure_floor
2025-07-07,CIPLA,EXIT,exposure_floor
2025-07-07,EICHERMOT,REDUCE,exposure_floor
2025-07-07,GRASIM,EXIT,exposure_floor
2025-07-07,ICICIBANK,REDUCE,exposure_floor
2025-07-07,JSWSTEEL,EXIT,exposure_floor
2025-07-07,KOTAKBANK,REDUCE,exposure_floor
2025-07-07,NESTLEIND,EXIT,exposure_floor
2025-07-07,POWERGRID,EXIT,exposure_floor
2025-07-07,SHRIRAMFIN,REDUCE,exposure_floor
2025-07-07,SBIN,REDUCE,exposure_floor
2025-07-07,SUNPHARMA,EXIT,exposure_floor
2025-07-07,TATACONSUM,REDUCE,exposure_floor
2025-07-07,TRENT,EXIT,exposure_floor
2025-07-07,ULTRACEMCO,EXIT,exposure_floor
2025-07-08,ADANIENT,EXIT,exposure_floor
2025-07-08,AXISBANK,REDUCE,exposure_floor
2025-07-08,BAJFINANCE,REDUCE,exposure_floor
2025-07-08,BAJAJFINSV,REDUCE,exposure_floor
2025-07-08,CIPLA,EXIT,exposure_floor
2025-07-08,EICHERMOT,REDUCE,exposure_floor
2025-07-08,GRASIM,EXIT,exposure_floor
2025-07-08,ICICIBANK,REDUCE,exposure_floor
2025-07-08,JSWSTEEL,EXIT,exposure_floor
2025-07-08,KOTAKBANK,REDUCE,exposure_floor
2025-07-08,MARUTI,REDUCE,exposure_floor
2025-07-08,NESTLEIND,EXIT,exposure_floor
2025-07-08,POWERGRID,EXIT,exposure_floor
2025-07-08,SBIN,REDUCE,exposure_floor
2025-07-08,SUNPHARMA,EXIT,exposure_floor
2025-07-08,TATACONSUM,REDUCE,exposure_floor
2025-07-08,TITAN,REDUCE,exposure_floor
2025-07-08,TRENT,EXIT,exposure_floor
2025-07-08,ULTRACEMCO,EXIT,exposure_floor
2025-07-09,AXISBANK,REDUCE,exposure_floor
2025-07-09,BAJFINANCE,REDUCE,exposure_floor
2025-07-09,BAJAJFINSV,REDUCE,exposure_floor
2025-07-09,CIPLA,EXIT,exposure_floor
2025-07-09,EICHERMOT,REDUCE,exposure_floor
2025-07-09,GRASIM,EXIT,exposure_floor
2025-07-09,HCLTECH,EXIT,exposure_floor
2025-07-09,ICICIBANK,REDUCE,exposure_floor
2025-07-09,JSWSTEEL,EXIT,exposure_floor
2025-07-09,KOTAKBANK,REDUCE,exposure_floor
2025-07-09,MARUTI,REDUCE,exposure_floor
2025-07-09,NESTLEIND,EXIT,exposure_floor
2025-07-09,POWERGRID,EXIT,exposure_floor
2025-07-09,SBIN,REDUCE,exposure_floor
2025-07-09,SUNPHARMA,EXIT,exposure_floor
2025-07-09,TATACONSUM,REDUCE,exposure_floor
2025-07-09,TITAN,REDUCE,exposure_floor
2025-07-09,TRENT,EXIT,exposure_floor
2025-07-09,ULTRACEMCO,EXIT,exposure_floor
2025-07-10,ADANIENT,EXIT,exposure_floor
2025-07-10,AXISBANK,REDUCE,exposure_floor
2025-07-10,BAJAJFINSV,REDUCE,exposure_floor
2025-07-10,CIPLA,EXIT,exposure_floor
2025-07-10,EICHERMOT,REDUCE,exposure_floor
2025-07-10,GRASIM,EXIT,exposure_floor
2025-07-10,HCLTECH,EXIT,exposure_floor
2025-07-10,ICICIBANK,REDUCE,exposure_floor
2025-07-10,JSWSTEEL,EXIT,exposure_floor
2025-07-10,KOTAKBANK,REDUCE,exposure_floor
2025-07-10,MARUTI,REDUCE,exposure_floor
2025-07-10,NESTLEIND,EXIT,exposure_floor
2025-07-10,POWERGRID,EXIT,exposure_floor
2025-07-10,SBIN,REDUCE,exposure_floor
2025-07-10,SUNPHARMA,EXIT,exposure_floor
2025-07-10,TATACONSUM,REDUCE,exposure_floor
2025-07-10,TITAN,REDUCE,exposure_floor
2025-07-10,TRENT,EXIT,exposure_floor
2025-07-10,ULTRACEMCO,REDUCE,exposure_floor
2025-07-11,AXISBANK,REDUCE,exposure_floor
2025-07-11,BAJAJFINSV,REDUCE,exposure_floor
2025-07-11,CIPLA,EXIT,exposure_floor
2025-07-11,EICHERMOT,REDUCE,exposure_floor
2025-07-11,GRASIM,EXIT,exposure_floor
2025-07-11,HCLTECH,EXIT,exposure_floor
2025-07-11,HDFCLIFE,REDUCE,exposure_floor
2025-07-11,ICICIBANK,REDUCE,exposure_floor
2025-07-11,JSWSTEEL,REDUCE,exposure_floor
2025-07-11,KOTAKBANK,REDUCE,exposure_floor
2025-07-11,MARUTI,REDUCE,exposure_floor
2025-07-11,NESTLEIND,EXIT,exposure_floor
2025-07-11,POWERGRID,EXIT,exposure_floor
2025-07-11,SBIN,REDUCE,exposure_floor
2025-07-11,SUNPHARMA,EXIT,exposure_floor
2025-07-11,TATACONSUM,REDUCE,exposure_floor
2025-07-11,TITAN,EXIT,exposure_floor
2025-07-11,TRENT,EXIT,exposure_floor
2025-07-14,ADANIENT,EXIT,exposure_floor
2025-07-14,AXISBANK,REDUCE,exposure_floor
2025-07-14,BAJAJFINSV,REDUCE,exposure_floor
2025-07-14,CIPLA,EXIT,exposure_floor
2025-07-14,EICHERMOT,REDUCE,exposure_floor
2025-07-14,GRASIM,EXIT,exposure_floor
2025-07-14,HCLTECH,EXIT,exposure_floor
2025-07-14,HDFCLIFE,REDUCE,exposure_floor
2025-07-14,HINDUNILVR,EXIT,exposure_floor
2025-07-14,ICICIBANK,REDUCE,exposure_floor
2025-07-14,MARUTI,REDUCE,exposure_floor
2025-07-14,NESTLEIND,EXIT,exposure_floor
2025-07-14,POWERGRID,EXIT,exposure_floor
2025-07-14,SBIN,REDUCE,exposure_floor
2025-07-14,SUNPHARMA,EXIT,exposure_floor
2025-07-14,TATACONSUM,REDUCE,exposure_floor
2025-07-14,TECHM,EXIT,exposure_floor
2025-07-14,TITAN,EXIT,exposure_floor
2025-07-14,TRENT,EXIT,exposure_floor
2025-07-15,AXISBANK,REDUCE,exposure_floor
2025-07-15,BAJAJFINSV,REDUCE,exposure_floor
2025-07-15,CIPLA,EXIT,exposure_floor
2025-07-15,EICHERMOT,REDUCE,exposure_floor
2025-07-15,GRASIM,EXIT,exposure_floor
2025-07-15,HCLTECH,EXIT,exposure_floor
2025-07-15,HDFCLIFE,REDUCE,exposure_floor
2025-07-15,ICICIBANK,REDUCE,exposure_floor
2025-07-15,LT,REDUCE,exposure_floor
2025-07-15,MARUTI,REDUCE,exposure_floor
2025-07-15,NESTLEIND,EXIT,exposure_floor
2025-07-15,POWERGRID,EXIT,exposure_floor
2025-07-15,SUNPHARMA,EXIT,exposure_floor
2025-07-15,TATACONSUM,REDUCE,exposure_floor
2025-07-15,TECHM,EXIT,exposure_floor
2025-07-15,TITAN,EXIT,exposure_floor
2025-07-15,TRENT,EXIT,exposure_floor
2025-07-16,ADANIENT,EXIT,exposure_floor
2025-07-16,AXISBANK,REDUCE,exposure_floor
2025-07-16,BAJAJFINSV,REDUCE,exposure_floor
2025-07-16,CIPLA,EXIT,exposure_floor
2025-07-16,EICHERMOT,REDUCE,exposure_floor
2025-07-16,GRASIM,EXIT,exposure_floor
2025-07-16,HCLTECH,EXIT,exposure_floor
2025-07-16,HDFCLIFE,REDUCE,exposure_floor
2025-07-16,HINDUNILVR,EXIT,exposure_floor
2025-07-16,ICICIBANK,REDUCE,exposure_floor
2025-07-16,LT,REDUCE,exposure_floor
2025-07-16,MARUTI,REDUCE,exposure_floor
2025-07-16,NESTLEIND,EXIT,exposure_floor
2025-07-16,POWERGRID,EXIT,exposure_floor
2025-07-16,SUNPHARMA,EXIT,exposure_floor
2025-07-16,TATACONSUM,REDUCE,exposure_floor
2025-07-16,TECHM,REDUCE,exposure_floor
2025-07-16,TITAN,EXIT,exposure_floor
2025-07-16,TRENT,EXIT,exposure_floor
2025-07-17,AXISBANK,REDUCE,exposure_floor
2025-07-17,BAJAJFINSV,REDUCE,exposure_floor
2025-07-17,CIPLA,EXIT,exposure_floor
2025-07-17,EICHERMOT,REDUCE,exposure_floor
2025-07-17,GRASIM,EXIT,exposure_floor
2025-07-17,HCLTECH,EXIT,exposure_floor
2025-07-17,HDFCLIFE,REDUCE,exposure_floor
2025-07-17,ICICIBANK,REDUCE,exposure_floor
2025-07-17,LT,EXIT,exposure_floor
2025-07-17,MARUTI,REDUCE,exposure_floor
2025-07-17,NESTLEIND,EXIT,exposure_floor
2025-07-17,POWERGRID,EXIT,exposure_floor
2025-07-17,SUNPHARMA,EXIT,exposure_floor
2025-07-17,TATACONSUM,REDUCE,exposure_floor
2025-07-17,TECHM,EXIT,exposure_floor
2025-07-17,TITAN,EXIT,exposure_floor
2025-07-17,TRENT,EXIT,exposure_floor
2025-07-18,ADANIENT,EXIT,exposure_floor
2025-07-18,AXISBANK,EXIT,exposure_floor
2025-07-18,BAJAJFINSV,REDUCE,exposure_floor
2025-07-18,CIPLA,EXIT,exposure_floor
2025-07-18,EICHERMOT,REDUCE,exposure_floor
2025-07-18,GRASIM,EXIT,exposure_floor
2025-07-18,HCLTECH,EXIT,exposure_floor
2025-07-18,HDFCLIFE,REDUCE,exposure_floor
2025-07-18,HINDUNILVR,EXIT,exposure_floor
2025-07-18,ICICIBANK,REDUCE,exposure_floor
2025-07-18,LT,EXIT,exposure_floor
2025-07-18,MARUTI,REDUCE,exposure_floor
2025-07-18,NESTLEIND,EXIT,exposure_floor
2025-07-18,POWERGRID,EXIT,exposure_floor
2025-07-18,SBILIFE,REDUCE,exposure_floor
2025-07-18,SUNPHARMA,EXIT,exposure_floor
2025-07-18,TATACONSUM,REDUCE,exposure_floor
2025-07-18,TECHM,EXIT,exposure_floor
2025-07-18,TITAN,EXIT,exposure_floor
2025-07-18,TRENT,EXIT,exposure_floor
2025-07-21,AXISBANK,EXIT,exposure_floor
2025-07-21,BAJAJFINSV,REDUCE,exposure_floor
2025-07-21,CIPLA,EXIT,exposure_floor
2025-07-21,EICHERMOT,REDUCE,exposure_floor
2025-07-21,GRASIM,EXIT,exposure_floor
2025-07-21,HCLTECH,EXIT,exposure_floor
2025-07-21,HDFCLIFE,REDUCE,exposure_floor
2025-07-21,ICICIBANK,REDUCE,exposure_floor
2025-07-21,LT,EXIT,exposure_floor
2025-07-21,MARUTI,REDUCE,exposure_floor
2025-07-21,NESTLEIND,REDUCE,exposure_floor
2025-07-21,POWERGRID,EXIT,exposure_floor
2025-07-21,RELIANCE,REDUCE,exposure_floor
2025-07-21,SBILIFE,REDUCE,exposure_floor
2025-07-21,SHRIRAMFIN,REDUCE,exposure_floor
2025-07-21,SUNPHARMA,EXIT,exposure_floor
2025-07-21,TATACONSUM,REDUCE,exposure_floor
2025-07-21,TECHM,EXIT,exposure_floor
2025-07-21,TITAN,EXIT,exposure_floor
2025-07-21,TRENT,EXIT,exposure_floor
2025-07-22,ADANIENT,EXIT,exposure_floor
2025-07-22,AXISBANK,EXIT,exposure_floor
2025-07-22,BAJAJFINSV,REDUCE,exposure_floor
2025-07-22,CIPLA,EXIT,exposure_floor
2025-07-22,DRREDDY,REDUCE,exposure_floor
2025-07-22,EICHERMOT,REDUCE,exposure_floor
2025-07-22,GRASIM,EXIT,exposure_floor
2025-07-22,HCLTECH,EXIT,exposure_floor
2025-07-22,HDFCLIFE,REDUCE,exposure_floor
2025-07-22,HINDUNILVR,EXIT,exposure_floor
2025-07-22,ICICIBANK,REDUCE,exposure_floor
2025-07-22,LT,EXIT,exposure_floor
2025-07-22,MARUTI,REDUCE,exposure_floor
2025-07-22,NESTLEIND,REDUCE,exposure_floor
2025-07-22,POWERGRID,EXIT,exposure_floor
2025-07-22,RELIANCE,REDUCE,exposure_floor
2025-07-22,SBILIFE,REDUCE,exposure_floor
2025-07-22,SHRIRAMFIN,REDUCE,exposure_floor
2025-07-22,SUNPHARMA,EXIT,exposure_floor
2025-07-22,TATACONSUM,REDUCE,exposure_floor
2025-07-22,TECHM,EXIT,exposure_floor
2025-07-22,TITAN,EXIT,exposure_floor
2025-07-22,TRENT,EXIT,exposure_floor
2025-07-23,AXISBANK,EXIT,exposure_floor
2025-07-23,BAJAJFINSV,REDUCE,exposure_floor
2025-07-23,CIPLA,EXIT,exposure_floor
2025-07-23,DRREDDY,REDUCE,exposure_floor
2025-07-23,EICHERMOT,REDUCE,exposure_floor
2025-07-23,GRASIM,EXIT,exposure_floor
2025-07-23,HCLTECH,EXIT,exposure_floor
2025-07-23,HDFCLIFE,REDUCE,exposure_floor
2025-07-23,LT,EXIT,exposure_floor
2025-07-23,MARUTI,REDUCE,exposure_floor
2025-07-23,NESTLEIND,REDUCE,exposure_floor
2025-07-23,POWERGRID,EXIT,exposure_floor
2025-07-23,RELIANCE,REDUCE,exposure_floor
2025-07-23,SBILIFE,REDUCE,exposure_floor
2025-07-23,SHRIRAMFIN,REDUCE,exposure_floor
2025-07-23,SUNPHARMA,EXIT,exposure_floor
2025-07-23,TATACONSUM,REDUCE,exposure_floor
2025-07-23,TECHM,EXIT,exposure_floor
2025-07-23,TITAN,EXIT,exposure_floor
2025-07-23,TRENT,EXIT,exposure_floor
2025-07-24,ADANIENT,EXIT,exposure_floor
2025-07-24,ADANIPORTS,REDUCE,exposure_floor
2025-07-24,AXISBANK,EXIT,exposure_floor
2025-07-24,BAJAJFINSV,REDUCE,exposure_floor
2025-07-24,CIPLA,EXIT,exposure_floor
2025-07-24,DRREDDY,REDUCE,exposure_floor
2025-07-24,EICHERMOT,REDUCE,exposure_floor
2025-07-24,GRASIM,EXIT,exposure_floor
2025-07-24,HCLTECH,EXIT,exposure_floor
2025-07-24,HDFCLIFE,REDUCE,exposure_floor
2025-07-24,HINDUNILVR,EXIT,exposure_floor
2025-07-24,LT,EXIT,exposure_floor
2025-07-24,MARUTI,REDUCE,exposure_floor
2025-07-24,NESTLEIND,REDUCE,exposure_floor
2025-07-24,POWERGRID,EXIT,exposure_floor
2025-07-24,RELIANCE,REDUCE,exposure_floor
2025-07-24,SBILIFE,REDUCE,exposure_floor
2025-07-24,SHRIRAMFIN,REDUCE,exposure_floor
2025-07-24,SUNPHARMA,EXIT,exposure_floor
2025-07-24,TATACONSUM,REDUCE,exposure_floor
2025-07-24,TECHM,EXIT,exposure_floor
2025-07-24,TITAN,EXIT,exposure_floor
2025-07-24,TRENT,EXIT,exposure_floor
2025-07-25,ADANIENT,EXIT,exposure_floor
2025-07-25,ADANIPORTS,REDUCE,exposure_floor
2025-07-25,AXISBANK,EXIT,exposure_floor
2025-07-25,BAJFINANCE,REDUCE,exposure_floor
2025-07-25,BAJAJFINSV,REDUCE,exposure_floor
2025-07-25,EICHERMOT,REDUCE,exposure_floor
2025-07-25,GRASIM,EXIT,exposure_floor
2025-07-25,HCLTECH,EXIT,exposure_floor
2025-07-25,HDFCLIFE,REDUCE,exposure_floor
2025-07-25,LT,EXIT,exposure_floor
2025-07-25,MARUTI,REDUCE,exposure_floor
2025-07-25,NESTLEIND,EXIT,exposure_floor
2025-07-25,POWERGRID,EXIT,exposure_floor
2025-07-25,RELIANCE,REDUCE,exposure_floor
2025-07-25,SHRIRAMFIN,EXIT,exposure_floor
2025-07-25,SUNPHARMA,EXIT,exposure_floor
2025-07-25,TATACONSUM,REDUCE,exposure_floor
2025-07-25,TECHM,EXIT,exposure_floor
2025-07-25,TITAN,EXIT,exposure_floor
2025-07-25,TRENT,EXIT,exposure_floor
2025-07-28,ADANIENT,EXIT,exposure_floor
2025-07-28,ADANIPORTS,REDUCE,exposure_floor
2025-07-28,AXISBANK,EXIT,exposure_floor
2025-07-28,BAJFINANCE,REDUCE,exposure_floor
2025-07-28,BAJAJFINSV,REDUCE,exposure_floor
2025-07-28,EICHERMOT,REDUCE,exposure_floor
2025-07-28,GRASIM,REDUCE,exposure_floor
2025-07-28,HCLTECH,EXIT,exposure_floor
2025-07-28,HDFCLIFE,REDUCE,exposure_floor
2025-07-28,HINDUNILVR,EXIT,exposure_floor
2025-07-28,KOTAKBANK,REDUCE,exposure_floor
2025-07-28,LT,EXIT,exposure_floor
2025-07-28,MARUTI,REDUCE,exposure_floor
2025-07-28,NESTLEIND,EXIT,exposure_floor
2025-07-28,POWERGRID,EXIT,exposure_floor
2025-07-28,RELIANCE,REDUCE,exposure_floor
2025-07-28,SHRIRAMFIN,EXIT,exposure_floor
2025-07-28,SUNPHARMA,EXIT,exposure_floor
2025-07-28,TATACONSUM,REDUCE,exposure_floor
2025-07-28,TECHM,EXIT,exposure_floor
2025-07-28,TITAN,EXIT,exposure_floor
2025-07-28,TRENT,EXIT,exposure_floor
2025-07-29,ADANIENT,EXIT,exposure_floor
2025-07-29,ADANIPORTS,REDUCE,exposure_floor
2025-07-29,AXISBANK,EXIT,exposure_floor
2025-07-29,BAJFINANCE,REDUCE,exposure_floor
2025-07-29,BAJAJFINSV,REDUCE,exposure_floor
2025-07-29,EICHERMOT,REDUCE,exposure_floor
2025-07-29,GRASIM,REDUCE,exposure_floor
2025-07-29,HCLTECH,EXIT,exposure_floor
2025-07-29,HDFCLIFE,REDUCE,exposure_floor
2025-07-29,KOTAKBANK,REDUCE,exposure_floor
2025-07-29,LT,EXIT,exposure_floor
2025-07-29,MARUTI,REDUCE,exposure_floor
2025-07-29,NESTLEIND,EXIT,exposure_floor
2025-07-29,POWERGRID,EXIT,exposure_floor
2025-07-29,RELIANCE,REDUCE,exposure_floor
2025-07-29,SHRIRAMFIN,EXIT,exposure_floor
2025-07-29,SBIN,REDUCE,exposure_floor
2025-07-29,SUNPHARMA,EXIT,exposure_floor
2025-07-29,TATACONSUM,REDUCE,exposure_floor
2025-07-29,TECHM,EXIT,exposure_floor
2025-07-29,TITAN,EXIT,exposure_floor
2025-07-29,TRENT,EXIT,exposure_floor
2025-07-30,ADANIENT,EXIT,exposure_floor
2025-07-30,ADANIPORTS,REDUCE,exposure_floor
2025-07-30,ASIANPAINT,EXIT,exposure_floor
2025-07-30,AXISBANK,EXIT,exposure_floor
2025-07-30,BAJFINANCE,REDUCE,exposure_floor
2025-07-30,BAJAJFINSV,REDUCE,exposure_floor
2025-07-30,BEL,REDUCE,exposure_floor
2025-07-30,EICHERMOT,REDUCE,exposure_floor
2025-07-30,HCLTECH,EXIT,exposure_floor
2025-07-30,HDFCLIFE,REDUCE,exposure_floor
2025-07-30,HINDUNILVR,EXIT,exposure_floor
2025-07-30,KOTAKBANK,EXIT,exposure_floor
2025-07-30,LT,REDUCE,exposure_floor
2025-07-30,MARUTI,REDUCE,exposure_floor
2025-07-30,NESTLEIND,EXIT,exposure_floor
2025-07-30,POWERGRID,EXIT,exposure_floor
2025-07-30,RELIANCE,REDUCE,exposure_floor
2025-07-30,SHRIRAMFIN,EXIT,exposure_floor
2025-07-30,SBIN,REDUCE,exposure_floor
2025-07-30,SUNPHARMA,EXIT,exposure_floor
2025-07-30,TATACONSUM,REDUCE,exposure_floor
2025-07-30,TECHM,EXIT,exposure_floor
2025-07-30,TITAN,EXIT,exposure_floor
2025-07-30,TRENT,EXIT,exposure_floor
2025-07-31,ADANIENT,EXIT,exposure_floor
2025-07-31,ADANIPORTS,REDUCE,exposure_floor
2025-07-31,AXISBANK,EXIT,exposure_floor
2025-07-31,BAJFINANCE,REDUCE,exposure_floor
2025-07-31,BAJAJFINSV,REDUCE,exposure_floor
2025-07-31,BEL,REDUCE,exposure_floor
2025-07-31,EICHERMOT,REDUCE,exposure_floor
2025-07-31,HCLTECH,EXIT,exposure_floor
2025-07-31,HDFCLIFE,REDUCE,exposure_floor
2025-07-31,KOTAKBANK,EXIT,exposure_floor
2025-07-31,MARUTI,REDUCE,exposure_floor
2025-07-31,NESTLEIND,EXIT,exposure_floor
2025-07-31,POWERGRID,EXIT,exposure_floor
2025-07-31,RELIANCE,REDUCE,exposure_floor
2025-07-31,SHRIRAMFIN,EXIT,exposure_floor
2025-07-31,SBIN,REDUCE,exposure_floor
2025-07-31,SUNPHARMA,EXIT,exposure_floor
2025-07-31,TATACONSUM,REDUCE,exposure_floor
2025-07-31,TATASTEEL,REDUCE,exposure_floor
2025-07-31,TECHM,EXIT,exposure_floor
2025-07-31,TITAN,EXIT,exposure_floor
2025-07-31,TRENT,EXIT,exposure_floor
2025-08-01,ADANIENT,EXIT,exposure_floor
2025-08-01,ADANIPORTS,REDUCE,exposure_floor
2025-08-01,ASIANPAINT,EXIT,exposure_floor
2025-08-01,AXISBANK,EXIT,exposure_floor
2025-08-01,BAJFINANCE,REDUCE,exposure_floor
2025-08-01,BAJAJFINSV,REDUCE,exposure_floor
2025-08-01,BEL,REDUCE,exposure_floor
2025-08-01,DRREDDY,EXIT,exposure_floor
2025-08-01,HCLTECH,EXIT,exposure_floor
2025-08-01,HDFCLIFE,REDUCE,exposure_floor
2025-08-01,KOTAKBANK,EXIT,exposure_floor
2025-08-01,MARUTI,REDUCE,exposure_floor
2025-08-01,NESTLEIND,EXIT,exposure_floor
2025-08-01,POWERGRID,EXIT,exposure_floor
2025-08-01,RELIANCE,REDUCE,exposure_floor
2025-08-01,SHRIRAMFIN,EXIT,exposure_floor
2025-08-01,SBIN,REDUCE,exposure_floor
2025-08-01,SUNPHARMA,EXIT,exposure_floor
2025-08-01,TATACONSUM,REDUCE,exposure_floor
2025-08-01,TATASTEEL,REDUCE,exposure_floor
2025-08-01,TECHM,EXIT,exposure_floor
2025-08-01,TITAN,EXIT,exposure_floor
2025-08-01,TRENT,EXIT,exposure_floor
2025-08-04,ADANIENT,EXIT,exposure_floor
2025-08-04,ADANIPORTS,REDUCE,exposure_floor
2025-08-04,AXISBANK,EXIT,exposure_floor
2025-08-04,BAJFINANCE,REDUCE,exposure_floor
2025-08-04,BAJAJFINSV,REDUCE,exposure_floor
2025-08-04,BEL,REDUCE,exposure_floor
2025-08-04,DRREDDY,EXIT,exposure_floor
2025-08-04,HCLTECH,EXIT,exposure_floor
2025-08-04,HDFCLIFE,REDUCE,exposure_floor
2025-08-04,KOTAKBANK,EXIT,exposure_floor
2025-08-04,MARUTI,REDUCE,exposure_floor
2025-08-04,NESTLEIND,EXIT,exposure_floor
2025-08-04,POWERGRID,EXIT,exposure_floor
2025-08-04,RELIANCE,REDUCE,exposure_floor
2025-08-04,SHRIRAMFIN,EXIT,exposure_floor
2025-08-04,SBIN,REDUCE,exposure_floor
2025-08-04,SUNPHARMA,EXIT,exposure_floor
2025-08-04,TATACONSUM,REDUCE,exposure_floor
2025-08-04,TECHM,EXIT,exposure_floor
2025-08-04,TITAN,EXIT,exposure_floor
2025-08-04,TRENT,EXIT,exposure_floor
2025-08-05,ADANIENT,EXIT,exposure_floor
2025-08-05,ADANIPORTS,REDUCE,exposure_floor
2025-08-05,ASIANPAINT,EXIT,exposure_floor
2025-08-05,AXISBANK,EXIT,exposure_floor
2025-08-05,BAJFINANCE,REDUCE,exposure_floor
2025-08-05,BAJAJFINSV,REDUCE,exposure_floor
2025-08-05,BEL,REDUCE,exposure_floor
2025-08-05,DRREDDY,EXIT,exposure_floor
2025-08-05,HCLTECH,EXIT,exposure_floor
2025-08-05,HDFCLIFE,REDUCE,exposure_floor
2025-08-05,KOTAKBANK,EXIT,exposure_floor
2025-08-05,NESTLEIND,EXIT,exposure_floor
2025-08-05,POWERGRID,EXIT,exposure_floor
2025-08-05,RELIANCE,REDUCE,exposure_floor
2025-08-05,SHRIRAMFIN,EXIT,exposure_floor
2025-08-05,SBIN,REDUCE,exposure_floor
2025-08-05,SUNPHARMA,EXIT,exposure_floor
2025-08-05,TATACONSUM,REDUCE,exposure_floor
2025-08-05,TECHM,EXIT,exposure_floor
2025-08-05,TITAN,EXIT,exposure_floor
2025-08-05,TRENT,EXIT,exposure_floor
2025-08-06,ADANIENT,EXIT,exposure_floor
2025-08-06,ADANIPORTS,REDUCE,exposure_floor
2025-08-06,AXISBANK,EXIT,exposure_floor
2025-08-06,BAJFINANCE,REDUCE,exposure_floor
2025-08-06,BAJAJFINSV,REDUCE,exposure_floor
2025-08-06,BEL,REDUCE,exposure_floor
2025-08-06,DRREDDY,EXIT,exposure_floor
2025-08-06,HCLTECH,EXIT,exposure_floor
2025-08-06,HDFCLIFE,REDUCE,exposure_floor
2025-08-06,KOTAKBANK,EXIT,exposure_floor
2025-08-06,NESTLEIND,EXIT,exposure_floor
2025-08-06,POWERGRID,EXIT,exposure_floor
2025-08-06,RELIANCE,REDUCE,exposure_floor
2025-08-06,SHRIRAMFIN,EXIT,exposure_floor
2025-08-06,SBIN,REDUCE,exposure_floor
2025-08-06,SUNPHARMA,EXIT,exposure_floor
2025-08-06,TATACONSUM,REDUCE,exposure_floor
2025-08-06,TECHM,EXIT,exposure_floor
2025-08-06,TITAN,EXIT,exposure_floor
2025-08-06,TRENT,EXIT,exposure_floor
2025-08-07,ADANIENT,EXIT,exposure_floor
2025-08-07,ADANIPORTS,REDUCE,exposure_floor
2025-08-07,ASIANPAINT,EXIT,exposure_floor
2025-08-07,AXISBANK,EXIT,exposure_floor
2025-08-07,BAJFINANCE,REDUCE,exposure_floor
2025-08-07,BAJAJFINSV,REDUCE,exposure_floor
2025-08-07,BEL,REDUCE,exposure_floor
2025-08-07,DRREDDY,EXIT,exposure_floor
2025-08-07,HCLTECH,EXIT,exposure_floor
2025-08-07,HDFCLIFE,REDUCE,exposure_floor
2025-08-07,HINDUNILVR,EXIT,exposure_floor
2025-08-07,ICICIBANK,REDUCE,exposure_floor
2025-08-07,KOTAKBANK,EXIT,exposure_floor
2025-08-07,NESTLEIND,EXIT,exposure_floor
2025-08-07,POWERGRID,EXIT,exposure_floor
2025-08-07,RELIANCE,REDUCE,exposure_floor
2025-08-07,SHRIRAMFIN,EXIT,exposure_floor
2025-08-07,SBIN,REDUCE,exposure_floor
2025-08-07,SUNPHARMA,EXIT,exposure_floor
2025-08-07,TATACONSUM,REDUCE,exposure_floor
2025-08-07,TECHM,EXIT,exposure_floor
2025-08-07,TITAN,EXIT,exposure_floor
2025-08-07,TRENT,EXIT,exposure_floor
2025-08-08,ADANIENT,EXIT,exposure_floor
2025-08-08,ADANIPORTS,REDUCE,exposure_floor
2025-08-08,AXISBANK,EXIT,exposure_floor
2025-08-08,BAJFINANCE,REDUCE,exposure_floor
2025-08-08,BAJAJFINSV,REDUCE,exposure_floor
2025-08-08,BEL,REDUCE,exposure_floor
2025-08-08,DRREDDY,EXIT,exposure_floor
2025-08-08,HCLTECH,EXIT,exposure_floor
2025-08-08,HDFCLIFE,REDUCE,exposure_floor
2025-08-08,HINDUNILVR,REDUCE,exposure_floor
2025-08-08,ICICIBANK,REDUCE,exposure_floor
2025-08-08,KOTAKBANK,EXIT,exposure_floor
2025-08-08,NESTLEIND,EXIT,exposure_floor
2025-08-08,POWERGRID,EXIT,exposure_floor
2025-08-08,RELIANCE,REDUCE,exposure_floor
2025-08-08,SHRIRAMFIN,EXIT,exposure_floor
2025-08-08,SBIN,REDUCE,exposure_floor
2025-08-08,SUNPHARMA,EXIT,exposure_floor
2025-08-08,TATACONSUM,REDUCE,exposure_floor
2025-08-08,TECHM,EXIT,exposure_floor
2025-08-08,TITAN,EXIT,exposure_floor
2025-08-08,TRENT,EXIT,exposure_floor
2025-08-11,ADANIENT,EXIT,exposure_floor
2025-08-11,ADANIPORTS,REDUCE,exposure_floor
2025-08-11,ASIANPAINT,EXIT,exposure_floor
2025-08-11,AXISBANK,EXIT,exposure_floor
2025-08-11,BAJFINANCE,REDUCE,exposure_floor
2025-08-11,BAJAJFINSV,REDUCE,exposure_floor
2025-08-11,BEL,REDUCE,exposure_floor
2025-08-11,DRREDDY,EXIT,exposure_floor
2025-08-11,HCLTECH,EXIT,exposure_floor
2025-08-11,HDFCLIFE,REDUCE,exposure_floor
2025-08-11,ICICIBANK,REDUCE,exposure_floor
2025-08-11,KOTAKBANK,EXIT,exposure_floor
2025-08-11,NESTLEIND,EXIT,exposure_floor
2025-08-11,POWERGRID,EXIT,exposure_floor
2025-08-11,RELIANCE,REDUCE,exposure_floor
2025-08-11,SHRIRAMFIN,EXIT,exposure_floor
2025-08-11,SUNPHARMA,EXIT,exposure_floor
2025-08-11,TATACONSUM,REDUCE,exposure_floor
2025-08-11,TECHM,EXIT,exposure_floor
2025-08-11,TITAN,EXIT,exposure_floor
2025-08-11,TRENT,EXIT,exposure_floor
2025-08-12,ADANIENT,EXIT,exposure_floor
2025-08-12,ADANIPORTS,REDUCE,exposure_floor
2025-08-12,AXISBANK,EXIT,exposure_floor
2025-08-12,BAJFINANCE,REDUCE,exposure_floor
2025-08-12,BAJAJFINSV,REDUCE,exposure_floor
2025-08-12,BEL,REDUCE,exposure_floor
2025-08-12,DRREDDY,EXIT,exposure_floor
2025-08-12,HCLTECH,EXIT,exposure_floor
2025-08-12,HDFCLIFE,REDUCE,exposure_floor
2025-08-12,HINDUNILVR,EXIT,exposure_floor
2025-08-12,ICICIBANK,REDUCE,exposure_floor
2025-08-12,KOTAKBANK,EXIT,exposure_floor
2025-08-12,NESTLEIND,EXIT,exposure_floor
2025-08-12,POWERGRID,EXIT,exposure_floor
2025-08-12,RELIANCE,REDUCE,exposure_floor
2025-08-12,SHRIRAMFIN,EXIT,exposure_floor
2025-08-12,SUNPHARMA,EXIT,exposure_floor
2025-08-12,TATACONSUM,REDUCE,exposure_floor
2025-08-12,TECHM,EXIT,exposure_floor
2025-08-12,TITAN,EXIT,exposure_floor
2025-08-12,TRENT,EXIT,exposure_floor
2025-08-13,ADANIENT,EXIT,exposure_floor
2025-08-13,ADANIPORTS,REDUCE,exposure_floor
2025-08-13,ASIANPAINT,EXIT,exposure_floor
2025-08-13,AXISBANK,EXIT,exposure_floor
2025-08-13,BAJFINANCE,REDUCE,exposure_floor
2025-08-13,BAJAJFINSV,REDUCE,exposure_floor
2025-08-13,BEL,REDUCE,exposure_floor
2025-08-13,COALINDIA,EXIT,exposure_floor
2025-08-13,DRREDDY,EXIT,exposure_floor
2025-08-13,HCLTECH,EXIT,exposure_floor
2025-08-13,HINDUNILVR,REDUCE,exposure_floor
2025-08-13,ICICIBANK,REDUCE,exposure_floor
2025-08-13,KOTAKBANK,EXIT,exposure_floor
2025-08-13,NESTLEIND,EXIT,exposure_floor
2025-08-13,POWERGRID,EXIT,exposure_floor
2025-08-13,RELIANCE,REDUCE,exposure_floor
2025-08-13,SHRIRAMFIN,EXIT,exposure_floor
2025-08-13,SUNPHARMA,EXIT,exposure_floor
2025-08-13,TATACONSUM,REDUCE,exposure_floor
2025-08-13,TECHM,EXIT,exposure_floor
2025-08-13,TITAN,EXIT,exposure_floor
2025-08-13,TRENT,EXIT,exposure_floor
2025-08-14,ADANIENT,EXIT,exposure_floor
2025-08-14,ADANIPORTS,REDUCE,exposure_floor
2025-08-14,AXISBANK,EXIT,exposure_floor
2025-08-14,BAJFINANCE,REDUCE,exposure_floor
2025-08-14,BAJAJFINSV,REDUCE,exposure_floor
2025-08-14,BEL,REDUCE,exposure_floor
2025-08-14,COALINDIA,EXIT,exposure_floor
2025-08-14,DRREDDY,EXIT,exposure_floor
2025-08-14,HCLTECH,EXIT,exposure_floor
2025-08-14,HINDUNILVR,EXIT,exposure_floor
2025-08-14,ICICIBANK,REDUCE,exposure_floor
2025-08-14,KOTAKBANK,EXIT,exposure_floor
2025-08-14,NESTLEIND,EXIT,exposure_floor
2025-08-14,POWERGRID,EXIT,exposure_floor
2025-08-14,RELIANCE,REDUCE,exposure_floor
2025-08-14,SHRIRAMFIN,EXIT,exposure_floor
2025-08-14,SUNPHARMA,EXIT,exposure_floor
2025-08-14,TATACONSUM,REDUCE,exposure_floor
2025-08-14,TECHM,EXIT,exposure_floor
2025-08-14,TITAN,REDUCE,exposure_floor
2025-08-14,TRENT,EXIT,exposure_floor
2025-08-18,ADANIENT,EXIT,exposure_floor
2025-08-18,ADANIPORTS,REDUCE,exposure_floor
2025-08-18,ASIANPAINT,EXIT,exposure_floor
2025-08-18,AXISBANK,EXIT,exposure_floor
2025-08-18,BAJFINANCE,REDUCE,exposure_floor
2025-08-18,BAJAJFINSV,REDUCE,exposure_floor
2025-08-18,BEL,REDUCE,exposure_floor
2025-08-18,COALINDIA,EXIT,exposure_floor
2025-08-18,DRREDDY,EXIT,exposure_floor
2025-08-18,HCLTECH,EXIT,exposure_floor
2025-08-18,HINDUNILVR,REDUCE,exposure_floor
2025-08-18,KOTAKBANK,EXIT,exposure_floor
2025-08-18,NESTLEIND,EXIT,exposure_floor
2025-08-18,POWERGRID,EXIT,exposure_floor
2025-08-18,RELIANCE,REDUCE,exposure_floor
2025-08-18,SHRIRAMFIN,EXIT,exposure_floor
2025-08-18,SUNPHARMA,EXIT,exposure_floor
2025-08-18,TATACONSUM,REDUCE,exposure_floor
2025-08-18,TECHM,EXIT,exposure_floor
2025-08-18,TRENT,EXIT,exposure_floor
2025-08-19,ADANIENT,EXIT,exposure_floor
2025-08-19,ADANIPORTS,REDUCE,exposure_floor
2025-08-19,AXISBANK,EXIT,exposure_floor
2025-08-19,BAJAJ-AUTO,EXIT,exposure_floor
2025-08-19,BAJFINANCE,REDUCE,exposure_floor
2025-08-19,BAJAJFINSV,REDUCE,exposure_floor
2025-08-19,BEL,REDUCE,exposure_floor
2025-08-19,COALINDIA,EXIT,exposure_floor
2025-08-19,DRREDDY,EXIT,exposure_floor
2025-08-19,HCLTECH,EXIT,exposure_floor
2025-08-19,KOTAKBANK,EXIT,exposure_floor
2025-08-19,NESTLEIND,EXIT,exposure_floor
2025-08-19,POWERGRID,EXIT,exposure_floor
2025-08-19,RELIANCE,REDUCE,exposure_floor
2025-08-19,SHRIRAMFIN,EXIT,exposure_floor
2025-08-19,SUNPHARMA,EXIT,exposure_floor
2025-08-19,TATACONSUM,REDUCE,exposure_floor
2025-08-19,TECHM,EXIT,exposure_floor
2025-08-19,TRENT,EXIT,exposure_floor
2025-08-20,ADANIENT,EXIT,exposure_floor
2025-08-20,ADANIPORTS,REDUCE,exposure_floor
2025-08-20,ASIANPAINT,EXIT,exposure_floor
2025-08-20,AXISBANK,EXIT,exposure_floor
2025-08-20,BAJFINANCE,REDUCE,exposure_floor
2025-08-20,BAJAJFINSV,REDUCE,exposure_floor
2025-08-20,BEL,REDUCE,exposure_floor
2025-08-20,COALINDIA,EXIT,exposure_floor
2025-08-20,DRREDDY,EXIT,exposure_floor
2025-08-20,HCLTECH,EXIT,exposure_floor
2025-08-20,KOTAKBANK,EXIT,exposure_floor
2025-08-20,NESTLEIND,EXIT,exposure_floor
2025-08-20,POWERGRID,EXIT,exposure_floor
2025-08-20,RELIANCE,REDUCE,exposure_floor
2025-08-20,SHRIRAMFIN,EXIT,exposure_floor
2025-08-20,SUNPHARMA,EXIT,exposure_floor
2025-08-20,TATACONSUM,REDUCE,exposure_floor
2025-08-20,TECHM,EXIT,exposure_floor
2025-08-20,TRENT,EXIT,exposure_floor
2025-08-21,ADANIENT,EXIT,exposure_floor
2025-08-21,ADANIPORTS,REDUCE,exposure_floor
2025-08-21,AXISBANK,EXIT,exposure_floor
2025-08-21,BAJAJ-AUTO,EXIT,exposure_floor
2025-08-21,BAJFINANCE,REDUCE,exposure_floor
2025-08-21,BAJAJFINSV,REDUCE,exposure_floor
2025-08-21,BEL,REDUCE,exposure_floor
2025-08-21,COALINDIA,EXIT,exposure_floor
2025-08-21,DRREDDY,EXIT,exposure_floor
2025-08-21,HCLTECH,EXIT,exposure_floor
2025-08-21,KOTAKBANK,EXIT,exposure_floor
2025-08-21,NTPC,EXIT,exposure_floor
2025-08-21,NESTLEIND,EXIT,exposure_floor
2025-08-21,POWERGRID,EXIT,exposure_floor
2025-08-21,RELIANCE,REDUCE,exposure_floor
2025-08-21,SHRIRAMFIN,EXIT,exposure_floor
2025-08-21,SUNPHARMA,EXIT,exposure_floor
2025-08-21,TATACONSUM,REDUCE,exposure_floor
2025-08-21,TECHM,EXIT,exposure_floor
2025-08-21,TRENT,EXIT,exposure_floor
2025-08-22,ADANIENT,EXIT,exposure_floor
2025-08-22,ADANIPORTS,REDUCE,exposure_floor
2025-08-22,ASIANPAINT,EXIT,exposure_floor
2025-08-22,AXISBANK,EXIT,exposure_floor
2025-08-22,BAJFINANCE,REDUCE,exposure_floor
2025-08-22,BAJAJFINSV,REDUCE,exposure_floor
2025-08-22,BEL,REDUCE,exposure_floor
2025-08-22,COALINDIA,EXIT,exposure_floor
2025-08-22,DRREDDY,EXIT,exposure_floor
2025-08-22,HCLTECH,EXIT,exposure_floor
2025-08-22,KOTAKBANK,EXIT,exposure_floor
2025-08-22,NTPC,EXIT,exposure_floor
2025-08-22,NESTLEIND,EXIT,exposure_floor
2025-08-22,POWERGRID,EXIT,exposure_floor
2025-08-22,RELIANCE,REDUCE,exposure_floor
2025-08-22,SHRIRAMFIN,EXIT,exposure_floor
2025-08-22,SUNPHARMA,EXIT,exposure_floor
2025-08-22,TECHM,EXIT,exposure_floor
2025-08-22,TRENT,EXIT,exposure_floor
2025-08-25,ADANIENT,EXIT,exposure_floor
2025-08-25,ADANIPORTS,REDUCE,exposure_floor
2025-08-25,AXISBANK,EXIT,exposure_floor
2025-08-25,BAJAJ-AUTO,EXIT,exposure_floor
2025-08-25,BAJFINANCE,REDUCE,exposure_floor
2025-08-25,BAJAJFINSV,REDUCE,exposure_floor
2025-08-25,BEL,REDUCE,exposure_floor
2025-08-25,COALINDIA,EXIT,exposure_floor
2025-08-25,DRREDDY,EXIT,exposure_floor
2025-08-25,HCLTECH,EXIT,exposure_floor
2025-08-25,KOTAKBANK,EXIT,exposure_floor
2025-08-25,MAXHEALTH,REDUCE,exposure_floor
2025-08-25,NTPC,EXIT,exposure_floor
2025-08-25,NESTLEIND,EXIT,exposure_floor
2025-08-25,POWERGRID,EXIT,exposure_floor
2025-08-25,RELIANCE,REDUCE,exposure_floor
2025-08-25,SHRIRAMFIN,EXIT,exposure_floor
2025-08-25,SUNPHARMA,EXIT,exposure_floor
2025-08-25,TATACONSUM,REDUCE,exposure_floor
2025-08-25,TECHM,EXIT,exposure_floor
2025-08-25,TRENT,EXIT,exposure_floor
2025-08-26,ADANIENT,EXIT,exposure_floor
2025-08-26,ADANIPORTS,REDUCE,exposure_floor
2025-08-26,ASIANPAINT,EXIT,exposure_floor
2025-08-26,AXISBANK,EXIT,exposure_floor
2025-08-26,BAJFINANCE,REDUCE,exposure_floor
2025-08-26,BAJAJFINSV,REDUCE,exposure_floor
2025-08-26,BEL,EXIT,exposure_floor
2025-08-26,COALINDIA,EXIT,exposure_floor
2025-08-26,DRREDDY,EXIT,exposure_floor
2025-08-26,HCLTECH,EXIT,exposure_floor
2025-08-26,KOTAKBANK,EXIT,exposure_floor
2025-08-26,LT,REDUCE,exposure_floor
2025-08-26,MAXHEALTH,REDUCE,exposure_floor
2025-08-26,NTPC,EXIT,exposure_floor
2025-08-26,NESTLEIND,EXIT,exposure_floor
2025-08-26,POWERGRID,EXIT,exposure_floor
2025-08-26,RELIANCE,REDUCE,exposure_floor
2025-08-26,SHRIRAMFIN,EXIT,exposure_floor
2025-08-26,SUNPHARMA,EXIT,exposure_floor
2025-08-26,TATACONSUM,REDUCE,exposure_floor
2025-08-26,TECHM,EXIT,exposure_floor
2025-08-26,TRENT,EXIT,exposure_floor
2025-08-28,ADANIENT,EXIT,exposure_floor
2025-08-28,ADANIPORTS,REDUCE,exposure_floor
2025-08-28,AXISBANK,EXIT,exposure_floor
2025-08-28,BAJAJ-AUTO,EXIT,exposure_floor
2025-08-28,BAJFINANCE,REDUCE,exposure_floor
2025-08-28,BAJAJFINSV,REDUCE,exposure_floor
2025-08-28,BEL,EXIT,exposure_floor
2025-08-28,COALINDIA,EXIT,exposure_floor
2025-08-28,DRREDDY,EXIT,exposure_floor
2025-08-28,HCLTECH,EXIT,exposure_floor
2025-08-28,KOTAKBANK,EXIT,exposure_floor
2025-08-28,LT,REDUCE,exposure_floor
2025-08-28,MAXHEALTH,REDUCE,exposure_floor
2025-08-28,NTPC,EXIT,exposure_floor
2025-08-28,NESTLEIND,EXIT,exposure_floor
2025-08-28,POWERGRID,EXIT,exposure_floor
2025-08-28,RELIANCE,REDUCE,exposure_floor
2025-08-28,SHRIRAMFIN,EXIT,exposure_floor
2025-08-28,SUNPHARMA,EXIT,exposure_floor
2025-08-28,TATACONSUM,REDUCE,exposure_floor
2025-08-28,TECHM,EXIT,exposure_floor
2025-08-28,TRENT,EXIT,exposure_floor
2025-08-29,ADANIENT,EXIT,exposure_floor
2025-08-29,ADANIPORTS,REDUCE,exposure_floor
2025-08-29,ASIANPAINT,EXIT,exposure_floor
2025-08-29,AXISBANK,EXIT,exposure_floor
2025-08-29,BAJFINANCE,REDUCE,exposure_floor
2025-08-29,BAJAJFINSV,REDUCE,exposure_floor
2025-08-29,BEL,EXIT,exposure_floor
2025-08-29,COALINDIA,EXIT,exposure_floor
2025-08-29,DRREDDY,EXIT,exposure_floor
2025-08-29,HCLTECH,EXIT,exposure_floor
2025-08-29,KOTAKBANK,EXIT,exposure_floor
2025-08-29,MAXHEALTH,REDUCE,exposure_floor
2025-08-29,NTPC,EXIT,exposure_floor
2025-08-29,NESTLEIND,EXIT,exposure_floor
2025-08-29,POWERGRID,EXIT,exposure_floor
2025-08-29,RELIANCE,REDUCE,exposure_floor
2025-08-29,SHRIRAMFIN,EXIT,exposure_floor
2025-08-29,SUNPHARMA,EXIT,exposure_floor
2025-08-29,TATACONSUM,REDUCE,exposure_floor
2025-08-29,TECHM,EXIT,exposure_floor
2025-08-29,TRENT,EXIT,exposure_floor
2025-09-01,ADANIENT,EXIT,exposure_floor
2025-09-01,ADANIPORTS,REDUCE,exposure_floor
2025-09-01,AXISBANK,EXIT,exposure_floor
2025-09-01,BAJAJ-AUTO,EXIT,exposure_floor
2025-09-01,BAJFINANCE,REDUCE,exposure_floor
2025-09-01,BAJAJFINSV,REDUCE,exposure_floor
2025-09-01,BEL,EXIT,exposure_floor
2025-09-01,DRREDDY,EXIT,exposure_floor
2025-09-01,HCLTECH,EXIT,exposure_floor
2025-09-01,HDFCBANK,REDUCE,exposure_floor
2025-09-01,KOTAKBANK,EXIT,exposure_floor
2025-09-01,MAXHEALTH,REDUCE,exposure_floor
2025-09-01,NTPC,EXIT,exposure_floor
2025-09-01,NESTLEIND,REDUCE,exposure_floor
2025-09-01,POWERGRID,EXIT,exposure_floor
2025-09-01,RELIANCE,REDUCE,exposure_floor
2025-09-01,SHRIRAMFIN,EXIT,exposure_floor
2025-09-01,SUNPHARMA,EXIT,exposure_floor
2025-09-01,TATACONSUM,REDUCE,exposure_floor
2025-09-01,TECHM,EXIT,exposure_floor
2025-09-01,TRENT,EXIT,exposure_floor
2025-09-02,ADANIENT,EXIT,exposure_floor
2025-09-02,ADANIPORTS,REDUCE,exposure_floor
2025-09-02,ASIANPAINT,EXIT,exposure_floor
2025-09-02,AXISBANK,EXIT,exposure_floor
2025-09-02,BAJFINANCE,REDUCE,exposure_floor
2025-09-02,BAJAJFINSV,REDUCE,exposure_floor
2025-09-02,BEL,EXIT,exposure_floor
2025-09-02,BHARTIARTL,REDUCE,exposure_floor
2025-09-02,COALINDIA,EXIT,exposure_floor
2025-09-02,DRREDDY,EXIT,exposure_floor
2025-09-02,HCLTECH,EXIT,exposure_floor
2025-09-02,HDFCBANK,REDUCE,exposure_floor
2025-09-02,ICICIBANK,REDUCE,exposure_floor
2025-09-02,KOTAKBANK,EXIT,exposure_floor
2025-09-02,LT,REDUCE,exposure_floor
2025-09-02,MAXHEALTH,REDUCE,exposure_floor
2025-09-02,NTPC,EXIT,exposure_floor
2025-09-02,POWERGRID,EXIT,exposure_floor
2025-09-02,RELIANCE,REDUCE,exposure_floor
2025-09-02,SHRIRAMFIN,EXIT,exposure_floor
2025-09-02,SUNPHARMA,EXIT,exposure_floor
2025-09-02,TECHM,EXIT,exposure_floor
2025-09-02,TRENT,EXIT,exposure_floor
2025-09-03,ADANIENT,EXIT,exposure_floor
2025-09-03,ADANIPORTS,REDUCE,exposure_floor
2025-09-03,AXISBANK,EXIT,exposure_floor
2025-09-03,BAJAJ-AUTO,EXIT,exposure_floor
2025-09-03,BAJFINANCE,REDUCE,exposure_floor
2025-09-03,BAJAJFINSV,REDUCE,exposure_floor
2025-09-03,BEL,EXIT,exposure_floor
2025-09-03,BHARTIARTL,REDUCE,exposure_floor
2025-09-03,DRREDDY,EXIT,exposure_floor
2025-09-03,HCLTECH,EXIT,exposure_floor
2025-09-03,HDFCBANK,REDUCE,exposure_floor
2025-09-03,ICICIBANK,REDUCE,exposure_floor
2025-09-03,KOTAKBANK,EXIT,exposure_floor
2025-09-03,MAXHEALTH,REDUCE,exposure_floor
2025-09-03,NTPC,EXIT,exposure_floor
2025-09-03,POWERGRID,EXIT,exposure_floor
2025-09-03,RELIANCE,REDUCE,exposure_floor
2025-09-03,SHRIRAMFIN,EXIT,exposure_floor
2025-09-03,SUNPHARMA,EXIT,exposure_floor
2025-09-03,TECHM,EXIT,exposure_floor
2025-09-03,TRENT,EXIT,exposure_floor
2025-09-04,ADANIENT,EXIT,exposure_floor
2025-09-04,ADANIPORTS,REDUCE,exposure_floor
2025-09-04,ASIANPAINT,EXIT,exposure_floor
2025-09-04,AXISBANK,EXIT,exposure_floor
2025-09-04,BEL,EXIT,exposure_floor
2025-09-04,BHARTIARTL,REDUCE,exposure_floor
2025-09-04,COALINDIA,EXIT,exposure_floor
2025-09-04,DRREDDY,EXIT,exposure_floor
2025-09-04,HCLTECH,EXIT,exposure_floor
2025-09-04,HDFCBANK,REDUCE,exposure_floor
2025-09-04,HDFCLIFE,REDUCE,exposure_floor
2025-09-04,ICICIBANK,REDUCE,exposure_floor
2025-09-04,KOTAKBANK,EXIT,exposure_floor
2025-09-04,MAXHEALTH,REDUCE,exposure_floor
2025-09-04,NTPC,EXIT,exposure_floor
2025-09-04,POWERGRID,EXIT,exposure_floor
2025-09-04,RELIANCE,REDUCE,exposure_floor
2025-09-04,SBILIFE,REDUCE,exposure_floor
2025-09-04,SHRIRAMFIN,EXIT,exposure_floor
2025-09-04,SUNPHARMA,EXIT,exposure_floor
2025-09-04,TATACONSUM,REDUCE,exposure_floor
2025-09-04,TECHM,EXIT,exposure_floor
2025-09-04,TRENT,EXIT,exposure_floor
2025-09-05,ADANIENT,EXIT,exposure_floor
2025-09-05,ADANIPORTS,REDUCE,exposure_floor
2025-09-05,AXISBANK,EXIT,exposure_floor
2025-09-05,BAJAJ-AUTO,EXIT,exposure_floor
2025-09-05,BEL,EXIT,exposure_floor
2025-09-05,BHARTIARTL,REDUCE,exposure_floor
2025-09-05,DRREDDY,EXIT,exposure_floor
2025-09-05,HCLTECH,EXIT,exposure_floor
2025-09-05,HDFCBANK,REDUCE,exposure_floor
2025-09-05,HDFCLIFE,REDUCE,exposure_floor
2025-09-05,ICICIBANK,REDUCE,exposure_floor
2025-09-05,KOTAKBANK,EXIT,exposure_floor
2025-09-05,MAXHEALTH,REDUCE,exposure_floor
2025-09-05,NTPC,EXIT,exposure_floor
2025-09-05,POWERGRID,EXIT,exposure_floor
2025-09-05,RELIANCE,REDUCE,exposure_floor
2025-09-05,SBILIFE,REDUCE,exposure_floor
2025-09-05,SHRIRAMFIN,EXIT,exposure_floor
2025-09-05,SUNPHARMA,EXIT,exposure_floor
2025-09-05,TATACONSUM,REDUCE,exposure_floor
2025-09-05,TECHM,EXIT,exposure_floor
2025-09-05,TRENT,EXIT,exposure_floor
2025-09-08,ADANIENT,EXIT,exposure_floor
2025-09-08,ADANIPORTS,REDUCE,exposure_floor
2025-09-08,ASIANPAINT,EXIT,exposure_floor
2025-09-08,AXISBANK,EXIT,exposure_floor
2025-09-08,BEL,EXIT,exposure_floor
2025-09-08,BHARTIARTL,REDUCE,exposure_floor
2025-09-08,COALINDIA,EXIT,exposure_floor
2025-09-08,DRREDDY,EXIT,exposure_floor
2025-09-08,HCLTECH,EXIT,exposure_floor
2025-09-08,HDFCBANK,REDUCE,exposure_floor
2025-09-08,HDFCLIFE,REDUCE,exposure_floor
2025-09-08,ICICIBANK,REDUCE,exposure_floor
2025-09-08,KOTAKBANK,EXIT,exposure_floor
2025-09-08,LT,REDUCE,exposure_floor
2025-09-08,MAXHEALTH,REDUCE,exposure_floor
2025-09-08,NTPC,EXIT,exposure_floor
2025-09-08,POWERGRID,EXIT,exposure_floor
2025-09-08,RELIANCE,REDUCE,exposure_floor
2025-09-08,SBILIFE,REDUCE,exposure_floor
2025-09-08,SHRIRAMFIN,EXIT,exposure_floor
2025-09-08,SUNPHARMA,EXIT,exposure_floor
2025-09-08,TATACONSUM,REDUCE,exposure_floor
2025-09-08,TECHM,EXIT,exposure_floor
2025-09-08,TRENT,EXIT,exposure_floor
2025-09-09,ADANIENT,EXIT,exposure_floor
2025-09-09,ADANIPORTS,REDUCE,exposure_floor
2025-09-09,AXISBANK,EXIT,exposure_floor
2025-09-09,BAJAJ-AUTO,EXIT,exposure_floor
2025-09-09,BEL,EXIT,exposure_floor
2025-09-09,BHARTIARTL,REDUCE,exposure_floor
2025-09-09,DRREDDY,REDUCE,exposure_floor
2025-09-09,HCLTECH,EXIT,exposure_floor
2025-09-09,HDFCBANK,REDUCE,exposure_floor
2025-09-09,HDFCLIFE,REDUCE,exposure_floor
2025-09-09,ICICIBANK,REDUCE,exposure_floor
2025-09-09,INDIGO,REDUCE,exposure_floor
2025-09-09,KOTAKBANK,EXIT,exposure_floor
2025-09-09,LT,REDUCE,exposure_floor
2025-09-09,MAXHEALTH,REDUCE,exposure_floor
2025-09-09,NTPC,EXIT,exposure_floor
2025-09-09,POWERGRID,EXIT,exposure_floor
2025-09-09,RELIANCE,REDUCE,exposure_floor
2025-09-09,SBILIFE,REDUCE,exposure_floor
2025-09-09,SHRIRAMFIN,EXIT,exposure_floor
2025-09-09,SUNPHARMA,EXIT,exposure_floor
2025-09-09,TATACONSUM,REDUCE,exposure_floor
2025-09-09,TECHM,EXIT,exposure_floor
2025-09-09,TRENT,EXIT,exposure_floor
2025-09-10,ADANIENT,EXIT,exposure_floor
2025-09-10,ADANIPORTS,REDUCE,exposure_floor
2025-09-10,ASIANPAINT,EXIT,exposure_floor
2025-09-10,AXISBANK,EXIT,exposure_floor
2025-09-10,BEL,EXIT,exposure_floor
2025-09-10,BHARTIARTL,REDUCE,exposure_floor
2025-09-10,COALINDIA,EXIT,exposure_floor
2025-09-10,HCLTECH,EXIT,exposure_floor
2025-09-10,HDFCBANK,REDUCE,exposure_floor
2025-09-10,HDFCLIFE,REDUCE,exposure_floor
2025-09-10,ICICIBANK,REDUCE,exposure_floor
2025-09-10,INDIGO,REDUCE,exposure_floor
2025-09-10,KOTAKBANK,EXIT,exposure_floor
2025-09-10,LT,REDUCE,exposure_floor
2025-09-10,MAXHEALTH,REDUCE,exposure_floor
2025-09-10,NTPC,EXIT,exposure_floor
2025-09-10,POWERGRID,EXIT,exposure_floor
2025-09-10,RELIANCE,REDUCE,exposure_floor
2025-09-10,SHRIRAMFIN,EXIT,exposure_floor
2025-09-10,SUNPHARMA,EXIT,exposure_floor
2025-09-10,TECHM,EXIT,exposure_floor
2025-09-10,TRENT,EXIT,exposure_floor
2025-09-11,ADANIENT,EXIT,exposure_floor
2025-09-11,ADANIPORTS,REDUCE,exposure_floor
2025-09-11,AXISBANK,EXIT,exposure_floor
2025-09-11,BAJAJ-AUTO,EXIT,exposure_floor
2025-09-11,BEL,EXIT,exposure_floor
2025-09-11,BHARTIARTL,REDUCE,exposure_floor
2025-09-11,HCLTECH,EXIT,exposure_floor
2025-09-11,HDFCBANK,REDUCE,exposure_floor
2025-09-11,HDFCLIFE,REDUCE,exposure_floor
2025-09-11,ICICIBANK,REDUCE,exposure_floor
2025-09-11,INDIGO,REDUCE,exposure_floor
2025-09-11,KOTAKBANK,EXIT,exposure_floor
2025-09-11,LT,REDUCE,exposure_floor
2025-09-11,MAXHEALTH,REDUCE,exposure_floor
2025-09-11,NTPC,EXIT,exposure_floor
2025-09-11,POWERGRID,EXIT,exposure_floor
2025-09-11,RELIANCE,REDUCE,exposure_floor
2025-09-11,SBILIFE,REDUCE,exposure_floor
2025-09-11,SHRIRAMFIN,EXIT,exposure_floor
2025-09-11,SUNPHARMA,EXIT,exposure_floor
2025-09-11,TECHM,EXIT,exposure_floor
2025-09-11,TRENT,EXIT,exposure_floor
2025-09-12,ADANIENT,EXIT,exposure_floor
2025-09-12,ADANIPORTS,REDUCE,exposure_floor
2025-09-12,ASIANPAINT,EXIT,exposure_floor
2025-09-12,AXISBANK,EXIT,exposure_floor
2025-09-12,BEL,EXIT,exposure_floor
2025-09-12,BHARTIARTL,REDUCE,exposure_floor
2025-09-12,COALINDIA,EXIT,exposure_floor
2025-09-12,HCLTECH,EXIT,exposure_floor
2025-09-12,HDFCBANK,REDUCE,exposure_floor
2025-09-12,ICICIBANK,REDUCE,exposure_floor
2025-09-12,INDIGO,REDUCE,exposure_floor
2025-09-12,KOTAKBANK,EXIT,exposure_floor
2025-09-12,MAXHEALTH,REDUCE,exposure_floor
2025-09-12,NTPC,EXIT,exposure_floor
2025-09-12,POWERGRID,EXIT,exposure_floor
2025-09-12,RELIANCE,REDUCE,exposure_floor
2025-09-12,SHRIRAMFIN,EXIT,exposure_floor
2025-09-12,SUNPHARMA,EXIT,exposure_floor
2025-09-12,TECHM,EXIT,exposure_floor
2025-09-12,TRENT,EXIT,exposure_floor
2025-09-15,ADANIENT,EXIT,exposure_floor
2025-09-15,ADANIPORTS,REDUCE,exposure_floor
2025-09-15,AXISBANK,EXIT,exposure_floor
2025-09-15,BAJAJ-AUTO,EXIT,exposure_floor
2025-09-15,BEL,EXIT,exposure_floor
2025-09-15,BHARTIARTL,REDUCE,exposure_floor
2025-09-15,HCLTECH,EXIT,exposure_floor
2025-09-15,HDFCBANK,REDUCE,exposure_floor
2025-09-15,ICICIBANK,REDUCE,exposure_floor
2025-09-15,INDIGO,REDUCE,exposure_floor
2025-09-15,KOTAKBANK,EXIT,exposure_floor
2025-09-15,MAXHEALTH,REDUCE,exposure_floor
2025-09-15,NTPC,EXIT,exposure_floor
2025-09-15,POWERGRID,EXIT,exposure_floor
2025-09-15,RELIANCE,REDUCE,exposure_floor
2025-09-15,SHRIRAMFIN,EXIT,exposure_floor
2025-09-15,SUNPHARMA,EXIT,exposure_floor
2025-09-15,TECHM,EXIT,exposure_floor
2025-09-15,TRENT,EXIT,exposure_floor
2025-09-16,ADANIENT,EXIT,exposure_floor
2025-09-16,ADANIPORTS,REDUCE,exposure_floor
2025-09-16,ASIANPAINT,EXIT,exposure_floor
2025-09-16,AXISBANK,EXIT,exposure_floor
2025-09-16,BEL,EXIT,exposure_floor
2025-09-16,BHARTIARTL,REDUCE,exposure_floor
2025-09-16,COALINDIA,EXIT,exposure_floor
2025-09-16,HCLTECH,EXIT,exposure_floor
2025-09-16,HDFCBANK,REDUCE,exposure_floor
2025-09-16,ICICIBANK,REDUCE,exposure_floor
2025-09-16,INDIGO,REDUCE,exposure_floor
2025-09-16,KOTAKBANK,EXIT,exposure_floor
2025-09-16,MAXHEALTH,REDUCE,exposure_floor
2025-09-16,POWERGRID,EXIT,exposure_floor
2025-09-16,RELIANCE,REDUCE,exposure_floor
2025-09-16,SHRIRAMFIN,EXIT,exposure_floor
2025-09-16,SUNPHARMA,EXIT,exposure_floor
2025-09-16,TECHM,EXIT,exposure_floor
2025-09-16,TRENT,EXIT,exposure_floor
2025-09-17,ADANIENT,EXIT,exposure_floor
2025-09-17,ADANIPORTS,REDUCE,exposure_floor
2025-09-17,AXISBANK,EXIT,exposure_floor
2025-09-17,BAJAJ-AUTO,EXIT,exposure_floor
2025-09-17,BEL,EXIT,exposure_floor
2025-09-17,BHARTIARTL,REDUCE,exposure_floor
2025-09-17,HCLTECH,EXIT,exposure_floor
2025-09-17,HDFCBANK,REDUCE,exposure_floor
2025-09-17,ICICIBANK,REDUCE,exposure_floor
2025-09-17,INDIGO,REDUCE,exposure_floor
2025-09-17,KOTAKBANK,EXIT,exposure_floor
2025-09-17,MAXHEALTH,REDUCE,exposure_floor
2025-09-17,NTPC,EXIT,exposure_floor
2025-09-17,POWERGRID,EXIT,exposure_floor
2025-09-17,RELIANCE,REDUCE,exposure_floor
2025-09-17,SHRIRAMFIN,EXIT,exposure_floor
2025-09-17,SUNPHARMA,EXIT,exposure_floor
2025-09-17,TECHM,EXIT,exposure_floor
2025-09-17,TRENT,EXIT,exposure_floor
2025-09-18,ADANIENT,EXIT,exposure_floor
2025-09-18,ADANIPORTS,REDUCE,exposure_floor
2025-09-18,ASIANPAINT,EXIT,exposure_floor
2025-09-18,AXISBANK,EXIT,exposure_floor
2025-09-18,BEL,EXIT,exposure_floor
2025-09-18,BHARTIARTL,REDUCE,exposure_floor
2025-09-18,COALINDIA,EXIT,exposure_floor
2025-09-18,HCLTECH,EXIT,exposure_floor
2025-09-18,HDFCBANK,REDUCE,exposure_floor
2025-09-18,ICICIBANK,REDUCE,exposure_floor
2025-09-18,INDIGO,REDUCE,exposure_floor
2025-09-18,KOTAKBANK,EXIT,exposure_floor
2025-09-18,MAXHEALTH,REDUCE,exposure_floor
2025-09-18,NTPC,EXIT,exposure_floor
2025-09-18,POWERGRID,EXIT,exposure_floor
2025-09-18,RELIANCE,REDUCE,exposure_floor
2025-09-18,SHRIRAMFIN,EXIT,exposure_floor
2025-09-18,SUNPHARMA,EXIT,exposure_floor
2025-09-18,TECHM,EXIT,exposure_floor
2025-09-18,TRENT,EXIT,exposure_floor
2025-09-19,ADANIENT,EXIT,exposure_floor
2025-09-19,ADANIPORTS,REDUCE,exposure_floor
2025-09-19,ASIANPAINT,EXIT,exposure_floor
2025-09-19,AXISBANK,EXIT,exposure_floor
2025-09-19,BAJAJ-AUTO,EXIT,exposure_floor
2025-09-19,BEL,EXIT,exposure_floor
2025-09-19,BHARTIARTL,REDUCE,exposure_floor
2025-09-19,HCLTECH,EXIT,exposure_floor
2025-09-19,HDFCBANK,REDUCE,exposure_floor
2025-09-19,ICICIBANK,REDUCE,exposure_floor
2025-09-19,INDIGO,REDUCE,exposure_floor
2025-09-19,KOTAKBANK,EXIT,exposure_floor
2025-09-19,MAXHEALTH,REDUCE,exposure_floor
2025-09-19,NTPC,EXIT,exposure_floor
2025-09-19,POWERGRID,EXIT,exposure_floor
2025-09-19,RELIANCE,REDUCE,exposure_floor
2025-09-19,SHRIRAMFIN,EXIT,exposure_floor
2025-09-19,SUNPHARMA,EXIT,exposure_floor
2025-09-19,TECHM,EXIT,exposure_floor
2025-09-19,TRENT,EXIT,exposure_floor
2025-09-22,AXISBANK,EXIT,exposure_floor
2025-09-22,BEL,EXIT,exposure_floor
2025-09-22,COALINDIA,EXIT,exposure_floor
2025-09-22,HCLTECH,EXIT,exposure_floor
2025-09-22,HDFCBANK,REDUCE,exposure_floor
2025-09-22,ICICIBANK,REDUCE,exposure_floor
2025-09-22,INDIGO,REDUCE,exposure_floor
2025-09-22,KOTAKBANK,EXIT,exposure_floor
2025-09-22,MAXHEALTH,REDUCE,exposure_floor
2025-09-22,POWERGRID,EXIT,exposure_floor
2025-09-22,RELIANCE,REDUCE,exposure_floor
2025-09-22,SHRIRAMFIN,EXIT,exposure_floor
2025-09-22,SUNPHARMA,EXIT,exposure_floor
2025-09-22,TECHM,EXIT,exposure_floor
2025-09-22,TRENT,EXIT,exposure_floor
2025-09-23,ADANIENT,EXIT,exposure_floor
2025-09-23,ASIANPAINT,EXIT,exposure_floor
2025-09-23,AXISBANK,EXIT,exposure_floor
2025-09-23,BAJAJ-AUTO,EXIT,exposure_floor
2025-09-23,BEL,EXIT,exposure_floor
2025-09-23,HCLTECH,EXIT,exposure_floor
2025-09-23,HDFCBANK,REDUCE,exposure_floor
2025-09-23,HINDUNILVR,REDUCE,exposure_floor
2025-09-23,ICICIBANK,REDUCE,exposure_floor
2025-09-23,INDIGO,REDUCE,exposure_floor
2025-09-23,KOTAKBANK,EXIT,exposure_floor
2025-09-23,MAXHEALTH,REDUCE,exposure_floor
2025-09-23,NTPC,EXIT,exposure_floor
2025-09-23,NESTLEIND,REDUCE,exposure_floor
2025-09-23,POWERGRID,EXIT,exposure_floor
2025-09-23,RELIANCE,REDUCE,exposure_floor
2025-09-23,SBILIFE,REDUCE,exposure_floor
2025-09-23,SHRIRAMFIN,EXIT,exposure_floor
2025-09-23,SUNPHARMA,EXIT,exposure_floor
2025-09-23,TECHM,EXIT,exposure_floor
2025-09-23,TRENT,EXIT,exposure_floor
2025-09-23,ULTRACEMCO,REDUCE,exposure_floor
2025-09-24,ASIANPAINT,EXIT,exposure_floor
2025-09-24,AXISBANK,EXIT,exposure_floor
2025-09-24,BEL,EXIT,exposure_floor
2025-09-24,COALINDIA,EXIT,exposure_floor
2025-09-24,HCLTECH,EXIT,exposure_floor
2025-09-24,HDFCBANK,REDUCE,exposure_floor
2025-09-24,HINDUNILVR,REDUCE,exposure_floor
2025-09-24,ICICIBANK,REDUCE,exposure_floor
2025-09-24,INDIGO,REDUCE,exposure_floor
2025-09-24,KOTAKBANK,EXIT,exposure_floor
2025-09-24,MAXHEALTH,EXIT,exposure_floor
2025-09-24,NESTLEIND,REDUCE,exposure_floor
2025-09-24,POWERGRID,EXIT,exposure_floor
2025-09-24,RELIANCE,REDUCE,exposure_floor
2025-09-24,SBILIFE,REDUCE,exposure_floor
2025-09-24,SHRIRAMFIN,EXIT,exposure_floor
2025-09-24,SUNPHARMA,EXIT,exposure_floor
2025-09-24,TECHM,EXIT,exposure_floor
2025-09-24,TRENT,EXIT,exposure_floor
2025-09-24,ULTRACEMCO,REDUCE,exposure_floor
2025-09-25,ADANIENT,EXIT,exposure_floor
2025-09-25,ASIANPAINT,EXIT,exposure_floor
2025-09-25,AXISBANK,REDUCE,exposure_floor
2025-09-25,BAJAJ-AUTO,EXIT,exposure_floor
2025-09-25,BEL,REDUCE,exposure_floor
2025-09-25,HCLTECH,EXIT,exposure_floor
2025-09-25,HDFCBANK,REDUCE,exposure_floor
2025-09-25,HINDUNILVR,REDUCE,exposure_floor
2025-09-25,ICICIBANK,REDUCE,exposure_floor
2025-09-25,INDIGO,REDUCE,exposure_floor
2025-09-25,KOTAKBANK,EXIT,exposure_floor
2025-09-25,MAXHEALTH,EXIT,exposure_floor
2025-09-25,NTPC,EXIT,exposure_floor
2025-09-25,NESTLEIND,REDUCE,exposure_floor
2025-09-25,POWERGRID,EXIT,exposure_floor
2025-09-25,RELIANCE,REDUCE,exposure_floor
2025-09-25,SBILIFE,REDUCE,exposure_floor
2025-09-25,SHRIRAMFIN,EXIT,exposure_floor
2025-09-25,SUNPHARMA,EXIT,exposure_floor
2025-09-25,TECHM,EXIT,exposure_floor
2025-09-25,TITAN,EXIT,exposure_floor
2025-09-25,TRENT,EXIT,exposure_floor
2025-09-25,ULTRACEMCO,REDUCE,exposure_floor
2025-09-26,ASIANPAINT,EXIT,exposure_floor
2025-09-26,AXISBANK,REDUCE,exposure_floor
2025-09-26,COALINDIA,EXIT,exposure_floor
2025-09-26,HCLTECH,EXIT,exposure_floor
2025-09-26,HDFCBANK,REDUCE,exposure_floor
2025-09-26,HINDUNILVR,EXIT,exposure_floor
2025-09-26,ICICIBANK,REDUCE,exposure_floor
2025-09-26,INDIGO,REDUCE,exposure_floor
2025-09-26,KOTAKBANK,EXIT,exposure_floor
2025-09-26,MAXHEALTH,EXIT,exposure_floor
2025-09-26,NESTLEIND,REDUCE,exposure_floor
2025-09-26,POWERGRID,EXIT,exposure_floor
2025-09-26,RELIANCE,REDUCE,exposure_floor
2025-09-26,SBILIFE,REDUCE,exposure_floor
2025-09-26,SHRIRAMFIN,EXIT,exposure_floor
2025-09-26,SUNPHARMA,EXIT,exposure_floor
2025-09-26,TECHM,EXIT,exposure_floor
2025-09-26,TITAN,EXIT,exposure_floor
2025-09-26,TRENT,EXIT,exposure_floor
2025-09-26,ULTRACEMCO,REDUCE,exposure_floor
2025-09-29,ADANIENT,EXIT,exposure_floor
2025-09-29,ASIANPAINT,EXIT,exposure_floor
2025-09-29,AXISBANK,REDUCE,exposure_floor
2025-09-29,BAJAJ-AUTO,EXIT,exposure_floor
2025-09-29,DRREDDY,EXIT,exposure_floor
2025-09-29,HCLTECH,EXIT,exposure_floor
2025-09-29,HDFCBANK,REDUCE,exposure_floor
2025-09-29,HINDUNILVR,EXIT,exposure_floor
2025-09-29,ICICIBANK,EXIT,exposure_floor
2025-09-29,INDIGO,REDUCE,exposure_floor
2025-09-29,KOTAKBANK,EXIT,exposure_floor
2025-09-29,MAXHEALTH,EXIT,exposure_floor
2025-09-29,NTPC,EXIT,exposure_floor
2025-09-29,NESTLEIND,EXIT,exposure_floor
2025-09-29,POWERGRID,EXIT,exposure_floor
2025-09-29,RELIANCE,REDUCE,exposure_floor
2025-09-29,SBILIFE,REDUCE,exposure_floor
2025-09-29,SHRIRAMFIN,EXIT,exposure_floor
2025-09-29,SUNPHARMA,EXIT,exposure_floor
2025-09-29,TECHM,EXIT,exposure_floor
2025-09-29,TITAN,EXIT,exposure_floor
2025-09-29,TRENT,EXIT,exposure_floor
2025-09-29,ULTRACEMCO,REDUCE,exposure_floor
2025-09-30,ADANIENT,EXIT,exposure_floor
2025-09-30,ASIANPAINT,EXIT,exposure_floor
2025-09-30,AXISBANK,REDUCE,exposure_floor
2025-09-30,COALINDIA,EXIT,exposure_floor
2025-09-30,DRREDDY,EXIT,exposure_floor
2025-09-30,HCLTECH,EXIT,exposure_floor
2025-09-30,HDFCBANK,REDUCE,exposure_floor
2025-09-30,HINDUNILVR,EXIT,exposure_floor
2025-09-30,ICICIBANK,EXIT,exposure_floor
2025-09-30,INDIGO,REDUCE,exposure_floor
2025-09-30,KOTAKBANK,EXIT,exposure_floor
2025-09-30,MAXHEALTH,EXIT,exposure_floor
2025-09-30,NESTLEIND,EXIT,exposure_floor
2025-09-30,POWERGRID,EXIT,exposure_floor
2025-09-30,RELIANCE,REDUCE,exposure_floor
2025-09-30,SBILIFE,REDUCE,exposure_floor
2025-09-30,SHRIRAMFIN,EXIT,exposure_floor
2025-09-30,SUNPHARMA,EXIT,exposure_floor
2025-09-30,TECHM,EXIT,exposure_floor
2025-09-30,TITAN,EXIT,exposure_floor
2025-09-30,TRENT,EXIT,exposure_floor
2025-09-30,ULTRACEMCO,REDUCE,exposure_floor
2025-10-01,ASIANPAINT,EXIT,exposure_floor
2025-10-01,AXISBANK,REDUCE,exposure_floor
2025-10-01,BAJAJ-AUTO,EXIT,exposure_floor
2025-10-01,BHARTIARTL,REDUCE,exposure_floor
2025-10-01,DRREDDY,EXIT,exposure_floor
2025-10-01,HCLTECH,EXIT,exposure_floor
2025-10-01,HDFCBANK,REDUCE,exposure_floor
2025-10-01,HINDUNILVR,EXIT,exposure_floor
2025-10-01,ICICIBANK,EXIT,exposure_floor
2025-10-01,INDIGO,REDUCE,exposure_floor
2025-10-01,KOTAKBANK,EXIT,exposure_floor
2025-10-01,MAXHEALTH,EXIT,exposure_floor
2025-10-01,NTPC,EXIT,exposure_floor
2025-10-01,NESTLEIND,EXIT,exposure_floor
2025-10-01,POWERGRID,EXIT,exposure_floor
2025-10-01,RELIANCE,REDUCE,exposure_floor
2025-10-01,SBILIFE,REDUCE,exposure_floor
2025-10-01,SHRIRAMFIN,REDUCE,exposure_floor
2025-10-01,SUNPHARMA,EXIT,exposure_floor
2025-10-01,TECHM,EXIT,exposure_floor
2025-10-01,TITAN,EXIT,exposure_floor
2025-10-01,TRENT,EXIT,exposure_floor
2025-10-01,ULTRACEMCO,REDUCE,exposure_floor
2025-10-03,ADANIENT,EXIT,exposure_floor
2025-10-03,ASIANPAINT,EXIT,exposure_floor
2025-10-03,AXISBANK,REDUCE,exposure_floor
2025-10-03,BHARTIARTL,REDUCE,exposure_floor
2025-10-03,COALINDIA,EXIT,exposure_floor
2025-10-03,DRREDDY,EXIT,exposure_floor
2025-10-03,HCLTECH,EXIT,exposure_floor
2025-10-03,HDFCBANK,REDUCE,exposure_floor
2025-10-03,HINDUNILVR,EXIT,exposure_floor
2025-10-03,ICICIBANK,EXIT,exposure_floor
2025-10-03,INDIGO,REDUCE,exposure_floor
2025-10-03,KOTAKBANK,EXIT,exposure_floor
2025-10-03,MAXHEALTH,EXIT,exposure_floor
2025-10-03,NESTLEIND,EXIT,exposure_floor
2025-10-03,POWERGRID,EXIT,exposure_floor
2025-10-03,RELIANCE,REDUCE,exposure_floor
2025-10-03,SBILIFE,REDUCE,exposure_floor
2025-10-03,SHRIRAMFIN,REDUCE,exposure_floor
2025-10-03,SUNPHARMA,EXIT,exposure_floor
2025-10-03,TECHM,EXIT,exposure_floor
2025-10-03,TITAN,EXIT,exposure_floor
2025-10-03,TRENT,EXIT,exposure_floor
2025-10-03,ULTRACEMCO,REDUCE,exposure_floor
2025-10-06,ADANIENT,EXIT,exposure_floor
2025-10-06,ASIANPAINT,EXIT,exposure_floor
2025-10-06,AXISBANK,REDUCE,exposure_floor
2025-10-06,BAJAJ-AUTO,EXIT,exposure_floor
2025-10-06,BHARTIARTL,REDUCE,exposure_floor
2025-10-06,COALINDIA,EXIT,exposure_floor
2025-10-06,DRREDDY,EXIT,exposure_floor
2025-10-06,HCLTECH,EXIT,exposure_floor
2025-10-06,HDFCBANK,REDUCE,exposure_floor
2025-10-06,HINDUNILVR,EXIT,exposure_floor
2025-10-06,ICICIBANK,EXIT,exposure_floor
2025-10-06,INDIGO,REDUCE,exposure_floor
2025-10-06,KOTAKBANK,EXIT,exposure_floor
2025-10-06,MAXHEALTH,EXIT,exposure_floor
2025-10-06,NTPC,EXIT,exposure_floor
2025-10-06,NESTLEIND,EXIT,exposure_floor
2025-10-06,POWERGRID,EXIT,exposure_floor
2025-10-06,RELIANCE,REDUCE,exposure_floor
2025-10-06,SBILIFE,REDUCE,exposure_floor
2025-10-06,SHRIRAMFIN,REDUCE,exposure_floor
2025-10-06,SUNPHARMA,EXIT,exposure_floor
2025-10-06,TECHM,EXIT,exposure_floor
2025-10-06,TITAN,EXIT,exposure_floor
2025-10-06,TRENT,EXIT,exposure_floor
2025-10-06,ULTRACEMCO,REDUCE,exposure_floor
2025-10-07,ADANIENT,EXIT,exposure_floor
2025-10-07,ASIANPAINT,EXIT,exposure_floor
2025-10-07,AXISBANK,REDUCE,exposure_floor
2025-10-07,DRREDDY,EXIT,exposure_floor
2025-10-07,HCLTECH,EXIT,exposure_floor
2025-10-07,HDFCBANK,REDUCE,exposure_floor
2025-10-07,HINDUNILVR,EXIT,exposure_floor
2025-10-07,ICICIBANK,EXIT,exposure_floor
2025-10-07,INDIGO,REDUCE,exposure_floor
2025-10-07,KOTAKBANK,EXIT,exposure_floor
2025-10-07,MAXHEALTH,EXIT,exposure_floor
2025-10-07,NESTLEIND,REDUCE,exposure_floor
2025-10-07,POWERGRID,EXIT,exposure_floor
2025-10-07,RELIANCE,REDUCE,exposure_floor
2025-10-07,SBILIFE,REDUCE,exposure_floor
2025-10-07,SHRIRAMFIN,REDUCE,exposure_floor
2025-10-07,SUNPHARMA,EXIT,exposure_floor
2025-10-07,TECHM,EXIT,exposure_floor
2025-10-07,TITAN,EXIT,exposure_floor
2025-10-07,TRENT,EXIT,exposure_floor
2025-10-07,ULTRACEMCO,REDUCE,exposure_floor
2025-10-08,ADANIENT,EXIT,exposure_floor
2025-10-08,ASIANPAINT,EXIT,exposure_floor
2025-10-08,AXISBANK,REDUCE,exposure_floor
2025-10-08,BAJAJ-AUTO,EXIT,exposure_floor
2025-10-08,CIPLA,REDUCE,exposure_floor
2025-10-08,COALINDIA,EXIT,exposure_floor
2025-10-08,DRREDDY,EXIT,exposure_floor
2025-10-08,HCLTECH,EXIT,exposure_floor
2025-10-08,HDFCBANK,REDUCE,exposure_floor
2025-10-08,HDFCLIFE,REDUCE,exposure_floor
2025-10-08,HINDUNILVR,EXIT,exposure_floor
2025-10-08,ICICIBANK,EXIT,exposure_floor
2025-10-08,INDIGO,REDUCE,exposure_floor
2025-10-08,KOTAKBANK,EXIT,exposure_floor
2025-10-08,MAXHEALTH,EXIT,exposure_floor
2025-10-08,NTPC,EXIT,exposure_floor
2025-10-08,POWERGRID,EXIT,exposure_floor
2025-10-08,RELIANCE,REDUCE,exposure_floor
2025-10-08,SBILIFE,REDUCE,exposure_floor
2025-10-08,SHRIRAMFIN,REDUCE,exposure_floor
2025-10-08,SUNPHARMA,EXIT,exposure_floor
2025-10-08,TECHM,EXIT,exposure_floor
2025-10-08,TITAN,REDUCE,exposure_floor
2025-10-08,TRENT,EXIT,exposure_floor
2025-10-08,ULTRACEMCO,REDUCE,exposure_floor
2025-10-09,ADANIENT,EXIT,exposure_floor
2025-10-09,ASIANPAINT,EXIT,exposure_floor
2025-10-09,AXISBANK,REDUCE,exposure_floor
2025-10-09,CIPLA,REDUCE,exposure_floor
2025-10-09,DRREDDY,EXIT,exposure_floor
2025-10-09,HCLTECH,EXIT,exposure_floor
2025-10-09,HDFCBANK,REDUCE,exposure_floor
2025-10-09,HDFCLIFE,REDUCE,exposure_floor
2025-10-09,HINDUNILVR,EXIT,exposure_floor
2025-10-09,ICICIBANK,EXIT,exposure_floor
2025-10-09,INDIGO,REDUCE,exposure_floor
2025-10-09,KOTAKBANK,REDUCE,exposure_floor
2025-10-09,MAXHEALTH,EXIT,exposure_floor
2025-10-09,POWERGRID,EXIT,exposure_floor
2025-10-09,RELIANCE,REDUCE,exposure_floor
2025-10-09,SBILIFE,REDUCE,exposure_floor
2025-10-09,SHRIRAMFIN,REDUCE,exposure_floor
2025-10-09,SUNPHARMA,EXIT,exposure_floor
2025-10-09,TECHM,EXIT,exposure_floor
2025-10-09,TRENT,EXIT,exposure_floor
2025-10-09,ULTRACEMCO,REDUCE,exposure_floor
2025-10-10,ADANIENT,EXIT,exposure_floor
2025-10-10,ASIANPAINT,EXIT,exposure_floor
2025-10-10,AXISBANK,REDUCE,exposure_floor
2025-10-10,BAJAJ-AUTO,EXIT,exposure_floor
2025-10-10,CIPLA,REDUCE,exposure_floor
2025-10-10,COALINDIA,EXIT,exposure_floor
2025-10-10,DRREDDY,EXIT,exposure_floor
2025-10-10,HCLTECH,EXIT,exposure_floor
2025-10-10,HDFCBANK,REDUCE,exposure_floor
2025-10-10,HDFCLIFE,REDUCE,exposure_floor
2025-10-10,HINDUNILVR,EXIT,exposure_floor
2025-10-10,ICICIBANK,EXIT,exposure_floor
2025-10-10,INDIGO,REDUCE,exposure_floor
2025-10-10,KOTAKBANK,REDUCE,exposure_floor
2025-10-10,MAXHEALTH,EXIT,exposure_floor
2025-10-10,NTPC,EXIT,exposure_floor
2025-10-10,POWERGRID,EXIT,exposure_floor
2025-10-10,RELIANCE,REDUCE,exposure_floor
2025-10-10,SBILIFE,REDUCE,exposure_floor
2025-10-10,SHRIRAMFIN,REDUCE,exposure_floor
2025-10-10,SUNPHARMA,EXIT,exposure_floor
2025-10-10,TECHM,EXIT,exposure_floor
2025-10-10,TRENT,EXIT,exposure_floor
2025-10-10,ULTRACEMCO,REDUCE,exposure_floor
2025-10-13,ADANIENT,EXIT,exposure_floor
2025-10-13,ASIANPAINT,EXIT,exposure_floor
2025-10-13,AXISBANK,REDUCE,exposure_floor
2025-10-13,CIPLA,REDUCE,exposure_floor
2025-10-13,COALINDIA,EXIT,exposure_floor
2025-10-13,DRREDDY,EXIT,exposure_floor
2025-10-13,HCLTECH,EXIT,exposure_floor
2025-10-13,HDFCBANK,REDUCE,exposure_floor
2025-10-13,HDFCLIFE,REDUCE,exposure_floor
2025-10-13,HINDUNILVR,EXIT,exposure_floor
2025-10-13,ICICIBANK,EXIT,exposure_floor
2025-10-13,INDIGO,REDUCE,exposure_floor
2025-10-13,KOTAKBANK,REDUCE,exposure_floor
2025-10-13,MAXHEALTH,EXIT,exposure_floor
2025-10-13,POWERGRID,EXIT,exposure_floor
2025-10-13,RELIANCE,REDUCE,exposure_floor
2025-10-13,SBILIFE,REDUCE,exposure_floor
2025-10-13,SHRIRAMFIN,REDUCE,exposure_floor
2025-10-13,SUNPHARMA,EXIT,exposure_floor
2025-10-13,TECHM,EXIT,exposure_floor
2025-10-13,TRENT,EXIT,exposure_floor
2025-10-13,ULTRACEMCO,REDUCE,exposure_floor
2025-10-14,ASIANPAINT,EXIT,exposure_floor
2025-10-14,AXISBANK,REDUCE,exposure_floor
2025-10-14,BAJAJ-AUTO,EXIT,exposure_floor
2025-10-14,CIPLA,REDUCE,exposure_floor
2025-10-14,COALINDIA,EXIT,exposure_floor
2025-10-14,DRREDDY,EXIT,exposure_floor
2025-10-14,HCLTECH,EXIT,exposure_floor
2025-10-14,HDFCBANK,REDUCE,exposure_floor
2025-10-14,HDFCLIFE,REDUCE,exposure_floor
2025-10-14,HINDUNILVR,EXIT,exposure_floor
2025-10-14,ICICIBANK,EXIT,exposure_floor
2025-10-14,INDIGO,REDUCE,exposure_floor
2025-10-14,KOTAKBANK,REDUCE,exposure_floor
2025-10-14,MAXHEALTH,EXIT,exposure_floor
2025-10-14,NTPC,EXIT,exposure_floor
2025-10-14,POWERGRID,EXIT,exposure_floor
2025-10-14,RELIANCE,REDUCE,exposure_floor
2025-10-14,SBILIFE,REDUCE,exposure_floor
2025-10-14,SHRIRAMFIN,REDUCE,exposure_floor
2025-10-14,SUNPHARMA,EXIT,exposure_floor
2025-10-14,TECHM,EXIT,exposure_floor
2025-10-14,TRENT,EXIT,exposure_floor
2025-10-14,ULTRACEMCO,REDUCE,exposure_floor
2025-10-15,ADANIENT,EXIT,exposure_floor
2025-10-15,ASIANPAINT,EXIT,exposure_floor
2025-10-15,DRREDDY,EXIT,exposure_floor
2025-10-15,HCLTECH,EXIT,exposure_floor
2025-10-15,HDFCBANK,REDUCE,exposure_floor
2025-10-15,HDFCLIFE,REDUCE,exposure_floor
2025-10-15,HINDUNILVR,EXIT,exposure_floor
2025-10-15,ICICIBANK,EXIT,exposure_floor
2025-10-15,INDIGO,REDUCE,exposure_floor
2025-10-15,KOTAKBANK,REDUCE,exposure_floor
2025-10-15,MAXHEALTH,EXIT,exposure_floor
2025-10-15,POWERGRID,EXIT,exposure_floor
2025-10-15,RELIANCE,REDUCE,exposure_floor
2025-10-15,SBILIFE,REDUCE,exposure_floor
2025-10-15,SHRIRAMFIN,REDUCE,exposure_floor
2025-10-15,SUNPHARMA,EXIT,exposure_floor
2025-10-15,TECHM,EXIT,exposure_floor
2025-10-15,TRENT,EXIT,exposure_floor
2025-10-15,ULTRACEMCO,REDUCE,exposure_floor
2025-10-16,ASIANPAINT,EXIT,exposure_floor
2025-10-16,BAJAJ-AUTO,EXIT,exposure_floor
2025-10-16,COALINDIA,EXIT,exposure_floor
2025-10-16,DRREDDY,EXIT,exposure_floor
2025-10-16,HCLTECH,EXIT,exposure_floor
2025-10-16,HDFCBANK,REDUCE,exposure_floor
2025-10-16,HDFCLIFE,REDUCE,exposure_floor
2025-10-16,HINDUNILVR,EXIT,exposure_floor
2025-10-16,ICICIBANK,EXIT,exposure_floor
2025-10-16,INDIGO,REDUCE,exposure_floor
2025-10-16,KOTAKBANK,REDUCE,exposure_floor
2025-10-16,MAXHEALTH,EXIT,exposure_floor
2025-10-16,NTPC,EXIT,exposure_floor
2025-10-16,POWERGRID,EXIT,exposure_floor
2025-10-16,RELIANCE,REDUCE,exposure_floor
2025-10-16,SBILIFE,REDUCE,exposure_floor
2025-10-16,SUNPHARMA,EXIT,exposure_floor
2025-10-16,TECHM,EXIT,exposure_floor
2025-10-16,TRENT,EXIT,exposure_floor
2025-10-16,ULTRACEMCO,REDUCE,exposure_floor
2025-10-17,ADANIENT,EXIT,exposure_floor
2025-10-17,ASIANPAINT,EXIT,exposure_floor
2025-10-17,DRREDDY,EXIT,exposure_floor
2025-10-17,HCLTECH,EXIT,exposure_floor
2025-10-17,HDFCBANK,REDUCE,exposure_floor
2025-10-17,HDFCLIFE,REDUCE,exposure_floor
2025-10-17,HINDUNILVR,EXIT,exposure_floor
2025-10-17,ICICIBANK,EXIT,exposure_floor
2025-10-17,INDIGO,REDUCE,exposure_floor
2025-10-17,KOTAKBANK,REDUCE,exposure_floor
2025-10-17,MAXHEALTH,EXIT,exposure_floor
2025-10-17,NTPC,EXIT,exposure_floor
2025-10-17,POWERGRID,EXIT,exposure_floor
2025-10-17,RELIANCE,REDUCE,exposure_floor
2025-10-17,SBILIFE,REDUCE,exposure_floor
2025-10-17,SUNPHARMA,EXIT,exposure_floor
2025-10-17,TECHM,EXIT,exposure_floor
2025-10-17,TRENT,EXIT,exposure_floor
2025-10-17,ULTRACEMCO,REDUCE,exposure_floor
2025-10-20,ASIANPAINT,EXIT,exposure_floor
2025-10-20,BAJAJ-AUTO,EXIT,exposure_floor
2025-10-20,COALINDIA,EXIT,exposure_floor
2025-10-20,DRREDDY,REDUCE,exposure_floor
2025-10-20,HCLTECH,EXIT,exposure_floor
2025-10-20,HDFCBANK,REDUCE,exposure_floor
2025-10-20,HDFCLIFE,REDUCE,exposure_floor
2025-10-20,HINDUNILVR,EXIT,exposure_floor
2025-10-20,ICICIBANK,EXIT,exposure_floor
2025-10-20,INDIGO,REDUCE,exposure_floor
2025-10-20,KOTAKBANK,REDUCE,exposure_floor
2025-10-20,MAXHEALTH,EXIT,exposure_floor
2025-10-20,NTPC,EXIT,exposure_floor
2025-10-20,POWERGRID,EXIT,exposure_floor
2025-10-20,SBILIFE,REDUCE,exposure_floor
2025-10-20,TECHM,EXIT,exposure_floor
2025-10-20,TRENT,EXIT,exposure_floor
2025-10-20,ULTRACEMCO,REDUCE,exposure_floor
2025-10-21,ADANIENT,EXIT,exposure_floor
2025-10-21,ASIANPAINT,EXIT,exposure_floor
2025-10-21,COALINDIA,EXIT,exposure_floor
2025-10-21,HCLTECH,EXIT,exposure_floor
2025-10-21,HDFCBANK,REDUCE,exposure_floor
2025-10-21,HDFCLIFE,REDUCE,exposure_floor
2025-10-21,HINDUNILVR,EXIT,exposure_floor
2025-10-21,ICICIBANK,EXIT,exposure_floor
2025-10-21,INDIGO,REDUCE,exposure_floor
2025-10-21,KOTAKBANK,REDUCE,exposure_floor
2025-10-21,MAXHEALTH,EXIT,exposure_floor
2025-10-21,POWERGRID,EXIT,exposure_floor
2025-10-21,SBILIFE,REDUCE,exposure_floor
2025-10-21,TECHM,EXIT,exposure_floor
2025-10-21,TRENT,EXIT,exposure_floor
2025-10-21,ULTRACEMCO,REDUCE,exposure_floor
2025-10-23,ASIANPAINT,EXIT,exposure_floor
2025-10-23,BAJAJ-AUTO,EXIT,exposure_floor
2025-10-23,COALINDIA,EXIT,exposure_floor
2025-10-23,HCLTECH,EXIT,exposure_floor
2025-10-23,HDFCBANK,REDUCE,exposure_floor
2025-10-23,HDFCLIFE,REDUCE,exposure_floor
2025-10-23,HINDUNILVR,EXIT,exposure_floor
2025-10-23,ICICIBANK,EXIT,exposure_floor
2025-10-23,INDIGO,REDUCE,exposure_floor
2025-10-23,KOTAKBANK,REDUCE,exposure_floor
2025-10-23,MAXHEALTH,EXIT,exposure_floor
2025-10-23,NTPC,EXIT,exposure_floor
2025-10-23,POWERGRID,EXIT,exposure_floor
2025-10-23,SBILIFE,REDUCE,exposure_floor
2025-10-23,TECHM,EXIT,exposure_floor
2025-10-23,TRENT,EXIT,exposure_floor
2025-10-23,ULTRACEMCO,REDUCE,exposure_floor
2025-10-24,ADANIENT,EXIT,exposure_floor
2025-10-24,ASIANPAINT,EXIT,exposure_floor
2025-10-24,COALINDIA,EXIT,exposure_floor
2025-10-24,HCLTECH,EXIT,exposure_floor
2025-10-24,HDFCBANK,REDUCE,exposure_floor
2025-10-24,HDFCLIFE,REDUCE,exposure_floor
2025-10-24,HINDUNILVR,EXIT,exposure_floor
2025-10-24,ICICIBANK,EXIT,exposure_floor
2025-10-24,INDIGO,REDUCE,exposure_floor
2025-10-24,MAXHEALTH,EXIT,exposure_floor
2025-10-24,NTPC,EXIT,exposure_floor
2025-10-24,POWERGRID,EXIT,exposure_floor
2025-10-24,SBILIFE,REDUCE,exposure_floor
2025-10-24,TECHM,EXIT,exposure_floor
2025-10-24,TRENT,EXIT,exposure_floor
2025-10-24,ULTRACEMCO,REDUCE,exposure_floor
2025-10-27,ASIANPAINT,EXIT,exposure_floor
2025-10-27,COALINDIA,EXIT,exposure_floor
2025-10-27,HCLTECH,EXIT,exposure_floor
2025-10-27,HDFCBANK,REDUCE,exposure_floor
2025-10-27,HDFCLIFE,REDUCE,exposure_floor
2025-10-27,HINDUNILVR,EXIT,exposure_floor
2025-10-27,ICICIBANK,EXIT,exposure_floor
2025-10-27,INDIGO,REDUCE,exposure_floor
2025-10-27,MAXHEALTH,EXIT,exposure_floor
2025-10-27,NTPC,EXIT,exposure_floor
2025-10-27,POWERGRID,EXIT,exposure_floor
2025-10-27,SBILIFE,REDUCE,exposure_floor
2025-10-27,TECHM,EXIT,exposure_floor
2025-10-27,TRENT,EXIT,exposure_floor
2025-10-27,ULTRACEMCO,REDUCE,exposure_floor
2025-10-28,ADANIENT,EXIT,exposure_floor
2025-10-28,ASIANPAINT,EXIT,exposure_floor
2025-10-28,COALINDIA,EXIT,exposure_floor
2025-10-28,HCLTECH,EXIT,exposure_floor
2025-10-28,HDFCBANK,REDUCE,exposure_floor
2025-10-28,HDFCLIFE,REDUCE,exposure_floor
2025-10-28,HINDUNILVR,EXIT,exposure_floor
2025-10-28,ICICIBANK,EXIT,exposure_floor
2025-10-28,INDIGO,REDUCE,exposure_floor
2025-10-28,MAXHEALTH,EXIT,exposure_floor
2025-10-28,NTPC,EXIT,exposure_floor
2025-10-28,POWERGRID,EXIT,exposure_floor
2025-10-28,TECHM,EXIT,exposure_floor
2025-10-28,TRENT,EXIT,exposure_floor
2025-10-28,ULTRACEMCO,REDUCE,exposure_floor
2025-10-29,ASIANPAINT,EXIT,exposure_floor
2025-10-29,COALINDIA,EXIT,exposure_floor
2025-10-29,DRREDDY,REDUCE,exposure_floor
2025-10-29,HCLTECH,EXIT,exposure_floor
2025-10-29,HDFCBANK,REDUCE,exposure_floor
2025-10-29,HDFCLIFE,REDUCE,exposure_floor
2025-10-29,HINDUNILVR,EXIT,exposure_floor
2025-10-29,ICICIBANK,EXIT,exposure_floor
2025-10-29,INDIGO,REDUCE,exposure_floor
2025-10-29,MAXHEALTH,EXIT,exposure_floor
2025-10-29,NTPC,EXIT,exposure_floor
2025-10-29,POWERGRID,EXIT,exposure_floor
2025-10-29,TECHM,EXIT,exposure_floor
2025-10-29,TRENT,EXIT,exposure_floor
2025-10-29,ULTRACEMCO,REDUCE,exposure_floor
2025-10-30,ADANIENT,EXIT,exposure_floor
2025-10-30,ASIANPAINT,EXIT,exposure_floor
2025-10-30,BAJAJ-AUTO,REDUCE,exposure_floor
2025-10-30,CIPLA,REDUCE,exposure_floor
2025-10-30,COALINDIA,EXIT,exposure_floor
2025-10-30,DRREDDY,EXIT,exposure_floor
2025-10-30,HCLTECH,EXIT,exposure_floor
2025-10-30,HDFCBANK,REDUCE,exposure_floor
2025-10-30,HDFCLIFE,REDUCE,exposure_floor
2025-10-30,HINDUNILVR,EXIT,exposure_floor
2025-10-30,ICICIBANK,EXIT,exposure_floor
2025-10-30,INDIGO,REDUCE,exposure_floor
2025-10-30,MAXHEALTH,EXIT,exposure_floor
2025-10-30,NTPC,EXIT,exposure_floor
2025-10-30,POWERGRID,EXIT,exposure_floor
2025-10-30,TECHM,EXIT,exposure_floor
2025-10-30,TRENT,EXIT,exposure_floor
2025-10-30,ULTRACEMCO,REDUCE,exposure_floor
2025-10-31,APOLLOHOSP,REDUCE,exposure_floor
2025-10-31,ASIANPAINT,EXIT,exposure_floor
2025-10-31,BAJAJ-AUTO,REDUCE,exposure_floor
2025-10-31,CIPLA,REDUCE,exposure_floor
2025-10-31,COALINDIA,EXIT,exposure_floor
2025-10-31,DRREDDY,EXIT,exposure_floor
2025-10-31,HCLTECH,EXIT,exposure_floor
2025-10-31,HDFCBANK,REDUCE,exposure_floor
2025-10-31,HDFCLIFE,REDUCE,exposure_floor
2025-10-31,HINDUNILVR,EXIT,exposure_floor
2025-10-31,ICICIBANK,EXIT,exposure_floor
2025-10-31,INDIGO,REDUCE,exposure_floor
2025-10-31,MAXHEALTH,EXIT,exposure_floor
2025-10-31,NTPC,EXIT,exposure_floor
2025-10-31,POWERGRID,EXIT,exposure_floor
2025-10-31,TECHM,EXIT,exposure_floor
2025-10-31,TRENT,EXIT,exposure_floor
2025-10-31,ULTRACEMCO,REDUCE,exposure_floor
2025-11-03,ADANIENT,EXIT,exposure_floor
2025-11-03,APOLLOHOSP,REDUCE,exposure_floor
2025-11-03,ASIANPAINT,EXIT,exposure_floor
2025-11-03,BAJAJ-AUTO,REDUCE,exposure_floor
2025-11-03,CIPLA,REDUCE,exposure_floor
2025-11-03,COALINDIA,EXIT,exposure_floor
2025-11-03,DRREDDY,EXIT,exposure_floor
2025-11-03,HCLTECH,EXIT,exposure_floor
2025-11-03,HDFCBANK,REDUCE,exposure_floor
2025-11-03,HDFCLIFE,REDUCE,exposure_floor
2025-11-03,HINDUNILVR,EXIT,exposure_floor
2025-11-03,ICICIBANK,EXIT,exposure_floor
2025-11-03,INDIGO,REDUCE,exposure_floor
2025-11-03,MAXHEALTH,EXIT,exposure_floor
2025-11-03,NTPC,EXIT,exposure_floor
2025-11-03,POWERGRID,EXIT,exposure_floor
2025-11-03,TECHM,EXIT,exposure_floor
2025-11-03,TRENT,EXIT,exposure_floor
2025-11-03,ULTRACEMCO,REDUCE,exposure_floor
2025-11-04,ADANIENT,EXIT,exposure_floor
2025-11-04,APOLLOHOSP,REDUCE,exposure_floor
2025-11-04,ASIANPAINT,EXIT,exposure_floor
2025-11-04,BAJAJ-AUTO,REDUCE,exposure_floor
2025-11-04,CIPLA,REDUCE,exposure_floor
2025-11-04,DRREDDY,EXIT,exposure_floor
2025-11-04,HCLTECH,EXIT,exposure_floor
2025-11-04,HDFCBANK,REDUCE,exposure_floor
2025-11-04,HDFCLIFE,REDUCE,exposure_floor
2025-11-04,HINDUNILVR,EXIT,exposure_floor
2025-11-04,ICICIBANK,EXIT,exposure_floor
2025-11-04,INDIGO,REDUCE,exposure_floor
2025-11-04,MAXHEALTH,EXIT,exposure_floor
2025-11-04,NTPC,EXIT,exposure_floor
2025-11-04,POWERGRID,EXIT,exposure_floor
2025-11-04,TECHM,EXIT,exposure_floor
2025-11-04,TRENT,EXIT,exposure_floor
2025-11-04,ULTRACEMCO,REDUCE,exposure_floor
2025-11-06,ADANIENT,EXIT,exposure_floor
2025-11-06,APOLLOHOSP,REDUCE,exposure_floor
2025-11-06,BAJAJ-AUTO,REDUCE,exposure_floor
2025-11-06,CIPLA,REDUCE,exposure_floor
2025-11-06,DRREDDY,EXIT,exposure_floor
2025-11-06,GRASIM,REDUCE,exposure_floor
2025-11-06,HCLTECH,EXIT,exposure_floor
2025-11-06,HDFCBANK,REDUCE,exposure_floor
2025-11-06,HDFCLIFE,REDUCE,exposure_floor
2025-11-06,HINDUNILVR,EXIT,exposure_floor
2025-11-06,ICICIBANK,EXIT,exposure_floor
2025-11-06,INDIGO,REDUCE,exposure_floor
2025-11-06,MAXHEALTH,EXIT,exposure_floor
2025-11-06,NTPC,EXIT,exposure_floor
2025-11-06,POWERGRID,EXIT,exposure_floor
2025-11-06,TECHM,EXIT,exposure_floor
2025-11-06,TRENT,EXIT,exposure_floor
2025-11-06,ULTRACEMCO,REDUCE,exposure_floor
2025-11-07,ADANIENT,EXIT,exposure_floor
2025-11-07,APOLLOHOSP,REDUCE,exposure_floor
2025-11-07,BAJAJ-AUTO,REDUCE,exposure_floor
2025-11-07,CIPLA,REDUCE,exposure_floor
2025-11-07,DRREDDY,EXIT,exposure_floor
2025-11-07,GRASIM,REDUCE,exposure_floor
2025-11-07,HCLTECH,EXIT,exposure_floor
2025-11-07,HDFCBANK,REDUCE,exposure_floor
2025-11-07,HDFCLIFE,REDUCE,exposure_floor
2025-11-07,HINDUNILVR,EXIT,exposure_floor
2025-11-07,ICICIBANK,EXIT,exposure_floor
2025-11-07,INDIGO,REDUCE,exposure_floor
2025-11-07,MAXHEALTH,EXIT,exposure_floor
2025-11-07,NTPC,EXIT,exposure_floor
2025-11-07,POWERGRID,EXIT,exposure_floor
2025-11-07,TECHM,EXIT,exposure_floor
2025-11-07,TRENT,EXIT,exposure_floor
2025-11-07,ULTRACEMCO,REDUCE,exposure_floor
2025-11-10,ADANIENT,EXIT,exposure_floor
2025-11-10,APOLLOHOSP,REDUCE,exposure_floor
2025-11-10,BAJAJ-AUTO,REDUCE,exposure_floor
2025-11-10,CIPLA,REDUCE,exposure_floor
2025-11-10,DRREDDY,EXIT,exposure_floor
2025-11-10,GRASIM,REDUCE,exposure_floor
2025-11-10,HCLTECH,EXIT,exposure_floor
2025-11-10,HDFCBANK,REDUCE,exposure_floor
2025-11-10,HDFCLIFE,REDUCE,exposure_floor
2025-11-10,HINDUNILVR,EXIT,exposure_floor
2025-11-10,ICICIBANK,EXIT,exposure_floor
2025-11-10,INDIGO,REDUCE,exposure_floor
2025-11-10,MAXHEALTH,EXIT,exposure_floor
2025-11-10,NTPC,EXIT,exposure_floor
2025-11-10,POWERGRID,EXIT,exposure_floor
2025-11-10,TECHM,EXIT,exposure_floor
2025-11-10,TRENT,EXIT,exposure_floor
2025-11-10,ULTRACEMCO,EXIT,exposure_floor
2025-11-11,ADANIENT,EXIT,exposure_floor
2025-11-11,APOLLOHOSP,REDUCE,exposure_floor
2025-11-11,BAJAJ-AUTO,REDUCE,exposure_floor
2025-11-11,BAJAJFINSV,REDUCE,exposure_floor
2025-11-11,CIPLA,REDUCE,exposure_floor
2025-11-11,DRREDDY,EXIT,exposure_floor
2025-11-11,GRASIM,REDUCE,exposure_floor
2025-11-11,HDFCBANK,REDUCE,exposure_floor
2025-11-11,HDFCLIFE,REDUCE,exposure_floor
2025-11-11,HINDUNILVR,EXIT,exposure_floor
2025-11-11,ICICIBANK,EXIT,exposure_floor
2025-11-11,INDIGO,REDUCE,exposure_floor
2025-11-11,MAXHEALTH,EXIT,exposure_floor
2025-11-11,NTPC,EXIT,exposure_floor
2025-11-11,POWERGRID,EXIT,exposure_floor
2025-11-11,TECHM,EXIT,exposure_floor
2025-11-11,TRENT,EXIT,exposure_floor
2025-11-11,ULTRACEMCO,EXIT,exposure_floor
2025-11-12,ADANIENT,EXIT,exposure_floor
2025-11-12,APOLLOHOSP,REDUCE,exposure_floor
2025-11-12,BAJAJ-AUTO,REDUCE,exposure_floor
2025-11-12,BAJAJFINSV,REDUCE,exposure_floor
2025-11-12,CIPLA,REDUCE,exposure_floor
2025-11-12,DRREDDY,EXIT,exposure_floor
2025-11-12,GRASIM,REDUCE,exposure_floor
2025-11-12,HCLTECH,EXIT,exposure_floor
2025-11-12,HDFCBANK,REDUCE,exposure_floor
2025-11-12,HDFCLIFE,REDUCE,exposure_floor
2025-11-12,HINDUNILVR,EXIT,exposure_floor
2025-11-12,ICICIBANK,EXIT,exposure_floor
2025-11-12,INDIGO,REDUCE,exposure_floor
2025-11-12,MAXHEALTH,EXIT,exposure_floor
2025-11-12,NTPC,EXIT,exposure_floor
2025-11-12,POWERGRID,EXIT,exposure_floor
2025-11-12,TECHM,EXIT,exposure_floor
2025-11-12,TRENT,EXIT,exposure_floor
2025-11-12,ULTRACEMCO,EXIT,exposure_floor
2025-11-13,ADANIENT,EXIT,exposure_floor
2025-11-13,APOLLOHOSP,REDUCE,exposure_floor
2025-11-13,BAJAJ-AUTO,REDUCE,exposure_floor
2025-11-13,BAJAJFINSV,REDUCE,exposure_floor
2025-11-13,CIPLA,REDUCE,exposure_floor
2025-11-13,DRREDDY,EXIT,exposure_floor
2025-11-13,GRASIM,REDUCE,exposure_floor
2025-11-13,HDFCBANK,REDUCE,exposure_floor
2025-11-13,HDFCLIFE,REDUCE,exposure_floor
2025-11-13,HINDUNILVR,EXIT,exposure_floor
2025-11-13,ICICIBANK,EXIT,exposure_floor
2025-11-13,INFY,EXIT,exposure_floor
2025-11-13,INDIGO,REDUCE,exposure_floor
2025-11-13,MAXHEALTH,EXIT,exposure_floor
2025-11-13,NTPC,EXIT,exposure_floor
2025-11-13,POWERGRID,EXIT,exposure_floor
2025-11-13,TECHM,EXIT,exposure_floor
2025-11-13,TRENT,EXIT,exposure_floor
2025-11-13,ULTRACEMCO,EXIT,exposure_floor
2025-11-14,ADANIENT,EXIT,exposure_floor
2025-11-14,APOLLOHOSP,REDUCE,exposure_floor
2025-11-14,BAJAJ-AUTO,REDUCE,exposure_floor
2025-11-14,CIPLA,REDUCE,exposure_floor
2025-11-14,DRREDDY,EXIT,exposure_floor
2025-11-14,GRASIM,REDUCE,exposure_floor
2025-11-14,HCLTECH,EXIT,exposure_floor
2025-11-14,HDFCBANK,REDUCE,exposure_floor
2025-11-14,HDFCLIFE,REDUCE,exposure_floor
2025-11-14,HINDUNILVR,EXIT,exposure_floor
2025-11-14,ICICIBANK,EXIT,exposure_floor
2025-11-14,INFY,EXIT,exposure_floor
2025-11-14,INDIGO,REDUCE,exposure_floor
2025-11-14,MAXHEALTH,EXIT,exposure_floor
2025-11-14,NTPC,EXIT,exposure_floor
2025-11-14,POWERGRID,EXIT,exposure_floor
2025-11-14,TECHM,EXIT,exposure_floor
2025-11-14,TRENT,EXIT,exposure_floor
2025-11-14,ULTRACEMCO,EXIT,exposure_floor
2025-11-17,ADANIENT,EXIT,exposure_floor
2025-11-17,APOLLOHOSP,REDUCE,exposure_floor
2025-11-17,BAJAJ-AUTO,REDUCE,exposure_floor
2025-11-17,CIPLA,REDUCE,exposure_floor
2025-11-17,DRREDDY,EXIT,exposure_floor
2025-11-17,GRASIM,REDUCE,exposure_floor
2025-11-17,HDFCBANK,REDUCE,exposure_floor
2025-11-17,HDFCLIFE,REDUCE,exposure_floor
2025-11-17,HINDUNILVR,EXIT,exposure_floor
2025-11-17,ICICIBANK,EXIT,exposure_floor
2025-11-17,INFY,EXIT,exposure_floor
2025-11-17,INDIGO,REDUCE,exposure_floor
2025-11-17,MAXHEALTH,EXIT,exposure_floor
2025-11-17,NTPC,EXIT,exposure_floor
2025-11-17,POWERGRID,EXIT,exposure_floor
2025-11-17,TATASTEEL,REDUCE,exposure_floor
2025-11-17,TECHM,EXIT,exposure_floor
2025-11-17,TRENT,EXIT,exposure_floor
2025-11-17,ULTRACEMCO,EXIT,exposure_floor
2025-11-18,ADANIENT,EXIT,exposure_floor
2025-11-18,APOLLOHOSP,REDUCE,exposure_floor
2025-11-18,BAJAJ-AUTO,REDUCE,exposure_floor
2025-11-18,BAJAJFINSV,REDUCE,exposure_floor
2025-11-18,CIPLA,REDUCE,exposure_floor
2025-11-18,DRREDDY,EXIT,exposure_floor
2025-11-18,GRASIM,REDUCE,exposure_floor
2025-11-18,HCLTECH,EXIT,exposure_floor
2025-11-18,HDFCBANK,REDUCE,exposure_floor
2025-11-18,HDFCLIFE,REDUCE,exposure_floor
2025-11-18,HINDUNILVR,EXIT,exposure_floor
2025-11-18,ICICIBANK,EXIT,exposure_floor
2025-11-18,INFY,EXIT,exposure_floor
2025-11-18,INDIGO,REDUCE,exposure_floor
2025-11-18,MAXHEALTH,EXIT,exposure_floor
2025-11-18,NTPC,EXIT,exposure_floor
2025-11-18,POWERGRID,EXIT,exposure_floor
2025-11-18,TATASTEEL,REDUCE,exposure_floor
2025-11-18,TECHM,EXIT,exposure_floor
2025-11-18,TRENT,EXIT,exposure_floor
2025-11-18,ULTRACEMCO,EXIT,exposure_floor
2025-11-19,ADANIENT,EXIT,exposure_floor
2025-11-19,APOLLOHOSP,REDUCE,exposure_floor
2025-11-19,BAJAJ-AUTO,REDUCE,exposure_floor
2025-11-19,BAJAJFINSV,REDUCE,exposure_floor
2025-11-19,CIPLA,REDUCE,exposure_floor
2025-11-19,COALINDIA,REDUCE,exposure_floor
2025-11-19,DRREDDY,EXIT,exposure_floor
2025-11-19,GRASIM,REDUCE,exposure_floor
2025-11-19,HDFCBANK,REDUCE,exposure_floor
2025-11-19,HDFCLIFE,REDUCE,exposure_floor
2025-11-19,HINDUNILVR,EXIT,exposure_floor
2025-11-19,ICICIBANK,EXIT,exposure_floor
2025-11-19,INDIGO,REDUCE,exposure_floor
2025-11-19,MAXHEALTH,EXIT,exposure_floor
2025-11-19,NTPC,EXIT,exposure_floor
2025-11-19,POWERGRID,EXIT,exposure_floor
2025-11-19,TATASTEEL,REDUCE,exposure_floor
2025-11-19,TECHM,EXIT,exposure_floor
2025-11-19,TRENT,EXIT,exposure_floor
2025-11-19,ULTRACEMCO,EXIT,exposure_floor
2025-11-20,ADANIENT,EXIT,exposure_floor
2025-11-20,APOLLOHOSP,REDUCE,exposure_floor
2025-11-20,BAJAJ-AUTO,REDUCE,exposure_floor
2025-11-20,BAJAJFINSV,REDUCE,exposure_floor
2025-11-20,CIPLA,REDUCE,exposure_floor
2025-11-20,COALINDIA,REDUCE,exposure_floor
2025-11-20,DRREDDY,EXIT,exposure_floor
2025-11-20,GRASIM,REDUCE,exposure_floor
2025-11-20,HDFCBANK,REDUCE,exposure_floor
2025-11-20,HDFCLIFE,REDUCE,exposure_floor
2025-11-20,HINDUNILVR,EXIT,exposure_floor
2025-11-20,ICICIBANK,EXIT,exposure_floor
2025-11-20,INFY,EXIT,exposure_floor
2025-11-20,INDIGO,REDUCE,exposure_floor
2025-11-20,MARUTI,REDUCE,exposure_floor
2025-11-20,MAXHEALTH,EXIT,exposure_floor
2025-11-20,NTPC,EXIT,exposure_floor
2025-11-20,POWERGRID,EXIT,exposure_floor
2025-11-20,TATASTEEL,REDUCE,exposure_floor
2025-11-20,TECHM,EXIT,exposure_floor
2025-11-20,TRENT,EXIT,exposure_floor
2025-11-20,ULTRACEMCO,EXIT,exposure_floor
2025-11-21,ADANIENT,EXIT,exposure_floor
2025-11-21,APOLLOHOSP,REDUCE,exposure_floor
2025-11-21,BAJAJ-AUTO,REDUCE,exposure_floor
2025-11-21,BAJAJFINSV,REDUCE,exposure_floor
2025-11-21,CIPLA,REDUCE,exposure_floor
2025-11-21,COALINDIA,REDUCE,exposure_floor
2025-11-21,DRREDDY,EXIT,exposure_floor
2025-11-21,GRASIM,REDUCE,exposure_floor
2025-11-21,HCLTECH,EXIT,exposure_floor
2025-11-21,HDFCBANK,REDUCE,exposure_floor
2025-11-21,HDFCLIFE,REDUCE,exposure_floor
2025-11-21,HINDUNILVR,EXIT,exposure_floor
2025-11-21,ICICIBANK,EXIT,exposure_floor
2025-11-21,INDIGO,REDUCE,exposure_floor
2025-11-21,JSWSTEEL,REDUCE,exposure_floor
2025-11-21,MAXHEALTH,EXIT,exposure_floor
2025-11-21,NTPC,EXIT,exposure_floor
2025-11-21,POWERGRID,EXIT,exposure_floor
2025-11-21,TATASTEEL,REDUCE,exposure_floor
2025-11-21,TECHM,EXIT,exposure_floor
2025-11-21,TRENT,EXIT,exposure_floor
2025-11-21,ULTRACEMCO,EXIT,exposure_floor
2025-11-24,ADANIENT,EXIT,exposure_floor
2025-11-24,APOLLOHOSP,REDUCE,exposure_floor
2025-11-24,BAJAJ-AUTO,REDUCE,exposure_floor
2025-11-24,BAJAJFINSV,REDUCE,exposure_floor
2025-11-24,CIPLA,REDUCE,exposure_floor
2025-11-24,COALINDIA,REDUCE,exposure_floor
2025-11-24,DRREDDY,EXIT,exposure_floor
2025-11-24,GRASIM,EXIT,exposure_floor
2025-11-24,HDFCLIFE,REDUCE,exposure_floor
2025-11-24,HINDUNILVR,EXIT,exposure_floor
2025-11-24,ICICIBANK,EXIT,exposure_floor
2025-11-24,INFY,EXIT,exposure_floor
2025-11-24,JSWSTEEL,REDUCE,exposure_floor
2025-11-24,MAXHEALTH,EXIT,exposure_floor
2025-11-24,NTPC,EXIT,exposure_floor
2025-11-24,POWERGRID,EXIT,exposure_floor
2025-11-24,TATASTEEL,REDUCE,exposure_floor
2025-11-24,TECHM,EXIT,exposure_floor
2025-11-24,TRENT,EXIT,exposure_floor
2025-11-24,ULTRACEMCO,EXIT,exposure_floor
2025-11-25,ADANIENT,EXIT,exposure_floor
2025-11-25,APOLLOHOSP,REDUCE,exposure_floor
2025-11-25,BAJAJ-AUTO,REDUCE,exposure_floor
2025-11-25,BAJFINANCE,REDUCE,exposure_floor
2025-11-25,BAJAJFINSV,REDUCE,exposure_floor
2025-11-25,CIPLA,REDUCE,exposure_floor
2025-11-25,COALINDIA,REDUCE,exposure_floor
2025-11-25,DRREDDY,EXIT,exposure_floor
2025-11-25,GRASIM,EXIT,exposure_floor
2025-11-25,HCLTECH,EXIT,exposure_floor
2025-11-25,HDFCLIFE,REDUCE,exposure_floor
2025-11-25,HINDUNILVR,EXIT,exposure_floor
2025-11-25,ICICIBANK,EXIT,exposure_floor
2025-11-25,INFY,EXIT,exposure_floor
2025-11-25,JSWSTEEL,REDUCE,exposure_floor
2025-11-25,KOTAKBANK,EXIT,exposure_floor
2025-11-25,MAXHEALTH,EXIT,exposure_floor
2025-11-25,NTPC,EXIT,exposure_floor
2025-11-25,POWERGRID,EXIT,exposure_floor
2025-11-25,TATASTEEL,REDUCE,exposure_floor
2025-11-25,TECHM,EXIT,exposure_floor
2025-11-25,TRENT,EXIT,exposure_floor
2025-11-25,ULTRACEMCO,EXIT,exposure_floor
2025-11-26,ADANIENT,EXIT,exposure_floor
2025-11-26,APOLLOHOSP,REDUCE,exposure_floor
2025-11-26,BAJAJ-AUTO,REDUCE,exposure_floor
2025-11-26,BAJFINANCE,REDUCE,exposure_floor
2025-11-26,BAJAJFINSV,REDUCE,exposure_floor
2025-11-26,CIPLA,REDUCE,exposure_floor
2025-11-26,COALINDIA,REDUCE,exposure_floor
2025-11-26,DRREDDY,EXIT,exposure_floor
2025-11-26,GRASIM,EXIT,exposure_floor
2025-11-26,HDFCLIFE,REDUCE,exposure_floor
2025-11-26,HINDUNILVR,EXIT,exposure_floor
2025-11-26,ICICIBANK,EXIT,exposure_floor
2025-11-26,JSWSTEEL,REDUCE,exposure_floor
2025-11-26,KOTAKBANK,REDUCE,exposure_floor
2025-11-26,MAXHEALTH,EXIT,exposure_floor
2025-11-26,NTPC,EXIT,exposure_floor
2025-11-26,POWERGRID,EXIT,exposure_floor
2025-11-26,TATASTEEL,REDUCE,exposure_floor
2025-11-26,TECHM,EXIT,exposure_floor
2025-11-26,TRENT,EXIT,exposure_floor
2025-11-26,ULTRACEMCO,EXIT,exposure_floor
2025-11-27,ADANIENT,EXIT,exposure_floor
2025-11-27,APOLLOHOSP,REDUCE,exposure_floor
2025-11-27,BAJAJ-AUTO,REDUCE,exposure_floor
2025-11-27,BAJFINANCE,REDUCE,exposure_floor
2025-11-27,BAJAJFINSV,REDUCE,exposure_floor
2025-11-27,CIPLA,REDUCE,exposure_floor
2025-11-27,COALINDIA,REDUCE,exposure_floor
2025-11-27,DRREDDY,EXIT,exposure_floor
2025-11-27,GRASIM,EXIT,exposure_floor
2025-11-27,HCLTECH,EXIT,exposure_floor
2025-11-27,HDFCLIFE,REDUCE,exposure_floor
2025-11-27,HINDUNILVR,EXIT,exposure_floor
2025-11-27,ICICIBANK,EXIT,exposure_floor
2025-11-27,INFY,EXIT,exposure_floor
2025-11-27,MAXHEALTH,EXIT,exposure_floor
2025-11-27,NTPC,EXIT,exposure_floor
2025-11-27,POWERGRID,EXIT,exposure_floor
2025-11-27,TATASTEEL,REDUCE,exposure_floor
2025-11-27,TECHM,EXIT,exposure_floor
2025-11-27,TRENT,EXIT,exposure_floor
2025-11-27,ULTRACEMCO,EXIT,exposure_floor
2025-11-28,ADANIENT,EXIT,exposure_floor
2025-11-28,APOLLOHOSP,REDUCE,exposure_floor
2025-11-28,BAJAJ-AUTO,REDUCE,exposure_floor
2025-11-28,BAJAJFINSV,REDUCE,exposure_floor
2025-11-28,BEL,REDUCE,exposure_floor
2025-11-28,CIPLA,REDUCE,exposure_floor
2025-11-28,COALINDIA,REDUCE,exposure_floor
2025-11-28,DRREDDY,EXIT,exposure_floor
2025-11-28,GRASIM,EXIT,exposure_floor
2025-11-28,HDFCLIFE,REDUCE,exposure_floor
2025-11-28,HINDUNILVR,EXIT,exposure_floor
2025-11-28,ICICIBANK,EXIT,exposure_floor
2025-11-28,MARUTI,REDUCE,exposure_floor
2025-11-28,MAXHEALTH,EXIT,exposure_floor
2025-11-28,NTPC,EXIT,exposure_floor
2025-11-28,POWERGRID,EXIT,exposure_floor
2025-11-28,TATASTEEL,REDUCE,exposure_floor
2025-11-28,TECHM,EXIT,exposure_floor
2025-11-28,TRENT,EXIT,exposure_floor
2025-11-28,ULTRACEMCO,EXIT,exposure_floor
2025-12-01,ADANIENT,EXIT,exposure_floor
2025-12-01,APOLLOHOSP,REDUCE,exposure_floor
2025-12-01,BAJAJ-AUTO,REDUCE,exposure_floor
2025-12-01,BAJFINANCE,REDUCE,exposure_floor
2025-12-01,BAJAJFINSV,REDUCE,exposure_floor
2025-12-01,BEL,REDUCE,exposure_floor
2025-12-01,CIPLA,REDUCE,exposure_floor
2025-12-01,COALINDIA,REDUCE,exposure_floor
2025-12-01,DRREDDY,EXIT,exposure_floor
2025-12-01,GRASIM,EXIT,exposure_floor
2025-12-01,HDFCLIFE,REDUCE,exposure_floor
2025-12-01,HINDUNILVR,EXIT,exposure_floor
2025-12-01,ICICIBANK,EXIT,exposure_floor
2025-12-01,INFY,EXIT,exposure_floor
2025-12-01,MARUTI,REDUCE,exposure_floor
2025-12-01,MAXHEALTH,EXIT,exposure_floor
2025-12-01,NTPC,EXIT,exposure_floor
2025-12-01,POWERGRID,EXIT,exposure_floor
2025-12-01,TATASTEEL,REDUCE,exposure_floor
2025-12-01,TECHM,EXIT,exposure_floor
2025-12-01,TRENT,EXIT,exposure_floor
2025-12-01,ULTRACEMCO,EXIT,exposure_floor
2025-12-02,ADANIENT,EXIT,exposure_floor
2025-12-02,APOLLOHOSP,REDUCE,exposure_floor
2025-12-02,BAJAJ-AUTO,REDUCE,exposure_floor
2025-12-02,BAJFINANCE,REDUCE,exposure_floor
2025-12-02,BAJAJFINSV,REDUCE,exposure_floor
2025-12-02,BEL,REDUCE,exposure_floor
2025-12-02,CIPLA,REDUCE,exposure_floor
2025-12-02,COALINDIA,REDUCE,exposure_floor
2025-12-02,DRREDDY,EXIT,exposure_floor
2025-12-02,GRASIM,EXIT,exposure_floor
2025-12-02,HDFCLIFE,REDUCE,exposure_floor
2025-12-02,HINDUNILVR,EXIT,exposure_floor
2025-12-02,ICICIBANK,EXIT,exposure_floor
2025-12-02,INDIGO,REDUCE,exposure_floor
2025-12-02,MAXHEALTH,EXIT,exposure_floor
2025-12-02,NTPC,EXIT,exposure_floor
2025-12-02,POWERGRID,EXIT,exposure_floor
2025-12-02,TATASTEEL,REDUCE,exposure_floor
2025-12-02,TECHM,EXIT,exposure_floor
2025-12-02,TRENT,EXIT,exposure_floor
2025-12-02,ULTRACEMCO,EXIT,exposure_floor
2025-12-03,ADANIENT,EXIT,exposure_floor
2025-12-03,APOLLOHOSP,EXIT,exposure_floor
2025-12-03,BAJAJ-AUTO,REDUCE,exposure_floor
2025-12-03,BAJFINANCE,REDUCE,exposure_floor
2025-12-03,BAJAJFINSV,REDUCE,exposure_floor
2025-12-03,BEL,REDUCE,exposure_floor
2025-12-03,CIPLA,REDUCE,exposure_floor
2025-12-03,COALINDIA,REDUCE,exposure_floor
2025-12-03,DRREDDY,EXIT,exposure_floor
2025-12-03,GRASIM,EXIT,exposure_floor
2025-12-03,HDFCLIFE,REDUCE,exposure_floor
2025-12-03,HINDUNILVR,EXIT,exposure_floor
2025-12-03,ICICIBANK,EXIT,exposure_floor
2025-12-03,INFY,EXIT,exposure_floor
2025-12-03,INDIGO,REDUCE,exposure_floor
2025-12-03,MAXHEALTH,EXIT,exposure_floor
2025-12-03,NTPC,EXIT,exposure_floor
2025-12-03,POWERGRID,EXIT,exposure_floor
2025-12-03,TATASTEEL,REDUCE,exposure_floor
2025-12-03,TECHM,EXIT,exposure_floor
2025-12-03,TRENT,EXIT,exposure_floor
2025-12-03,ULTRACEMCO,EXIT,exposure_floor
2025-12-04,ADANIENT,EXIT,exposure_floor
2025-12-04,APOLLOHOSP,EXIT,exposure_floor
2025-12-04,BAJAJ-AUTO,REDUCE,exposure_floor
2025-12-04,BAJFINANCE,REDUCE,exposure_floor
2025-12-04,BAJAJFINSV,REDUCE,exposure_floor
2025-12-04,BEL,REDUCE,exposure_floor
2025-12-04,CIPLA,REDUCE,exposure_floor
2025-12-04,COALINDIA,REDUCE,exposure_floor
2025-12-04,DRREDDY,EXIT,exposure_floor
2025-12-04,GRASIM,EXIT,exposure_floor
2025-12-04,HDFCLIFE,REDUCE,exposure_floor
2025-12-04,HINDUNILVR,EXIT,exposure_floor
2025-12-04,ICICIBANK,EXIT,exposure_floor
2025-12-04,INDIGO,EXIT,exposure_floor
2025-12-04,MARUTI,REDUCE,exposure_floor
2025-12-04,MAXHEALTH,EXIT,exposure_floor
2025-12-04,NTPC,EXIT,exposure_floor
2025-12-04,POWERGRID,EXIT,exposure_floor
2025-12-04,TATASTEEL,REDUCE,exposure_floor
2025-12-04,TECHM,REDUCE,exposure_floor
2025-12-04,TRENT,EXIT,exposure_floor
2025-12-04,ULTRACEMCO,EXIT,exposure_floor
2025-12-05,ADANIENT,EXIT,exposure_floor
2025-12-05,APOLLOHOSP,EXIT,exposure_floor
2025-12-05,BAJAJ-AUTO,REDUCE,exposure_floor
2025-12-05,BAJAJFINSV,REDUCE,exposure_floor
2025-12-05,BEL,REDUCE,exposure_floor
2025-12-05,CIPLA,REDUCE,exposure_floor
2025-12-05,COALINDIA,REDUCE,exposure_floor
2025-12-05,DRREDDY,EXIT,exposure_floor
2025-12-05,GRASIM,EXIT,exposure_floor
2025-12-05,HDFCLIFE,REDUCE,exposure_floor
2025-12-05,HINDUNILVR,EXIT,exposure_floor
2025-12-05,ICICIBANK,EXIT,exposure_floor
2025-12-05,INFY,EXIT,exposure_floor
2025-12-05,INDIGO,EXIT,exposure_floor
2025-12-05,MARUTI,REDUCE,exposure_floor
2025-12-05,MAXHEALTH,EXIT,exposure_floor
2025-12-05,NTPC,EXIT,exposure_floor
2025-12-05,POWERGRID,EXIT,exposure_floor
2025-12-05,TATASTEEL,REDUCE,exposure_floor
2025-12-05,TECHM,REDUCE,exposure_floor
2025-12-05,TRENT,EXIT,exposure_floor
2025-12-05,ULTRACEMCO,EXIT,exposure_floor
2025-12-05,WIPRO,EXIT,exposure_floor
2025-12-08,ADANIENT,EXIT,exposure_floor
2025-12-08,APOLLOHOSP,EXIT,exposure_floor
2025-12-08,BAJFINANCE,REDUCE,exposure_floor
2025-12-08,BAJAJFINSV,REDUCE,exposure_floor
2025-12-08,BEL,REDUCE,exposure_floor
2025-12-08,CIPLA,EXIT,exposure_floor
2025-12-08,COALINDIA,REDUCE,exposure_floor
2025-12-08,DRREDDY,EXIT,exposure_floor
2025-12-08,GRASIM,EXIT,exposure_floor
2025-12-08,HDFCLIFE,REDUCE,exposure_floor
2025-12-08,HINDUNILVR,EXIT,exposure_floor
2025-12-08,ICICIBANK,EXIT,exposure_floor
2025-12-08,INDIGO,EXIT,exposure_floor
2025-12-08,JSWSTEEL,REDUCE,exposure_floor
2025-12-08,MARUTI,REDUCE,exposure_floor
2025-12-08,MAXHEALTH,EXIT,exposure_floor
2025-12-08,NTPC,EXIT,exposure_floor
2025-12-08,POWERGRID,EXIT,exposure_floor
2025-12-08,TATACONSUM,REDUCE,exposure_floor
2025-12-08,TATASTEEL,REDUCE,exposure_floor
2025-12-08,TECHM,REDUCE,exposure_floor
2025-12-08,TRENT,EXIT,exposure_floor
2025-12-08,ULTRACEMCO,EXIT,exposure_floor
2025-12-09,ADANIENT,EXIT,exposure_floor
2025-12-09,APOLLOHOSP,EXIT,exposure_floor
2025-12-09,BAJFINANCE,REDUCE,exposure_floor
2025-12-09,BAJAJFINSV,REDUCE,exposure_floor
2025-12-09,BEL,REDUCE,exposure_floor
2025-12-09,CIPLA,EXIT,exposure_floor
2025-12-09,COALINDIA,REDUCE,exposure_floor
2025-12-09,DRREDDY,EXIT,exposure_floor
2025-12-09,GRASIM,EXIT,exposure_floor
2025-12-09,HDFCLIFE,REDUCE,exposure_floor
2025-12-09,HINDUNILVR,EXIT,exposure_floor
2025-12-09,ICICIBANK,EXIT,exposure_floor
2025-12-09,INFY,EXIT,exposure_floor
2025-12-09,INDIGO,EXIT,exposure_floor
2025-12-09,JSWSTEEL,REDUCE,exposure_floor
2025-12-09,MARUTI,REDUCE,exposure_floor
2025-12-09,MAXHEALTH,EXIT,exposure_floor
2025-12-09,NTPC,EXIT,exposure_floor
2025-12-09,POWERGRID,EXIT,exposure_floor
2025-12-09,TATACONSUM,REDUCE,exposure_floor
2025-12-09,TATASTEEL,REDUCE,exposure_floor
2025-12-09,TECHM,REDUCE,exposure_floor
2025-12-09,TRENT,EXIT,exposure_floor
2025-12-09,ULTRACEMCO,EXIT,exposure_floor
2025-12-09,WIPRO,EXIT,exposure_floor
2025-12-10,ADANIENT,EXIT,exposure_floor
2025-12-10,APOLLOHOSP,EXIT,exposure_floor
2025-12-10,BAJFINANCE,REDUCE,exposure_floor
2025-12-10,BAJAJFINSV,REDUCE,exposure_floor
2025-12-10,BEL,REDUCE,exposure_floor
2025-12-10,CIPLA,EXIT,exposure_floor
2025-12-10,COALINDIA,REDUCE,exposure_floor
2025-12-10,DRREDDY,EXIT,exposure_floor
2025-12-10,GRASIM,EXIT,exposure_floor
2025-12-10,HDFCLIFE,REDUCE,exposure_floor
2025-12-10,HINDUNILVR,EXIT,exposure_floor
2025-12-10,ICICIBANK,EXIT,exposure_floor
2025-12-10,INDIGO,EXIT,exposure_floor
2025-12-10,JSWSTEEL,REDUCE,exposure_floor
2025-12-10,MARUTI,REDUCE,exposure_floor
2025-12-10,MAXHEALTH,EXIT,exposure_floor
2025-12-10,NTPC,EXIT,exposure_floor
2025-12-10,ONGC,REDUCE,exposure_floor
2025-12-10,POWERGRID,EXIT,exposure_floor
2025-12-10,TATACONSUM,REDUCE,exposure_floor
2025-12-10,TATASTEEL,REDUCE,exposure_floor
2025-12-10,TECHM,REDUCE,exposure_floor
2025-12-10,TRENT,EXIT,exposure_floor
2025-12-10,ULTRACEMCO,EXIT,exposure_floor
2025-12-11,ADANIENT,EXIT,exposure_floor
2025-12-11,APOLLOHOSP,EXIT,exposure_floor
2025-12-11,BAJFINANCE,REDUCE,exposure_floor
2025-12-11,BAJAJFINSV,REDUCE,exposure_floor
2025-12-11,BEL,REDUCE,exposure_floor
2025-12-11,CIPLA,EXIT,exposure_floor
2025-12-11,COALINDIA,REDUCE,exposure_floor
2025-12-11,DRREDDY,EXIT,exposure_floor
2025-12-11,GRASIM,EXIT,exposure_floor
2025-12-11,HDFCLIFE,REDUCE,exposure_floor
2025-12-11,HINDUNILVR,EXIT,exposure_floor
2025-12-11,ICICIBANK,EXIT,exposure_floor
2025-12-11,INFY,EXIT,exposure_floor
2025-12-11,INDIGO,EXIT,exposure_floor
2025-12-11,JSWSTEEL,REDUCE,exposure_floor
2025-12-11,MARUTI,REDUCE,exposure_floor
2025-12-11,MAXHEALTH,EXIT,exposure_floor
2025-12-11,NTPC,EXIT,exposure_floor
2025-12-11,ONGC,REDUCE,exposure_floor
2025-12-11,POWERGRID,EXIT,exposure_floor
2025-12-11,TATACONSUM,REDUCE,exposure_floor
2025-12-11,TATASTEEL,REDUCE,exposure_floor
2025-12-11,TECHM,REDUCE,exposure_floor
2025-12-11,TRENT,EXIT,exposure_floor
2025-12-11,ULTRACEMCO,EXIT,exposure_floor
2025-12-11,WIPRO,EXIT,exposure_floor
2025-12-12,ADANIENT,EXIT,exposure_floor
2025-12-12,APOLLOHOSP,EXIT,exposure_floor
2025-12-12,BAJFINANCE,REDUCE,exposure_floor
2025-12-12,BAJAJFINSV,REDUCE,exposure_floor
2025-12-12,BEL,REDUCE,exposure_floor
2025-12-12,CIPLA,EXIT,exposure_floor
2025-12-12,COALINDIA,REDUCE,exposure_floor
2025-12-12,DRREDDY,REDUCE,exposure_floor
2025-12-12,GRASIM,EXIT,exposure_floor
2025-12-12,HDFCLIFE,REDUCE,exposure_floor
2025-12-12,HINDUNILVR,EXIT,exposure_floor
2025-12-12,ICICIBANK,EXIT,exposure_floor
2025-12-12,INDIGO,EXIT,exposure_floor
2025-12-12,JSWSTEEL,REDUCE,exposure_floor
2025-12-12,MARUTI,REDUCE,exposure_floor
2025-12-12,MAXHEALTH,EXIT,exposure_floor
2025-12-12,NTPC,EXIT,exposure_floor
2025-12-12,ONGC,REDUCE,exposure_floor
2025-12-12,POWERGRID,EXIT,exposure_floor
2025-12-12,TATACONSUM,REDUCE,exposure_floor
2025-12-12,TATASTEEL,REDUCE,exposure_floor
2025-12-12,TECHM,REDUCE,exposure_floor
2025-12-12,TRENT,EXIT,exposure_floor
2025-12-12,ULTRACEMCO,EXIT,exposure_floor
2025-12-15,ADANIENT,EXIT,exposure_floor
2025-12-15,APOLLOHOSP,EXIT,exposure_floor
2025-12-15,BAJFINANCE,REDUCE,exposure_floor
2025-12-15,BAJAJFINSV,REDUCE,exposure_floor
2025-12-15,BEL,REDUCE,exposure_floor
2025-12-15,CIPLA,EXIT,exposure_floor
2025-12-15,COALINDIA,REDUCE,exposure_floor
2025-12-15,DRREDDY,REDUCE,exposure_floor
2025-12-15,GRASIM,EXIT,exposure_floor
2025-12-15,HDFCLIFE,REDUCE,exposure_floor
2025-12-15,HINDUNILVR,EXIT,exposure_floor
2025-12-15,ICICIBANK,EXIT,exposure_floor
2025-12-15,INFY,EXIT,exposure_floor
2025-12-15,INDIGO,EXIT,exposure_floor
2025-12-15,JSWSTEEL,REDUCE,exposure_floor
2025-12-15,MARUTI,REDUCE,exposure_floor
2025-12-15,MAXHEALTH,EXIT,exposure_floor
2025-12-15,NTPC,EXIT,exposure_floor
2025-12-15,ONGC,EXIT,exposure_floor
2025-12-15,POWERGRID,EXIT,exposure_floor
2025-12-15,TATACONSUM,REDUCE,exposure_floor
2025-12-15,TATASTEEL,REDUCE,exposure_floor
2025-12-15,TECHM,REDUCE,exposure_floor
2025-12-15,TRENT,EXIT,exposure_floor
2025-12-15,ULTRACEMCO,EXIT,exposure_floor
2025-12-15,WIPRO,EXIT,exposure_floor
2025-12-16,ADANIENT,EXIT,exposure_floor
2025-12-16,APOLLOHOSP,EXIT,exposure_floor
2025-12-16,BAJFINANCE,REDUCE,exposure_floor
2025-12-16,BAJAJFINSV,REDUCE,exposure_floor
2025-12-16,BEL,REDUCE,exposure_floor
2025-12-16,CIPLA,EXIT,exposure_floor
2025-12-16,COALINDIA,REDUCE,exposure_floor
2025-12-16,DRREDDY,REDUCE,exposure_floor
2025-12-16,GRASIM,EXIT,exposure_floor
2025-12-16,HDFCLIFE,REDUCE,exposure_floor
2025-12-16,HINDUNILVR,EXIT,exposure_floor
2025-12-16,ICICIBANK,EXIT,exposure_floor
2025-12-16,INDIGO,EXIT,exposure_floor
2025-12-16,JSWSTEEL,REDUCE,exposure_floor
2025-12-16,MAXHEALTH,EXIT,exposure_floor
2025-12-16,NTPC,EXIT,exposure_floor
2025-12-16,ONGC,EXIT,exposure_floor
2025-12-16,POWERGRID,EXIT,exposure_floor
2025-12-16,TATASTEEL,REDUCE,exposure_floor
2025-12-16,TECHM,REDUCE,exposure_floor
2025-12-16,TRENT,EXIT,exposure_floor
2025-12-16,ULTRACEMCO,EXIT,exposure_floor
2025-12-17,ADANIENT,EXIT,exposure_floor
2025-12-17,APOLLOHOSP,EXIT,exposure_floor
2025-12-17,AXISBANK,REDUCE,exposure_floor
2025-12-17,BAJAJ-AUTO,REDUCE,exposure_floor
2025-12-17,BAJFINANCE,REDUCE,exposure_floor
2025-12-17,BAJAJFINSV,REDUCE,exposure_floor
2025-12-17,BEL,REDUCE,exposure_floor
2025-12-17,CIPLA,EXIT,exposure_floor
2025-12-17,GRASIM,EXIT,exposure_floor
2025-12-17,HDFCBANK,REDUCE,exposure_floor
2025-12-17,HDFCLIFE,REDUCE,exposure_floor
2025-12-17,HINDUNILVR,EXIT,exposure_floor
2025-12-17,ICICIBANK,EXIT,exposure_floor
2025-12-17,INFY,EXIT,exposure_floor
2025-12-17,INDIGO,EXIT,exposure_floor
2025-12-17,JSWSTEEL,REDUCE,exposure_floor
2025-12-17,MAXHEALTH,EXIT,exposure_floor
2025-12-17,NTPC,EXIT,exposure_floor
2025-12-17,ONGC,EXIT,exposure_floor
2025-12-17,POWERGRID,EXIT,exposure_floor
2025-12-17,TATASTEEL,REDUCE,exposure_floor
2025-12-17,TECHM,REDUCE,exposure_floor
2025-12-17,TRENT,EXIT,exposure_floor
2025-12-17,ULTRACEMCO,EXIT,exposure_floor
2025-12-17,WIPRO,EXIT,exposure_floor
2025-12-18,ADANIENT,EXIT,exposure_floor
2025-12-18,APOLLOHOSP,EXIT,exposure_floor
2025-12-18,AXISBANK,REDUCE,exposure_floor
2025-12-18,BAJAJ-AUTO,REDUCE,exposure_floor
2025-12-18,BAJFINANCE,REDUCE,exposure_floor
2025-12-18,BAJAJFINSV,REDUCE,exposure_floor
2025-12-18,BEL,REDUCE,exposure_floor
2025-12-18,CIPLA,EXIT,exposure_floor
2025-12-18,GRASIM,EXIT,exposure_floor
2025-12-18,HDFCBANK,REDUCE,exposure_floor
2025-12-18,HDFCLIFE,REDUCE,exposure_floor
2025-12-18,HINDUNILVR,EXIT,exposure_floor
2025-12-18,ICICIBANK,EXIT,exposure_floor
2025-12-18,INDIGO,EXIT,exposure_floor
2025-12-18,JSWSTEEL,REDUCE,exposure_floor
2025-12-18,MAXHEALTH,EXIT,exposure_floor
2025-12-18,NTPC,EXIT,exposure_floor
2025-12-18,ONGC,EXIT,exposure_floor
2025-12-18,POWERGRID,EXIT,exposure_floor
2025-12-18,TATASTEEL,REDUCE,exposure_floor
2025-12-18,TECHM,REDUCE,exposure_floor
2025-12-18,TRENT,EXIT,exposure_floor
2025-12-18,ULTRACEMCO,EXIT,exposure_floor
2025-12-19,ADANIENT,EXIT,exposure_floor
2025-12-19,APOLLOHOSP,EXIT,exposure_floor
2025-12-19,AXISBANK,REDUCE,exposure_floor
2025-12-19,BAJAJ-AUTO,REDUCE,exposure_floor
2025-12-19,BAJFINANCE,REDUCE,exposure_floor
2025-12-19,BAJAJFINSV,REDUCE,exposure_floor
2025-12-19,BEL,REDUCE,exposure_floor
2025-12-19,CIPLA,EXIT,exposure_floor
2025-12-19,GRASIM,EXIT,exposure_floor
2025-12-19,HDFCBANK,REDUCE,exposure_floor
2025-12-19,HINDUNILVR,EXIT,exposure_floor
2025-12-19,ICICIBANK,EXIT,exposure_floor
2025-12-19,INFY,EXIT,exposure_floor
2025-12-19,INDIGO,EXIT,exposure_floor
2025-12-19,JSWSTEEL,REDUCE,exposure_floor
2025-12-19,MAXHEALTH,EXIT,exposure_floor
2025-12-19,NTPC,EXIT,exposure_floor
2025-12-19,ONGC,EXIT,exposure_floor
2025-12-19,POWERGRID,EXIT,exposure_floor
2025-12-19,TCS,EXIT,exposure_floor
2025-12-19,TATASTEEL,REDUCE,exposure_floor
2025-12-19,TRENT,EXIT,exposure_floor
2025-12-19,ULTRACEMCO,EXIT,exposure_floor
2025-12-19,WIPRO,EXIT,exposure_floor
2025-12-22,ADANIENT,EXIT,exposure_floor
2025-12-22,APOLLOHOSP,EXIT,exposure_floor
2025-12-22,AXISBANK,REDUCE,exposure_floor
2025-12-22,BAJFINANCE,REDUCE,exposure_floor
2025-12-22,BAJAJFINSV,REDUCE,exposure_floor
2025-12-22,BEL,REDUCE,exposure_floor
2025-12-22,CIPLA,EXIT,exposure_floor
2025-12-22,GRASIM,EXIT,exposure_floor
2025-12-22,HDFCBANK,REDUCE,exposure_floor
2025-12-22,HINDUNILVR,EXIT,exposure_floor
2025-12-22,ICICIBANK,EXIT,exposure_floor
2025-12-22,INDIGO,EXIT,exposure_floor
2025-12-22,JSWSTEEL,REDUCE,exposure_floor
2025-12-22,MAXHEALTH,EXIT,exposure_floor
2025-12-22,NTPC,EXIT,exposure_floor
2025-12-22,ONGC,EXIT,exposure_floor
2025-12-22,POWERGRID,EXIT,exposure_floor
2025-12-22,TATASTEEL,REDUCE,exposure_floor
2025-12-22,TRENT,EXIT,exposure_floor
2025-12-22,ULTRACEMCO,EXIT,exposure_floor
2025-12-23,ADANIENT,EXIT,exposure_floor
2025-12-23,APOLLOHOSP,EXIT,exposure_floor
2025-12-23,AXISBANK,REDUCE,exposure_floor
2025-12-23,BAJFINANCE,REDUCE,exposure_floor
2025-12-23,BAJAJFINSV,REDUCE,exposure_floor
2025-12-23,BEL,REDUCE,exposure_floor
2025-12-23,CIPLA,EXIT,exposure_floor
2025-12-23,GRASIM,EXIT,exposure_floor
2025-12-23,HDFCBANK,REDUCE,exposure_floor
2025-12-23,HINDUNILVR,EXIT,exposure_floor
2025-12-23,ICICIBANK,EXIT,exposure_floor
2025-12-23,INDIGO,EXIT,exposure_floor
2025-12-23,JSWSTEEL,REDUCE,exposure_floor
2025-12-23,MAXHEALTH,EXIT,exposure_floor
2025-12-23,NTPC,EXIT,exposure_floor
2025-12-23,ONGC,EXIT,exposure_floor
2025-12-23,POWERGRID,EXIT,exposure_floor
2025-12-23,TCS,EXIT,exposure_floor
2025-12-23,TATASTEEL,REDUCE,exposure_floor
2025-12-23,TRENT,EXIT,exposure_floor
2025-12-23,ULTRACEMCO,EXIT,exposure_floor
2025-12-24,ADANIENT,EXIT,exposure_floor
2025-12-24,APOLLOHOSP,EXIT,exposure_floor
2025-12-24,AXISBANK,REDUCE,exposure_floor
2025-12-24,BAJFINANCE,REDUCE,exposure_floor
2025-12-24,BAJAJFINSV,REDUCE,exposure_floor
2025-12-24,BEL,REDUCE,exposure_floor
2025-12-24,CIPLA,EXIT,exposure_floor
2025-12-24,GRASIM,EXIT,exposure_floor
2025-12-24,HDFCBANK,REDUCE,exposure_floor
2025-12-24,HDFCLIFE,REDUCE,exposure_floor
2025-12-24,HINDUNILVR,EXIT,exposure_floor
2025-12-24,ICICIBANK,EXIT,exposure_floor
2025-12-24,INDIGO,EXIT,exposure_floor
2025-12-24,JSWSTEEL,REDUCE,exposure_floor
2025-12-24,MAXHEALTH,EXIT,exposure_floor
2025-12-24,NTPC,EXIT,exposure_floor
2025-12-24,ONGC,EXIT,exposure_floor
2025-12-24,POWERGRID,EXIT,exposure_floor
2025-12-24,TATASTEEL,REDUCE,exposure_floor
2025-12-24,TRENT,EXIT,exposure_floor
2025-12-24,ULTRACEMCO,EXIT,exposure_floor
2025-12-26,ADANIENT,EXIT,exposure_floor
2025-12-26,APOLLOHOSP,EXIT,exposure_floor
2025-12-26,AXISBANK,REDUCE,exposure_floor
2025-12-26,BAJFINANCE,REDUCE,exposure_floor
2025-12-26,BAJAJFINSV,REDUCE,exposure_floor
2025-12-26,BEL,REDUCE,exposure_floor
2025-12-26,CIPLA,EXIT,exposure_floor
2025-12-26,GRASIM,EXIT,exposure_floor
2025-12-26,HDFCBANK,REDUCE,exposure_floor
2025-12-26,HDFCLIFE,REDUCE,exposure_floor
2025-12-26,HINDUNILVR,EXIT,exposure_floor
2025-12-26,ICICIBANK,EXIT,exposure_floor
2025-12-26,INDIGO,EXIT,exposure_floor
2025-12-26,JSWSTEEL,REDUCE,exposure_floor
2025-12-26,MAXHEALTH,EXIT,exposure_floor
2025-12-26,NTPC,EXIT,exposure_floor
2025-12-26,ONGC,EXIT,exposure_floor
2025-12-26,POWERGRID,EXIT,exposure_floor
2025-12-26,TCS,EXIT,exposure_floor
2025-12-26,TATASTEEL,REDUCE,exposure_floor
2025-12-26,TRENT,EXIT,exposure_floor
2025-12-26,ULTRACEMCO,EXIT,exposure_floor
2025-12-29,ADANIENT,EXIT,exposure_floor
2025-12-29,ADANIPORTS,REDUCE,exposure_floor
2025-12-29,APOLLOHOSP,EXIT,exposure_floor
2025-12-29,AXISBANK,REDUCE,exposure_floor
2025-12-29,BAJFINANCE,REDUCE,exposure_floor
2025-12-29,BAJAJFINSV,REDUCE,exposure_floor
2025-12-29,BEL,REDUCE,exposure_floor
2025-12-29,CIPLA,EXIT,exposure_floor
2025-12-29,GRASIM,EXIT,exposure_floor
2025-12-29,HCLTECH,EXIT,exposure_floor
2025-12-29,HDFCBANK,REDUCE,exposure_floor
2025-12-29,HDFCLIFE,EXIT,exposure_floor
2025-12-29,HINDUNILVR,EXIT,exposure_floor
2025-12-29,ICICIBANK,EXIT,exposure_floor
2025-12-29,INDIGO,EXIT,exposure_floor
2025-12-29,JSWSTEEL,REDUCE,exposure_floor
2025-12-29,MAXHEALTH,EXIT,exposure_floor
2025-12-29,NTPC,EXIT,exposure_floor
2025-12-29,ONGC,EXIT,exposure_floor
2025-12-29,POWERGRID,EXIT,exposure_floor
2025-12-29,TATASTEEL,REDUCE,exposure_floor
2025-12-29,TRENT,EXIT,exposure_floor
2025-12-29,ULTRACEMCO,EXIT,exposure_floor
2025-12-29,WIPRO,EXIT,exposure_floor
2025-12-30,ADANIENT,EXIT,exposure_floor
2025-12-30,ADANIPORTS,REDUCE,exposure_floor
2025-12-30,APOLLOHOSP,EXIT,exposure_floor
2025-12-30,AXISBANK,REDUCE,exposure_floor
2025-12-30,BAJFINANCE,REDUCE,exposure_floor
2025-12-30,BAJAJFINSV,REDUCE,exposure_floor
2025-12-30,BEL,REDUCE,exposure_floor
2025-12-30,CIPLA,EXIT,exposure_floor
2025-12-30,GRASIM,EXIT,exposure_floor
2025-12-30,HCLTECH,REDUCE,exposure_floor
2025-12-30,HDFCBANK,REDUCE,exposure_floor
2025-12-30,HDFCLIFE,EXIT,exposure_floor
2025-12-30,HINDUNILVR,EXIT,exposure_floor
2025-12-30,ICICIBANK,EXIT,exposure_floor
2025-12-30,INFY,EXIT,exposure_floor
2025-12-30,INDIGO,EXIT,exposure_floor
2025-12-30,JSWSTEEL,REDUCE,exposure_floor
2025-12-30,MAXHEALTH,EXIT,exposure_floor
2025-12-30,NTPC,EXIT,exposure_floor
2025-12-30,ONGC,EXIT,exposure_floor
2025-12-30,POWERGRID,EXIT,exposure_floor
2025-12-30,TCS,EXIT,exposure_floor
2025-12-30,TRENT,EXIT,exposure_floor
2025-12-30,ULTRACEMCO,EXIT,exposure_floor
2025-12-30,WIPRO,REDUCE,exposure_floor
2025-12-31,ADANIENT,EXIT,exposure_floor
2025-12-31,ADANIPORTS,REDUCE,exposure_floor
2025-12-31,APOLLOHOSP,EXIT,exposure_floor
2025-12-31,BAJFINANCE,REDUCE,exposure_floor
2025-12-31,BAJAJFINSV,REDUCE,exposure_floor
2025-12-31,BEL,REDUCE,exposure_floor
2025-12-31,CIPLA,EXIT,exposure_floor
2025-12-31,GRASIM,EXIT,exposure_floor
2025-12-31,HCLTECH,EXIT,exposure_floor
2025-12-31,HDFCBANK,REDUCE,exposure_floor
2025-12-31,HDFCLIFE,EXIT,exposure_floor
2025-12-31,HINDUNILVR,EXIT,exposure_floor
2025-12-31,ICICIBANK,EXIT,exposure_floor
2025-12-31,INFY,REDUCE,exposure_floor
2025-12-31,INDIGO,EXIT,exposure_floor
2025-12-31,JSWSTEEL,REDUCE,exposure_floor
2025-12-31,MAXHEALTH,EXIT,exposure_floor
2025-12-31,NTPC,EXIT,exposure_floor
2025-12-31,ONGC,EXIT,exposure_floor
2025-12-31,POWERGRID,EXIT,exposure_floor
2025-12-31,TCS,EXIT,exposure_floor
2025-12-31,TRENT,EXIT,exposure_floor
2025-12-31,ULTRACEMCO,EXIT,exposure_floor
2025-12-31,WIPRO,EXIT,exposure_floor
2026-01-02,ADANIENT,EXIT,exposure_floor
2026-01-02,ADANIPORTS,REDUCE,exposure_floor
2026-01-02,APOLLOHOSP,EXIT,exposure_floor
2026-01-02,BAJFINANCE,REDUCE,exposure_floor
2026-01-02,BAJAJFINSV,REDUCE,exposure_floor
2026-01-02,BEL,REDUCE,exposure_floor
2026-01-02,CIPLA,EXIT,exposure_floor
2026-01-02,GRASIM,EXIT,exposure_floor
2026-01-02,HCLTECH,REDUCE,exposure_floor
2026-01-02,HDFCBANK,REDUCE,exposure_floor
2026-01-02,HDFCLIFE,EXIT,exposure_floor
2026-01-02,HINDUNILVR,EXIT,exposure_floor
2026-01-02,ICICIBANK,EXIT,exposure_floor
2026-01-02,INDIGO,EXIT,exposure_floor
2026-01-02,MAXHEALTH,EXIT,exposure_floor
2026-01-02,ONGC,EXIT,exposure_floor
2026-01-02,POWERGRID,EXIT,exposure_floor
2026-01-02,TRENT,EXIT,exposure_floor
2026-01-02,ULTRACEMCO,EXIT,exposure_floor
2026-01-02,WIPRO,REDUCE,exposure_floor
2026-01-05,ADANIENT,EXIT,exposure_floor
2026-01-05,APOLLOHOSP,EXIT,exposure_floor
2026-01-05,BAJFINANCE,REDUCE,exposure_floor
2026-01-05,BAJAJFINSV,REDUCE,exposure_floor
2026-01-05,BEL,REDUCE,exposure_floor
2026-01-05,CIPLA,EXIT,exposure_floor
2026-01-05,DRREDDY,REDUCE,exposure_floor
2026-01-05,GRASIM,EXIT,exposure_floor
2026-01-05,HCLTECH,EXIT,exposure_floor
2026-01-05,HDFCBANK,REDUCE,exposure_floor
2026-01-05,HDFCLIFE,REDUCE,exposure_floor
2026-01-05,HINDUNILVR,EXIT,exposure_floor
2026-01-05,ICICIBANK,EXIT,exposure_floor
2026-01-05,INFY,EXIT,exposure_floor
2026-01-05,INDIGO,EXIT,exposure_floor
2026-01-05,MAXHEALTH,EXIT,exposure_floor
2026-01-05,ONGC,EXIT,exposure_floor
2026-01-05,POWERGRID,EXIT,exposure_floor
2026-01-05,TCS,EXIT,exposure_floor
2026-01-05,TRENT,EXIT,exposure_floor
2026-01-05,ULTRACEMCO,EXIT,exposure_floor
2026-01-05,WIPRO,EXIT,exposure_floor
2026-01-06,ADANIENT,EXIT,exposure_floor
2026-01-06,APOLLOHOSP,EXIT,exposure_floor
2026-01-06,BAJFINANCE,REDUCE,exposure_floor
2026-01-06,BAJAJFINSV,REDUCE,exposure_floor
2026-01-06,BEL,REDUCE,exposure_floor
2026-01-06,CIPLA,EXIT,exposure_floor
2026-01-06,DRREDDY,REDUCE,exposure_floor
2026-01-06,GRASIM,EXIT,exposure_floor
2026-01-06,HCLTECH,REDUCE,exposure_floor
2026-01-06,HDFCBANK,EXIT,exposure_floor
2026-01-06,HINDUNILVR,EXIT,exposure_floor
2026-01-06,ICICIBANK,REDUCE,exposure_floor
2026-01-06,INFY,REDUCE,exposure_floor
2026-01-06,INDIGO,EXIT,exposure_floor
2026-01-06,MAXHEALTH,EXIT,exposure_floor
2026-01-06,ONGC,EXIT,exposure_floor
2026-01-06,POWERGRID,EXIT,exposure_floor
2026-01-06,TRENT,EXIT,exposure_floor
2026-01-06,ULTRACEMCO,EXIT,exposure_floor
2026-01-06,WIPRO,REDUCE,exposure_floor
2026-01-07,ADANIENT,EXIT,exposure_floor
2026-01-07,APOLLOHOSP,EXIT,exposure_floor
2026-01-07,BAJFINANCE,REDUCE,exposure_floor
2026-01-07,BAJAJFINSV,REDUCE,exposure_floor
2026-01-07,BEL,REDUCE,exposure_floor
2026-01-07,CIPLA,EXIT,exposure_floor
2026-01-07,DRREDDY,EXIT,exposure_floor
2026-01-07,GRASIM,EXIT,exposure_floor
2026-01-07,HDFCBANK,EXIT,exposure_floor
2026-01-07,HINDUNILVR,EXIT,exposure_floor
2026-01-07,ICICIBANK,REDUCE,exposure_floor
2026-01-07,INDIGO,EXIT,exposure_floor
2026-01-07,MAXHEALTH,EXIT,exposure_floor
2026-01-07,ONGC,EXIT,exposure_floor
2026-01-07,POWERGRID,EXIT,exposure_floor
2026-01-07,TCS,EXIT,exposure_floor
2026-01-07,TRENT,EXIT,exposure_floor
2026-01-07,ULTRACEMCO,REDUCE,exposure_floor
2026-01-08,ADANIENT,EXIT,exposure_floor
2026-01-08,APOLLOHOSP,EXIT,exposure_floor
2026-01-08,BAJFINANCE,REDUCE,exposure_floor
2026-01-08,BAJAJFINSV,EXIT,exposure_floor
2026-01-08,CIPLA,EXIT,exposure_floor
2026-01-08,DRREDDY,EXIT,exposure_floor
2026-01-08,GRASIM,EXIT,exposure_floor
2026-01-08,HDFCBANK,EXIT,exposure_floor
2026-01-08,HINDUNILVR,EXIT,exposure_floor
2026-01-08,ICICIBANK,REDUCE,exposure_floor
2026-01-08,INFY,EXIT,exposure_floor
2026-01-08,INDIGO,EXIT,exposure_floor
2026-01-08,MAXHEALTH,EXIT,exposure_floor
2026-01-08,ONGC,EXIT,exposure_floor
2026-01-08,POWERGRID,EXIT,exposure_floor
2026-01-08,RELIANCE,REDUCE,exposure_floor
2026-01-08,TCS,EXIT,exposure_floor
2026-01-08,TRENT,EXIT,exposure_floor
2026-01-08,ULTRACEMCO,REDUCE,exposure_floor
2026-01-08,WIPRO,EXIT,exposure_floor
2026-01-09,ADANIENT,EXIT,exposure_floor
2026-01-09,APOLLOHOSP,EXIT,exposure_floor
2026-01-09,BAJFINANCE,REDUCE,exposure_floor
2026-01-09,BAJAJFINSV,EXIT,exposure_floor
2026-01-09,BHARTIARTL,REDUCE,exposure_floor
2026-01-09,CIPLA,EXIT,exposure_floor
2026-01-09,DRREDDY,EXIT,exposure_floor
2026-01-09,GRASIM,EXIT,exposure_floor
2026-01-09,HDFCBANK,EXIT,exposure_floor
2026-01-09,HDFCLIFE,EXIT,exposure_floor
2026-01-09,HINDUNILVR,EXIT,exposure_floor
2026-01-09,ICICIBANK,REDUCE,exposure_floor
2026-01-09,INFY,REDUCE,exposure_floor
2026-01-09,INDIGO,EXIT,exposure_floor
2026-01-09,KOTAKBANK,REDUCE,exposure_floor
2026-01-09,MAXHEALTH,EXIT,exposure_floor
2026-01-09,ONGC,EXIT,exposure_floor
2026-01-09,POWERGRID,EXIT,exposure_floor
2026-01-09,RELIANCE,REDUCE,exposure_floor
2026-01-09,TCS,EXIT,exposure_floor
2026-01-09,TRENT,EXIT,exposure_floor
2026-01-09,ULTRACEMCO,REDUCE,exposure_floor
2026-01-09,WIPRO,REDUCE,exposure_floor
2026-01-12,ADANIENT,EXIT,exposure_floor
2026-01-12,APOLLOHOSP,EXIT,exposure_floor
2026-01-12,BAJFINANCE,EXIT,exposure_floor
2026-01-12,BAJAJFINSV,EXIT,exposure_floor
2026-01-12,BHARTIARTL,REDUCE,exposure_floor
2026-01-12,CIPLA,EXIT,exposure_floor
2026-01-12,DRREDDY,EXIT,exposure_floor
2026-01-12,GRASIM,EXIT,exposure_floor
2026-01-12,HDFCBANK,EXIT,exposure_floor
2026-01-12,HDFCLIFE,EXIT,exposure_floor
2026-01-12,HINDUNILVR,EXIT,exposure_floor
2026-01-12,ICICIBANK,REDUCE,exposure_floor
2026-01-12,INFY,EXIT,exposure_floor
2026-01-12,INDIGO,EXIT,exposure_floor
2026-01-12,MAXHEALTH,EXIT,exposure_floor
2026-01-12,ONGC,EXIT,exposure_floor
2026-01-12,POWERGRID,EXIT,exposure_floor
2026-01-12,RELIANCE,REDUCE,exposure_floor
2026-01-12,TRENT,EXIT,exposure_floor
2026-01-12,ULTRACEMCO,REDUCE,exposure_floor
2026-01-12,WIPRO,EXIT,exposure_floor
2026-01-13,ADANIENT,EXIT,exposure_floor
2026-01-13,ADANIPORTS,REDUCE,exposure_floor
2026-01-13,APOLLOHOSP,EXIT,exposure_floor
2026-01-13,BAJFINANCE,EXIT,exposure_floor
2026-01-13,BAJAJFINSV,EXIT,exposure_floor
2026-01-13,BHARTIARTL,REDUCE,exposure_floor
2026-01-13,CIPLA,EXIT,exposure_floor
2026-01-13,DRREDDY,EXIT,exposure_floor
2026-01-13,GRASIM,EXIT,exposure_floor
2026-01-13,HDFCBANK,EXIT,exposure_floor
2026-01-13,HDFCLIFE,EXIT,exposure_floor
2026-01-13,HINDUNILVR,EXIT,exposure_floor
2026-01-13,ICICIBANK,REDUCE,exposure_floor
2026-01-13,INFY,REDUCE,exposure_floor
2026-01-13,INDIGO,EXIT,exposure_floor
2026-01-13,LT,REDUCE,exposure_floor
2026-01-13,MAXHEALTH,EXIT,exposure_floor
2026-01-13,ONGC,EXIT,exposure_floor
2026-01-13,POWERGRID,EXIT,exposure_floor
2026-01-13,RELIANCE,REDUCE,exposure_floor
2026-01-13,TCS,EXIT,exposure_floor
2026-01-13,TRENT,EXIT,exposure_floor
2026-01-13,ULTRACEMCO,REDUCE,exposure_floor
2026-01-13,WIPRO,REDUCE,exposure_floor
2026-01-14,ADANIENT,EXIT,exposure_floor
2026-01-14,ADANIPORTS,REDUCE,exposure_floor
2026-01-14,APOLLOHOSP,EXIT,exposure_floor
2026-01-14,BAJFINANCE,EXIT,exposure_floor
2026-01-14,BAJAJFINSV,EXIT,exposure_floor
2026-01-14,BHARTIARTL,REDUCE,exposure_floor
2026-01-14,CIPLA,EXIT,exposure_floor
2026-01-14,DRREDDY,EXIT,exposure_floor
2026-01-14,GRASIM,EXIT,exposure_floor
2026-01-14,HDFCBANK,EXIT,exposure_floor
2026-01-14,HDFCLIFE,EXIT,exposure_floor
2026-01-14,HINDUNILVR,EXIT,exposure_floor
2026-01-14,ICICIBANK,REDUCE,exposure_floor
2026-01-14,INFY,EXIT,exposure_floor
2026-01-14,INDIGO,EXIT,exposure_floor
2026-01-14,LT,REDUCE,exposure_floor
2026-01-14,MAXHEALTH,EXIT,exposure_floor
2026-01-14,ONGC,REDUCE,exposure_floor
2026-01-14,POWERGRID,EXIT,exposure_floor
2026-01-14,RELIANCE,REDUCE,exposure_floor
2026-01-14,TCS,EXIT,exposure_floor
2026-01-14,TRENT,EXIT,exposure_floor
2026-01-14,ULTRACEMCO,REDUCE,exposure_floor
2026-01-14,WIPRO,EXIT,exposure_floor
2026-01-16,ADANIENT,EXIT,exposure_floor
2026-01-16,ADANIPORTS,REDUCE,exposure_floor
2026-01-16,APOLLOHOSP,EXIT,exposure_floor
2026-01-16,BAJFINANCE,EXIT,exposure_floor
2026-01-16,BAJAJFINSV,EXIT,exposure_floor
2026-01-16,BHARTIARTL,REDUCE,exposure_floor
2026-01-16,CIPLA,EXIT,exposure_floor
2026-01-16,DRREDDY,EXIT,exposure_floor
2026-01-16,GRASIM,EXIT,exposure_floor
2026-01-16,HDFCBANK,EXIT,exposure_floor
2026-01-16,HDFCLIFE,EXIT,exposure_floor
2026-01-16,HINDUNILVR,EXIT,exposure_floor
2026-01-16,ICICIBANK,REDUCE,exposure_floor
2026-01-16,INFY,REDUCE,exposure_floor
2026-01-16,INDIGO,EXIT,exposure_floor
2026-01-16,KOTAKBANK,EXIT,exposure_floor
2026-01-16,LT,REDUCE,exposure_floor
2026-01-16,MAXHEALTH,EXIT,exposure_floor
2026-01-16,ONGC,REDUCE,exposure_floor
2026-01-16,POWERGRID,EXIT,exposure_floor
2026-01-16,RELIANCE,REDUCE,exposure_floor
2026-01-16,SUNPHARMA,EXIT,exposure_floor
2026-01-16,TRENT,EXIT,exposure_floor
2026-01-16,ULTRACEMCO,REDUCE,exposure_floor
2026-01-16,WIPRO,REDUCE,exposure_floor
2026-01-19,ADANIENT,EXIT,exposure_floor
2026-01-19,ADANIPORTS,REDUCE,exposure_floor
2026-01-19,APOLLOHOSP,EXIT,exposure_floor
2026-01-19,BAJFINANCE,EXIT,exposure_floor
2026-01-19,BAJAJFINSV,EXIT,exposure_floor
2026-01-19,BHARTIARTL,REDUCE,exposure_floor
2026-01-19,CIPLA,EXIT,exposure_floor
2026-01-19,DRREDDY,EXIT,exposure_floor
2026-01-19,GRASIM,EXIT,exposure_floor
2026-01-19,HDFCBANK,EXIT,exposure_floor
2026-01-19,HDFCLIFE,EXIT,exposure_floor
2026-01-19,HINDUNILVR,REDUCE,exposure_floor
2026-01-19,ICICIBANK,EXIT,exposure_floor
2026-01-19,INDIGO,EXIT,exposure_floor
2026-01-19,KOTAKBANK,REDUCE,exposure_floor
2026-01-19,LT,REDUCE,exposure_floor
2026-01-19,MAXHEALTH,EXIT,exposure_floor
2026-01-19,ONGC,REDUCE,exposure_floor
2026-01-19,POWERGRID,EXIT,exposure_floor
2026-01-19,RELIANCE,EXIT,exposure_floor
2026-01-19,SUNPHARMA,EXIT,exposure_floor
2026-01-19,TCS,EXIT,exposure_floor
2026-01-19,TRENT,EXIT,exposure_floor
2026-01-19,ULTRACEMCO,REDUCE,exposure_floor
2026-01-19,WIPRO,EXIT,exposure_floor
2026-01-20,ADANIENT,EXIT,exposure_floor
2026-01-20,ADANIPORTS,EXIT,exposure_floor
2026-01-20,APOLLOHOSP,EXIT,exposure_floor
2026-01-20,BAJFINANCE,EXIT,exposure_floor
2026-01-20,BAJAJFINSV,EXIT,exposure_floor
2026-01-20,BHARTIARTL,REDUCE,exposure_floor
2026-01-20,CIPLA,EXIT,exposure_floor
2026-01-20,DRREDDY,EXIT,exposure_floor
2026-01-20,GRASIM,EXIT,exposure_floor
2026-01-20,HDFCBANK,EXIT,exposure_floor
2026-01-20,HDFCLIFE,EXIT,exposure_floor
2026-01-20,HINDUNILVR,EXIT,exposure_floor
2026-01-20,ICICIBANK,EXIT,exposure_floor
2026-01-20,INDIGO,EXIT,exposure_floor
2026-01-20,KOTAKBANK,REDUCE,exposure_floor
2026-01-20,LT,REDUCE,exposure_floor
2026-01-20,MAXHEALTH,EXIT,exposure_floor
2026-01-20,ONGC,REDUCE,exposure_floor
2026-01-20,POWERGRID,EXIT,exposure_floor
2026-01-20,RELIANCE,EXIT,exposure_floor
2026-01-20,SUNPHARMA,EXIT,exposure_floor
2026-01-20,TCS,EXIT,exposure_floor
2026-01-20,TRENT,EXIT,exposure_floor
2026-01-20,ULTRACEMCO,REDUCE,exposure_floor
2026-01-20,WIPRO,EXIT,exposure_floor
2026-01-21,ADANIENT,EXIT,exposure_floor
2026-01-21,ADANIPORTS,EXIT,exposure_floor
2026-01-21,APOLLOHOSP,EXIT,exposure_floor
2026-01-21,BAJFINANCE,EXIT,exposure_floor
2026-01-21,BAJAJFINSV,EXIT,exposure_floor
2026-01-21,BHARTIARTL,REDUCE,exposure_floor
2026-01-21,CIPLA,EXIT,exposure_floor
2026-01-21,DRREDDY,EXIT,exposure_floor
2026-01-21,GRASIM,EXIT,exposure_floor
2026-01-21,HDFCBANK,EXIT,exposure_floor
2026-01-21,HDFCLIFE,EXIT,exposure_floor
2026-01-21,HINDUNILVR,EXIT,exposure_floor
2026-01-21,ICICIBANK,EXIT,exposure_floor
2026-01-21,INDIGO,EXIT,exposure_floor
2026-01-21,KOTAKBANK,REDUCE,exposure_floor
2026-01-21,LT,REDUCE,exposure_floor
2026-01-21,M&M,REDUCE,exposure_floor
2026-01-21,MAXHEALTH,EXIT,exposure_floor
2026-01-21,POWERGRID,EXIT,exposure_floor
2026-01-21,RELIANCE,EXIT,exposure_floor
2026-01-21,SUNPHARMA,EXIT,exposure_floor
2026-01-21,TCS,EXIT,exposure_floor
2026-01-21,TRENT,EXIT,exposure_floor
2026-01-21,ULTRACEMCO,REDUCE,exposure_floor
2026-01-21,WIPRO,EXIT,exposure_floor
2026-01-22,ADANIENT,EXIT,exposure_floor
2026-01-22,ADANIPORTS,EXIT,exposure_floor
2026-01-22,APOLLOHOSP,EXIT,exposure_floor
2026-01-22,BAJFINANCE,EXIT,exposure_floor
2026-01-22,BAJAJFINSV,EXIT,exposure_floor
2026-01-22,BHARTIARTL,REDUCE,exposure_floor
2026-01-22,CIPLA,EXIT,exposure_floor
2026-01-22,DRREDDY,EXIT,exposure_floor
2026-01-22,GRASIM,REDUCE,exposure_floor
2026-01-22,HDFCBANK,EXIT,exposure_floor
2026-01-22,HDFCLIFE,EXIT,exposure_floor
2026-01-22,HINDUNILVR,EXIT,exposure_floor
2026-01-22,ICICIBANK,EXIT,exposure_floor
2026-01-22,INDIGO,EXIT,exposure_floor
2026-01-22,KOTAKBANK,REDUCE,exposure_floor
2026-01-22,LT,REDUCE,exposure_floor
2026-01-22,M&M,REDUCE,exposure_floor
2026-01-22,MAXHEALTH,EXIT,exposure_floor
2026-01-22,POWERGRID,EXIT,exposure_floor
2026-01-22,RELIANCE,EXIT,exposure_floor
2026-01-22,SUNPHARMA,EXIT,exposure_floor
2026-01-22,TRENT,EXIT,exposure_floor
2026-01-22,ULTRACEMCO,REDUCE,exposure_floor
2026-01-22,WIPRO,EXIT,exposure_floor
2026-01-23,ADANIENT,EXIT,exposure_floor
2026-01-23,ADANIPORTS,EXIT,exposure_floor
2026-01-23,APOLLOHOSP,EXIT,exposure_floor
2026-01-23,BAJFINANCE,EXIT,exposure_floor
2026-01-23,BAJAJFINSV,EXIT,exposure_floor
2026-01-23,BHARTIARTL,REDUCE,exposure_floor
2026-01-23,CIPLA,EXIT,exposure_floor
2026-01-23,DRREDDY,EXIT,exposure_floor
2026-01-23,GRASIM,REDUCE,exposure_floor
2026-01-23,HDFCBANK,EXIT,exposure_floor
2026-01-23,HDFCLIFE,EXIT,exposure_floor
2026-01-23,HINDUNILVR,EXIT,exposure_floor
2026-01-23,ICICIBANK,EXIT,exposure_floor
2026-01-23,INDIGO,EXIT,exposure_floor
2026-01-23,KOTAKBANK,REDUCE,exposure_floor
2026-01-23,LT,REDUCE,exposure_floor
2026-01-23,M&M,REDUCE,exposure_floor
2026-01-23,MAXHEALTH,EXIT,exposure_floor
2026-01-23,POWERGRID,EXIT,exposure_floor
2026-01-23,RELIANCE,EXIT,exposure_floor
2026-01-23,SUNPHARMA,EXIT,exposure_floor
2026-01-23,TCS,EXIT,exposure_floor
2026-01-23,TRENT,EXIT,exposure_floor
2026-01-23,ULTRACEMCO,REDUCE,exposure_floor
2026-01-23,WIPRO,EXIT,exposure_floor
2026-01-27,ADANIENT,EXIT,exposure_floor
2026-01-27,ADANIPORTS,EXIT,exposure_floor
2026-01-27,APOLLOHOSP,EXIT,exposure_floor
2026-01-27,ASIANPAINT,REDUCE,exposure_floor
2026-01-27,BAJFINANCE,EXIT,exposure_floor
2026-01-27,BAJAJFINSV,EXIT,exposure_floor
2026-01-27,BHARTIARTL,REDUCE,exposure_floor
2026-01-27,CIPLA,EXIT,exposure_floor
2026-01-27,DRREDDY,EXIT,exposure_floor
2026-01-27,HDFCBANK,EXIT,exposure_floor
2026-01-27,HDFCLIFE,EXIT,exposure_floor
2026-01-27,HINDUNILVR,EXIT,exposure_floor
2026-01-27,ICICIBANK,EXIT,exposure_floor
2026-01-27,INDIGO,EXIT,exposure_floor
2026-01-27,KOTAKBANK,EXIT,exposure_floor
2026-01-27,LT,REDUCE,exposure_floor
2026-01-27,M&M,REDUCE,exposure_floor
2026-01-27,MAXHEALTH,EXIT,exposure_floor
2026-01-27,POWERGRID,EXIT,exposure_floor
2026-01-27,RELIANCE,EXIT,exposure_floor
2026-01-27,SUNPHARMA,EXIT,exposure_floor
2026-01-27,TRENT,EXIT,exposure_floor
2026-01-27,ULTRACEMCO,REDUCE,exposure_floor
2026-01-27,WIPRO,EXIT,exposure_floor
2026-01-28,ADANIENT,EXIT,exposure_floor
2026-01-28,ADANIPORTS,EXIT,exposure_floor
2026-01-28,APOLLOHOSP,EXIT,exposure_floor
2026-01-28,ASIANPAINT,EXIT,exposure_floor
2026-01-28,BAJFINANCE,EXIT,exposure_floor
2026-01-28,BAJAJFINSV,EXIT,exposure_floor
2026-01-28,BHARTIARTL,REDUCE,exposure_floor
2026-01-28,CIPLA,EXIT,exposure_floor
2026-01-28,DRREDDY,EXIT,exposure_floor
2026-01-28,HDFCBANK,EXIT,exposure_floor
2026-01-28,HDFCLIFE,EXIT,exposure_floor
2026-01-28,HINDUNILVR,EXIT,exposure_floor
2026-01-28,ICICIBANK,EXIT,exposure_floor
2026-01-28,INDIGO,EXIT,exposure_floor
2026-01-28,KOTAKBANK,EXIT,exposure_floor
2026-01-28,LT,REDUCE,exposure_floor
2026-01-28,M&M,REDUCE,exposure_floor
2026-01-28,MARUTI,REDUCE,exposure_floor
2026-01-28,MAXHEALTH,EXIT,exposure_floor
2026-01-28,POWERGRID,EXIT,exposure_floor
2026-01-28,RELIANCE,EXIT,exposure_floor
2026-01-28,SUNPHARMA,EXIT,exposure_floor
2026-01-28,TCS,EXIT,exposure_floor
2026-01-28,TRENT,EXIT,exposure_floor
2026-01-28,ULTRACEMCO,REDUCE,exposure_floor
2026-01-28,WIPRO,EXIT,exposure_floor
2026-01-29,ADANIENT,EXIT,exposure_floor
2026-01-29,ADANIPORTS,EXIT,exposure_floor
2026-01-29,APOLLOHOSP,EXIT,exposure_floor
2026-01-29,ASIANPAINT,EXIT,exposure_floor
2026-01-29,BAJFINANCE,EXIT,exposure_floor
2026-01-29,BAJAJFINSV,EXIT,exposure_floor
2026-01-29,BHARTIARTL,REDUCE,exposure_floor
2026-01-29,CIPLA,EXIT,exposure_floor
2026-01-29,DRREDDY,EXIT,exposure_floor
2026-01-29,HDFCBANK,EXIT,exposure_floor
2026-01-29,HDFCLIFE,EXIT,exposure_floor
2026-01-29,HINDUNILVR,EXIT,exposure_floor
2026-01-29,ICICIBANK,EXIT,exposure_floor
2026-01-29,INDIGO,EXIT,exposure_floor
2026-01-29,KOTAKBANK,EXIT,exposure_floor
2026-01-29,LT,REDUCE,exposure_floor
2026-01-29,M&M,REDUCE,exposure_floor
2026-01-29,MARUTI,EXIT,exposure_floor
2026-01-29,MAXHEALTH,EXIT,exposure_floor
2026-01-29,POWERGRID,EXIT,exposure_floor
2026-01-29,RELIANCE,EXIT,exposure_floor
2026-01-29,SUNPHARMA,EXIT,exposure_floor
2026-01-29,TCS,EXIT,exposure_floor
2026-01-29,TATACONSUM,EXIT,exposure_floor
2026-01-29,TRENT,EXIT,exposure_floor
2026-01-29,ULTRACEMCO,REDUCE,exposure_floor
2026-01-29,WIPRO,EXIT,exposure_floor
2026-01-30,ADANIENT,EXIT,exposure_floor
2026-01-30,ADANIPORTS,EXIT,exposure_floor
2026-01-30,APOLLOHOSP,EXIT,exposure_floor
2026-01-30,ASIANPAINT,EXIT,exposure_floor
2026-01-30,BAJFINANCE,EXIT,exposure_floor
2026-01-30,BAJAJFINSV,EXIT,exposure_floor
2026-01-30,BHARTIARTL,REDUCE,exposure_floor
2026-01-30,CIPLA,EXIT,exposure_floor
2026-01-30,DRREDDY,EXIT,exposure_floor
2026-01-30,HDFCBANK,EXIT,exposure_floor
2026-01-30,HDFCLIFE,EXIT,exposure_floor
2026-01-30,HINDUNILVR,EXIT,exposure_floor
2026-01-30,ICICIBANK,EXIT,exposure_floor
2026-01-30,INDIGO,EXIT,exposure_floor
2026-01-30,KOTAKBANK,EXIT,exposure_floor
2026-01-30,LT,REDUCE,exposure_floor
2026-01-30,M&M,REDUCE,exposure_floor
2026-01-30,MARUTI,EXIT,exposure_floor
2026-01-30,MAXHEALTH,EXIT,exposure_floor
2026-01-30,POWERGRID,EXIT,exposure_floor
2026-01-30,RELIANCE,EXIT,exposure_floor
2026-01-30,SUNPHARMA,EXIT,exposure_floor
2026-01-30,TCS,EXIT,exposure_floor
2026-01-30,TATACONSUM,EXIT,exposure_floor
2026-01-30,TRENT,EXIT,exposure_floor
2026-01-30,ULTRACEMCO,REDUCE,exposure_floor
2026-01-30,WIPRO,EXIT,exposure_floor
2026-02-02,ADANIENT,EXIT,exposure_floor
2026-02-02,ADANIPORTS,EXIT,exposure_floor
2026-02-02,APOLLOHOSP,EXIT,exposure_floor
2026-02-02,ASIANPAINT,EXIT,exposure_floor
2026-02-02,BAJFINANCE,EXIT,exposure_floor
2026-02-02,BAJAJFINSV,EXIT,exposure_floor
2026-02-02,BHARTIARTL,REDUCE,exposure_floor
2026-02-02,CIPLA,EXIT,exposure_floor
2026-02-02,DRREDDY,EXIT,exposure_floor
2026-02-02,HDFCBANK,EXIT,exposure_floor
2026-02-02,HDFCLIFE,EXIT,exposure_floor
2026-02-02,HINDUNILVR,EXIT,exposure_floor
2026-02-02,ICICIBANK,EXIT,exposure_floor
2026-02-02,INDIGO,EXIT,exposure_floor
2026-02-02,KOTAKBANK,EXIT,exposure_floor
2026-02-02,LT,REDUCE,exposure_floor
2026-02-02,M&M,REDUCE,exposure_floor
2026-02-02,MARUTI,EXIT,exposure_floor
2026-02-02,MAXHEALTH,EXIT,exposure_floor
2026-02-02,POWERGRID,EXIT,exposure_floor
2026-02-02,RELIANCE,EXIT,exposure_floor
2026-02-02,SUNPHARMA,EXIT,exposure_floor
2026-02-02,TATACONSUM,EXIT,exposure_floor
2026-02-02,TRENT,EXIT,exposure_floor
2026-02-02,ULTRACEMCO,REDUCE,exposure_floor
2026-02-02,WIPRO,EXIT,exposure_floor
2026-02-03,ADANIENT,EXIT,exposure_floor
2026-02-03,ADANIPORTS,REDUCE,exposure_floor
2026-02-03,APOLLOHOSP,EXIT,exposure_floor
2026-02-03,ASIANPAINT,EXIT,exposure_floor
2026-02-03,BAJFINANCE,EXIT,exposure_floor
2026-02-03,BAJAJFINSV,EXIT,exposure_floor
2026-02-03,BHARTIARTL,REDUCE,exposure_floor
2026-02-03,CIPLA,EXIT,exposure_floor
2026-02-03,DRREDDY,EXIT,exposure_floor
2026-02-03,HDFCBANK,EXIT,exposure_floor
2026-02-03,HDFCLIFE,EXIT,exposure_floor
2026-02-03,HINDUNILVR,EXIT,exposure_floor
2026-02-03,ICICIBANK,EXIT,exposure_floor
2026-02-03,INDIGO,EXIT,exposure_floor
2026-02-03,KOTAKBANK,EXIT,exposure_floor
2026-02-03,M&M,REDUCE,exposure_floor
2026-02-03,MARUTI,EXIT,exposure_floor
2026-02-03,MAXHEALTH,EXIT,exposure_floor
2026-02-03,RELIANCE,EXIT,exposure_floor
2026-02-03,SUNPHARMA,EXIT,exposure_floor
2026-02-03,TCS,EXIT,exposure_floor
2026-02-03,TATACONSUM,EXIT,exposure_floor
2026-02-03,TRENT,EXIT,exposure_floor
2026-02-03,ULTRACEMCO,REDUCE,exposure_floor
2026-02-03,WIPRO,EXIT,exposure_floor
2026-02-04,ADANIENT,EXIT,exposure_floor
2026-02-04,APOLLOHOSP,EXIT,exposure_floor
2026-02-04,ASIANPAINT,EXIT,exposure_floor
2026-02-04,BAJFINANCE,EXIT,exposure_floor
2026-02-04,BAJAJFINSV,EXIT,exposure_floor
2026-02-04,BHARTIARTL,REDUCE,exposure_floor
2026-02-04,CIPLA,EXIT,exposure_floor
2026-02-04,DRREDDY,EXIT,exposure_floor
2026-02-04,HDFCBANK,EXIT,exposure_floor
2026-02-04,HDFCLIFE,EXIT,exposure_floor
2026-02-04,HINDUNILVR,EXIT,exposure_floor
2026-02-04,ICICIBANK,REDUCE,exposure_floor
2026-02-04,INFY,EXIT,exposure_floor
2026-02-04,INDIGO,EXIT,exposure_floor
2026-02-04,KOTAKBANK,EXIT,exposure_floor
2026-02-04,M&M,REDUCE,exposure_floor
2026-02-04,MARUTI,EXIT,exposure_floor
2026-02-04,MAXHEALTH,EXIT,exposure_floor
2026-02-04,RELIANCE,EXIT,exposure_floor
2026-02-04,SUNPHARMA,EXIT,exposure_floor
2026-02-04,TCS,EXIT,exposure_floor
2026-02-04,TATACONSUM,EXIT,exposure_floor
2026-02-04,TRENT,EXIT,exposure_floor
2026-02-04,ULTRACEMCO,REDUCE,exposure_floor
2026-02-04,WIPRO,EXIT,exposure_floor
2026-02-05,ADANIENT,EXIT,exposure_floor
2026-02-05,APOLLOHOSP,EXIT,exposure_floor
2026-02-05,ASIANPAINT,EXIT,exposure_floor
2026-02-05,BAJFINANCE,EXIT,exposure_floor
2026-02-05,BAJAJFINSV,EXIT,exposure_floor
2026-02-05,BHARTIARTL,REDUCE,exposure_floor
2026-02-05,CIPLA,EXIT,exposure_floor
2026-02-05,DRREDDY,EXIT,exposure_floor
2026-02-05,HDFCBANK,EXIT,exposure_floor
2026-02-05,HDFCLIFE,EXIT,exposure_floor
2026-02-05,HINDUNILVR,EXIT,exposure_floor
2026-02-05,ICICIBANK,EXIT,exposure_floor
2026-02-05,INFY,EXIT,exposure_floor
2026-02-05,INDIGO,EXIT,exposure_floor
2026-02-05,KOTAKBANK,EXIT,exposure_floor
2026-02-05,M&M,REDUCE,exposure_floor
2026-02-05,MARUTI,EXIT,exposure_floor
2026-02-05,MAXHEALTH,EXIT,exposure_floor
2026-02-05,RELIANCE,EXIT,exposure_floor
2026-02-05,SUNPHARMA,EXIT,exposure_floor
2026-02-05,TCS,EXIT,exposure_floor
2026-02-05,TATACONSUM,EXIT,exposure_floor
2026-02-05,TRENT,EXIT,exposure_floor
2026-02-05,ULTRACEMCO,REDUCE,exposure_floor
2026-02-05,WIPRO,EXIT,exposure_floor
2026-02-06,ADANIENT,EXIT,exposure_floor
2026-02-06,APOLLOHOSP,EXIT,exposure_floor
2026-02-06,ASIANPAINT,EXIT,exposure_floor
2026-02-06,BAJFINANCE,EXIT,exposure_floor
2026-02-06,BAJAJFINSV,EXIT,exposure_floor
2026-02-06,BHARTIARTL,REDUCE,exposure_floor
2026-02-06,CIPLA,EXIT,exposure_floor
2026-02-06,DRREDDY,EXIT,exposure_floor
2026-02-06,EICHERMOT,REDUCE,exposure_floor
2026-02-06,HDFCBANK,EXIT,exposure_floor
2026-02-06,HDFCLIFE,EXIT,exposure_floor
2026-02-06,HINDUNILVR,REDUCE,exposure_floor
2026-02-06,ICICIBANK,REDUCE,exposure_floor
2026-02-06,INFY,EXIT,exposure_floor
2026-02-06,INDIGO,EXIT,exposure_floor
2026-02-06,KOTAKBANK,EXIT,exposure_floor
2026-02-06,M&M,REDUCE,exposure_floor
2026-02-06,MARUTI,EXIT,exposure_floor
2026-02-06,MAXHEALTH,EXIT,exposure_floor
2026-02-06,RELIANCE,EXIT,exposure_floor
2026-02-06,SUNPHARMA,EXIT,exposure_floor
2026-02-06,TCS,EXIT,exposure_floor
2026-02-06,TATACONSUM,EXIT,exposure_floor
2026-02-06,TRENT,EXIT,exposure_floor
2026-02-06,ULTRACEMCO,REDUCE,exposure_floor
2026-02-06,WIPRO,EXIT,exposure_floor
2026-02-09,ADANIENT,EXIT,exposure_floor
2026-02-09,APOLLOHOSP,EXIT,exposure_floor
2026-02-09,ASIANPAINT,EXIT,exposure_floor
2026-02-09,BAJFINANCE,EXIT,exposure_floor
2026-02-09,BAJAJFINSV,EXIT,exposure_floor
2026-02-09,BHARTIARTL,REDUCE,exposure_floor
2026-02-09,CIPLA,EXIT,exposure_floor
2026-02-09,DRREDDY,REDUCE,exposure_floor
2026-02-09,EICHERMOT,REDUCE,exposure_floor
2026-02-09,HDFCBANK,EXIT,exposure_floor
2026-02-09,HDFCLIFE,EXIT,exposure_floor
2026-02-09,HINDUNILVR,REDUCE,exposure_floor
2026-02-09,ICICIBANK,EXIT,exposure_floor
2026-02-09,INFY,EXIT,exposure_floor
2026-02-09,INDIGO,EXIT,exposure_floor
2026-02-09,KOTAKBANK,REDUCE,exposure_floor
2026-02-09,M&M,REDUCE,exposure_floor
2026-02-09,MARUTI,EXIT,exposure_floor
2026-02-09,MAXHEALTH,EXIT,exposure_floor
2026-02-09,RELIANCE,EXIT,exposure_floor
2026-02-09,SBILIFE,REDUCE,exposure_floor
2026-02-09,SUNPHARMA,EXIT,exposure_floor
2026-02-09,TCS,EXIT,exposure_floor
2026-02-09,TATACONSUM,EXIT,exposure_floor
2026-02-09,TRENT,EXIT,exposure_floor
2026-02-09,ULTRACEMCO,REDUCE,exposure_floor
2026-02-09,WIPRO,EXIT,exposure_floor
2026-02-10,ADANIENT,EXIT,exposure_floor
2026-02-10,APOLLOHOSP,EXIT,exposure_floor
2026-02-10,ASIANPAINT,EXIT,exposure_floor
2026-02-10,BAJFINANCE,EXIT,exposure_floor
2026-02-10,BAJAJFINSV,EXIT,exposure_floor
2026-02-10,BHARTIARTL,REDUCE,exposure_floor
2026-02-10,CIPLA,EXIT,exposure_floor
2026-02-10,DRREDDY,REDUCE,exposure_floor
2026-02-10,HCLTECH,REDUCE,exposure_floor
2026-02-10,HDFCBANK,EXIT,exposure_floor
2026-02-10,HDFCLIFE,EXIT,exposure_floor
2026-02-10,HINDUNILVR,REDUCE,exposure_floor
2026-02-10,ICICIBANK,REDUCE,exposure_floor
2026-02-10,INFY,EXIT,exposure_floor
2026-02-10,INDIGO,EXIT,exposure_floor
2026-02-10,MARUTI,EXIT,exposure_floor
2026-02-10,MAXHEALTH,EXIT,exposure_floor
2026-02-10,RELIANCE,EXIT,exposure_floor
2026-02-10,SBILIFE,REDUCE,exposure_floor
2026-02-10,SUNPHARMA,EXIT,exposure_floor
2026-02-10,TCS,EXIT,exposure_floor
2026-02-10,TATACONSUM,EXIT,exposure_floor
2026-02-10,TRENT,EXIT,exposure_floor
2026-02-10,WIPRO,EXIT,exposure_floor
2026-02-11,ADANIENT,EXIT,exposure_floor
2026-02-11,APOLLOHOSP,REDUCE,exposure_floor
2026-02-11,ASIANPAINT,EXIT,exposure_floor
2026-02-11,BAJFINANCE,EXIT,exposure_floor
2026-02-11,BAJAJFINSV,EXIT,exposure_floor
2026-02-11,BHARTIARTL,REDUCE,exposure_floor
2026-02-11,CIPLA,EXIT,exposure_floor
2026-02-11,DRREDDY,REDUCE,exposure_floor
2026-02-11,HCLTECH,EXIT,exposure_floor
2026-02-11,HDFCBANK,EXIT,exposure_floor
2026-02-11,HDFCLIFE,EXIT,exposure_floor
2026-02-11,HINDUNILVR,REDUCE,exposure_floor
2026-02-11,ICICIBANK,REDUCE,exposure_floor
2026-02-11,INFY,EXIT,exposure_floor
2026-02-11,INDIGO,EXIT,exposure_floor
2026-02-11,MARUTI,EXIT,exposure_floor
2026-02-11,MAXHEALTH,EXIT,exposure_floor
2026-02-11,RELIANCE,EXIT,exposure_floor
2026-02-11,SBILIFE,REDUCE,exposure_floor
2026-02-11,SUNPHARMA,EXIT,exposure_floor
2026-02-11,TCS,EXIT,exposure_floor
2026-02-11,TATACONSUM,EXIT,exposure_floor
2026-02-11,TRENT,EXIT,exposure_floor
2026-02-11,WIPRO,EXIT,exposure_floor
2026-02-12,ADANIENT,EXIT,exposure_floor
2026-02-12,APOLLOHOSP,REDUCE,exposure_floor
2026-02-12,ASIANPAINT,EXIT,exposure_floor
2026-02-12,BAJFINANCE,EXIT,exposure_floor
2026-02-12,BAJAJFINSV,EXIT,exposure_floor
2026-02-12,BHARTIARTL,REDUCE,exposure_floor
2026-02-12,CIPLA,EXIT,exposure_floor
2026-02-12,DRREDDY,REDUCE,exposure_floor
2026-02-12,HCLTECH,EXIT,exposure_floor
2026-02-12,HDFCBANK,EXIT,exposure_floor
2026-02-12,HDFCLIFE,EXIT,exposure_floor
2026-02-12,HINDUNILVR,EXIT,exposure_floor
2026-02-12,ICICIBANK,REDUCE,exposure_floor
2026-02-12,INFY,EXIT,exposure_floor
2026-02-12,INDIGO,EXIT,exposure_floor
2026-02-12,M&M,REDUCE,exposure_floor
2026-02-12,MARUTI,EXIT,exposure_floor
2026-02-12,MAXHEALTH,EXIT,exposure_floor
2026-02-12,RELIANCE,EXIT,exposure_floor
2026-02-12,SBILIFE,REDUCE,exposure_floor
2026-02-12,SUNPHARMA,EXIT,exposure_floor
2026-02-12,TCS,EXIT,exposure_floor
2026-02-12,TATACONSUM,EXIT,exposure_floor
2026-02-12,TRENT,EXIT,exposure_floor
2026-02-12,WIPRO,EXIT,exposure_floor
2026-02-13,ADANIENT,EXIT,exposure_floor
2026-02-13,APOLLOHOSP,REDUCE,exposure_floor
2026-02-13,ASIANPAINT,EXIT,exposure_floor
2026-02-13,BAJFINANCE,REDUCE,exposure_floor
2026-02-13,BAJAJFINSV,EXIT,exposure_floor
2026-02-13,BHARTIARTL,REDUCE,exposure_floor
2026-02-13,CIPLA,EXIT,exposure_floor
2026-02-13,DRREDDY,REDUCE,exposure_floor
2026-02-13,HCLTECH,EXIT,exposure_floor
2026-02-13,HDFCBANK,EXIT,exposure_floor
2026-02-13,HDFCLIFE,EXIT,exposure_floor
2026-02-13,HINDUNILVR,EXIT,exposure_floor
2026-02-13,ICICIBANK,REDUCE,exposure_floor
2026-02-13,INFY,EXIT,exposure_floor
2026-02-13,INDIGO,EXIT,exposure_floor
2026-02-13,M&M,REDUCE,exposure_floor
2026-02-13,MARUTI,EXIT,exposure_floor
2026-02-13,MAXHEALTH,EXIT,exposure_floor
2026-02-13,RELIANCE,EXIT,exposure_floor
2026-02-13,SUNPHARMA,EXIT,exposure_floor
2026-02-13,TCS,EXIT,exposure_floor
2026-02-13,TATACONSUM,EXIT,exposure_floor
2026-02-13,TRENT,EXIT,exposure_floor
2026-02-13,WIPRO,EXIT,exposure_floor
2026-02-16,ADANIENT,EXIT,exposure_floor
2026-02-16,APOLLOHOSP,REDUCE,exposure_floor
2026-02-16,ASIANPAINT,EXIT,exposure_floor
2026-02-16,BAJAJFINSV,REDUCE,exposure_floor
2026-02-16,BHARTIARTL,REDUCE,exposure_floor
2026-02-16,CIPLA,EXIT,exposure_floor
2026-02-16,DRREDDY,REDUCE,exposure_floor
2026-02-16,HCLTECH,EXIT,exposure_floor
2026-02-16,HDFCBANK,EXIT,exposure_floor
2026-02-16,HDFCLIFE,EXIT,exposure_floor
2026-02-16,HINDUNILVR,EXIT,exposure_floor
2026-02-16,ICICIBANK,REDUCE,exposure_floor
2026-02-16,INFY,EXIT,exposure_floor
2026-02-16,INDIGO,EXIT,exposure_floor
2026-02-16,M&M,REDUCE,exposure_floor
2026-02-16,MARUTI,EXIT,exposure_floor
2026-02-16,MAXHEALTH,EXIT,exposure_floor
2026-02-16,RELIANCE,EXIT,exposure_floor
2026-02-16,SUNPHARMA,EXIT,exposure_floor
2026-02-16,TCS,EXIT,exposure_floor
2026-02-16,TATACONSUM,EXIT,exposure_floor
2026-02-16,TECHM,EXIT,exposure_floor
2026-02-16,TRENT,EXIT,exposure_floor
2026-02-16,WIPRO,EXIT,exposure_floor
2026-02-17,ADANIENT,EXIT,exposure_floor
2026-02-17,APOLLOHOSP,REDUCE,exposure_floor
2026-02-17,ASIANPAINT,EXIT,exposure_floor
2026-02-17,BAJAJFINSV,REDUCE,exposure_floor
2026-02-17,BHARTIARTL,REDUCE,exposure_floor
2026-02-17,CIPLA,EXIT,exposure_floor
2026-02-17,DRREDDY,REDUCE,exposure_floor
2026-02-17,HCLTECH,EXIT,exposure_floor
2026-02-17,HDFCBANK,EXIT,exposure_floor
2026-02-17,HDFCLIFE,EXIT,exposure_floor
2026-02-17,HINDUNILVR,EXIT,exposure_floor
2026-02-17,ICICIBANK,REDUCE,exposure_floor
2026-02-17,INFY,EXIT,exposure_floor
2026-02-17,INDIGO,EXIT,exposure_floor
2026-02-17,KOTAKBANK,REDUCE,exposure_floor
2026-02-17,M&M,REDUCE,exposure_floor
2026-02-17,MARUTI,EXIT,exposure_floor
2026-02-17,MAXHEALTH,EXIT,exposure_floor
2026-02-17,RELIANCE,EXIT,exposure_floor
2026-02-17,SUNPHARMA,EXIT,exposure_floor
2026-02-17,TCS,EXIT,exposure_floor
2026-02-17,TATACONSUM,EXIT,exposure_floor
2026-02-17,TECHM,EXIT,exposure_floor
2026-02-17,TRENT,EXIT,exposure_floor
2026-02-17,WIPRO,EXIT,exposure_floor
2026-02-18,ADANIENT,EXIT,exposure_floor
2026-02-18,APOLLOHOSP,REDUCE,exposure_floor
2026-02-18,ASIANPAINT,EXIT,exposure_floor
2026-02-18,BAJAJFINSV,REDUCE,exposure_floor
2026-02-18,BHARTIARTL,REDUCE,exposure_floor
2026-02-18,CIPLA,EXIT,exposure_floor
2026-02-18,DRREDDY,REDUCE,exposure_floor
2026-02-18,HCLTECH,EXIT,exposure_floor
2026-02-18,HDFCBANK,EXIT,exposure_floor
2026-02-18,HDFCLIFE,EXIT,exposure_floor
2026-02-18,HINDUNILVR,EXIT,exposure_floor
2026-02-18,ICICIBANK,REDUCE,exposure_floor
2026-02-18,INFY,EXIT,exposure_floor
2026-02-18,INDIGO,EXIT,exposure_floor
2026-02-18,M&M,REDUCE,exposure_floor
2026-02-18,MARUTI,EXIT,exposure_floor
2026-02-18,MAXHEALTH,EXIT,exposure_floor
2026-02-18,RELIANCE,EXIT,exposure_floor
2026-02-18,SUNPHARMA,EXIT,exposure_floor
2026-02-18,TCS,EXIT,exposure_floor
2026-02-18,TATACONSUM,REDUCE,exposure_floor
2026-02-18,TECHM,EXIT,exposure_floor
2026-02-18,TRENT,EXIT,exposure_floor
2026-02-18,WIPRO,EXIT,exposure_floor
2026-02-19,ADANIENT,EXIT,exposure_floor
2026-02-19,APOLLOHOSP,REDUCE,exposure_floor
2026-02-19,ASIANPAINT,EXIT,exposure_floor
2026-02-19,BAJAJFINSV,REDUCE,exposure_floor
2026-02-19,BHARTIARTL,REDUCE,exposure_floor
2026-02-19,CIPLA,EXIT,exposure_floor
2026-02-19,DRREDDY,REDUCE,exposure_floor
2026-02-19,HCLTECH,EXIT,exposure_floor
2026-02-19,HDFCBANK,EXIT,exposure_floor
2026-02-19,HDFCLIFE,EXIT,exposure_floor
2026-02-19,HINDUNILVR,EXIT,exposure_floor
2026-02-19,ICICIBANK,EXIT,exposure_floor
2026-02-19,INFY,EXIT,exposure_floor
2026-02-19,INDIGO,EXIT,exposure_floor
2026-02-19,KOTAKBANK,EXIT,exposure_floor
2026-02-19,M&M,REDUCE,exposure_floor
2026-02-19,MARUTI,EXIT,exposure_floor
2026-02-19,MAXHEALTH,EXIT,exposure_floor
2026-02-19,RELIANCE,EXIT,exposure_floor
2026-02-19,SUNPHARMA,EXIT,exposure_floor
2026-02-19,TCS,EXIT,exposure_floor
2026-02-19,TATACONSUM,REDUCE,exposure_floor
2026-02-19,TECHM,EXIT,exposure_floor
2026-02-19,TRENT,EXIT,exposure_floor
2026-02-19,WIPRO,EXIT,exposure_floor
2026-02-20,ADANIENT,EXIT,exposure_floor
2026-02-20,APOLLOHOSP,REDUCE,exposure_floor
2026-02-20,ASIANPAINT,EXIT,exposure_floor
2026-02-20,BAJAJFINSV,REDUCE,exposure_floor
2026-02-20,BHARTIARTL,REDUCE,exposure_floor
2026-02-20,CIPLA,EXIT,exposure_floor
2026-02-20,DRREDDY,REDUCE,exposure_floor
2026-02-20,HCLTECH,EXIT,exposure_floor
2026-02-20,HDFCBANK,EXIT,exposure_floor
2026-02-20,HDFCLIFE,EXIT,exposure_floor
2026-02-20,HINDUNILVR,EXIT,exposure_floor
2026-02-20,ICICIBANK,EXIT,exposure_floor
2026-02-20,INFY,EXIT,exposure_floor
2026-02-20,INDIGO,EXIT,exposure_floor
2026-02-20,KOTAKBANK,EXIT,exposure_floor
2026-02-20,M&M,REDUCE,exposure_floor
2026-02-20,MARUTI,EXIT,exposure_floor
2026-02-20,MAXHEALTH,EXIT,exposure_floor
2026-02-20,RELIANCE,EXIT,exposure_floor
2026-02-20,SUNPHARMA,EXIT,exposure_floor
2026-02-20,TCS,EXIT,exposure_floor
2026-02-20,TATACONSUM,REDUCE,exposure_floor
2026-02-20,TECHM,EXIT,exposure_floor
2026-02-20,TRENT,EXIT,exposure_floor
2026-02-20,WIPRO,EXIT,exposure_floor
2026-02-23,ADANIENT,EXIT,exposure_floor
2026-02-23,APOLLOHOSP,REDUCE,exposure_floor
2026-02-23,ASIANPAINT,EXIT,exposure_floor
2026-02-23,BAJAJFINSV,REDUCE,exposure_floor
2026-02-23,BHARTIARTL,REDUCE,exposure_floor
2026-02-23,CIPLA,EXIT,exposure_floor
2026-02-23,DRREDDY,REDUCE,exposure_floor
2026-02-23,HCLTECH,EXIT,exposure_floor
2026-02-23,HDFCBANK,EXIT,exposure_floor
2026-02-23,HDFCLIFE,EXIT,exposure_floor
2026-02-23,HINDUNILVR,EXIT,exposure_floor
2026-02-23,ICICIBANK,EXIT,exposure_floor
2026-02-23,INFY,EXIT,exposure_floor
2026-02-23,INDIGO,EXIT,exposure_floor
2026-02-23,KOTAKBANK,REDUCE,exposure_floor
2026-02-23,M&M,REDUCE,exposure_floor
2026-02-23,MARUTI,EXIT,exposure_floor
2026-02-23,MAXHEALTH,EXIT,exposure_floor
2026-02-23,RELIANCE,EXIT,exposure_floor
2026-02-23,SUNPHARMA,EXIT,exposure_floor
2026-02-23,TCS,EXIT,exposure_floor
2026-02-23,TECHM,EXIT,exposure_floor
2026-02-23,TRENT,EXIT,exposure_floor
2026-02-23,WIPRO,EXIT,exposure_floor
2026-02-24,ADANIENT,EXIT,exposure_floor
2026-02-24,APOLLOHOSP,REDUCE,exposure_floor
2026-02-24,ASIANPAINT,EXIT,exposure_floor
2026-02-24,BAJAJFINSV,REDUCE,exposure_floor
2026-02-24,BHARTIARTL,EXIT,exposure_floor
2026-02-24,CIPLA,EXIT,exposure_floor
2026-02-24,DRREDDY,REDUCE,exposure_floor
2026-02-24,HCLTECH,EXIT,exposure_floor
2026-02-24,HDFCBANK,EXIT,exposure_floor
2026-02-24,HDFCLIFE,EXIT,exposure_floor
2026-02-24,HINDUNILVR,EXIT,exposure_floor
2026-02-24,ICICIBANK,EXIT,exposure_floor
2026-02-24,INFY,EXIT,exposure_floor
2026-02-24,INDIGO,EXIT,exposure_floor
2026-02-24,M&M,REDUCE,exposure_floor
2026-02-24,MARUTI,EXIT,exposure_floor
2026-02-24,MAXHEALTH,EXIT,exposure_floor
2026-02-24,RELIANCE,EXIT,exposure_floor
2026-02-24,SUNPHARMA,EXIT,exposure_floor
2026-02-24,TCS,EXIT,exposure_floor
2026-02-24,TECHM,EXIT,exposure_floor
2026-02-24,TRENT,EXIT,exposure_floor
2026-02-24,WIPRO,EXIT,exposure_floor
2026-02-25,ADANIENT,EXIT,exposure_floor
2026-02-25,APOLLOHOSP,REDUCE,exposure_floor
2026-02-25,ASIANPAINT,EXIT,exposure_floor
2026-02-25,BAJAJFINSV,REDUCE,exposure_floor
2026-02-25,BHARTIARTL,EXIT,exposure_floor
2026-02-25,CIPLA,EXIT,exposure_floor
2026-02-25,DRREDDY,REDUCE,exposure_floor
2026-02-25,HCLTECH,EXIT,exposure_floor
2026-02-25,HDFCBANK,EXIT,exposure_floor
2026-02-25,HDFCLIFE,EXIT,exposure_floor
2026-02-25,HINDUNILVR,EXIT,exposure_floor
2026-02-25,ICICIBANK,EXIT,exposure_floor
2026-02-25,INFY,EXIT,exposure_floor
2026-02-25,INDIGO,EXIT,exposure_floor
2026-02-25,KOTAKBANK,REDUCE,exposure_floor
2026-02-25,M&M,REDUCE,exposure_floor
2026-02-25,MARUTI,EXIT,exposure_floor
2026-02-25,MAXHEALTH,EXIT,exposure_floor
2026-02-25,RELIANCE,EXIT,exposure_floor
2026-02-25,SUNPHARMA,EXIT,exposure_floor
2026-02-25,TCS,EXIT,exposure_floor
2026-02-25,TECHM,EXIT,exposure_floor
2026-02-25,TRENT,EXIT,exposure_floor
2026-02-25,WIPRO,EXIT,exposure_floor
2026-02-26,ADANIENT,EXIT,exposure_floor
2026-02-26,APOLLOHOSP,REDUCE,exposure_floor
2026-02-26,ASIANPAINT,EXIT,exposure_floor
2026-02-26,BAJAJFINSV,REDUCE,exposure_floor
2026-02-26,BHARTIARTL,EXIT,exposure_floor
2026-02-26,CIPLA,EXIT,exposure_floor
2026-02-26,DRREDDY,REDUCE,exposure_floor
2026-02-26,HCLTECH,EXIT,exposure_floor
2026-02-26,HDFCBANK,EXIT,exposure_floor
2026-02-26,HDFCLIFE,EXIT,exposure_floor
2026-02-26,HINDUNILVR,EXIT,exposure_floor
2026-02-26,ICICIBANK,REDUCE,exposure_floor
2026-02-26,INFY,EXIT,exposure_floor
2026-02-26,INDIGO,EXIT,exposure_floor
2026-02-26,KOTAKBANK,REDUCE,exposure_floor
2026-02-26,M&M,REDUCE,exposure_floor
2026-02-26,MARUTI,EXIT,exposure_floor
2026-02-26,MAXHEALTH,EXIT,exposure_floor
2026-02-26,RELIANCE,EXIT,exposure_floor
2026-02-26,SUNPHARMA,REDUCE,exposure_floor
2026-02-26,TCS,EXIT,exposure_floor
2026-02-26,TECHM,EXIT,exposure_floor
2026-02-26,TRENT,EXIT,exposure_floor
2026-02-26,WIPRO,EXIT,exposure_floor
2026-02-27,ADANIENT,EXIT,exposure_floor
2026-02-27,APOLLOHOSP,REDUCE,exposure_floor
2026-02-27,ASIANPAINT,EXIT,exposure_floor
2026-02-27,BAJAJFINSV,EXIT,exposure_floor
2026-02-27,BHARTIARTL,EXIT,exposure_floor
2026-02-27,CIPLA,EXIT,exposure_floor
2026-02-27,DRREDDY,REDUCE,exposure_floor
2026-02-27,HCLTECH,EXIT,exposure_floor
2026-02-27,HDFCBANK,EXIT,exposure_floor
2026-02-27,HDFCLIFE,EXIT,exposure_floor
2026-02-27,HINDUNILVR,EXIT,exposure_floor
2026-02-27,ICICIBANK,EXIT,exposure_floor
2026-02-27,INFY,EXIT,exposure_floor
2026-02-27,INDIGO,EXIT,exposure_floor
2026-02-27,KOTAKBANK,EXIT,exposure_floor
2026-02-27,M&M,EXIT,exposure_floor
2026-02-27,MARUTI,EXIT,exposure_floor
2026-02-27,MAXHEALTH,EXIT,exposure_floor
2026-02-27,RELIANCE,EXIT,exposure_floor
2026-02-27,SUNPHARMA,REDUCE,exposure_floor
2026-02-27,TCS,EXIT,exposure_floor
2026-02-27,TECHM,EXIT,exposure_floor
2026-02-27,TRENT,EXIT,exposure_floor
2026-02-27,WIPRO,EXIT,exposure_floor
2026-03-02,ADANIENT,EXIT,exposure_floor
2026-03-02,APOLLOHOSP,REDUCE,exposure_floor
2026-03-02,ASIANPAINT,EXIT,exposure_floor
2026-03-02,BAJAJFINSV,EXIT,exposure_floor
2026-03-02,BHARTIARTL,EXIT,exposure_floor
2026-03-02,CIPLA,EXIT,exposure_floor
2026-03-02,DRREDDY,REDUCE,exposure_floor
2026-03-02,GRASIM,EXIT,exposure_floor
2026-03-02,HCLTECH,EXIT,exposure_floor
2026-03-02,HDFCBANK,EXIT,exposure_floor
2026-03-02,HDFCLIFE,EXIT,exposure_floor
2026-03-02,HINDUNILVR,EXIT,exposure_floor
2026-03-02,ICICIBANK,EXIT,exposure_floor
2026-03-02,INFY,EXIT,exposure_floor
2026-03-02,INDIGO,EXIT,exposure_floor
2026-03-02,KOTAKBANK,EXIT,exposure_floor
2026-03-02,M&M,EXIT,exposure_floor
2026-03-02,MARUTI,EXIT,exposure_floor
2026-03-02,MAXHEALTH,EXIT,exposure_floor
2026-03-02,RELIANCE,EXIT,exposure_floor
2026-03-02,TCS,EXIT,exposure_floor
2026-03-02,TATACONSUM,EXIT,exposure_floor
2026-03-02,TECHM,EXIT,exposure_floor
2026-03-02,TRENT,EXIT,exposure_floor
2026-03-02,WIPRO,EXIT,exposure_floor
2026-03-04,ADANIENT,EXIT,exposure_floor
2026-03-04,ADANIPORTS,EXIT,exposure_floor
2026-03-04,APOLLOHOSP,REDUCE,exposure_floor
2026-03-04,ASIANPAINT,EXIT,exposure_floor
2026-03-04,BAJFINANCE,EXIT,exposure_floor
2026-03-04,BAJAJFINSV,EXIT,exposure_floor
2026-03-04,BHARTIARTL,EXIT,exposure_floor
2026-03-04,CIPLA,EXIT,exposure_floor
2026-03-04,DRREDDY,REDUCE,exposure_floor
2026-03-04,GRASIM,EXIT,exposure_floor
2026-03-04,HCLTECH,EXIT,exposure_floor
2026-03-04,HDFCBANK,EXIT,exposure_floor
2026-03-04,HDFCLIFE,EXIT,exposure_floor
2026-03-04,HINDUNILVR,EXIT,exposure_floor
2026-03-04,ICICIBANK,EXIT,exposure_floor
2026-03-04,INFY,EXIT,exposure_floor
2026-03-04,INDIGO,EXIT,exposure_floor
2026-03-04,KOTAKBANK,EXIT,exposure_floor
2026-03-04,M&M,EXIT,exposure_floor
2026-03-04,MARUTI,EXIT,exposure_floor
2026-03-04,MAXHEALTH,EXIT,exposure_floor
2026-03-04,RELIANCE,EXIT,exposure_floor
2026-03-04,TCS,EXIT,exposure_floor
2026-03-04,TATACONSUM,EXIT,exposure_floor
2026-03-04,TECHM,EXIT,exposure_floor
2026-03-04,TRENT,EXIT,exposure_floor
2026-03-04,ULTRACEMCO,EXIT,exposure_floor
2026-03-04,WIPRO,EXIT,exposure_floor
2026-03-05,ADANIENT,EXIT,exposure_floor
2026-03-05,ADANIPORTS,REDUCE,exposure_floor
2026-03-05,APOLLOHOSP,REDUCE,exposure_floor
2026-03-05,ASIANPAINT,EXIT,exposure_floor
2026-03-05,BAJFINANCE,EXIT,exposure_floor
2026-03-05,BAJAJFINSV,EXIT,exposure_floor
2026-03-05,BHARTIARTL,EXIT,exposure_floor
2026-03-05,CIPLA,EXIT,exposure_floor
2026-03-05,DRREDDY,REDUCE,exposure_floor
2026-03-05,GRASIM,EXIT,exposure_floor
2026-03-05,HCLTECH,EXIT,exposure_floor
2026-03-05,HDFCBANK,EXIT,exposure_floor
2026-03-05,HDFCLIFE,EXIT,exposure_floor
2026-03-05,HINDUNILVR,EXIT,exposure_floor
2026-03-05,ICICIBANK,EXIT,exposure_floor
2026-03-05,INFY,EXIT,exposure_floor
2026-03-05,INDIGO,EXIT,exposure_floor
2026-03-05,KOTAKBANK,EXIT,exposure_floor
2026-03-05,M&M,EXIT,exposure_floor
2026-03-05,MARUTI,EXIT,exposure_floor
2026-03-05,MAXHEALTH,EXIT,exposure_floor
2026-03-05,RELIANCE,EXIT,exposure_floor
2026-03-05,SBILIFE,REDUCE,exposure_floor
2026-03-05,TCS,EXIT,exposure_floor
2026-03-05,TATACONSUM,EXIT,exposure_floor
2026-03-05,TECHM,EXIT,exposure_floor
2026-03-05,TRENT,EXIT,exposure_floor
2026-03-05,ULTRACEMCO,EXIT,exposure_floor
2026-03-05,WIPRO,EXIT,exposure_floor
2026-03-06,ADANIENT,EXIT,exposure_floor
2026-03-06,ADANIPORTS,REDUCE,exposure_floor
2026-03-06,APOLLOHOSP,REDUCE,exposure_floor
2026-03-06,ASIANPAINT,EXIT,exposure_floor
2026-03-06,BAJFINANCE,EXIT,exposure_floor
2026-03-06,BAJAJFINSV,EXIT,exposure_floor
2026-03-06,BHARTIARTL,EXIT,exposure_floor
2026-03-06,CIPLA,EXIT,exposure_floor
2026-03-06,DRREDDY,REDUCE,exposure_floor
2026-03-06,GRASIM,EXIT,exposure_floor
2026-03-06,HCLTECH,EXIT,exposure_floor
2026-03-06,HDFCBANK,EXIT,exposure_floor
2026-03-06,HDFCLIFE,EXIT,exposure_floor
2026-03-06,HINDUNILVR,EXIT,exposure_floor
2026-03-06,ICICIBANK,EXIT,exposure_floor
2026-03-06,INFY,EXIT,exposure_floor
2026-03-06,INDIGO,EXIT,exposure_floor
2026-03-06,KOTAKBANK,EXIT,exposure_floor
2026-03-06,M&M,EXIT,exposure_floor
2026-03-06,MARUTI,EXIT,exposure_floor
2026-03-06,MAXHEALTH,EXIT,exposure_floor
2026-03-06,RELIANCE,EXIT,exposure_floor
2026-03-06,SBILIFE,REDUCE,exposure_floor
2026-03-06,TCS,EXIT,exposure_floor
2026-03-06,TATACONSUM,EXIT,exposure_floor
2026-03-06,TECHM,EXIT,exposure_floor
2026-03-06,TRENT,EXIT,exposure_floor
2026-03-06,ULTRACEMCO,EXIT,exposure_floor
2026-03-06,WIPRO,EXIT,exposure_floor
2026-03-09,ADANIENT,EXIT,exposure_floor
2026-03-09,ADANIPORTS,EXIT,exposure_floor
2026-03-09,APOLLOHOSP,REDUCE,exposure_floor
2026-03-09,ASIANPAINT,EXIT,exposure_floor
2026-03-09,BAJFINANCE,EXIT,exposure_floor
2026-03-09,BAJAJFINSV,EXIT,exposure_floor
2026-03-09,BHARTIARTL,EXIT,exposure_floor
2026-03-09,CIPLA,EXIT,exposure_floor
2026-03-09,DRREDDY,REDUCE,exposure_floor
2026-03-09,GRASIM,EXIT,exposure_floor
2026-03-09,HCLTECH,EXIT,exposure_floor
2026-03-09,HDFCBANK,EXIT,exposure_floor
2026-03-09,HDFCLIFE,EXIT,exposure_floor
2026-03-09,HINDUNILVR,EXIT,exposure_floor
2026-03-09,ICICIBANK,EXIT,exposure_floor
2026-03-09,INFY,EXIT,exposure_floor
2026-03-09,INDIGO,EXIT,exposure_floor
2026-03-09,KOTAKBANK,EXIT,exposure_floor
2026-03-09,M&M,EXIT,exposure_floor
2026-03-09,MARUTI,EXIT,exposure_floor
2026-03-09,MAXHEALTH,EXIT,exposure_floor
2026-03-09,RELIANCE,EXIT,exposure_floor
2026-03-09,SBILIFE,REDUCE,exposure_floor
2026-03-09,TCS,EXIT,exposure_floor
2026-03-09,TATACONSUM,EXIT,exposure_floor
2026-03-09,TECHM,EXIT,exposure_floor
2026-03-09,TRENT,EXIT,exposure_floor
2026-03-09,ULTRACEMCO,EXIT,exposure_floor
2026-03-09,WIPRO,EXIT,exposure_floor
2026-03-10,ADANIENT,EXIT,exposure_floor
2026-03-10,ADANIPORTS,EXIT,exposure_floor
2026-03-10,APOLLOHOSP,REDUCE,exposure_floor
2026-03-10,ASIANPAINT,EXIT,exposure_floor
2026-03-10,BAJFINANCE,EXIT,exposure_floor
2026-03-10,BAJAJFINSV,EXIT,exposure_floor
2026-03-10,BHARTIARTL,EXIT,exposure_floor
2026-03-10,CIPLA,EXIT,exposure_floor
2026-03-10,DRREDDY,REDUCE,exposure_floor
2026-03-10,GRASIM,EXIT,exposure_floor
2026-03-10,HCLTECH,EXIT,exposure_floor
2026-03-10,HDFCBANK,EXIT,exposure_floor
2026-03-10,HDFCLIFE,EXIT,exposure_floor
2026-03-10,HINDUNILVR,EXIT,exposure_floor
2026-03-10,ICICIBANK,EXIT,exposure_floor
2026-03-10,INFY,EXIT,exposure_floor
2026-03-10,INDIGO,EXIT,exposure_floor
2026-03-10,KOTAKBANK,EXIT,exposure_floor
2026-03-10,M&M,EXIT,exposure_floor
2026-03-10,MARUTI,EXIT,exposure_floor
2026-03-10,MAXHEALTH,EXIT,exposure_floor
2026-03-10,RELIANCE,EXIT,exposure_floor
2026-03-10,SBILIFE,REDUCE,exposure_floor
2026-03-10,TCS,EXIT,exposure_floor
2026-03-10,TATACONSUM,EXIT,exposure_floor
2026-03-10,TECHM,EXIT,exposure_floor
2026-03-10,TRENT,EXIT,exposure_floor
2026-03-10,ULTRACEMCO,EXIT,exposure_floor
2026-03-10,WIPRO,EXIT,exposure_floor
2026-03-11,ADANIENT,EXIT,exposure_floor
2026-03-11,ADANIPORTS,EXIT,exposure_floor
2026-03-11,APOLLOHOSP,REDUCE,exposure_floor
2026-03-11,ASIANPAINT,EXIT,exposure_floor
2026-03-11,BAJFINANCE,EXIT,exposure_floor
2026-03-11,BAJAJFINSV,EXIT,exposure_floor
2026-03-11,BHARTIARTL,EXIT,exposure_floor
2026-03-11,CIPLA,EXIT,exposure_floor
2026-03-11,DRREDDY,REDUCE,exposure_floor
2026-03-11,GRASIM,EXIT,exposure_floor
2026-03-11,HCLTECH,EXIT,exposure_floor
2026-03-11,HDFCBANK,EXIT,exposure_floor
2026-03-11,HDFCLIFE,EXIT,exposure_floor
2026-03-11,HINDUNILVR,EXIT,exposure_floor
2026-03-11,ICICIBANK,EXIT,exposure_floor
2026-03-11,INFY,EXIT,exposure_floor
2026-03-11,INDIGO,EXIT,exposure_floor
2026-03-11,KOTAKBANK,EXIT,exposure_floor
2026-03-11,M&M,EXIT,exposure_floor
2026-03-11,MARUTI,EXIT,exposure_floor
2026-03-11,MAXHEALTH,EXIT,exposure_floor
2026-03-11,RELIANCE,EXIT,exposure_floor
2026-03-11,SBILIFE,REDUCE,exposure_floor
2026-03-11,TCS,EXIT,exposure_floor
2026-03-11,TATACONSUM,EXIT,exposure_floor
2026-03-11,TECHM,EXIT,exposure_floor
2026-03-11,TRENT,EXIT,exposure_floor
2026-03-11,ULTRACEMCO,EXIT,exposure_floor
2026-03-11,WIPRO,EXIT,exposure_floor
2026-04-16,COALINDIA,REDUCE,exposure_floor
